solid OpenSCAD_Model
  facet normal -0.857738 -0.514087 0
    outer loop
      vertex -18.1549 -18.6065 -76.1
      vertex -18.2104 -18.5139 -72.1
      vertex -18.2104 -18.5139 -76.1
    endloop
  endfacet
  facet normal -0.857738 -0.514087 0
    outer loop
      vertex -18.2104 -18.5139 -72.1
      vertex -18.1549 -18.6065 -76.1
      vertex -18.1549 -18.6065 -72.1
    endloop
  endfacet
  facet normal -0.33616 -0.941805 0
    outer loop
      vertex -18.8057 -18.0724 -76.1
      vertex -18.704 -18.1087 -72.1
      vertex -18.8057 -18.0724 -72.1
    endloop
  endfacet
  facet normal -0.33616 -0.941805 -0
    outer loop
      vertex -18.704 -18.1087 -72.1
      vertex -18.8057 -18.0724 -76.1
      vertex -18.704 -18.1087 -76.1
    endloop
  endfacet
  facet normal 0.428206 -0.903681 0
    outer loop
      vertex -19.6435 -18.1549 -76.1
      vertex -19.546 -18.1087 -72.1
      vertex -19.6435 -18.1549 -72.1
    endloop
  endfacet
  facet normal 0.428206 -0.903681 0
    outer loop
      vertex -19.546 -18.1087 -72.1
      vertex -19.6435 -18.1549 -76.1
      vertex -19.546 -18.1087 -76.1
    endloop
  endfacet
  facet normal 0.941805 -0.33616 0
    outer loop
      vertex -20.1776 -18.8057 -72.1
      vertex -20.1413 -18.704 -76.1
      vertex -20.1413 -18.704 -72.1
    endloop
  endfacet
  facet normal 0.941805 -0.33616 0
    outer loop
      vertex -20.1413 -18.704 -76.1
      vertex -20.1776 -18.8057 -72.1
      vertex -20.1776 -18.8057 -76.1
    endloop
  endfacet
  facet normal -0.998794 0.0491058 0
    outer loop
      vertex -18.0303 -19.2328 -76.1
      vertex -18.025 -19.125 -72.1
      vertex -18.025 -19.125 -76.1
    endloop
  endfacet
  facet normal -0.998794 0.0491058 0
    outer loop
      vertex -18.025 -19.125 -72.1
      vertex -18.0303 -19.2328 -76.1
      vertex -18.0303 -19.2328 -72.1
    endloop
  endfacet
  facet normal -0.428206 0.903681 0
    outer loop
      vertex -18.6065 -20.0951 -76.1
      vertex -18.704 -20.1413 -72.1
      vertex -18.6065 -20.0951 -72.1
    endloop
  endfacet
  facet normal -0.428206 0.903681 0
    outer loop
      vertex -18.704 -20.1413 -72.1
      vertex -18.6065 -20.0951 -76.1
      vertex -18.704 -20.1413 -76.1
    endloop
  endfacet
  facet normal 0.998794 -0.0491058 0
    outer loop
      vertex -20.225 -19.125 -72.1
      vertex -20.2197 -19.0172 -76.1
      vertex -20.2197 -19.0172 -72.1
    endloop
  endfacet
  facet normal 0.998794 -0.0491058 0
    outer loop
      vertex -20.2197 -19.0172 -76.1
      vertex -20.225 -19.125 -72.1
      vertex -20.225 -19.125 -76.1
    endloop
  endfacet
  facet normal 0.989233 -0.146347 0
    outer loop
      vertex -20.2197 -19.0172 -72.1
      vertex -20.2039 -18.9104 -76.1
      vertex -20.2039 -18.9104 -72.1
    endloop
  endfacet
  facet normal 0.989233 -0.146347 0
    outer loop
      vertex -20.2039 -18.9104 -76.1
      vertex -20.2197 -19.0172 -72.1
      vertex -20.2197 -19.0172 -76.1
    endloop
  endfacet
  facet normal 0.671519 -0.740987 0
    outer loop
      vertex -19.9028 -18.3472 -76.1
      vertex -19.8228 -18.2747 -72.1
      vertex -19.9028 -18.3472 -72.1
    endloop
  endfacet
  facet normal 0.671519 -0.740987 0
    outer loop
      vertex -19.8228 -18.2747 -72.1
      vertex -19.9028 -18.3472 -76.1
      vertex -19.8228 -18.2747 -76.1
    endloop
  endfacet
  facet normal -0.941805 0.33616 0
    outer loop
      vertex -18.1087 -19.546 -76.1
      vertex -18.0724 -19.4443 -72.1
      vertex -18.0724 -19.4443 -76.1
    endloop
  endfacet
  facet normal -0.941805 0.33616 0
    outer loop
      vertex -18.0724 -19.4443 -72.1
      vertex -18.1087 -19.546 -76.1
      vertex -18.1087 -19.546 -72.1
    endloop
  endfacet
  facet normal 0.428206 0.903681 -0
    outer loop
      vertex -19.546 -20.1413 -76.1
      vertex -19.6435 -20.0951 -72.1
      vertex -19.546 -20.1413 -72.1
    endloop
  endfacet
  facet normal 0.428206 0.903681 0
    outer loop
      vertex -19.6435 -20.0951 -72.1
      vertex -19.546 -20.1413 -76.1
      vertex -19.6435 -20.0951 -76.1
    endloop
  endfacet
  facet normal -0.989233 -0.146347 0
    outer loop
      vertex -18.0303 -19.0172 -76.1
      vertex -18.0461 -18.9104 -72.1
      vertex -18.0461 -18.9104 -76.1
    endloop
  endfacet
  facet normal -0.989233 -0.146347 0
    outer loop
      vertex -18.0461 -18.9104 -72.1
      vertex -18.0303 -19.0172 -76.1
      vertex -18.0303 -19.0172 -72.1
    endloop
  endfacet
  facet normal -0.803212 -0.595693 0
    outer loop
      vertex -18.2104 -18.5139 -76.1
      vertex -18.2747 -18.4272 -72.1
      vertex -18.2747 -18.4272 -76.1
    endloop
  endfacet
  facet normal -0.803212 -0.595693 0
    outer loop
      vertex -18.2747 -18.4272 -72.1
      vertex -18.2104 -18.5139 -76.1
      vertex -18.2104 -18.5139 -72.1
    endloop
  endfacet
  facet normal -0.671519 -0.740987 0
    outer loop
      vertex -18.4272 -18.2747 -76.1
      vertex -18.3472 -18.3472 -72.1
      vertex -18.4272 -18.2747 -72.1
    endloop
  endfacet
  facet normal -0.671519 -0.740987 -0
    outer loop
      vertex -18.3472 -18.3472 -72.1
      vertex -18.4272 -18.2747 -76.1
      vertex -18.3472 -18.3472 -76.1
    endloop
  endfacet
  facet normal 0.0491058 -0.998794 0
    outer loop
      vertex -19.2328 -18.0303 -76.1
      vertex -19.125 -18.025 -72.1
      vertex -19.2328 -18.0303 -72.1
    endloop
  endfacet
  facet normal 0.0491058 -0.998794 0
    outer loop
      vertex -19.125 -18.025 -72.1
      vertex -19.2328 -18.0303 -76.1
      vertex -19.125 -18.025 -76.1
    endloop
  endfacet
  facet normal -0.146347 -0.989233 0
    outer loop
      vertex -19.0172 -18.0303 -76.1
      vertex -18.9104 -18.0461 -72.1
      vertex -19.0172 -18.0303 -72.1
    endloop
  endfacet
  facet normal -0.146347 -0.989233 -0
    outer loop
      vertex -18.9104 -18.0461 -72.1
      vertex -19.0172 -18.0303 -76.1
      vertex -18.9104 -18.0461 -76.1
    endloop
  endfacet
  facet normal -0.595693 -0.803212 0
    outer loop
      vertex -18.5139 -18.2104 -76.1
      vertex -18.4272 -18.2747 -72.1
      vertex -18.5139 -18.2104 -72.1
    endloop
  endfacet
  facet normal -0.595693 -0.803212 -0
    outer loop
      vertex -18.4272 -18.2747 -72.1
      vertex -18.5139 -18.2104 -76.1
      vertex -18.4272 -18.2747 -76.1
    endloop
  endfacet
  facet normal -0.428206 -0.903681 0
    outer loop
      vertex -18.704 -18.1087 -76.1
      vertex -18.6065 -18.1549 -72.1
      vertex -18.704 -18.1087 -72.1
    endloop
  endfacet
  facet normal -0.428206 -0.903681 -0
    outer loop
      vertex -18.6065 -18.1549 -72.1
      vertex -18.704 -18.1087 -76.1
      vertex -18.6065 -18.1549 -76.1
    endloop
  endfacet
  facet normal -0.514087 -0.857738 0
    outer loop
      vertex -18.6065 -18.1549 -76.1
      vertex -18.5139 -18.2104 -72.1
      vertex -18.6065 -18.1549 -72.1
    endloop
  endfacet
  facet normal -0.514087 -0.857738 -0
    outer loop
      vertex -18.5139 -18.2104 -72.1
      vertex -18.6065 -18.1549 -76.1
      vertex -18.5139 -18.2104 -76.1
    endloop
  endfacet
  facet normal 0.803212 -0.595693 0
    outer loop
      vertex -20.0396 -18.5139 -72.1
      vertex -19.9753 -18.4272 -76.1
      vertex -19.9753 -18.4272 -72.1
    endloop
  endfacet
  facet normal 0.803212 -0.595693 0
    outer loop
      vertex -19.9753 -18.4272 -76.1
      vertex -20.0396 -18.5139 -72.1
      vertex -20.0396 -18.5139 -76.1
    endloop
  endfacet
  facet normal 0.903681 -0.428206 0
    outer loop
      vertex -20.1413 -18.704 -72.1
      vertex -20.0951 -18.6065 -76.1
      vertex -20.0951 -18.6065 -72.1
    endloop
  endfacet
  facet normal 0.903681 -0.428206 0
    outer loop
      vertex -20.0951 -18.6065 -76.1
      vertex -20.1413 -18.704 -72.1
      vertex -20.1413 -18.704 -76.1
    endloop
  endfacet
  facet normal 0.857738 -0.514087 0
    outer loop
      vertex -20.0951 -18.6065 -72.1
      vertex -20.0396 -18.5139 -76.1
      vertex -20.0396 -18.5139 -72.1
    endloop
  endfacet
  facet normal 0.857738 -0.514087 0
    outer loop
      vertex -20.0396 -18.5139 -76.1
      vertex -20.0951 -18.6065 -72.1
      vertex -20.0951 -18.6065 -76.1
    endloop
  endfacet
  facet normal 0.146347 -0.989233 0
    outer loop
      vertex -19.3396 -18.0461 -76.1
      vertex -19.2328 -18.0303 -72.1
      vertex -19.3396 -18.0461 -72.1
    endloop
  endfacet
  facet normal 0.146347 -0.989233 0
    outer loop
      vertex -19.2328 -18.0303 -72.1
      vertex -19.3396 -18.0461 -76.1
      vertex -19.2328 -18.0303 -76.1
    endloop
  endfacet
  facet normal 0.33616 -0.941805 0
    outer loop
      vertex -19.546 -18.1087 -76.1
      vertex -19.4443 -18.0724 -72.1
      vertex -19.546 -18.1087 -72.1
    endloop
  endfacet
  facet normal 0.33616 -0.941805 0
    outer loop
      vertex -19.4443 -18.0724 -72.1
      vertex -19.546 -18.1087 -76.1
      vertex -19.4443 -18.0724 -76.1
    endloop
  endfacet
  facet normal 0.243625 -0.969869 0
    outer loop
      vertex -19.4443 -18.0724 -76.1
      vertex -19.3396 -18.0461 -72.1
      vertex -19.4443 -18.0724 -72.1
    endloop
  endfacet
  facet normal 0.243625 -0.969869 0
    outer loop
      vertex -19.3396 -18.0461 -72.1
      vertex -19.4443 -18.0724 -76.1
      vertex -19.3396 -18.0461 -76.1
    endloop
  endfacet
  facet normal 0.514087 -0.857738 0
    outer loop
      vertex -19.7361 -18.2104 -76.1
      vertex -19.6435 -18.1549 -72.1
      vertex -19.7361 -18.2104 -72.1
    endloop
  endfacet
  facet normal 0.514087 -0.857738 0
    outer loop
      vertex -19.6435 -18.1549 -72.1
      vertex -19.7361 -18.2104 -76.1
      vertex -19.6435 -18.1549 -76.1
    endloop
  endfacet
  facet normal 0.595693 -0.803212 0
    outer loop
      vertex -19.8228 -18.2747 -76.1
      vertex -19.7361 -18.2104 -72.1
      vertex -19.8228 -18.2747 -72.1
    endloop
  endfacet
  facet normal 0.595693 -0.803212 0
    outer loop
      vertex -19.7361 -18.2104 -72.1
      vertex -19.8228 -18.2747 -76.1
      vertex -19.7361 -18.2104 -76.1
    endloop
  endfacet
  facet normal 0.740987 -0.671519 0
    outer loop
      vertex -19.9753 -18.4272 -72.1
      vertex -19.9028 -18.3472 -76.1
      vertex -19.9028 -18.3472 -72.1
    endloop
  endfacet
  facet normal 0.740987 -0.671519 0
    outer loop
      vertex -19.9028 -18.3472 -76.1
      vertex -19.9753 -18.4272 -72.1
      vertex -19.9753 -18.4272 -76.1
    endloop
  endfacet
  facet normal -0.998794 -0.0491058 0
    outer loop
      vertex -18.025 -19.125 -76.1
      vertex -18.0303 -19.0172 -72.1
      vertex -18.0303 -19.0172 -76.1
    endloop
  endfacet
  facet normal -0.998794 -0.0491058 0
    outer loop
      vertex -18.0303 -19.0172 -72.1
      vertex -18.025 -19.125 -76.1
      vertex -18.025 -19.125 -72.1
    endloop
  endfacet
  facet normal -0.146347 0.989233 0
    outer loop
      vertex -18.9104 -20.2039 -76.1
      vertex -19.0172 -20.2197 -72.1
      vertex -18.9104 -20.2039 -72.1
    endloop
  endfacet
  facet normal -0.146347 0.989233 0
    outer loop
      vertex -19.0172 -20.2197 -72.1
      vertex -18.9104 -20.2039 -76.1
      vertex -19.0172 -20.2197 -76.1
    endloop
  endfacet
  facet normal -0.903681 -0.428206 0
    outer loop
      vertex -18.1087 -18.704 -76.1
      vertex -18.1549 -18.6065 -72.1
      vertex -18.1549 -18.6065 -76.1
    endloop
  endfacet
  facet normal -0.903681 -0.428206 0
    outer loop
      vertex -18.1549 -18.6065 -72.1
      vertex -18.1087 -18.704 -76.1
      vertex -18.1087 -18.704 -72.1
    endloop
  endfacet
  facet normal -0.941805 -0.33616 0
    outer loop
      vertex -18.0724 -18.8057 -76.1
      vertex -18.1087 -18.704 -72.1
      vertex -18.1087 -18.704 -76.1
    endloop
  endfacet
  facet normal -0.941805 -0.33616 0
    outer loop
      vertex -18.1087 -18.704 -72.1
      vertex -18.0724 -18.8057 -76.1
      vertex -18.0724 -18.8057 -72.1
    endloop
  endfacet
  facet normal -0.969869 -0.243625 0
    outer loop
      vertex -18.0461 -18.9104 -76.1
      vertex -18.0724 -18.8057 -72.1
      vertex -18.0724 -18.8057 -76.1
    endloop
  endfacet
  facet normal -0.969869 -0.243625 0
    outer loop
      vertex -18.0724 -18.8057 -72.1
      vertex -18.0461 -18.9104 -76.1
      vertex -18.0461 -18.9104 -72.1
    endloop
  endfacet
  facet normal -0.740987 -0.671519 0
    outer loop
      vertex -18.2747 -18.4272 -76.1
      vertex -18.3472 -18.3472 -72.1
      vertex -18.3472 -18.3472 -76.1
    endloop
  endfacet
  facet normal -0.740987 -0.671519 0
    outer loop
      vertex -18.3472 -18.3472 -72.1
      vertex -18.2747 -18.4272 -76.1
      vertex -18.2747 -18.4272 -72.1
    endloop
  endfacet
  facet normal -0.0491058 -0.998794 0
    outer loop
      vertex -19.125 -18.025 -76.1
      vertex -19.0172 -18.0303 -72.1
      vertex -19.125 -18.025 -72.1
    endloop
  endfacet
  facet normal -0.0491058 -0.998794 -0
    outer loop
      vertex -19.0172 -18.0303 -72.1
      vertex -19.125 -18.025 -76.1
      vertex -19.0172 -18.0303 -76.1
    endloop
  endfacet
  facet normal -0.243625 -0.969869 0
    outer loop
      vertex -18.9104 -18.0461 -76.1
      vertex -18.8057 -18.0724 -72.1
      vertex -18.9104 -18.0461 -72.1
    endloop
  endfacet
  facet normal -0.243625 -0.969869 -0
    outer loop
      vertex -18.8057 -18.0724 -72.1
      vertex -18.9104 -18.0461 -76.1
      vertex -18.8057 -18.0724 -76.1
    endloop
  endfacet
  facet normal 0.969869 -0.243625 0
    outer loop
      vertex -20.2039 -18.9104 -72.1
      vertex -20.1776 -18.8057 -76.1
      vertex -20.1776 -18.8057 -72.1
    endloop
  endfacet
  facet normal 0.969869 -0.243625 0
    outer loop
      vertex -20.1776 -18.8057 -76.1
      vertex -20.2039 -18.9104 -72.1
      vertex -20.2039 -18.9104 -76.1
    endloop
  endfacet
  facet normal -0.989233 0.146347 0
    outer loop
      vertex -18.0461 -19.3396 -76.1
      vertex -18.0303 -19.2328 -72.1
      vertex -18.0303 -19.2328 -76.1
    endloop
  endfacet
  facet normal -0.989233 0.146347 0
    outer loop
      vertex -18.0303 -19.2328 -72.1
      vertex -18.0461 -19.3396 -76.1
      vertex -18.0461 -19.3396 -72.1
    endloop
  endfacet
  facet normal -0.969869 0.243625 0
    outer loop
      vertex -18.0724 -19.4443 -76.1
      vertex -18.0461 -19.3396 -72.1
      vertex -18.0461 -19.3396 -76.1
    endloop
  endfacet
  facet normal -0.969869 0.243625 0
    outer loop
      vertex -18.0461 -19.3396 -72.1
      vertex -18.0724 -19.4443 -76.1
      vertex -18.0724 -19.4443 -72.1
    endloop
  endfacet
  facet normal -0.857738 0.514087 0
    outer loop
      vertex -18.2104 -19.7361 -76.1
      vertex -18.1549 -19.6435 -72.1
      vertex -18.1549 -19.6435 -76.1
    endloop
  endfacet
  facet normal -0.857738 0.514087 0
    outer loop
      vertex -18.1549 -19.6435 -72.1
      vertex -18.2104 -19.7361 -76.1
      vertex -18.2104 -19.7361 -72.1
    endloop
  endfacet
  facet normal -0.903681 0.428206 0
    outer loop
      vertex -18.1549 -19.6435 -76.1
      vertex -18.1087 -19.546 -72.1
      vertex -18.1087 -19.546 -76.1
    endloop
  endfacet
  facet normal -0.903681 0.428206 0
    outer loop
      vertex -18.1087 -19.546 -72.1
      vertex -18.1549 -19.6435 -76.1
      vertex -18.1549 -19.6435 -72.1
    endloop
  endfacet
  facet normal -0.803212 0.595693 0
    outer loop
      vertex -18.2747 -19.8228 -76.1
      vertex -18.2104 -19.7361 -72.1
      vertex -18.2104 -19.7361 -76.1
    endloop
  endfacet
  facet normal -0.803212 0.595693 0
    outer loop
      vertex -18.2104 -19.7361 -72.1
      vertex -18.2747 -19.8228 -76.1
      vertex -18.2747 -19.8228 -72.1
    endloop
  endfacet
  facet normal 0.595693 0.803212 -0
    outer loop
      vertex -19.7361 -20.0396 -76.1
      vertex -19.8228 -19.9753 -72.1
      vertex -19.7361 -20.0396 -72.1
    endloop
  endfacet
  facet normal 0.595693 0.803212 0
    outer loop
      vertex -19.8228 -19.9753 -72.1
      vertex -19.7361 -20.0396 -76.1
      vertex -19.8228 -19.9753 -76.1
    endloop
  endfacet
  facet normal 0.0491058 0.998794 -0
    outer loop
      vertex -19.125 -20.225 -76.1
      vertex -19.2328 -20.2197 -72.1
      vertex -19.125 -20.225 -72.1
    endloop
  endfacet
  facet normal 0.0491058 0.998794 0
    outer loop
      vertex -19.2328 -20.2197 -72.1
      vertex -19.125 -20.225 -76.1
      vertex -19.2328 -20.2197 -76.1
    endloop
  endfacet
  facet normal 0.998794 0.0491058 0
    outer loop
      vertex -20.2197 -19.2328 -72.1
      vertex -20.225 -19.125 -76.1
      vertex -20.225 -19.125 -72.1
    endloop
  endfacet
  facet normal 0.998794 0.0491058 0
    outer loop
      vertex -20.225 -19.125 -76.1
      vertex -20.2197 -19.2328 -72.1
      vertex -20.2197 -19.2328 -76.1
    endloop
  endfacet
  facet normal 0.941805 0.33616 0
    outer loop
      vertex -20.1413 -19.546 -72.1
      vertex -20.1776 -19.4443 -76.1
      vertex -20.1776 -19.4443 -72.1
    endloop
  endfacet
  facet normal 0.941805 0.33616 0
    outer loop
      vertex -20.1776 -19.4443 -76.1
      vertex -20.1413 -19.546 -72.1
      vertex -20.1413 -19.546 -76.1
    endloop
  endfacet
  facet normal 0.740987 0.671519 0
    outer loop
      vertex -19.9028 -19.9028 -72.1
      vertex -19.9753 -19.8228 -76.1
      vertex -19.9753 -19.8228 -72.1
    endloop
  endfacet
  facet normal 0.740987 0.671519 0
    outer loop
      vertex -19.9753 -19.8228 -76.1
      vertex -19.9028 -19.9028 -72.1
      vertex -19.9028 -19.9028 -76.1
    endloop
  endfacet
  facet normal -0.33616 0.941805 0
    outer loop
      vertex -18.704 -20.1413 -76.1
      vertex -18.8057 -20.1776 -72.1
      vertex -18.704 -20.1413 -72.1
    endloop
  endfacet
  facet normal -0.33616 0.941805 0
    outer loop
      vertex -18.8057 -20.1776 -72.1
      vertex -18.704 -20.1413 -76.1
      vertex -18.8057 -20.1776 -76.1
    endloop
  endfacet
  facet normal -0.514087 0.857738 0
    outer loop
      vertex -18.5139 -20.0396 -76.1
      vertex -18.6065 -20.0951 -72.1
      vertex -18.5139 -20.0396 -72.1
    endloop
  endfacet
  facet normal -0.514087 0.857738 0
    outer loop
      vertex -18.6065 -20.0951 -72.1
      vertex -18.5139 -20.0396 -76.1
      vertex -18.6065 -20.0951 -76.1
    endloop
  endfacet
  facet normal -0.0491058 0.998794 0
    outer loop
      vertex -19.0172 -20.2197 -76.1
      vertex -19.125 -20.225 -72.1
      vertex -19.0172 -20.2197 -72.1
    endloop
  endfacet
  facet normal -0.0491058 0.998794 0
    outer loop
      vertex -19.125 -20.225 -72.1
      vertex -19.0172 -20.2197 -76.1
      vertex -19.125 -20.225 -76.1
    endloop
  endfacet
  facet normal 0.969869 0.243625 0
    outer loop
      vertex -20.1776 -19.4443 -72.1
      vertex -20.2039 -19.3396 -76.1
      vertex -20.2039 -19.3396 -72.1
    endloop
  endfacet
  facet normal 0.969869 0.243625 0
    outer loop
      vertex -20.2039 -19.3396 -76.1
      vertex -20.1776 -19.4443 -72.1
      vertex -20.1776 -19.4443 -76.1
    endloop
  endfacet
  facet normal 0.989233 0.146347 0
    outer loop
      vertex -20.2039 -19.3396 -72.1
      vertex -20.2197 -19.2328 -76.1
      vertex -20.2197 -19.2328 -72.1
    endloop
  endfacet
  facet normal 0.989233 0.146347 0
    outer loop
      vertex -20.2197 -19.2328 -76.1
      vertex -20.2039 -19.3396 -72.1
      vertex -20.2039 -19.3396 -76.1
    endloop
  endfacet
  facet normal 0.903681 0.428206 0
    outer loop
      vertex -20.0951 -19.6435 -72.1
      vertex -20.1413 -19.546 -76.1
      vertex -20.1413 -19.546 -72.1
    endloop
  endfacet
  facet normal 0.903681 0.428206 0
    outer loop
      vertex -20.1413 -19.546 -76.1
      vertex -20.0951 -19.6435 -72.1
      vertex -20.0951 -19.6435 -76.1
    endloop
  endfacet
  facet normal 0.671519 0.740987 -0
    outer loop
      vertex -19.8228 -19.9753 -76.1
      vertex -19.9028 -19.9028 -72.1
      vertex -19.8228 -19.9753 -72.1
    endloop
  endfacet
  facet normal 0.671519 0.740987 0
    outer loop
      vertex -19.9028 -19.9028 -72.1
      vertex -19.8228 -19.9753 -76.1
      vertex -19.9028 -19.9028 -76.1
    endloop
  endfacet
  facet normal 0.803212 0.595693 0
    outer loop
      vertex -19.9753 -19.8228 -72.1
      vertex -20.0396 -19.7361 -76.1
      vertex -20.0396 -19.7361 -72.1
    endloop
  endfacet
  facet normal 0.803212 0.595693 0
    outer loop
      vertex -20.0396 -19.7361 -76.1
      vertex -19.9753 -19.8228 -72.1
      vertex -19.9753 -19.8228 -76.1
    endloop
  endfacet
  facet normal -0.243625 0.969869 0
    outer loop
      vertex -18.8057 -20.1776 -76.1
      vertex -18.9104 -20.2039 -72.1
      vertex -18.8057 -20.1776 -72.1
    endloop
  endfacet
  facet normal -0.243625 0.969869 0
    outer loop
      vertex -18.9104 -20.2039 -72.1
      vertex -18.8057 -20.1776 -76.1
      vertex -18.9104 -20.2039 -76.1
    endloop
  endfacet
  facet normal -0.595693 0.803212 0
    outer loop
      vertex -18.4272 -19.9753 -76.1
      vertex -18.5139 -20.0396 -72.1
      vertex -18.4272 -19.9753 -72.1
    endloop
  endfacet
  facet normal -0.595693 0.803212 0
    outer loop
      vertex -18.5139 -20.0396 -72.1
      vertex -18.4272 -19.9753 -76.1
      vertex -18.5139 -20.0396 -76.1
    endloop
  endfacet
  facet normal -0.740987 0.671519 0
    outer loop
      vertex -18.3472 -19.9028 -76.1
      vertex -18.2747 -19.8228 -72.1
      vertex -18.2747 -19.8228 -76.1
    endloop
  endfacet
  facet normal -0.740987 0.671519 0
    outer loop
      vertex -18.2747 -19.8228 -72.1
      vertex -18.3472 -19.9028 -76.1
      vertex -18.3472 -19.9028 -72.1
    endloop
  endfacet
  facet normal -0.671519 0.740987 0
    outer loop
      vertex -18.3472 -19.9028 -76.1
      vertex -18.4272 -19.9753 -72.1
      vertex -18.3472 -19.9028 -72.1
    endloop
  endfacet
  facet normal -0.671519 0.740987 0
    outer loop
      vertex -18.4272 -19.9753 -72.1
      vertex -18.3472 -19.9028 -76.1
      vertex -18.4272 -19.9753 -76.1
    endloop
  endfacet
  facet normal 0.243625 0.969869 -0
    outer loop
      vertex -19.3396 -20.2039 -76.1
      vertex -19.4443 -20.1776 -72.1
      vertex -19.3396 -20.2039 -72.1
    endloop
  endfacet
  facet normal 0.243625 0.969869 0
    outer loop
      vertex -19.4443 -20.1776 -72.1
      vertex -19.3396 -20.2039 -76.1
      vertex -19.4443 -20.1776 -76.1
    endloop
  endfacet
  facet normal 0.146347 0.989233 -0
    outer loop
      vertex -19.2328 -20.2197 -76.1
      vertex -19.3396 -20.2039 -72.1
      vertex -19.2328 -20.2197 -72.1
    endloop
  endfacet
  facet normal 0.146347 0.989233 0
    outer loop
      vertex -19.3396 -20.2039 -72.1
      vertex -19.2328 -20.2197 -76.1
      vertex -19.3396 -20.2039 -76.1
    endloop
  endfacet
  facet normal 0.514087 0.857738 -0
    outer loop
      vertex -19.6435 -20.0951 -76.1
      vertex -19.7361 -20.0396 -72.1
      vertex -19.6435 -20.0951 -72.1
    endloop
  endfacet
  facet normal 0.514087 0.857738 0
    outer loop
      vertex -19.7361 -20.0396 -72.1
      vertex -19.6435 -20.0951 -76.1
      vertex -19.7361 -20.0396 -76.1
    endloop
  endfacet
  facet normal 0.857738 0.514087 0
    outer loop
      vertex -20.0396 -19.7361 -72.1
      vertex -20.0951 -19.6435 -76.1
      vertex -20.0951 -19.6435 -72.1
    endloop
  endfacet
  facet normal 0.857738 0.514087 0
    outer loop
      vertex -20.0951 -19.6435 -76.1
      vertex -20.0396 -19.7361 -72.1
      vertex -20.0396 -19.7361 -76.1
    endloop
  endfacet
  facet normal 0.33616 0.941805 -0
    outer loop
      vertex -19.4443 -20.1776 -76.1
      vertex -19.546 -20.1413 -72.1
      vertex -19.4443 -20.1776 -72.1
    endloop
  endfacet
  facet normal 0.33616 0.941805 0
    outer loop
      vertex -19.546 -20.1413 -72.1
      vertex -19.4443 -20.1776 -76.1
      vertex -19.546 -20.1413 -76.1
    endloop
  endfacet
  facet normal -0.595693 -0.803212 0
    outer loop
      vertex -18.5139 20.0396 -76.1
      vertex -18.4272 19.9753 -72.1
      vertex -18.5139 20.0396 -72.1
    endloop
  endfacet
  facet normal -0.595693 -0.803212 -0
    outer loop
      vertex -18.4272 19.9753 -72.1
      vertex -18.5139 20.0396 -76.1
      vertex -18.4272 19.9753 -76.1
    endloop
  endfacet
  facet normal 0.428206 -0.903681 0
    outer loop
      vertex -19.6435 20.0951 -76.1
      vertex -19.546 20.1413 -72.1
      vertex -19.6435 20.0951 -72.1
    endloop
  endfacet
  facet normal 0.428206 -0.903681 0
    outer loop
      vertex -19.546 20.1413 -72.1
      vertex -19.6435 20.0951 -76.1
      vertex -19.546 20.1413 -76.1
    endloop
  endfacet
  facet normal 0.941805 -0.33616 0
    outer loop
      vertex -20.1776 19.4443 -72.1
      vertex -20.1413 19.546 -76.1
      vertex -20.1413 19.546 -72.1
    endloop
  endfacet
  facet normal 0.941805 -0.33616 0
    outer loop
      vertex -20.1413 19.546 -76.1
      vertex -20.1776 19.4443 -72.1
      vertex -20.1776 19.4443 -76.1
    endloop
  endfacet
  facet normal -0.941805 0.33616 0
    outer loop
      vertex -18.1087 18.704 -76.1
      vertex -18.0724 18.8057 -72.1
      vertex -18.0724 18.8057 -76.1
    endloop
  endfacet
  facet normal -0.941805 0.33616 0
    outer loop
      vertex -18.0724 18.8057 -72.1
      vertex -18.1087 18.704 -76.1
      vertex -18.1087 18.704 -72.1
    endloop
  endfacet
  facet normal 0.33616 0.941805 -0
    outer loop
      vertex -19.4443 18.0724 -76.1
      vertex -19.546 18.1087 -72.1
      vertex -19.4443 18.0724 -72.1
    endloop
  endfacet
  facet normal 0.33616 0.941805 0
    outer loop
      vertex -19.546 18.1087 -72.1
      vertex -19.4443 18.0724 -76.1
      vertex -19.546 18.1087 -76.1
    endloop
  endfacet
  facet normal -0.903681 -0.428206 0
    outer loop
      vertex -18.1087 19.546 -76.1
      vertex -18.1549 19.6435 -72.1
      vertex -18.1549 19.6435 -76.1
    endloop
  endfacet
  facet normal -0.903681 -0.428206 0
    outer loop
      vertex -18.1549 19.6435 -72.1
      vertex -18.1087 19.546 -76.1
      vertex -18.1087 19.546 -72.1
    endloop
  endfacet
  facet normal -0.857738 -0.514087 0
    outer loop
      vertex -18.1549 19.6435 -76.1
      vertex -18.2104 19.7361 -72.1
      vertex -18.2104 19.7361 -76.1
    endloop
  endfacet
  facet normal -0.857738 -0.514087 0
    outer loop
      vertex -18.2104 19.7361 -72.1
      vertex -18.1549 19.6435 -76.1
      vertex -18.1549 19.6435 -72.1
    endloop
  endfacet
  facet normal -0.33616 -0.941805 0
    outer loop
      vertex -18.8057 20.1776 -76.1
      vertex -18.704 20.1413 -72.1
      vertex -18.8057 20.1776 -72.1
    endloop
  endfacet
  facet normal -0.33616 -0.941805 -0
    outer loop
      vertex -18.704 20.1413 -72.1
      vertex -18.8057 20.1776 -76.1
      vertex -18.704 20.1413 -76.1
    endloop
  endfacet
  facet normal 0.998794 -0.0491058 0
    outer loop
      vertex -20.225 19.125 -72.1
      vertex -20.2197 19.2328 -76.1
      vertex -20.2197 19.2328 -72.1
    endloop
  endfacet
  facet normal 0.998794 -0.0491058 0
    outer loop
      vertex -20.2197 19.2328 -76.1
      vertex -20.225 19.125 -72.1
      vertex -20.225 19.125 -76.1
    endloop
  endfacet
  facet normal 0.803212 -0.595693 0
    outer loop
      vertex -20.0396 19.7361 -72.1
      vertex -19.9753 19.8228 -76.1
      vertex -19.9753 19.8228 -72.1
    endloop
  endfacet
  facet normal 0.803212 -0.595693 0
    outer loop
      vertex -19.9753 19.8228 -76.1
      vertex -20.0396 19.7361 -72.1
      vertex -20.0396 19.7361 -76.1
    endloop
  endfacet
  facet normal 0.243625 -0.969869 0
    outer loop
      vertex -19.4443 20.1776 -76.1
      vertex -19.3396 20.2039 -72.1
      vertex -19.4443 20.1776 -72.1
    endloop
  endfacet
  facet normal 0.243625 -0.969869 0
    outer loop
      vertex -19.3396 20.2039 -72.1
      vertex -19.4443 20.1776 -76.1
      vertex -19.3396 20.2039 -76.1
    endloop
  endfacet
  facet normal -0.998794 0.0491058 0
    outer loop
      vertex -18.0303 19.0172 -76.1
      vertex -18.025 19.125 -72.1
      vertex -18.025 19.125 -76.1
    endloop
  endfacet
  facet normal -0.998794 0.0491058 0
    outer loop
      vertex -18.025 19.125 -72.1
      vertex -18.0303 19.0172 -76.1
      vertex -18.0303 19.0172 -72.1
    endloop
  endfacet
  facet normal -0.803212 0.595693 0
    outer loop
      vertex -18.2747 18.4272 -76.1
      vertex -18.2104 18.5139 -72.1
      vertex -18.2104 18.5139 -76.1
    endloop
  endfacet
  facet normal -0.803212 0.595693 0
    outer loop
      vertex -18.2104 18.5139 -72.1
      vertex -18.2747 18.4272 -76.1
      vertex -18.2747 18.4272 -72.1
    endloop
  endfacet
  facet normal 0.0491058 0.998794 -0
    outer loop
      vertex -19.125 18.025 -76.1
      vertex -19.2328 18.0303 -72.1
      vertex -19.125 18.025 -72.1
    endloop
  endfacet
  facet normal 0.0491058 0.998794 0
    outer loop
      vertex -19.2328 18.0303 -72.1
      vertex -19.125 18.025 -76.1
      vertex -19.2328 18.0303 -76.1
    endloop
  endfacet
  facet normal 0.595693 0.803212 -0
    outer loop
      vertex -19.7361 18.2104 -76.1
      vertex -19.8228 18.2747 -72.1
      vertex -19.7361 18.2104 -72.1
    endloop
  endfacet
  facet normal 0.595693 0.803212 0
    outer loop
      vertex -19.8228 18.2747 -72.1
      vertex -19.7361 18.2104 -76.1
      vertex -19.8228 18.2747 -76.1
    endloop
  endfacet
  facet normal 0.903681 0.428206 0
    outer loop
      vertex -20.0951 18.6065 -72.1
      vertex -20.1413 18.704 -76.1
      vertex -20.1413 18.704 -72.1
    endloop
  endfacet
  facet normal 0.903681 0.428206 0
    outer loop
      vertex -20.1413 18.704 -76.1
      vertex -20.0951 18.6065 -72.1
      vertex -20.0951 18.6065 -76.1
    endloop
  endfacet
  facet normal 0.740987 0.671519 0
    outer loop
      vertex -19.9028 18.3472 -72.1
      vertex -19.9753 18.4272 -76.1
      vertex -19.9753 18.4272 -72.1
    endloop
  endfacet
  facet normal 0.740987 0.671519 0
    outer loop
      vertex -19.9753 18.4272 -76.1
      vertex -19.9028 18.3472 -72.1
      vertex -19.9028 18.3472 -76.1
    endloop
  endfacet
  facet normal -0.969869 -0.243625 0
    outer loop
      vertex -18.0461 19.3396 -76.1
      vertex -18.0724 19.4443 -72.1
      vertex -18.0724 19.4443 -76.1
    endloop
  endfacet
  facet normal -0.969869 -0.243625 0
    outer loop
      vertex -18.0724 19.4443 -72.1
      vertex -18.0461 19.3396 -76.1
      vertex -18.0461 19.3396 -72.1
    endloop
  endfacet
  facet normal -0.941805 -0.33616 0
    outer loop
      vertex -18.0724 19.4443 -76.1
      vertex -18.1087 19.546 -72.1
      vertex -18.1087 19.546 -76.1
    endloop
  endfacet
  facet normal -0.941805 -0.33616 0
    outer loop
      vertex -18.1087 19.546 -72.1
      vertex -18.0724 19.4443 -76.1
      vertex -18.0724 19.4443 -72.1
    endloop
  endfacet
  facet normal -0.740987 -0.671519 0
    outer loop
      vertex -18.2747 19.8228 -76.1
      vertex -18.3472 19.9028 -72.1
      vertex -18.3472 19.9028 -76.1
    endloop
  endfacet
  facet normal -0.740987 -0.671519 0
    outer loop
      vertex -18.3472 19.9028 -72.1
      vertex -18.2747 19.8228 -76.1
      vertex -18.2747 19.8228 -72.1
    endloop
  endfacet
  facet normal -0.803212 -0.595693 0
    outer loop
      vertex -18.2104 19.7361 -76.1
      vertex -18.2747 19.8228 -72.1
      vertex -18.2747 19.8228 -76.1
    endloop
  endfacet
  facet normal -0.803212 -0.595693 0
    outer loop
      vertex -18.2747 19.8228 -72.1
      vertex -18.2104 19.7361 -76.1
      vertex -18.2104 19.7361 -72.1
    endloop
  endfacet
  facet normal -0.671519 -0.740987 0
    outer loop
      vertex -18.4272 19.9753 -76.1
      vertex -18.3472 19.9028 -72.1
      vertex -18.4272 19.9753 -72.1
    endloop
  endfacet
  facet normal -0.671519 -0.740987 -0
    outer loop
      vertex -18.3472 19.9028 -72.1
      vertex -18.4272 19.9753 -76.1
      vertex -18.3472 19.9028 -76.1
    endloop
  endfacet
  facet normal -0.514087 -0.857738 0
    outer loop
      vertex -18.6065 20.0951 -76.1
      vertex -18.5139 20.0396 -72.1
      vertex -18.6065 20.0951 -72.1
    endloop
  endfacet
  facet normal -0.514087 -0.857738 -0
    outer loop
      vertex -18.5139 20.0396 -72.1
      vertex -18.6065 20.0951 -76.1
      vertex -18.5139 20.0396 -76.1
    endloop
  endfacet
  facet normal 0.0491058 -0.998794 0
    outer loop
      vertex -19.2328 20.2197 -76.1
      vertex -19.125 20.225 -72.1
      vertex -19.2328 20.2197 -72.1
    endloop
  endfacet
  facet normal 0.0491058 -0.998794 0
    outer loop
      vertex -19.125 20.225 -72.1
      vertex -19.2328 20.2197 -76.1
      vertex -19.125 20.225 -76.1
    endloop
  endfacet
  facet normal -0.428206 -0.903681 0
    outer loop
      vertex -18.704 20.1413 -76.1
      vertex -18.6065 20.0951 -72.1
      vertex -18.704 20.1413 -72.1
    endloop
  endfacet
  facet normal -0.428206 -0.903681 -0
    outer loop
      vertex -18.6065 20.0951 -72.1
      vertex -18.704 20.1413 -76.1
      vertex -18.6065 20.0951 -76.1
    endloop
  endfacet
  facet normal -0.243625 -0.969869 0
    outer loop
      vertex -18.9104 20.2039 -76.1
      vertex -18.8057 20.1776 -72.1
      vertex -18.9104 20.2039 -72.1
    endloop
  endfacet
  facet normal -0.243625 -0.969869 -0
    outer loop
      vertex -18.8057 20.1776 -72.1
      vertex -18.9104 20.2039 -76.1
      vertex -18.8057 20.1776 -76.1
    endloop
  endfacet
  facet normal -0.146347 -0.989233 0
    outer loop
      vertex -19.0172 20.2197 -76.1
      vertex -18.9104 20.2039 -72.1
      vertex -19.0172 20.2197 -72.1
    endloop
  endfacet
  facet normal -0.146347 -0.989233 -0
    outer loop
      vertex -18.9104 20.2039 -72.1
      vertex -19.0172 20.2197 -76.1
      vertex -18.9104 20.2039 -76.1
    endloop
  endfacet
  facet normal 0.998794 0.0491058 0
    outer loop
      vertex -20.2197 19.0172 -72.1
      vertex -20.225 19.125 -76.1
      vertex -20.225 19.125 -72.1
    endloop
  endfacet
  facet normal 0.998794 0.0491058 0
    outer loop
      vertex -20.225 19.125 -76.1
      vertex -20.2197 19.0172 -72.1
      vertex -20.2197 19.0172 -76.1
    endloop
  endfacet
  facet normal 0.969869 -0.243625 0
    outer loop
      vertex -20.2039 19.3396 -72.1
      vertex -20.1776 19.4443 -76.1
      vertex -20.1776 19.4443 -72.1
    endloop
  endfacet
  facet normal 0.969869 -0.243625 0
    outer loop
      vertex -20.1776 19.4443 -76.1
      vertex -20.2039 19.3396 -72.1
      vertex -20.2039 19.3396 -76.1
    endloop
  endfacet
  facet normal 0.989233 -0.146347 0
    outer loop
      vertex -20.2197 19.2328 -72.1
      vertex -20.2039 19.3396 -76.1
      vertex -20.2039 19.3396 -72.1
    endloop
  endfacet
  facet normal 0.989233 -0.146347 0
    outer loop
      vertex -20.2039 19.3396 -76.1
      vertex -20.2197 19.2328 -72.1
      vertex -20.2197 19.2328 -76.1
    endloop
  endfacet
  facet normal 0.903681 -0.428206 0
    outer loop
      vertex -20.1413 19.546 -72.1
      vertex -20.0951 19.6435 -76.1
      vertex -20.0951 19.6435 -72.1
    endloop
  endfacet
  facet normal 0.903681 -0.428206 0
    outer loop
      vertex -20.0951 19.6435 -76.1
      vertex -20.1413 19.546 -72.1
      vertex -20.1413 19.546 -76.1
    endloop
  endfacet
  facet normal 0.857738 -0.514087 0
    outer loop
      vertex -20.0951 19.6435 -72.1
      vertex -20.0396 19.7361 -76.1
      vertex -20.0396 19.7361 -72.1
    endloop
  endfacet
  facet normal 0.857738 -0.514087 0
    outer loop
      vertex -20.0396 19.7361 -76.1
      vertex -20.0951 19.6435 -72.1
      vertex -20.0951 19.6435 -76.1
    endloop
  endfacet
  facet normal 0.33616 -0.941805 0
    outer loop
      vertex -19.546 20.1413 -76.1
      vertex -19.4443 20.1776 -72.1
      vertex -19.546 20.1413 -72.1
    endloop
  endfacet
  facet normal 0.33616 -0.941805 0
    outer loop
      vertex -19.4443 20.1776 -72.1
      vertex -19.546 20.1413 -76.1
      vertex -19.4443 20.1776 -76.1
    endloop
  endfacet
  facet normal 0.146347 -0.989233 0
    outer loop
      vertex -19.3396 20.2039 -76.1
      vertex -19.2328 20.2197 -72.1
      vertex -19.3396 20.2039 -72.1
    endloop
  endfacet
  facet normal 0.146347 -0.989233 0
    outer loop
      vertex -19.2328 20.2197 -72.1
      vertex -19.3396 20.2039 -76.1
      vertex -19.2328 20.2197 -76.1
    endloop
  endfacet
  facet normal 0.595693 -0.803212 0
    outer loop
      vertex -19.8228 19.9753 -76.1
      vertex -19.7361 20.0396 -72.1
      vertex -19.8228 19.9753 -72.1
    endloop
  endfacet
  facet normal 0.595693 -0.803212 0
    outer loop
      vertex -19.7361 20.0396 -72.1
      vertex -19.8228 19.9753 -76.1
      vertex -19.7361 20.0396 -76.1
    endloop
  endfacet
  facet normal 0.671519 -0.740987 0
    outer loop
      vertex -19.9028 19.9028 -76.1
      vertex -19.8228 19.9753 -72.1
      vertex -19.9028 19.9028 -72.1
    endloop
  endfacet
  facet normal 0.671519 -0.740987 0
    outer loop
      vertex -19.8228 19.9753 -72.1
      vertex -19.9028 19.9028 -76.1
      vertex -19.8228 19.9753 -76.1
    endloop
  endfacet
  facet normal 0.514087 -0.857738 0
    outer loop
      vertex -19.7361 20.0396 -76.1
      vertex -19.6435 20.0951 -72.1
      vertex -19.7361 20.0396 -72.1
    endloop
  endfacet
  facet normal 0.514087 -0.857738 0
    outer loop
      vertex -19.6435 20.0951 -72.1
      vertex -19.7361 20.0396 -76.1
      vertex -19.6435 20.0951 -76.1
    endloop
  endfacet
  facet normal 0.740987 -0.671519 0
    outer loop
      vertex -19.9753 19.8228 -72.1
      vertex -19.9028 19.9028 -76.1
      vertex -19.9028 19.9028 -72.1
    endloop
  endfacet
  facet normal 0.740987 -0.671519 0
    outer loop
      vertex -19.9028 19.9028 -76.1
      vertex -19.9753 19.8228 -72.1
      vertex -19.9753 19.8228 -76.1
    endloop
  endfacet
  facet normal -0.998794 -0.0491058 0
    outer loop
      vertex -18.025 19.125 -76.1
      vertex -18.0303 19.2328 -72.1
      vertex -18.0303 19.2328 -76.1
    endloop
  endfacet
  facet normal -0.998794 -0.0491058 0
    outer loop
      vertex -18.0303 19.2328 -72.1
      vertex -18.025 19.125 -76.1
      vertex -18.025 19.125 -72.1
    endloop
  endfacet
  facet normal -0.146347 0.989233 0
    outer loop
      vertex -18.9104 18.0461 -76.1
      vertex -19.0172 18.0303 -72.1
      vertex -18.9104 18.0461 -72.1
    endloop
  endfacet
  facet normal -0.146347 0.989233 0
    outer loop
      vertex -19.0172 18.0303 -72.1
      vertex -18.9104 18.0461 -76.1
      vertex -19.0172 18.0303 -76.1
    endloop
  endfacet
  facet normal -0.243625 0.969869 0
    outer loop
      vertex -18.8057 18.0724 -76.1
      vertex -18.9104 18.0461 -72.1
      vertex -18.8057 18.0724 -72.1
    endloop
  endfacet
  facet normal -0.243625 0.969869 0
    outer loop
      vertex -18.9104 18.0461 -72.1
      vertex -18.8057 18.0724 -76.1
      vertex -18.9104 18.0461 -76.1
    endloop
  endfacet
  facet normal -0.33616 0.941805 0
    outer loop
      vertex -18.704 18.1087 -76.1
      vertex -18.8057 18.0724 -72.1
      vertex -18.704 18.1087 -72.1
    endloop
  endfacet
  facet normal -0.33616 0.941805 0
    outer loop
      vertex -18.8057 18.0724 -72.1
      vertex -18.704 18.1087 -76.1
      vertex -18.8057 18.0724 -76.1
    endloop
  endfacet
  facet normal -0.671519 0.740987 0
    outer loop
      vertex -18.3472 18.3472 -76.1
      vertex -18.4272 18.2747 -72.1
      vertex -18.3472 18.3472 -72.1
    endloop
  endfacet
  facet normal -0.671519 0.740987 0
    outer loop
      vertex -18.4272 18.2747 -72.1
      vertex -18.3472 18.3472 -76.1
      vertex -18.4272 18.2747 -76.1
    endloop
  endfacet
  facet normal -0.514087 0.857738 0
    outer loop
      vertex -18.5139 18.2104 -76.1
      vertex -18.6065 18.1549 -72.1
      vertex -18.5139 18.2104 -72.1
    endloop
  endfacet
  facet normal -0.514087 0.857738 0
    outer loop
      vertex -18.6065 18.1549 -72.1
      vertex -18.5139 18.2104 -76.1
      vertex -18.6065 18.1549 -76.1
    endloop
  endfacet
  facet normal -0.903681 0.428206 0
    outer loop
      vertex -18.1549 18.6065 -76.1
      vertex -18.1087 18.704 -72.1
      vertex -18.1087 18.704 -76.1
    endloop
  endfacet
  facet normal -0.903681 0.428206 0
    outer loop
      vertex -18.1087 18.704 -72.1
      vertex -18.1549 18.6065 -76.1
      vertex -18.1549 18.6065 -72.1
    endloop
  endfacet
  facet normal -0.0491058 0.998794 0
    outer loop
      vertex -19.0172 18.0303 -76.1
      vertex -19.125 18.025 -72.1
      vertex -19.0172 18.0303 -72.1
    endloop
  endfacet
  facet normal -0.0491058 0.998794 0
    outer loop
      vertex -19.125 18.025 -72.1
      vertex -19.0172 18.0303 -76.1
      vertex -19.125 18.025 -76.1
    endloop
  endfacet
  facet normal 0.243625 0.969869 -0
    outer loop
      vertex -19.3396 18.0461 -76.1
      vertex -19.4443 18.0724 -72.1
      vertex -19.3396 18.0461 -72.1
    endloop
  endfacet
  facet normal 0.243625 0.969869 0
    outer loop
      vertex -19.4443 18.0724 -72.1
      vertex -19.3396 18.0461 -76.1
      vertex -19.4443 18.0724 -76.1
    endloop
  endfacet
  facet normal 0.428206 0.903681 -0
    outer loop
      vertex -19.546 18.1087 -76.1
      vertex -19.6435 18.1549 -72.1
      vertex -19.546 18.1087 -72.1
    endloop
  endfacet
  facet normal 0.428206 0.903681 0
    outer loop
      vertex -19.6435 18.1549 -72.1
      vertex -19.546 18.1087 -76.1
      vertex -19.6435 18.1549 -76.1
    endloop
  endfacet
  facet normal 0.989233 0.146347 0
    outer loop
      vertex -20.2039 18.9104 -72.1
      vertex -20.2197 19.0172 -76.1
      vertex -20.2197 19.0172 -72.1
    endloop
  endfacet
  facet normal 0.989233 0.146347 0
    outer loop
      vertex -20.2197 19.0172 -76.1
      vertex -20.2039 18.9104 -72.1
      vertex -20.2039 18.9104 -76.1
    endloop
  endfacet
  facet normal 0.941805 0.33616 0
    outer loop
      vertex -20.1413 18.704 -72.1
      vertex -20.1776 18.8057 -76.1
      vertex -20.1776 18.8057 -72.1
    endloop
  endfacet
  facet normal 0.941805 0.33616 0
    outer loop
      vertex -20.1776 18.8057 -76.1
      vertex -20.1413 18.704 -72.1
      vertex -20.1413 18.704 -76.1
    endloop
  endfacet
  facet normal 0.969869 0.243625 0
    outer loop
      vertex -20.1776 18.8057 -72.1
      vertex -20.2039 18.9104 -76.1
      vertex -20.2039 18.9104 -72.1
    endloop
  endfacet
  facet normal 0.969869 0.243625 0
    outer loop
      vertex -20.2039 18.9104 -76.1
      vertex -20.1776 18.8057 -72.1
      vertex -20.1776 18.8057 -76.1
    endloop
  endfacet
  facet normal 0.857738 0.514087 0
    outer loop
      vertex -20.0396 18.5139 -72.1
      vertex -20.0951 18.6065 -76.1
      vertex -20.0951 18.6065 -72.1
    endloop
  endfacet
  facet normal 0.857738 0.514087 0
    outer loop
      vertex -20.0951 18.6065 -76.1
      vertex -20.0396 18.5139 -72.1
      vertex -20.0396 18.5139 -76.1
    endloop
  endfacet
  facet normal -0.989233 -0.146347 0
    outer loop
      vertex -18.0303 19.2328 -76.1
      vertex -18.0461 19.3396 -72.1
      vertex -18.0461 19.3396 -76.1
    endloop
  endfacet
  facet normal -0.989233 -0.146347 0
    outer loop
      vertex -18.0461 19.3396 -72.1
      vertex -18.0303 19.2328 -76.1
      vertex -18.0303 19.2328 -72.1
    endloop
  endfacet
  facet normal -0.0491058 -0.998794 0
    outer loop
      vertex -19.125 20.225 -76.1
      vertex -19.0172 20.2197 -72.1
      vertex -19.125 20.225 -72.1
    endloop
  endfacet
  facet normal -0.0491058 -0.998794 -0
    outer loop
      vertex -19.0172 20.2197 -72.1
      vertex -19.125 20.225 -76.1
      vertex -19.0172 20.2197 -76.1
    endloop
  endfacet
  facet normal -0.989233 0.146347 0
    outer loop
      vertex -18.0461 18.9104 -76.1
      vertex -18.0303 19.0172 -72.1
      vertex -18.0303 19.0172 -76.1
    endloop
  endfacet
  facet normal -0.989233 0.146347 0
    outer loop
      vertex -18.0303 19.0172 -72.1
      vertex -18.0461 18.9104 -76.1
      vertex -18.0461 18.9104 -72.1
    endloop
  endfacet
  facet normal -0.969869 0.243625 0
    outer loop
      vertex -18.0724 18.8057 -76.1
      vertex -18.0461 18.9104 -72.1
      vertex -18.0461 18.9104 -76.1
    endloop
  endfacet
  facet normal -0.969869 0.243625 0
    outer loop
      vertex -18.0461 18.9104 -72.1
      vertex -18.0724 18.8057 -76.1
      vertex -18.0724 18.8057 -72.1
    endloop
  endfacet
  facet normal -0.428206 0.903681 0
    outer loop
      vertex -18.6065 18.1549 -76.1
      vertex -18.704 18.1087 -72.1
      vertex -18.6065 18.1549 -72.1
    endloop
  endfacet
  facet normal -0.428206 0.903681 0
    outer loop
      vertex -18.704 18.1087 -72.1
      vertex -18.6065 18.1549 -76.1
      vertex -18.704 18.1087 -76.1
    endloop
  endfacet
  facet normal -0.740987 0.671519 0
    outer loop
      vertex -18.3472 18.3472 -76.1
      vertex -18.2747 18.4272 -72.1
      vertex -18.2747 18.4272 -76.1
    endloop
  endfacet
  facet normal -0.740987 0.671519 0
    outer loop
      vertex -18.2747 18.4272 -72.1
      vertex -18.3472 18.3472 -76.1
      vertex -18.3472 18.3472 -72.1
    endloop
  endfacet
  facet normal -0.595693 0.803212 0
    outer loop
      vertex -18.4272 18.2747 -76.1
      vertex -18.5139 18.2104 -72.1
      vertex -18.4272 18.2747 -72.1
    endloop
  endfacet
  facet normal -0.595693 0.803212 0
    outer loop
      vertex -18.5139 18.2104 -72.1
      vertex -18.4272 18.2747 -76.1
      vertex -18.5139 18.2104 -76.1
    endloop
  endfacet
  facet normal -0.857738 0.514087 0
    outer loop
      vertex -18.2104 18.5139 -76.1
      vertex -18.1549 18.6065 -72.1
      vertex -18.1549 18.6065 -76.1
    endloop
  endfacet
  facet normal -0.857738 0.514087 0
    outer loop
      vertex -18.1549 18.6065 -72.1
      vertex -18.2104 18.5139 -76.1
      vertex -18.2104 18.5139 -72.1
    endloop
  endfacet
  facet normal 0.146347 0.989233 -0
    outer loop
      vertex -19.2328 18.0303 -76.1
      vertex -19.3396 18.0461 -72.1
      vertex -19.2328 18.0303 -72.1
    endloop
  endfacet
  facet normal 0.146347 0.989233 0
    outer loop
      vertex -19.3396 18.0461 -72.1
      vertex -19.2328 18.0303 -76.1
      vertex -19.3396 18.0461 -76.1
    endloop
  endfacet
  facet normal 0.514087 0.857738 -0
    outer loop
      vertex -19.6435 18.1549 -76.1
      vertex -19.7361 18.2104 -72.1
      vertex -19.6435 18.1549 -72.1
    endloop
  endfacet
  facet normal 0.514087 0.857738 0
    outer loop
      vertex -19.7361 18.2104 -72.1
      vertex -19.6435 18.1549 -76.1
      vertex -19.7361 18.2104 -76.1
    endloop
  endfacet
  facet normal 0.803212 0.595693 0
    outer loop
      vertex -19.9753 18.4272 -72.1
      vertex -20.0396 18.5139 -76.1
      vertex -20.0396 18.5139 -72.1
    endloop
  endfacet
  facet normal 0.803212 0.595693 0
    outer loop
      vertex -20.0396 18.5139 -76.1
      vertex -19.9753 18.4272 -72.1
      vertex -19.9753 18.4272 -76.1
    endloop
  endfacet
  facet normal 0.671519 0.740987 -0
    outer loop
      vertex -19.8228 18.2747 -76.1
      vertex -19.9028 18.3472 -72.1
      vertex -19.8228 18.2747 -72.1
    endloop
  endfacet
  facet normal 0.671519 0.740987 0
    outer loop
      vertex -19.9028 18.3472 -72.1
      vertex -19.8228 18.2747 -76.1
      vertex -19.9028 18.3472 -76.1
    endloop
  endfacet
  facet normal -0.857738 -0.514087 0
    outer loop
      vertex 20.0951 -18.6065 -76.1
      vertex 20.0396 -18.5139 -72.1
      vertex 20.0396 -18.5139 -76.1
    endloop
  endfacet
  facet normal -0.857738 -0.514087 0
    outer loop
      vertex 20.0396 -18.5139 -72.1
      vertex 20.0951 -18.6065 -76.1
      vertex 20.0951 -18.6065 -72.1
    endloop
  endfacet
  facet normal -0.33616 -0.941805 0
    outer loop
      vertex 19.4443 -18.0724 -76.1
      vertex 19.546 -18.1087 -72.1
      vertex 19.4443 -18.0724 -72.1
    endloop
  endfacet
  facet normal -0.33616 -0.941805 -0
    outer loop
      vertex 19.546 -18.1087 -72.1
      vertex 19.4443 -18.0724 -76.1
      vertex 19.546 -18.1087 -76.1
    endloop
  endfacet
  facet normal 0.428206 -0.903681 0
    outer loop
      vertex 18.6065 -18.1549 -76.1
      vertex 18.704 -18.1087 -72.1
      vertex 18.6065 -18.1549 -72.1
    endloop
  endfacet
  facet normal 0.428206 -0.903681 0
    outer loop
      vertex 18.704 -18.1087 -72.1
      vertex 18.6065 -18.1549 -76.1
      vertex 18.704 -18.1087 -76.1
    endloop
  endfacet
  facet normal 0.941805 -0.33616 0
    outer loop
      vertex 18.0724 -18.8057 -72.1
      vertex 18.1087 -18.704 -76.1
      vertex 18.1087 -18.704 -72.1
    endloop
  endfacet
  facet normal 0.941805 -0.33616 0
    outer loop
      vertex 18.1087 -18.704 -76.1
      vertex 18.0724 -18.8057 -72.1
      vertex 18.0724 -18.8057 -76.1
    endloop
  endfacet
  facet normal -0.998794 0.0491058 0
    outer loop
      vertex 20.2197 -19.2328 -76.1
      vertex 20.225 -19.125 -72.1
      vertex 20.225 -19.125 -76.1
    endloop
  endfacet
  facet normal -0.998794 0.0491058 0
    outer loop
      vertex 20.225 -19.125 -72.1
      vertex 20.2197 -19.2328 -76.1
      vertex 20.2197 -19.2328 -72.1
    endloop
  endfacet
  facet normal -0.514087 -0.857738 0
    outer loop
      vertex 19.6435 -18.1549 -76.1
      vertex 19.7361 -18.2104 -72.1
      vertex 19.6435 -18.1549 -72.1
    endloop
  endfacet
  facet normal -0.514087 -0.857738 -0
    outer loop
      vertex 19.7361 -18.2104 -72.1
      vertex 19.6435 -18.1549 -76.1
      vertex 19.7361 -18.2104 -76.1
    endloop
  endfacet
  facet normal 0.998794 -0.0491058 0
    outer loop
      vertex 18.025 -19.125 -72.1
      vertex 18.0303 -19.0172 -76.1
      vertex 18.0303 -19.0172 -72.1
    endloop
  endfacet
  facet normal 0.998794 -0.0491058 0
    outer loop
      vertex 18.0303 -19.0172 -76.1
      vertex 18.025 -19.125 -72.1
      vertex 18.025 -19.125 -76.1
    endloop
  endfacet
  facet normal 0.803212 -0.595693 0
    outer loop
      vertex 18.2104 -18.5139 -72.1
      vertex 18.2747 -18.4272 -76.1
      vertex 18.2747 -18.4272 -72.1
    endloop
  endfacet
  facet normal 0.803212 -0.595693 0
    outer loop
      vertex 18.2747 -18.4272 -76.1
      vertex 18.2104 -18.5139 -72.1
      vertex 18.2104 -18.5139 -76.1
    endloop
  endfacet
  facet normal 0.243625 -0.969869 0
    outer loop
      vertex 18.8057 -18.0724 -76.1
      vertex 18.9104 -18.0461 -72.1
      vertex 18.8057 -18.0724 -72.1
    endloop
  endfacet
  facet normal 0.243625 -0.969869 0
    outer loop
      vertex 18.9104 -18.0461 -72.1
      vertex 18.8057 -18.0724 -76.1
      vertex 18.9104 -18.0461 -76.1
    endloop
  endfacet
  facet normal -0.514087 0.857738 0
    outer loop
      vertex 19.7361 -20.0396 -76.1
      vertex 19.6435 -20.0951 -72.1
      vertex 19.7361 -20.0396 -72.1
    endloop
  endfacet
  facet normal -0.514087 0.857738 0
    outer loop
      vertex 19.6435 -20.0951 -72.1
      vertex 19.7361 -20.0396 -76.1
      vertex 19.6435 -20.0951 -76.1
    endloop
  endfacet
  facet normal -0.989233 -0.146347 0
    outer loop
      vertex 20.2197 -19.0172 -76.1
      vertex 20.2039 -18.9104 -72.1
      vertex 20.2039 -18.9104 -76.1
    endloop
  endfacet
  facet normal -0.989233 -0.146347 0
    outer loop
      vertex 20.2039 -18.9104 -72.1
      vertex 20.2197 -19.0172 -76.1
      vertex 20.2197 -19.0172 -72.1
    endloop
  endfacet
  facet normal -0.803212 -0.595693 0
    outer loop
      vertex 20.0396 -18.5139 -76.1
      vertex 19.9753 -18.4272 -72.1
      vertex 19.9753 -18.4272 -76.1
    endloop
  endfacet
  facet normal -0.803212 -0.595693 0
    outer loop
      vertex 19.9753 -18.4272 -72.1
      vertex 20.0396 -18.5139 -76.1
      vertex 20.0396 -18.5139 -72.1
    endloop
  endfacet
  facet normal -0.671519 -0.740987 0
    outer loop
      vertex 19.8228 -18.2747 -76.1
      vertex 19.9028 -18.3472 -72.1
      vertex 19.8228 -18.2747 -72.1
    endloop
  endfacet
  facet normal -0.671519 -0.740987 -0
    outer loop
      vertex 19.9028 -18.3472 -72.1
      vertex 19.8228 -18.2747 -76.1
      vertex 19.9028 -18.3472 -76.1
    endloop
  endfacet
  facet normal 0.0491058 -0.998794 0
    outer loop
      vertex 19.0172 -18.0303 -76.1
      vertex 19.125 -18.025 -72.1
      vertex 19.0172 -18.0303 -72.1
    endloop
  endfacet
  facet normal 0.0491058 -0.998794 0
    outer loop
      vertex 19.125 -18.025 -72.1
      vertex 19.0172 -18.0303 -76.1
      vertex 19.125 -18.025 -76.1
    endloop
  endfacet
  facet normal -0.243625 -0.969869 0
    outer loop
      vertex 19.3396 -18.0461 -76.1
      vertex 19.4443 -18.0724 -72.1
      vertex 19.3396 -18.0461 -72.1
    endloop
  endfacet
  facet normal -0.243625 -0.969869 -0
    outer loop
      vertex 19.4443 -18.0724 -72.1
      vertex 19.3396 -18.0461 -76.1
      vertex 19.4443 -18.0724 -76.1
    endloop
  endfacet
  facet normal -0.146347 -0.989233 0
    outer loop
      vertex 19.2328 -18.0303 -76.1
      vertex 19.3396 -18.0461 -72.1
      vertex 19.2328 -18.0303 -72.1
    endloop
  endfacet
  facet normal -0.146347 -0.989233 -0
    outer loop
      vertex 19.3396 -18.0461 -72.1
      vertex 19.2328 -18.0303 -76.1
      vertex 19.3396 -18.0461 -76.1
    endloop
  endfacet
  facet normal -0.428206 -0.903681 0
    outer loop
      vertex 19.546 -18.1087 -76.1
      vertex 19.6435 -18.1549 -72.1
      vertex 19.546 -18.1087 -72.1
    endloop
  endfacet
  facet normal -0.428206 -0.903681 -0
    outer loop
      vertex 19.6435 -18.1549 -72.1
      vertex 19.546 -18.1087 -76.1
      vertex 19.6435 -18.1549 -76.1
    endloop
  endfacet
  facet normal -0.595693 -0.803212 0
    outer loop
      vertex 19.7361 -18.2104 -76.1
      vertex 19.8228 -18.2747 -72.1
      vertex 19.7361 -18.2104 -72.1
    endloop
  endfacet
  facet normal -0.595693 -0.803212 -0
    outer loop
      vertex 19.8228 -18.2747 -72.1
      vertex 19.7361 -18.2104 -76.1
      vertex 19.8228 -18.2747 -76.1
    endloop
  endfacet
  facet normal 0.969869 -0.243625 0
    outer loop
      vertex 18.0461 -18.9104 -72.1
      vertex 18.0724 -18.8057 -76.1
      vertex 18.0724 -18.8057 -72.1
    endloop
  endfacet
  facet normal 0.969869 -0.243625 0
    outer loop
      vertex 18.0724 -18.8057 -76.1
      vertex 18.0461 -18.9104 -72.1
      vertex 18.0461 -18.9104 -76.1
    endloop
  endfacet
  facet normal 0.989233 -0.146347 0
    outer loop
      vertex 18.0303 -19.0172 -72.1
      vertex 18.0461 -18.9104 -76.1
      vertex 18.0461 -18.9104 -72.1
    endloop
  endfacet
  facet normal 0.989233 -0.146347 0
    outer loop
      vertex 18.0461 -18.9104 -76.1
      vertex 18.0303 -19.0172 -72.1
      vertex 18.0303 -19.0172 -76.1
    endloop
  endfacet
  facet normal 0.903681 -0.428206 0
    outer loop
      vertex 18.1087 -18.704 -72.1
      vertex 18.1549 -18.6065 -76.1
      vertex 18.1549 -18.6065 -72.1
    endloop
  endfacet
  facet normal 0.903681 -0.428206 0
    outer loop
      vertex 18.1549 -18.6065 -76.1
      vertex 18.1087 -18.704 -72.1
      vertex 18.1087 -18.704 -76.1
    endloop
  endfacet
  facet normal 0.857738 -0.514087 0
    outer loop
      vertex 18.1549 -18.6065 -72.1
      vertex 18.2104 -18.5139 -76.1
      vertex 18.2104 -18.5139 -72.1
    endloop
  endfacet
  facet normal 0.857738 -0.514087 0
    outer loop
      vertex 18.2104 -18.5139 -76.1
      vertex 18.1549 -18.6065 -72.1
      vertex 18.1549 -18.6065 -76.1
    endloop
  endfacet
  facet normal 0.33616 -0.941805 0
    outer loop
      vertex 18.704 -18.1087 -76.1
      vertex 18.8057 -18.0724 -72.1
      vertex 18.704 -18.1087 -72.1
    endloop
  endfacet
  facet normal 0.33616 -0.941805 0
    outer loop
      vertex 18.8057 -18.0724 -72.1
      vertex 18.704 -18.1087 -76.1
      vertex 18.8057 -18.0724 -76.1
    endloop
  endfacet
  facet normal 0.146347 -0.989233 0
    outer loop
      vertex 18.9104 -18.0461 -76.1
      vertex 19.0172 -18.0303 -72.1
      vertex 18.9104 -18.0461 -72.1
    endloop
  endfacet
  facet normal 0.146347 -0.989233 0
    outer loop
      vertex 19.0172 -18.0303 -72.1
      vertex 18.9104 -18.0461 -76.1
      vertex 19.0172 -18.0303 -76.1
    endloop
  endfacet
  facet normal 0.595693 -0.803212 0
    outer loop
      vertex 18.4272 -18.2747 -76.1
      vertex 18.5139 -18.2104 -72.1
      vertex 18.4272 -18.2747 -72.1
    endloop
  endfacet
  facet normal 0.595693 -0.803212 0
    outer loop
      vertex 18.5139 -18.2104 -72.1
      vertex 18.4272 -18.2747 -76.1
      vertex 18.5139 -18.2104 -76.1
    endloop
  endfacet
  facet normal 0.671519 -0.740987 0
    outer loop
      vertex 18.3472 -18.3472 -76.1
      vertex 18.4272 -18.2747 -72.1
      vertex 18.3472 -18.3472 -72.1
    endloop
  endfacet
  facet normal 0.671519 -0.740987 0
    outer loop
      vertex 18.4272 -18.2747 -72.1
      vertex 18.3472 -18.3472 -76.1
      vertex 18.4272 -18.2747 -76.1
    endloop
  endfacet
  facet normal 0.514087 -0.857738 0
    outer loop
      vertex 18.5139 -18.2104 -76.1
      vertex 18.6065 -18.1549 -72.1
      vertex 18.5139 -18.2104 -72.1
    endloop
  endfacet
  facet normal 0.514087 -0.857738 0
    outer loop
      vertex 18.6065 -18.1549 -72.1
      vertex 18.5139 -18.2104 -76.1
      vertex 18.6065 -18.1549 -76.1
    endloop
  endfacet
  facet normal 0.740987 -0.671519 0
    outer loop
      vertex 18.2747 -18.4272 -72.1
      vertex 18.3472 -18.3472 -76.1
      vertex 18.3472 -18.3472 -72.1
    endloop
  endfacet
  facet normal 0.740987 -0.671519 0
    outer loop
      vertex 18.3472 -18.3472 -76.1
      vertex 18.2747 -18.4272 -72.1
      vertex 18.2747 -18.4272 -76.1
    endloop
  endfacet
  facet normal -0.998794 -0.0491058 0
    outer loop
      vertex 20.225 -19.125 -76.1
      vertex 20.2197 -19.0172 -72.1
      vertex 20.2197 -19.0172 -76.1
    endloop
  endfacet
  facet normal -0.998794 -0.0491058 0
    outer loop
      vertex 20.2197 -19.0172 -72.1
      vertex 20.225 -19.125 -76.1
      vertex 20.225 -19.125 -72.1
    endloop
  endfacet
  facet normal -0.969869 0.243625 0
    outer loop
      vertex 20.1776 -19.4443 -76.1
      vertex 20.2039 -19.3396 -72.1
      vertex 20.2039 -19.3396 -76.1
    endloop
  endfacet
  facet normal -0.969869 0.243625 0
    outer loop
      vertex 20.2039 -19.3396 -72.1
      vertex 20.1776 -19.4443 -76.1
      vertex 20.1776 -19.4443 -72.1
    endloop
  endfacet
  facet normal -0.903681 -0.428206 0
    outer loop
      vertex 20.1413 -18.704 -76.1
      vertex 20.0951 -18.6065 -72.1
      vertex 20.0951 -18.6065 -76.1
    endloop
  endfacet
  facet normal -0.903681 -0.428206 0
    outer loop
      vertex 20.0951 -18.6065 -72.1
      vertex 20.1413 -18.704 -76.1
      vertex 20.1413 -18.704 -72.1
    endloop
  endfacet
  facet normal -0.941805 -0.33616 0
    outer loop
      vertex 20.1776 -18.8057 -76.1
      vertex 20.1413 -18.704 -72.1
      vertex 20.1413 -18.704 -76.1
    endloop
  endfacet
  facet normal -0.941805 -0.33616 0
    outer loop
      vertex 20.1413 -18.704 -72.1
      vertex 20.1776 -18.8057 -76.1
      vertex 20.1776 -18.8057 -72.1
    endloop
  endfacet
  facet normal -0.969869 -0.243625 0
    outer loop
      vertex 20.2039 -18.9104 -76.1
      vertex 20.1776 -18.8057 -72.1
      vertex 20.1776 -18.8057 -76.1
    endloop
  endfacet
  facet normal -0.969869 -0.243625 0
    outer loop
      vertex 20.1776 -18.8057 -72.1
      vertex 20.2039 -18.9104 -76.1
      vertex 20.2039 -18.9104 -72.1
    endloop
  endfacet
  facet normal -0.740987 -0.671519 0
    outer loop
      vertex 19.9753 -18.4272 -76.1
      vertex 19.9028 -18.3472 -72.1
      vertex 19.9028 -18.3472 -76.1
    endloop
  endfacet
  facet normal -0.740987 -0.671519 0
    outer loop
      vertex 19.9028 -18.3472 -72.1
      vertex 19.9753 -18.4272 -76.1
      vertex 19.9753 -18.4272 -72.1
    endloop
  endfacet
  facet normal -0.0491058 -0.998794 0
    outer loop
      vertex 19.125 -18.025 -76.1
      vertex 19.2328 -18.0303 -72.1
      vertex 19.125 -18.025 -72.1
    endloop
  endfacet
  facet normal -0.0491058 -0.998794 -0
    outer loop
      vertex 19.2328 -18.0303 -72.1
      vertex 19.125 -18.025 -76.1
      vertex 19.2328 -18.0303 -76.1
    endloop
  endfacet
  facet normal -0.989233 0.146347 0
    outer loop
      vertex 20.2039 -19.3396 -76.1
      vertex 20.2197 -19.2328 -72.1
      vertex 20.2197 -19.2328 -76.1
    endloop
  endfacet
  facet normal -0.989233 0.146347 0
    outer loop
      vertex 20.2197 -19.2328 -72.1
      vertex 20.2039 -19.3396 -76.1
      vertex 20.2039 -19.3396 -72.1
    endloop
  endfacet
  facet normal -0.803212 0.595693 0
    outer loop
      vertex 19.9753 -19.8228 -76.1
      vertex 20.0396 -19.7361 -72.1
      vertex 20.0396 -19.7361 -76.1
    endloop
  endfacet
  facet normal -0.803212 0.595693 0
    outer loop
      vertex 20.0396 -19.7361 -72.1
      vertex 19.9753 -19.8228 -76.1
      vertex 19.9753 -19.8228 -72.1
    endloop
  endfacet
  facet normal -0.903681 0.428206 0
    outer loop
      vertex 20.0951 -19.6435 -76.1
      vertex 20.1413 -19.546 -72.1
      vertex 20.1413 -19.546 -76.1
    endloop
  endfacet
  facet normal -0.903681 0.428206 0
    outer loop
      vertex 20.1413 -19.546 -72.1
      vertex 20.0951 -19.6435 -76.1
      vertex 20.0951 -19.6435 -72.1
    endloop
  endfacet
  facet normal -0.0491058 0.998794 0
    outer loop
      vertex 19.2328 -20.2197 -76.1
      vertex 19.125 -20.225 -72.1
      vertex 19.2328 -20.2197 -72.1
    endloop
  endfacet
  facet normal -0.0491058 0.998794 0
    outer loop
      vertex 19.125 -20.225 -72.1
      vertex 19.2328 -20.2197 -76.1
      vertex 19.125 -20.225 -76.1
    endloop
  endfacet
  facet normal -0.146347 0.989233 0
    outer loop
      vertex 19.3396 -20.2039 -76.1
      vertex 19.2328 -20.2197 -72.1
      vertex 19.3396 -20.2039 -72.1
    endloop
  endfacet
  facet normal -0.146347 0.989233 0
    outer loop
      vertex 19.2328 -20.2197 -72.1
      vertex 19.3396 -20.2039 -76.1
      vertex 19.2328 -20.2197 -76.1
    endloop
  endfacet
  facet normal -0.428206 0.903681 0
    outer loop
      vertex 19.6435 -20.0951 -76.1
      vertex 19.546 -20.1413 -72.1
      vertex 19.6435 -20.0951 -72.1
    endloop
  endfacet
  facet normal -0.428206 0.903681 0
    outer loop
      vertex 19.546 -20.1413 -72.1
      vertex 19.6435 -20.0951 -76.1
      vertex 19.546 -20.1413 -76.1
    endloop
  endfacet
  facet normal -0.33616 0.941805 0
    outer loop
      vertex 19.546 -20.1413 -76.1
      vertex 19.4443 -20.1776 -72.1
      vertex 19.546 -20.1413 -72.1
    endloop
  endfacet
  facet normal -0.33616 0.941805 0
    outer loop
      vertex 19.4443 -20.1776 -72.1
      vertex 19.546 -20.1413 -76.1
      vertex 19.4443 -20.1776 -76.1
    endloop
  endfacet
  facet normal -0.671519 0.740987 0
    outer loop
      vertex 19.9028 -19.9028 -76.1
      vertex 19.8228 -19.9753 -72.1
      vertex 19.9028 -19.9028 -72.1
    endloop
  endfacet
  facet normal -0.671519 0.740987 0
    outer loop
      vertex 19.8228 -19.9753 -72.1
      vertex 19.9028 -19.9028 -76.1
      vertex 19.8228 -19.9753 -76.1
    endloop
  endfacet
  facet normal -0.941805 0.33616 0
    outer loop
      vertex 20.1413 -19.546 -76.1
      vertex 20.1776 -19.4443 -72.1
      vertex 20.1776 -19.4443 -76.1
    endloop
  endfacet
  facet normal -0.941805 0.33616 0
    outer loop
      vertex 20.1776 -19.4443 -72.1
      vertex 20.1413 -19.546 -76.1
      vertex 20.1413 -19.546 -72.1
    endloop
  endfacet
  facet normal -0.857738 0.514087 0
    outer loop
      vertex 20.0396 -19.7361 -76.1
      vertex 20.0951 -19.6435 -72.1
      vertex 20.0951 -19.6435 -76.1
    endloop
  endfacet
  facet normal -0.857738 0.514087 0
    outer loop
      vertex 20.0951 -19.6435 -72.1
      vertex 20.0396 -19.7361 -76.1
      vertex 20.0396 -19.7361 -72.1
    endloop
  endfacet
  facet normal 0.0491058 0.998794 -0
    outer loop
      vertex 19.125 -20.225 -76.1
      vertex 19.0172 -20.2197 -72.1
      vertex 19.125 -20.225 -72.1
    endloop
  endfacet
  facet normal 0.0491058 0.998794 0
    outer loop
      vertex 19.0172 -20.2197 -72.1
      vertex 19.125 -20.225 -76.1
      vertex 19.0172 -20.2197 -76.1
    endloop
  endfacet
  facet normal 0.941805 0.33616 0
    outer loop
      vertex 18.1087 -19.546 -72.1
      vertex 18.0724 -19.4443 -76.1
      vertex 18.0724 -19.4443 -72.1
    endloop
  endfacet
  facet normal 0.941805 0.33616 0
    outer loop
      vertex 18.0724 -19.4443 -76.1
      vertex 18.1087 -19.546 -72.1
      vertex 18.1087 -19.546 -76.1
    endloop
  endfacet
  facet normal 0.969869 0.243625 0
    outer loop
      vertex 18.0724 -19.4443 -72.1
      vertex 18.0461 -19.3396 -76.1
      vertex 18.0461 -19.3396 -72.1
    endloop
  endfacet
  facet normal 0.969869 0.243625 0
    outer loop
      vertex 18.0461 -19.3396 -76.1
      vertex 18.0724 -19.4443 -72.1
      vertex 18.0724 -19.4443 -76.1
    endloop
  endfacet
  facet normal 0.903681 0.428206 0
    outer loop
      vertex 18.1549 -19.6435 -72.1
      vertex 18.1087 -19.546 -76.1
      vertex 18.1087 -19.546 -72.1
    endloop
  endfacet
  facet normal 0.903681 0.428206 0
    outer loop
      vertex 18.1087 -19.546 -76.1
      vertex 18.1549 -19.6435 -72.1
      vertex 18.1549 -19.6435 -76.1
    endloop
  endfacet
  facet normal -0.243625 0.969869 0
    outer loop
      vertex 19.4443 -20.1776 -76.1
      vertex 19.3396 -20.2039 -72.1
      vertex 19.4443 -20.1776 -72.1
    endloop
  endfacet
  facet normal -0.243625 0.969869 0
    outer loop
      vertex 19.3396 -20.2039 -72.1
      vertex 19.4443 -20.1776 -76.1
      vertex 19.3396 -20.2039 -76.1
    endloop
  endfacet
  facet normal -0.740987 0.671519 0
    outer loop
      vertex 19.9028 -19.9028 -76.1
      vertex 19.9753 -19.8228 -72.1
      vertex 19.9753 -19.8228 -76.1
    endloop
  endfacet
  facet normal -0.740987 0.671519 0
    outer loop
      vertex 19.9753 -19.8228 -72.1
      vertex 19.9028 -19.9028 -76.1
      vertex 19.9028 -19.9028 -72.1
    endloop
  endfacet
  facet normal -0.595693 0.803212 0
    outer loop
      vertex 19.8228 -19.9753 -76.1
      vertex 19.7361 -20.0396 -72.1
      vertex 19.8228 -19.9753 -72.1
    endloop
  endfacet
  facet normal -0.595693 0.803212 0
    outer loop
      vertex 19.7361 -20.0396 -72.1
      vertex 19.8228 -19.9753 -76.1
      vertex 19.7361 -20.0396 -76.1
    endloop
  endfacet
  facet normal 0.595693 0.803212 -0
    outer loop
      vertex 18.5139 -20.0396 -76.1
      vertex 18.4272 -19.9753 -72.1
      vertex 18.5139 -20.0396 -72.1
    endloop
  endfacet
  facet normal 0.595693 0.803212 0
    outer loop
      vertex 18.4272 -19.9753 -72.1
      vertex 18.5139 -20.0396 -76.1
      vertex 18.4272 -19.9753 -76.1
    endloop
  endfacet
  facet normal 0.428206 0.903681 -0
    outer loop
      vertex 18.704 -20.1413 -76.1
      vertex 18.6065 -20.0951 -72.1
      vertex 18.704 -20.1413 -72.1
    endloop
  endfacet
  facet normal 0.428206 0.903681 0
    outer loop
      vertex 18.6065 -20.0951 -72.1
      vertex 18.704 -20.1413 -76.1
      vertex 18.6065 -20.0951 -76.1
    endloop
  endfacet
  facet normal 0.243625 0.969869 -0
    outer loop
      vertex 18.9104 -20.2039 -76.1
      vertex 18.8057 -20.1776 -72.1
      vertex 18.9104 -20.2039 -72.1
    endloop
  endfacet
  facet normal 0.243625 0.969869 0
    outer loop
      vertex 18.8057 -20.1776 -72.1
      vertex 18.9104 -20.2039 -76.1
      vertex 18.8057 -20.1776 -76.1
    endloop
  endfacet
  facet normal 0.740987 0.671519 0
    outer loop
      vertex 18.3472 -19.9028 -72.1
      vertex 18.2747 -19.8228 -76.1
      vertex 18.2747 -19.8228 -72.1
    endloop
  endfacet
  facet normal 0.740987 0.671519 0
    outer loop
      vertex 18.2747 -19.8228 -76.1
      vertex 18.3472 -19.9028 -72.1
      vertex 18.3472 -19.9028 -76.1
    endloop
  endfacet
  facet normal 0.803212 0.595693 0
    outer loop
      vertex 18.2747 -19.8228 -72.1
      vertex 18.2104 -19.7361 -76.1
      vertex 18.2104 -19.7361 -72.1
    endloop
  endfacet
  facet normal 0.803212 0.595693 0
    outer loop
      vertex 18.2104 -19.7361 -76.1
      vertex 18.2747 -19.8228 -72.1
      vertex 18.2747 -19.8228 -76.1
    endloop
  endfacet
  facet normal 0.857738 0.514087 0
    outer loop
      vertex 18.2104 -19.7361 -72.1
      vertex 18.1549 -19.6435 -76.1
      vertex 18.1549 -19.6435 -72.1
    endloop
  endfacet
  facet normal 0.857738 0.514087 0
    outer loop
      vertex 18.1549 -19.6435 -76.1
      vertex 18.2104 -19.7361 -72.1
      vertex 18.2104 -19.7361 -76.1
    endloop
  endfacet
  facet normal 0.671519 0.740987 -0
    outer loop
      vertex 18.4272 -19.9753 -76.1
      vertex 18.3472 -19.9028 -72.1
      vertex 18.4272 -19.9753 -72.1
    endloop
  endfacet
  facet normal 0.671519 0.740987 0
    outer loop
      vertex 18.3472 -19.9028 -72.1
      vertex 18.4272 -19.9753 -76.1
      vertex 18.3472 -19.9028 -76.1
    endloop
  endfacet
  facet normal 0.989233 0.146347 0
    outer loop
      vertex 18.0461 -19.3396 -72.1
      vertex 18.0303 -19.2328 -76.1
      vertex 18.0303 -19.2328 -72.1
    endloop
  endfacet
  facet normal 0.989233 0.146347 0
    outer loop
      vertex 18.0303 -19.2328 -76.1
      vertex 18.0461 -19.3396 -72.1
      vertex 18.0461 -19.3396 -76.1
    endloop
  endfacet
  facet normal 0.998794 0.0491058 0
    outer loop
      vertex 18.0303 -19.2328 -72.1
      vertex 18.025 -19.125 -76.1
      vertex 18.025 -19.125 -72.1
    endloop
  endfacet
  facet normal 0.998794 0.0491058 0
    outer loop
      vertex 18.025 -19.125 -76.1
      vertex 18.0303 -19.2328 -72.1
      vertex 18.0303 -19.2328 -76.1
    endloop
  endfacet
  facet normal 0.514087 0.857738 -0
    outer loop
      vertex 18.6065 -20.0951 -76.1
      vertex 18.5139 -20.0396 -72.1
      vertex 18.6065 -20.0951 -72.1
    endloop
  endfacet
  facet normal 0.514087 0.857738 0
    outer loop
      vertex 18.5139 -20.0396 -72.1
      vertex 18.6065 -20.0951 -76.1
      vertex 18.5139 -20.0396 -76.1
    endloop
  endfacet
  facet normal 0.33616 0.941805 -0
    outer loop
      vertex 18.8057 -20.1776 -76.1
      vertex 18.704 -20.1413 -72.1
      vertex 18.8057 -20.1776 -72.1
    endloop
  endfacet
  facet normal 0.33616 0.941805 0
    outer loop
      vertex 18.704 -20.1413 -72.1
      vertex 18.8057 -20.1776 -76.1
      vertex 18.704 -20.1413 -76.1
    endloop
  endfacet
  facet normal 0.146347 0.989233 -0
    outer loop
      vertex 19.0172 -20.2197 -76.1
      vertex 18.9104 -20.2039 -72.1
      vertex 19.0172 -20.2197 -72.1
    endloop
  endfacet
  facet normal 0.146347 0.989233 0
    outer loop
      vertex 18.9104 -20.2039 -72.1
      vertex 19.0172 -20.2197 -76.1
      vertex 18.9104 -20.2039 -76.1
    endloop
  endfacet
  facet normal -0.595693 -0.803212 0
    outer loop
      vertex 19.7361 20.0396 -76.1
      vertex 19.8228 19.9753 -72.1
      vertex 19.7361 20.0396 -72.1
    endloop
  endfacet
  facet normal -0.595693 -0.803212 -0
    outer loop
      vertex 19.8228 19.9753 -72.1
      vertex 19.7361 20.0396 -76.1
      vertex 19.8228 19.9753 -76.1
    endloop
  endfacet
  facet normal 0.428206 -0.903681 0
    outer loop
      vertex 18.6065 20.0951 -76.1
      vertex 18.704 20.1413 -72.1
      vertex 18.6065 20.0951 -72.1
    endloop
  endfacet
  facet normal 0.428206 -0.903681 0
    outer loop
      vertex 18.704 20.1413 -72.1
      vertex 18.6065 20.0951 -76.1
      vertex 18.704 20.1413 -76.1
    endloop
  endfacet
  facet normal 0.941805 -0.33616 0
    outer loop
      vertex 18.0724 19.4443 -72.1
      vertex 18.1087 19.546 -76.1
      vertex 18.1087 19.546 -72.1
    endloop
  endfacet
  facet normal 0.941805 -0.33616 0
    outer loop
      vertex 18.1087 19.546 -76.1
      vertex 18.0724 19.4443 -72.1
      vertex 18.0724 19.4443 -76.1
    endloop
  endfacet
  facet normal -0.941805 0.33616 0
    outer loop
      vertex 20.1413 18.704 -76.1
      vertex 20.1776 18.8057 -72.1
      vertex 20.1776 18.8057 -76.1
    endloop
  endfacet
  facet normal -0.941805 0.33616 0
    outer loop
      vertex 20.1776 18.8057 -72.1
      vertex 20.1413 18.704 -76.1
      vertex 20.1413 18.704 -72.1
    endloop
  endfacet
  facet normal 0.33616 0.941805 -0
    outer loop
      vertex 18.8057 18.0724 -76.1
      vertex 18.704 18.1087 -72.1
      vertex 18.8057 18.0724 -72.1
    endloop
  endfacet
  facet normal 0.33616 0.941805 0
    outer loop
      vertex 18.704 18.1087 -72.1
      vertex 18.8057 18.0724 -76.1
      vertex 18.704 18.1087 -76.1
    endloop
  endfacet
  facet normal -0.903681 -0.428206 0
    outer loop
      vertex 20.1413 19.546 -76.1
      vertex 20.0951 19.6435 -72.1
      vertex 20.0951 19.6435 -76.1
    endloop
  endfacet
  facet normal -0.903681 -0.428206 0
    outer loop
      vertex 20.0951 19.6435 -72.1
      vertex 20.1413 19.546 -76.1
      vertex 20.1413 19.546 -72.1
    endloop
  endfacet
  facet normal -0.857738 -0.514087 0
    outer loop
      vertex 20.0951 19.6435 -76.1
      vertex 20.0396 19.7361 -72.1
      vertex 20.0396 19.7361 -76.1
    endloop
  endfacet
  facet normal -0.857738 -0.514087 0
    outer loop
      vertex 20.0396 19.7361 -72.1
      vertex 20.0951 19.6435 -76.1
      vertex 20.0951 19.6435 -72.1
    endloop
  endfacet
  facet normal -0.33616 -0.941805 0
    outer loop
      vertex 19.4443 20.1776 -76.1
      vertex 19.546 20.1413 -72.1
      vertex 19.4443 20.1776 -72.1
    endloop
  endfacet
  facet normal -0.33616 -0.941805 -0
    outer loop
      vertex 19.546 20.1413 -72.1
      vertex 19.4443 20.1776 -76.1
      vertex 19.546 20.1413 -76.1
    endloop
  endfacet
  facet normal -0.0491058 -0.998794 0
    outer loop
      vertex 19.125 20.225 -76.1
      vertex 19.2328 20.2197 -72.1
      vertex 19.125 20.225 -72.1
    endloop
  endfacet
  facet normal -0.0491058 -0.998794 -0
    outer loop
      vertex 19.2328 20.2197 -72.1
      vertex 19.125 20.225 -76.1
      vertex 19.2328 20.2197 -76.1
    endloop
  endfacet
  facet normal 0.998794 -0.0491058 0
    outer loop
      vertex 18.025 19.125 -72.1
      vertex 18.0303 19.2328 -76.1
      vertex 18.0303 19.2328 -72.1
    endloop
  endfacet
  facet normal 0.998794 -0.0491058 0
    outer loop
      vertex 18.0303 19.2328 -76.1
      vertex 18.025 19.125 -72.1
      vertex 18.025 19.125 -76.1
    endloop
  endfacet
  facet normal 0.803212 -0.595693 0
    outer loop
      vertex 18.2104 19.7361 -72.1
      vertex 18.2747 19.8228 -76.1
      vertex 18.2747 19.8228 -72.1
    endloop
  endfacet
  facet normal 0.803212 -0.595693 0
    outer loop
      vertex 18.2747 19.8228 -76.1
      vertex 18.2104 19.7361 -72.1
      vertex 18.2104 19.7361 -76.1
    endloop
  endfacet
  facet normal 0.243625 -0.969869 0
    outer loop
      vertex 18.8057 20.1776 -76.1
      vertex 18.9104 20.2039 -72.1
      vertex 18.8057 20.1776 -72.1
    endloop
  endfacet
  facet normal 0.243625 -0.969869 0
    outer loop
      vertex 18.9104 20.2039 -72.1
      vertex 18.8057 20.1776 -76.1
      vertex 18.9104 20.2039 -76.1
    endloop
  endfacet
  facet normal -0.998794 0.0491058 0
    outer loop
      vertex 20.2197 19.0172 -76.1
      vertex 20.225 19.125 -72.1
      vertex 20.225 19.125 -76.1
    endloop
  endfacet
  facet normal -0.998794 0.0491058 0
    outer loop
      vertex 20.225 19.125 -72.1
      vertex 20.2197 19.0172 -76.1
      vertex 20.2197 19.0172 -72.1
    endloop
  endfacet
  facet normal -0.803212 0.595693 0
    outer loop
      vertex 19.9753 18.4272 -76.1
      vertex 20.0396 18.5139 -72.1
      vertex 20.0396 18.5139 -76.1
    endloop
  endfacet
  facet normal -0.803212 0.595693 0
    outer loop
      vertex 20.0396 18.5139 -72.1
      vertex 19.9753 18.4272 -76.1
      vertex 19.9753 18.4272 -72.1
    endloop
  endfacet
  facet normal 0.0491058 0.998794 -0
    outer loop
      vertex 19.125 18.025 -76.1
      vertex 19.0172 18.0303 -72.1
      vertex 19.125 18.025 -72.1
    endloop
  endfacet
  facet normal 0.0491058 0.998794 0
    outer loop
      vertex 19.0172 18.0303 -72.1
      vertex 19.125 18.025 -76.1
      vertex 19.0172 18.0303 -76.1
    endloop
  endfacet
  facet normal 0.595693 0.803212 -0
    outer loop
      vertex 18.5139 18.2104 -76.1
      vertex 18.4272 18.2747 -72.1
      vertex 18.5139 18.2104 -72.1
    endloop
  endfacet
  facet normal 0.595693 0.803212 0
    outer loop
      vertex 18.4272 18.2747 -72.1
      vertex 18.5139 18.2104 -76.1
      vertex 18.4272 18.2747 -76.1
    endloop
  endfacet
  facet normal 0.903681 0.428206 0
    outer loop
      vertex 18.1549 18.6065 -72.1
      vertex 18.1087 18.704 -76.1
      vertex 18.1087 18.704 -72.1
    endloop
  endfacet
  facet normal 0.903681 0.428206 0
    outer loop
      vertex 18.1087 18.704 -76.1
      vertex 18.1549 18.6065 -72.1
      vertex 18.1549 18.6065 -76.1
    endloop
  endfacet
  facet normal 0.740987 0.671519 0
    outer loop
      vertex 18.3472 18.3472 -72.1
      vertex 18.2747 18.4272 -76.1
      vertex 18.2747 18.4272 -72.1
    endloop
  endfacet
  facet normal 0.740987 0.671519 0
    outer loop
      vertex 18.2747 18.4272 -76.1
      vertex 18.3472 18.3472 -72.1
      vertex 18.3472 18.3472 -76.1
    endloop
  endfacet
  facet normal -0.989233 -0.146347 0
    outer loop
      vertex 20.2197 19.2328 -76.1
      vertex 20.2039 19.3396 -72.1
      vertex 20.2039 19.3396 -76.1
    endloop
  endfacet
  facet normal -0.989233 -0.146347 0
    outer loop
      vertex 20.2039 19.3396 -72.1
      vertex 20.2197 19.2328 -76.1
      vertex 20.2197 19.2328 -72.1
    endloop
  endfacet
  facet normal -0.969869 -0.243625 0
    outer loop
      vertex 20.2039 19.3396 -76.1
      vertex 20.1776 19.4443 -72.1
      vertex 20.1776 19.4443 -76.1
    endloop
  endfacet
  facet normal -0.969869 -0.243625 0
    outer loop
      vertex 20.1776 19.4443 -72.1
      vertex 20.2039 19.3396 -76.1
      vertex 20.2039 19.3396 -72.1
    endloop
  endfacet
  facet normal -0.941805 -0.33616 0
    outer loop
      vertex 20.1776 19.4443 -76.1
      vertex 20.1413 19.546 -72.1
      vertex 20.1413 19.546 -76.1
    endloop
  endfacet
  facet normal -0.941805 -0.33616 0
    outer loop
      vertex 20.1413 19.546 -72.1
      vertex 20.1776 19.4443 -76.1
      vertex 20.1776 19.4443 -72.1
    endloop
  endfacet
  facet normal -0.740987 -0.671519 0
    outer loop
      vertex 19.9753 19.8228 -76.1
      vertex 19.9028 19.9028 -72.1
      vertex 19.9028 19.9028 -76.1
    endloop
  endfacet
  facet normal -0.740987 -0.671519 0
    outer loop
      vertex 19.9028 19.9028 -72.1
      vertex 19.9753 19.8228 -76.1
      vertex 19.9753 19.8228 -72.1
    endloop
  endfacet
  facet normal -0.803212 -0.595693 0
    outer loop
      vertex 20.0396 19.7361 -76.1
      vertex 19.9753 19.8228 -72.1
      vertex 19.9753 19.8228 -76.1
    endloop
  endfacet
  facet normal -0.803212 -0.595693 0
    outer loop
      vertex 19.9753 19.8228 -72.1
      vertex 20.0396 19.7361 -76.1
      vertex 20.0396 19.7361 -72.1
    endloop
  endfacet
  facet normal -0.671519 -0.740987 0
    outer loop
      vertex 19.8228 19.9753 -76.1
      vertex 19.9028 19.9028 -72.1
      vertex 19.8228 19.9753 -72.1
    endloop
  endfacet
  facet normal -0.671519 -0.740987 -0
    outer loop
      vertex 19.9028 19.9028 -72.1
      vertex 19.8228 19.9753 -76.1
      vertex 19.9028 19.9028 -76.1
    endloop
  endfacet
  facet normal -0.514087 -0.857738 0
    outer loop
      vertex 19.6435 20.0951 -76.1
      vertex 19.7361 20.0396 -72.1
      vertex 19.6435 20.0951 -72.1
    endloop
  endfacet
  facet normal -0.514087 -0.857738 -0
    outer loop
      vertex 19.7361 20.0396 -72.1
      vertex 19.6435 20.0951 -76.1
      vertex 19.7361 20.0396 -76.1
    endloop
  endfacet
  facet normal 0.0491058 -0.998794 0
    outer loop
      vertex 19.0172 20.2197 -76.1
      vertex 19.125 20.225 -72.1
      vertex 19.0172 20.2197 -72.1
    endloop
  endfacet
  facet normal 0.0491058 -0.998794 0
    outer loop
      vertex 19.125 20.225 -72.1
      vertex 19.0172 20.2197 -76.1
      vertex 19.125 20.225 -76.1
    endloop
  endfacet
  facet normal -0.428206 -0.903681 0
    outer loop
      vertex 19.546 20.1413 -76.1
      vertex 19.6435 20.0951 -72.1
      vertex 19.546 20.1413 -72.1
    endloop
  endfacet
  facet normal -0.428206 -0.903681 -0
    outer loop
      vertex 19.6435 20.0951 -72.1
      vertex 19.546 20.1413 -76.1
      vertex 19.6435 20.0951 -76.1
    endloop
  endfacet
  facet normal -0.243625 -0.969869 0
    outer loop
      vertex 19.3396 20.2039 -76.1
      vertex 19.4443 20.1776 -72.1
      vertex 19.3396 20.2039 -72.1
    endloop
  endfacet
  facet normal -0.243625 -0.969869 -0
    outer loop
      vertex 19.4443 20.1776 -72.1
      vertex 19.3396 20.2039 -76.1
      vertex 19.4443 20.1776 -76.1
    endloop
  endfacet
  facet normal -0.146347 -0.989233 0
    outer loop
      vertex 19.2328 20.2197 -76.1
      vertex 19.3396 20.2039 -72.1
      vertex 19.2328 20.2197 -72.1
    endloop
  endfacet
  facet normal -0.146347 -0.989233 -0
    outer loop
      vertex 19.3396 20.2039 -72.1
      vertex 19.2328 20.2197 -76.1
      vertex 19.3396 20.2039 -76.1
    endloop
  endfacet
  facet normal 0.969869 -0.243625 0
    outer loop
      vertex 18.0461 19.3396 -72.1
      vertex 18.0724 19.4443 -76.1
      vertex 18.0724 19.4443 -72.1
    endloop
  endfacet
  facet normal 0.969869 -0.243625 0
    outer loop
      vertex 18.0724 19.4443 -76.1
      vertex 18.0461 19.3396 -72.1
      vertex 18.0461 19.3396 -76.1
    endloop
  endfacet
  facet normal 0.989233 -0.146347 0
    outer loop
      vertex 18.0303 19.2328 -72.1
      vertex 18.0461 19.3396 -76.1
      vertex 18.0461 19.3396 -72.1
    endloop
  endfacet
  facet normal 0.989233 -0.146347 0
    outer loop
      vertex 18.0461 19.3396 -76.1
      vertex 18.0303 19.2328 -72.1
      vertex 18.0303 19.2328 -76.1
    endloop
  endfacet
  facet normal 0.903681 -0.428206 0
    outer loop
      vertex 18.1087 19.546 -72.1
      vertex 18.1549 19.6435 -76.1
      vertex 18.1549 19.6435 -72.1
    endloop
  endfacet
  facet normal 0.903681 -0.428206 0
    outer loop
      vertex 18.1549 19.6435 -76.1
      vertex 18.1087 19.546 -72.1
      vertex 18.1087 19.546 -76.1
    endloop
  endfacet
  facet normal 0.857738 -0.514087 0
    outer loop
      vertex 18.1549 19.6435 -72.1
      vertex 18.2104 19.7361 -76.1
      vertex 18.2104 19.7361 -72.1
    endloop
  endfacet
  facet normal 0.857738 -0.514087 0
    outer loop
      vertex 18.2104 19.7361 -76.1
      vertex 18.1549 19.6435 -72.1
      vertex 18.1549 19.6435 -76.1
    endloop
  endfacet
  facet normal 0.33616 -0.941805 0
    outer loop
      vertex 18.704 20.1413 -76.1
      vertex 18.8057 20.1776 -72.1
      vertex 18.704 20.1413 -72.1
    endloop
  endfacet
  facet normal 0.33616 -0.941805 0
    outer loop
      vertex 18.8057 20.1776 -72.1
      vertex 18.704 20.1413 -76.1
      vertex 18.8057 20.1776 -76.1
    endloop
  endfacet
  facet normal 0.146347 -0.989233 0
    outer loop
      vertex 18.9104 20.2039 -76.1
      vertex 19.0172 20.2197 -72.1
      vertex 18.9104 20.2039 -72.1
    endloop
  endfacet
  facet normal 0.146347 -0.989233 0
    outer loop
      vertex 19.0172 20.2197 -72.1
      vertex 18.9104 20.2039 -76.1
      vertex 19.0172 20.2197 -76.1
    endloop
  endfacet
  facet normal 0.595693 -0.803212 0
    outer loop
      vertex 18.4272 19.9753 -76.1
      vertex 18.5139 20.0396 -72.1
      vertex 18.4272 19.9753 -72.1
    endloop
  endfacet
  facet normal 0.595693 -0.803212 0
    outer loop
      vertex 18.5139 20.0396 -72.1
      vertex 18.4272 19.9753 -76.1
      vertex 18.5139 20.0396 -76.1
    endloop
  endfacet
  facet normal 0.671519 -0.740987 0
    outer loop
      vertex 18.3472 19.9028 -76.1
      vertex 18.4272 19.9753 -72.1
      vertex 18.3472 19.9028 -72.1
    endloop
  endfacet
  facet normal 0.671519 -0.740987 0
    outer loop
      vertex 18.4272 19.9753 -72.1
      vertex 18.3472 19.9028 -76.1
      vertex 18.4272 19.9753 -76.1
    endloop
  endfacet
  facet normal 0.514087 -0.857738 0
    outer loop
      vertex 18.5139 20.0396 -76.1
      vertex 18.6065 20.0951 -72.1
      vertex 18.5139 20.0396 -72.1
    endloop
  endfacet
  facet normal 0.514087 -0.857738 0
    outer loop
      vertex 18.6065 20.0951 -72.1
      vertex 18.5139 20.0396 -76.1
      vertex 18.6065 20.0951 -76.1
    endloop
  endfacet
  facet normal 0.740987 -0.671519 0
    outer loop
      vertex 18.2747 19.8228 -72.1
      vertex 18.3472 19.9028 -76.1
      vertex 18.3472 19.9028 -72.1
    endloop
  endfacet
  facet normal 0.740987 -0.671519 0
    outer loop
      vertex 18.3472 19.9028 -76.1
      vertex 18.2747 19.8228 -72.1
      vertex 18.2747 19.8228 -76.1
    endloop
  endfacet
  facet normal -0.998794 -0.0491058 0
    outer loop
      vertex 20.225 19.125 -76.1
      vertex 20.2197 19.2328 -72.1
      vertex 20.2197 19.2328 -76.1
    endloop
  endfacet
  facet normal -0.998794 -0.0491058 0
    outer loop
      vertex 20.2197 19.2328 -72.1
      vertex 20.225 19.125 -76.1
      vertex 20.225 19.125 -72.1
    endloop
  endfacet
  facet normal -0.146347 0.989233 0
    outer loop
      vertex 19.3396 18.0461 -76.1
      vertex 19.2328 18.0303 -72.1
      vertex 19.3396 18.0461 -72.1
    endloop
  endfacet
  facet normal -0.146347 0.989233 0
    outer loop
      vertex 19.2328 18.0303 -72.1
      vertex 19.3396 18.0461 -76.1
      vertex 19.2328 18.0303 -76.1
    endloop
  endfacet
  facet normal -0.969869 0.243625 0
    outer loop
      vertex 20.1776 18.8057 -76.1
      vertex 20.2039 18.9104 -72.1
      vertex 20.2039 18.9104 -76.1
    endloop
  endfacet
  facet normal -0.969869 0.243625 0
    outer loop
      vertex 20.2039 18.9104 -72.1
      vertex 20.1776 18.8057 -76.1
      vertex 20.1776 18.8057 -72.1
    endloop
  endfacet
  facet normal -0.33616 0.941805 0
    outer loop
      vertex 19.546 18.1087 -76.1
      vertex 19.4443 18.0724 -72.1
      vertex 19.546 18.1087 -72.1
    endloop
  endfacet
  facet normal -0.33616 0.941805 0
    outer loop
      vertex 19.4443 18.0724 -72.1
      vertex 19.546 18.1087 -76.1
      vertex 19.4443 18.0724 -76.1
    endloop
  endfacet
  facet normal -0.671519 0.740987 0
    outer loop
      vertex 19.9028 18.3472 -76.1
      vertex 19.8228 18.2747 -72.1
      vertex 19.9028 18.3472 -72.1
    endloop
  endfacet
  facet normal -0.671519 0.740987 0
    outer loop
      vertex 19.8228 18.2747 -72.1
      vertex 19.9028 18.3472 -76.1
      vertex 19.8228 18.2747 -76.1
    endloop
  endfacet
  facet normal -0.514087 0.857738 0
    outer loop
      vertex 19.7361 18.2104 -76.1
      vertex 19.6435 18.1549 -72.1
      vertex 19.7361 18.2104 -72.1
    endloop
  endfacet
  facet normal -0.514087 0.857738 0
    outer loop
      vertex 19.6435 18.1549 -72.1
      vertex 19.7361 18.2104 -76.1
      vertex 19.6435 18.1549 -76.1
    endloop
  endfacet
  facet normal -0.903681 0.428206 0
    outer loop
      vertex 20.0951 18.6065 -76.1
      vertex 20.1413 18.704 -72.1
      vertex 20.1413 18.704 -76.1
    endloop
  endfacet
  facet normal -0.903681 0.428206 0
    outer loop
      vertex 20.1413 18.704 -72.1
      vertex 20.0951 18.6065 -76.1
      vertex 20.0951 18.6065 -72.1
    endloop
  endfacet
  facet normal -0.0491058 0.998794 0
    outer loop
      vertex 19.2328 18.0303 -76.1
      vertex 19.125 18.025 -72.1
      vertex 19.2328 18.0303 -72.1
    endloop
  endfacet
  facet normal -0.0491058 0.998794 0
    outer loop
      vertex 19.125 18.025 -72.1
      vertex 19.2328 18.0303 -76.1
      vertex 19.125 18.025 -76.1
    endloop
  endfacet
  facet normal 0.243625 0.969869 -0
    outer loop
      vertex 18.9104 18.0461 -76.1
      vertex 18.8057 18.0724 -72.1
      vertex 18.9104 18.0461 -72.1
    endloop
  endfacet
  facet normal 0.243625 0.969869 0
    outer loop
      vertex 18.8057 18.0724 -72.1
      vertex 18.9104 18.0461 -76.1
      vertex 18.8057 18.0724 -76.1
    endloop
  endfacet
  facet normal 0.428206 0.903681 -0
    outer loop
      vertex 18.704 18.1087 -76.1
      vertex 18.6065 18.1549 -72.1
      vertex 18.704 18.1087 -72.1
    endloop
  endfacet
  facet normal 0.428206 0.903681 0
    outer loop
      vertex 18.6065 18.1549 -72.1
      vertex 18.704 18.1087 -76.1
      vertex 18.6065 18.1549 -76.1
    endloop
  endfacet
  facet normal 0.989233 0.146347 0
    outer loop
      vertex 18.0461 18.9104 -72.1
      vertex 18.0303 19.0172 -76.1
      vertex 18.0303 19.0172 -72.1
    endloop
  endfacet
  facet normal 0.989233 0.146347 0
    outer loop
      vertex 18.0303 19.0172 -76.1
      vertex 18.0461 18.9104 -72.1
      vertex 18.0461 18.9104 -76.1
    endloop
  endfacet
  facet normal 0.941805 0.33616 0
    outer loop
      vertex 18.1087 18.704 -72.1
      vertex 18.0724 18.8057 -76.1
      vertex 18.0724 18.8057 -72.1
    endloop
  endfacet
  facet normal 0.941805 0.33616 0
    outer loop
      vertex 18.0724 18.8057 -76.1
      vertex 18.1087 18.704 -72.1
      vertex 18.1087 18.704 -76.1
    endloop
  endfacet
  facet normal 0.857738 0.514087 0
    outer loop
      vertex 18.2104 18.5139 -72.1
      vertex 18.1549 18.6065 -76.1
      vertex 18.1549 18.6065 -72.1
    endloop
  endfacet
  facet normal 0.857738 0.514087 0
    outer loop
      vertex 18.1549 18.6065 -76.1
      vertex 18.2104 18.5139 -72.1
      vertex 18.2104 18.5139 -76.1
    endloop
  endfacet
  facet normal 0.998794 0.0491058 0
    outer loop
      vertex 18.0303 19.0172 -72.1
      vertex 18.025 19.125 -76.1
      vertex 18.025 19.125 -72.1
    endloop
  endfacet
  facet normal 0.998794 0.0491058 0
    outer loop
      vertex 18.025 19.125 -76.1
      vertex 18.0303 19.0172 -72.1
      vertex 18.0303 19.0172 -76.1
    endloop
  endfacet
  facet normal -0.989233 0.146347 0
    outer loop
      vertex 20.2039 18.9104 -76.1
      vertex 20.2197 19.0172 -72.1
      vertex 20.2197 19.0172 -76.1
    endloop
  endfacet
  facet normal -0.989233 0.146347 0
    outer loop
      vertex 20.2197 19.0172 -72.1
      vertex 20.2039 18.9104 -76.1
      vertex 20.2039 18.9104 -72.1
    endloop
  endfacet
  facet normal -0.243625 0.969869 0
    outer loop
      vertex 19.4443 18.0724 -76.1
      vertex 19.3396 18.0461 -72.1
      vertex 19.4443 18.0724 -72.1
    endloop
  endfacet
  facet normal -0.243625 0.969869 0
    outer loop
      vertex 19.3396 18.0461 -72.1
      vertex 19.4443 18.0724 -76.1
      vertex 19.3396 18.0461 -76.1
    endloop
  endfacet
  facet normal -0.428206 0.903681 0
    outer loop
      vertex 19.6435 18.1549 -76.1
      vertex 19.546 18.1087 -72.1
      vertex 19.6435 18.1549 -72.1
    endloop
  endfacet
  facet normal -0.428206 0.903681 0
    outer loop
      vertex 19.546 18.1087 -72.1
      vertex 19.6435 18.1549 -76.1
      vertex 19.546 18.1087 -76.1
    endloop
  endfacet
  facet normal -0.740987 0.671519 0
    outer loop
      vertex 19.9028 18.3472 -76.1
      vertex 19.9753 18.4272 -72.1
      vertex 19.9753 18.4272 -76.1
    endloop
  endfacet
  facet normal -0.740987 0.671519 0
    outer loop
      vertex 19.9753 18.4272 -72.1
      vertex 19.9028 18.3472 -76.1
      vertex 19.9028 18.3472 -72.1
    endloop
  endfacet
  facet normal -0.595693 0.803212 0
    outer loop
      vertex 19.8228 18.2747 -76.1
      vertex 19.7361 18.2104 -72.1
      vertex 19.8228 18.2747 -72.1
    endloop
  endfacet
  facet normal -0.595693 0.803212 0
    outer loop
      vertex 19.7361 18.2104 -72.1
      vertex 19.8228 18.2747 -76.1
      vertex 19.7361 18.2104 -76.1
    endloop
  endfacet
  facet normal -0.857738 0.514087 0
    outer loop
      vertex 20.0396 18.5139 -76.1
      vertex 20.0951 18.6065 -72.1
      vertex 20.0951 18.6065 -76.1
    endloop
  endfacet
  facet normal -0.857738 0.514087 0
    outer loop
      vertex 20.0951 18.6065 -72.1
      vertex 20.0396 18.5139 -76.1
      vertex 20.0396 18.5139 -72.1
    endloop
  endfacet
  facet normal 0.146347 0.989233 -0
    outer loop
      vertex 19.0172 18.0303 -76.1
      vertex 18.9104 18.0461 -72.1
      vertex 19.0172 18.0303 -72.1
    endloop
  endfacet
  facet normal 0.146347 0.989233 0
    outer loop
      vertex 18.9104 18.0461 -72.1
      vertex 19.0172 18.0303 -76.1
      vertex 18.9104 18.0461 -76.1
    endloop
  endfacet
  facet normal 0.514087 0.857738 -0
    outer loop
      vertex 18.6065 18.1549 -76.1
      vertex 18.5139 18.2104 -72.1
      vertex 18.6065 18.1549 -72.1
    endloop
  endfacet
  facet normal 0.514087 0.857738 0
    outer loop
      vertex 18.5139 18.2104 -72.1
      vertex 18.6065 18.1549 -76.1
      vertex 18.5139 18.2104 -76.1
    endloop
  endfacet
  facet normal 0.969869 0.243625 0
    outer loop
      vertex 18.0724 18.8057 -72.1
      vertex 18.0461 18.9104 -76.1
      vertex 18.0461 18.9104 -72.1
    endloop
  endfacet
  facet normal 0.969869 0.243625 0
    outer loop
      vertex 18.0461 18.9104 -76.1
      vertex 18.0724 18.8057 -72.1
      vertex 18.0724 18.8057 -76.1
    endloop
  endfacet
  facet normal 0.803212 0.595693 0
    outer loop
      vertex 18.2747 18.4272 -72.1
      vertex 18.2104 18.5139 -76.1
      vertex 18.2104 18.5139 -72.1
    endloop
  endfacet
  facet normal 0.803212 0.595693 0
    outer loop
      vertex 18.2104 18.5139 -76.1
      vertex 18.2747 18.4272 -72.1
      vertex 18.2747 18.4272 -76.1
    endloop
  endfacet
  facet normal 0.671519 0.740987 -0
    outer loop
      vertex 18.4272 18.2747 -76.1
      vertex 18.3472 18.3472 -72.1
      vertex 18.4272 18.2747 -72.1
    endloop
  endfacet
  facet normal 0.671519 0.740987 0
    outer loop
      vertex 18.3472 18.3472 -72.1
      vertex 18.4272 18.2747 -76.1
      vertex 18.3472 18.3472 -76.1
    endloop
  endfacet
  facet normal 0 -0.514049 0.857761
    outer loop
      vertex -20.9 0.750019 -75.2225
      vertex -18.25 0.636385 -75.2906
      vertex -18.25 0.750019 -75.2225
    endloop
  endfacet
  facet normal 0 -0.514049 0.857761
    outer loop
      vertex -18.25 0.636385 -75.2906
      vertex -20.9 0.750019 -75.2225
      vertex -20.9 0.636385 -75.2906
    endloop
  endfacet
  facet normal 0 -0.941516 -0.336968
    outer loop
      vertex -20.9 1.29187 -73.7081
      vertex -18.25 1.24724 -73.5834
      vertex -20.9 1.24724 -73.5834
    endloop
  endfacet
  facet normal 0 -0.941516 -0.336968
    outer loop
      vertex -18.25 1.24724 -73.5834
      vertex -20.9 1.29187 -73.7081
      vertex -18.25 1.29187 -73.7081
    endloop
  endfacet
  facet normal 0 -0.427289 -0.904115
    outer loop
      vertex -20.9 0.516623 -72.8528
      vertex -18.25 0.636385 -72.9094
      vertex -18.25 0.516623 -72.8528
    endloop
  endfacet
  facet normal -0 -0.427289 -0.904115
    outer loop
      vertex -18.25 0.636385 -72.9094
      vertex -20.9 0.516623 -72.8528
      vertex -20.9 0.636385 -72.9094
    endloop
  endfacet
  facet normal -0 0.0490634 0.998796
    outer loop
      vertex -20.9 0 -75.45
      vertex -18.25 -0.132322 -75.4435
      vertex -18.25 0 -75.45
    endloop
  endfacet
  facet normal 0 0.0490634 0.998796
    outer loop
      vertex -18.25 -0.132322 -75.4435
      vertex -20.9 0 -75.45
      vertex -20.9 -0.132322 -75.4435
    endloop
  endfacet
  facet normal 0 0.904022 0.427486
    outer loop
      vertex -18.25 -1.19059 -74.7364
      vertex -20.9 -1.24724 -74.6166
      vertex -18.25 -1.24724 -74.6166
    endloop
  endfacet
  facet normal 0 0.904022 0.427486
    outer loop
      vertex -20.9 -1.24724 -74.6166
      vertex -18.25 -1.19059 -74.7364
      vertex -20.9 -1.19059 -74.7364
    endloop
  endfacet
  facet normal 0 -0.941516 0.336968
    outer loop
      vertex -20.9 1.24724 -74.6166
      vertex -18.25 1.29187 -74.4919
      vertex -20.9 1.29187 -74.4919
    endloop
  endfacet
  facet normal 0 -0.941516 0.336968
    outer loop
      vertex -18.25 1.29187 -74.4919
      vertex -20.9 1.24724 -74.6166
      vertex -18.25 1.24724 -74.6166
    endloop
  endfacet
  facet normal 0 -0.803177 -0.59574
    outer loop
      vertex -20.9 1.12248 -73.35
      vertex -18.25 1.04356 -73.2436
      vertex -20.9 1.04356 -73.2436
    endloop
  endfacet
  facet normal 0 -0.803177 -0.59574
    outer loop
      vertex -18.25 1.04356 -73.2436
      vertex -20.9 1.12248 -73.35
      vertex -18.25 1.12248 -73.35
    endloop
  endfacet
  facet normal -0 0.337343 0.941382
    outer loop
      vertex -20.9 -0.391884 -75.3919
      vertex -18.25 -0.516623 -75.3472
      vertex -18.25 -0.391884 -75.3919
    endloop
  endfacet
  facet normal 0 0.337343 0.941382
    outer loop
      vertex -18.25 -0.516623 -75.3472
      vertex -20.9 -0.391884 -75.3919
      vertex -20.9 -0.516623 -75.3472
    endloop
  endfacet
  facet normal 0 0.941516 0.336968
    outer loop
      vertex -18.25 -1.24724 -74.6166
      vertex -20.9 -1.29187 -74.4919
      vertex -18.25 -1.29187 -74.4919
    endloop
  endfacet
  facet normal 0 0.941516 0.336968
    outer loop
      vertex -20.9 -1.29187 -74.4919
      vertex -18.25 -1.24724 -74.6166
      vertex -20.9 -1.24724 -74.6166
    endloop
  endfacet
  facet normal 0 -0.14644 0.98922
    outer loop
      vertex -20.9 0.263371 -75.4241
      vertex -18.25 0.132322 -75.4435
      vertex -18.25 0.263371 -75.4241
    endloop
  endfacet
  facet normal 0 -0.14644 0.98922
    outer loop
      vertex -18.25 0.132322 -75.4435
      vertex -20.9 0.263371 -75.4241
      vertex -20.9 0.132322 -75.4435
    endloop
  endfacet
  facet normal 0 -0.337343 0.941382
    outer loop
      vertex -20.9 0.516623 -75.3472
      vertex -18.25 0.391884 -75.3919
      vertex -18.25 0.516623 -75.3472
    endloop
  endfacet
  facet normal 0 -0.337343 0.941382
    outer loop
      vertex -18.25 0.391884 -75.3919
      vertex -20.9 0.516623 -75.3472
      vertex -20.9 0.391884 -75.3919
    endloop
  endfacet
  facet normal 0 -0.67168 0.740841
    outer loop
      vertex -20.9 0.954594 -75.0546
      vertex -18.25 0.85643 -75.1436
      vertex -18.25 0.954594 -75.0546
    endloop
  endfacet
  facet normal 0 -0.67168 0.740841
    outer loop
      vertex -18.25 0.85643 -75.1436
      vertex -20.9 0.954594 -75.0546
      vertex -20.9 0.85643 -75.1436
    endloop
  endfacet
  facet normal 0 -0.741091 0.671404
    outer loop
      vertex -20.9 0.954594 -75.0546
      vertex -18.25 1.04356 -74.9564
      vertex -20.9 1.04356 -74.9564
    endloop
  endfacet
  facet normal 0 -0.741091 0.671404
    outer loop
      vertex -18.25 1.04356 -74.9564
      vertex -20.9 0.954594 -75.0546
      vertex -18.25 0.954594 -75.0546
    endloop
  endfacet
  facet normal 0 -0.998795 -0.0490716
    outer loop
      vertex -20.9 1.35 -74.1
      vertex -18.25 1.3435 -73.9677
      vertex -20.9 1.3435 -73.9677
    endloop
  endfacet
  facet normal 0 -0.998795 -0.0490716
    outer loop
      vertex -18.25 1.3435 -73.9677
      vertex -20.9 1.35 -74.1
      vertex -18.25 1.35 -74.1
    endloop
  endfacet
  facet normal 0 -0.989184 0.14668
    outer loop
      vertex -20.9 1.32406 -74.3634
      vertex -18.25 1.3435 -74.2323
      vertex -20.9 1.3435 -74.2323
    endloop
  endfacet
  facet normal 0 -0.989184 0.14668
    outer loop
      vertex -18.25 1.3435 -74.2323
      vertex -20.9 1.32406 -74.3634
      vertex -18.25 1.32406 -74.3634
    endloop
  endfacet
  facet normal 0 -0.970027 0.242997
    outer loop
      vertex -20.9 1.29187 -74.4919
      vertex -18.25 1.32406 -74.3634
      vertex -20.9 1.32406 -74.3634
    endloop
  endfacet
  facet normal 0 -0.970027 0.242997
    outer loop
      vertex -18.25 1.32406 -74.3634
      vertex -20.9 1.29187 -74.4919
      vertex -18.25 1.29187 -74.4919
    endloop
  endfacet
  facet normal 0 -0.998795 0.0490716
    outer loop
      vertex -20.9 1.3435 -74.2323
      vertex -18.25 1.35 -74.1
      vertex -20.9 1.35 -74.1
    endloop
  endfacet
  facet normal 0 -0.998795 0.0490716
    outer loop
      vertex -18.25 1.35 -74.1
      vertex -20.9 1.3435 -74.2323
      vertex -18.25 1.3435 -74.2323
    endloop
  endfacet
  facet normal 0 -0.803177 0.59574
    outer loop
      vertex -20.9 1.04356 -74.9564
      vertex -18.25 1.12248 -74.85
      vertex -20.9 1.12248 -74.85
    endloop
  endfacet
  facet normal 0 -0.803177 0.59574
    outer loop
      vertex -18.25 1.12248 -74.85
      vertex -20.9 1.04356 -74.9564
      vertex -18.25 1.04356 -74.9564
    endloop
  endfacet
  facet normal 0 -0.904022 0.427486
    outer loop
      vertex -20.9 1.19059 -74.7364
      vertex -18.25 1.24724 -74.6166
      vertex -20.9 1.24724 -74.6166
    endloop
  endfacet
  facet normal 0 -0.904022 0.427486
    outer loop
      vertex -18.25 1.24724 -74.6166
      vertex -20.9 1.19059 -74.7364
      vertex -18.25 1.19059 -74.7364
    endloop
  endfacet
  facet normal 0 -0.0490634 -0.998796
    outer loop
      vertex -20.9 0 -72.75
      vertex -18.25 0.132322 -72.7565
      vertex -18.25 0 -72.75
    endloop
  endfacet
  facet normal -0 -0.0490634 -0.998796
    outer loop
      vertex -18.25 0.132322 -72.7565
      vertex -20.9 0 -72.75
      vertex -20.9 0.132322 -72.7565
    endloop
  endfacet
  facet normal 0 -0.337343 -0.941382
    outer loop
      vertex -20.9 0.391884 -72.8081
      vertex -18.25 0.516623 -72.8528
      vertex -18.25 0.391884 -72.8081
    endloop
  endfacet
  facet normal -0 -0.337343 -0.941382
    outer loop
      vertex -18.25 0.516623 -72.8528
      vertex -20.9 0.391884 -72.8081
      vertex -20.9 0.516623 -72.8528
    endloop
  endfacet
  facet normal 0 -0.243045 -0.970015
    outer loop
      vertex -20.9 0.263371 -72.7759
      vertex -18.25 0.391884 -72.8081
      vertex -18.25 0.263371 -72.7759
    endloop
  endfacet
  facet normal -0 -0.243045 -0.970015
    outer loop
      vertex -18.25 0.391884 -72.8081
      vertex -20.9 0.263371 -72.7759
      vertex -20.9 0.391884 -72.8081
    endloop
  endfacet
  facet normal 0 -0.14644 -0.98922
    outer loop
      vertex -20.9 0.132322 -72.7565
      vertex -18.25 0.263371 -72.7759
      vertex -18.25 0.132322 -72.7565
    endloop
  endfacet
  facet normal -0 -0.14644 -0.98922
    outer loop
      vertex -18.25 0.263371 -72.7759
      vertex -20.9 0.132322 -72.7565
      vertex -20.9 0.263371 -72.7759
    endloop
  endfacet
  facet normal 0 -0.67168 -0.740841
    outer loop
      vertex -20.9 0.85643 -73.0564
      vertex -18.25 0.954594 -73.1454
      vertex -18.25 0.85643 -73.0564
    endloop
  endfacet
  facet normal -0 -0.67168 -0.740841
    outer loop
      vertex -18.25 0.954594 -73.1454
      vertex -20.9 0.85643 -73.0564
      vertex -20.9 0.954594 -73.1454
    endloop
  endfacet
  facet normal 0 -0.595603 -0.803279
    outer loop
      vertex -20.9 0.750019 -72.9775
      vertex -18.25 0.85643 -73.0564
      vertex -18.25 0.750019 -72.9775
    endloop
  endfacet
  facet normal -0 -0.595603 -0.803279
    outer loop
      vertex -18.25 0.85643 -73.0564
      vertex -20.9 0.750019 -72.9775
      vertex -20.9 0.85643 -73.0564
    endloop
  endfacet
  facet normal 0 -0.989184 -0.14668
    outer loop
      vertex -20.9 1.3435 -73.9677
      vertex -18.25 1.32406 -73.8366
      vertex -20.9 1.32406 -73.8366
    endloop
  endfacet
  facet normal 0 -0.989184 -0.14668
    outer loop
      vertex -18.25 1.32406 -73.8366
      vertex -20.9 1.3435 -73.9677
      vertex -18.25 1.3435 -73.9677
    endloop
  endfacet
  facet normal 0 -0.970027 -0.242997
    outer loop
      vertex -20.9 1.32406 -73.8366
      vertex -18.25 1.29187 -73.7081
      vertex -20.9 1.29187 -73.7081
    endloop
  endfacet
  facet normal 0 -0.970027 -0.242997
    outer loop
      vertex -18.25 1.29187 -73.7081
      vertex -20.9 1.32406 -73.8366
      vertex -18.25 1.32406 -73.8366
    endloop
  endfacet
  facet normal 0 -0.904022 -0.427486
    outer loop
      vertex -20.9 1.24724 -73.5834
      vertex -18.25 1.19059 -73.4636
      vertex -20.9 1.19059 -73.4636
    endloop
  endfacet
  facet normal 0 -0.904022 -0.427486
    outer loop
      vertex -18.25 1.19059 -73.4636
      vertex -20.9 1.24724 -73.5834
      vertex -18.25 1.24724 -73.5834
    endloop
  endfacet
  facet normal 0 -0.857659 -0.514218
    outer loop
      vertex -20.9 1.19059 -73.4636
      vertex -18.25 1.12248 -73.35
      vertex -20.9 1.12248 -73.35
    endloop
  endfacet
  facet normal 0 -0.857659 -0.514218
    outer loop
      vertex -18.25 1.12248 -73.35
      vertex -20.9 1.19059 -73.4636
      vertex -18.25 1.19059 -73.4636
    endloop
  endfacet
  facet normal 0 -0.741091 -0.671404
    outer loop
      vertex -20.9 1.04356 -73.2436
      vertex -18.25 0.954594 -73.1454
      vertex -20.9 0.954594 -73.1454
    endloop
  endfacet
  facet normal 0 -0.741091 -0.671404
    outer loop
      vertex -18.25 0.954594 -73.1454
      vertex -20.9 1.04356 -73.2436
      vertex -18.25 1.04356 -73.2436
    endloop
  endfacet
  facet normal 0 -0.0490634 0.998796
    outer loop
      vertex -20.9 0.132322 -75.4435
      vertex -18.25 0 -75.45
      vertex -18.25 0.132322 -75.4435
    endloop
  endfacet
  facet normal 0 -0.0490634 0.998796
    outer loop
      vertex -18.25 0 -75.45
      vertex -20.9 0.132322 -75.4435
      vertex -20.9 0 -75.45
    endloop
  endfacet
  facet normal 0 0.989184 0.14668
    outer loop
      vertex -18.25 -1.32406 -74.3634
      vertex -20.9 -1.3435 -74.2323
      vertex -18.25 -1.3435 -74.2323
    endloop
  endfacet
  facet normal 0 0.989184 0.14668
    outer loop
      vertex -20.9 -1.3435 -74.2323
      vertex -18.25 -1.32406 -74.3634
      vertex -20.9 -1.32406 -74.3634
    endloop
  endfacet
  facet normal 0 -0.427289 0.904115
    outer loop
      vertex -20.9 0.636385 -75.2906
      vertex -18.25 0.516623 -75.3472
      vertex -18.25 0.636385 -75.2906
    endloop
  endfacet
  facet normal 0 -0.427289 0.904115
    outer loop
      vertex -18.25 0.516623 -75.3472
      vertex -20.9 0.636385 -75.2906
      vertex -20.9 0.516623 -75.3472
    endloop
  endfacet
  facet normal 0 -0.243045 0.970015
    outer loop
      vertex -20.9 0.391884 -75.3919
      vertex -18.25 0.263371 -75.4241
      vertex -18.25 0.391884 -75.3919
    endloop
  endfacet
  facet normal 0 -0.243045 0.970015
    outer loop
      vertex -18.25 0.263371 -75.4241
      vertex -20.9 0.391884 -75.3919
      vertex -20.9 0.263371 -75.4241
    endloop
  endfacet
  facet normal 0 -0.595603 0.803279
    outer loop
      vertex -20.9 0.85643 -75.1436
      vertex -18.25 0.750019 -75.2225
      vertex -18.25 0.85643 -75.1436
    endloop
  endfacet
  facet normal 0 -0.595603 0.803279
    outer loop
      vertex -18.25 0.750019 -75.2225
      vertex -20.9 0.85643 -75.1436
      vertex -20.9 0.750019 -75.2225
    endloop
  endfacet
  facet normal 0 -0.857659 0.514218
    outer loop
      vertex -20.9 1.12248 -74.85
      vertex -18.25 1.19059 -74.7364
      vertex -20.9 1.19059 -74.7364
    endloop
  endfacet
  facet normal 0 -0.857659 0.514218
    outer loop
      vertex -18.25 1.19059 -74.7364
      vertex -20.9 1.12248 -74.85
      vertex -18.25 1.12248 -74.85
    endloop
  endfacet
  facet normal 0 -0.514049 -0.857761
    outer loop
      vertex -20.9 0.636385 -72.9094
      vertex -18.25 0.750019 -72.9775
      vertex -18.25 0.636385 -72.9094
    endloop
  endfacet
  facet normal -0 -0.514049 -0.857761
    outer loop
      vertex -18.25 0.750019 -72.9775
      vertex -20.9 0.636385 -72.9094
      vertex -20.9 0.750019 -72.9775
    endloop
  endfacet
  facet normal -0 0.243045 0.970015
    outer loop
      vertex -20.9 -0.263371 -75.4241
      vertex -18.25 -0.391884 -75.3919
      vertex -18.25 -0.263371 -75.4241
    endloop
  endfacet
  facet normal 0 0.243045 0.970015
    outer loop
      vertex -18.25 -0.391884 -75.3919
      vertex -20.9 -0.263371 -75.4241
      vertex -20.9 -0.391884 -75.3919
    endloop
  endfacet
  facet normal 0 0.741091 0.671404
    outer loop
      vertex -18.25 -0.954594 -75.0546
      vertex -20.9 -1.04356 -74.9564
      vertex -18.25 -1.04356 -74.9564
    endloop
  endfacet
  facet normal 0 0.741091 0.671404
    outer loop
      vertex -20.9 -1.04356 -74.9564
      vertex -18.25 -0.954594 -75.0546
      vertex -20.9 -0.954594 -75.0546
    endloop
  endfacet
  facet normal -0 0.427289 0.904115
    outer loop
      vertex -20.9 -0.516623 -75.3472
      vertex -18.25 -0.636385 -75.2906
      vertex -18.25 -0.516623 -75.3472
    endloop
  endfacet
  facet normal 0 0.427289 0.904115
    outer loop
      vertex -18.25 -0.636385 -75.2906
      vertex -20.9 -0.516623 -75.3472
      vertex -20.9 -0.636385 -75.2906
    endloop
  endfacet
  facet normal -0 0.595603 0.803279
    outer loop
      vertex -20.9 -0.750019 -75.2225
      vertex -18.25 -0.85643 -75.1436
      vertex -18.25 -0.750019 -75.2225
    endloop
  endfacet
  facet normal 0 0.595603 0.803279
    outer loop
      vertex -18.25 -0.85643 -75.1436
      vertex -20.9 -0.750019 -75.2225
      vertex -20.9 -0.85643 -75.1436
    endloop
  endfacet
  facet normal 0 0.741091 -0.671404
    outer loop
      vertex -18.25 -1.04356 -73.2436
      vertex -20.9 -0.954594 -73.1454
      vertex -18.25 -0.954594 -73.1454
    endloop
  endfacet
  facet normal 0 0.741091 -0.671404
    outer loop
      vertex -20.9 -0.954594 -73.1454
      vertex -18.25 -1.04356 -73.2436
      vertex -20.9 -1.04356 -73.2436
    endloop
  endfacet
  facet normal 0 0.998795 0.0490716
    outer loop
      vertex -18.25 -1.3435 -74.2323
      vertex -20.9 -1.35 -74.1
      vertex -18.25 -1.35 -74.1
    endloop
  endfacet
  facet normal 0 0.998795 0.0490716
    outer loop
      vertex -20.9 -1.35 -74.1
      vertex -18.25 -1.3435 -74.2323
      vertex -20.9 -1.3435 -74.2323
    endloop
  endfacet
  facet normal 0 0.904022 -0.427486
    outer loop
      vertex -18.25 -1.24724 -73.5834
      vertex -20.9 -1.19059 -73.4636
      vertex -18.25 -1.19059 -73.4636
    endloop
  endfacet
  facet normal 0 0.904022 -0.427486
    outer loop
      vertex -20.9 -1.19059 -73.4636
      vertex -18.25 -1.24724 -73.5834
      vertex -20.9 -1.24724 -73.5834
    endloop
  endfacet
  facet normal 0 0.337343 -0.941382
    outer loop
      vertex -20.9 -0.516623 -72.8528
      vertex -18.25 -0.391884 -72.8081
      vertex -18.25 -0.516623 -72.8528
    endloop
  endfacet
  facet normal 0 0.337343 -0.941382
    outer loop
      vertex -18.25 -0.391884 -72.8081
      vertex -20.9 -0.516623 -72.8528
      vertex -20.9 -0.391884 -72.8081
    endloop
  endfacet
  facet normal 0 0.67168 -0.740841
    outer loop
      vertex -20.9 -0.954594 -73.1454
      vertex -18.25 -0.85643 -73.0564
      vertex -18.25 -0.954594 -73.1454
    endloop
  endfacet
  facet normal 0 0.67168 -0.740841
    outer loop
      vertex -18.25 -0.85643 -73.0564
      vertex -20.9 -0.954594 -73.1454
      vertex -20.9 -0.85643 -73.0564
    endloop
  endfacet
  facet normal -0 0.14644 0.98922
    outer loop
      vertex -20.9 -0.132322 -75.4435
      vertex -18.25 -0.263371 -75.4241
      vertex -18.25 -0.132322 -75.4435
    endloop
  endfacet
  facet normal 0 0.14644 0.98922
    outer loop
      vertex -18.25 -0.263371 -75.4241
      vertex -20.9 -0.132322 -75.4435
      vertex -20.9 -0.263371 -75.4241
    endloop
  endfacet
  facet normal -0 0.514049 0.857761
    outer loop
      vertex -20.9 -0.636385 -75.2906
      vertex -18.25 -0.750019 -75.2225
      vertex -18.25 -0.636385 -75.2906
    endloop
  endfacet
  facet normal 0 0.514049 0.857761
    outer loop
      vertex -18.25 -0.750019 -75.2225
      vertex -20.9 -0.636385 -75.2906
      vertex -20.9 -0.750019 -75.2225
    endloop
  endfacet
  facet normal 0 0.803177 -0.59574
    outer loop
      vertex -18.25 -1.12248 -73.35
      vertex -20.9 -1.04356 -73.2436
      vertex -18.25 -1.04356 -73.2436
    endloop
  endfacet
  facet normal 0 0.803177 -0.59574
    outer loop
      vertex -20.9 -1.04356 -73.2436
      vertex -18.25 -1.12248 -73.35
      vertex -20.9 -1.12248 -73.35
    endloop
  endfacet
  facet normal 0 0.998795 -0.0490716
    outer loop
      vertex -18.25 -1.35 -74.1
      vertex -20.9 -1.3435 -73.9677
      vertex -18.25 -1.3435 -73.9677
    endloop
  endfacet
  facet normal 0 0.998795 -0.0490716
    outer loop
      vertex -20.9 -1.3435 -73.9677
      vertex -18.25 -1.35 -74.1
      vertex -20.9 -1.35 -74.1
    endloop
  endfacet
  facet normal 0 0.941516 -0.336968
    outer loop
      vertex -18.25 -1.29187 -73.7081
      vertex -20.9 -1.24724 -73.5834
      vertex -18.25 -1.24724 -73.5834
    endloop
  endfacet
  facet normal 0 0.941516 -0.336968
    outer loop
      vertex -20.9 -1.24724 -73.5834
      vertex -18.25 -1.29187 -73.7081
      vertex -20.9 -1.29187 -73.7081
    endloop
  endfacet
  facet normal 0 0.989184 -0.14668
    outer loop
      vertex -18.25 -1.3435 -73.9677
      vertex -20.9 -1.32406 -73.8366
      vertex -18.25 -1.32406 -73.8366
    endloop
  endfacet
  facet normal 0 0.989184 -0.14668
    outer loop
      vertex -20.9 -1.32406 -73.8366
      vertex -18.25 -1.3435 -73.9677
      vertex -20.9 -1.3435 -73.9677
    endloop
  endfacet
  facet normal 0 0.857659 -0.514218
    outer loop
      vertex -18.25 -1.19059 -73.4636
      vertex -20.9 -1.12248 -73.35
      vertex -18.25 -1.12248 -73.35
    endloop
  endfacet
  facet normal 0 0.857659 -0.514218
    outer loop
      vertex -20.9 -1.12248 -73.35
      vertex -18.25 -1.19059 -73.4636
      vertex -20.9 -1.19059 -73.4636
    endloop
  endfacet
  facet normal 0 0.14644 -0.98922
    outer loop
      vertex -20.9 -0.263371 -72.7759
      vertex -18.25 -0.132322 -72.7565
      vertex -18.25 -0.263371 -72.7759
    endloop
  endfacet
  facet normal 0 0.14644 -0.98922
    outer loop
      vertex -18.25 -0.132322 -72.7565
      vertex -20.9 -0.263371 -72.7759
      vertex -20.9 -0.132322 -72.7565
    endloop
  endfacet
  facet normal 0 0.0490634 -0.998796
    outer loop
      vertex -20.9 -0.132322 -72.7565
      vertex -18.25 0 -72.75
      vertex -18.25 -0.132322 -72.7565
    endloop
  endfacet
  facet normal 0 0.0490634 -0.998796
    outer loop
      vertex -18.25 0 -72.75
      vertex -20.9 -0.132322 -72.7565
      vertex -20.9 0 -72.75
    endloop
  endfacet
  facet normal 0 0.243045 -0.970015
    outer loop
      vertex -20.9 -0.391884 -72.8081
      vertex -18.25 -0.263371 -72.7759
      vertex -18.25 -0.391884 -72.8081
    endloop
  endfacet
  facet normal 0 0.243045 -0.970015
    outer loop
      vertex -18.25 -0.263371 -72.7759
      vertex -20.9 -0.391884 -72.8081
      vertex -20.9 -0.263371 -72.7759
    endloop
  endfacet
  facet normal 0 0.595603 -0.803279
    outer loop
      vertex -20.9 -0.85643 -73.0564
      vertex -18.25 -0.750019 -72.9775
      vertex -18.25 -0.85643 -73.0564
    endloop
  endfacet
  facet normal 0 0.595603 -0.803279
    outer loop
      vertex -18.25 -0.750019 -72.9775
      vertex -20.9 -0.85643 -73.0564
      vertex -20.9 -0.750019 -72.9775
    endloop
  endfacet
  facet normal 0 0.514049 -0.857761
    outer loop
      vertex -20.9 -0.750019 -72.9775
      vertex -18.25 -0.636385 -72.9094
      vertex -18.25 -0.750019 -72.9775
    endloop
  endfacet
  facet normal 0 0.514049 -0.857761
    outer loop
      vertex -18.25 -0.636385 -72.9094
      vertex -20.9 -0.750019 -72.9775
      vertex -20.9 -0.636385 -72.9094
    endloop
  endfacet
  facet normal 0 0.427289 -0.904115
    outer loop
      vertex -20.9 -0.636385 -72.9094
      vertex -18.25 -0.516623 -72.8528
      vertex -18.25 -0.636385 -72.9094
    endloop
  endfacet
  facet normal 0 0.427289 -0.904115
    outer loop
      vertex -18.25 -0.516623 -72.8528
      vertex -20.9 -0.636385 -72.9094
      vertex -20.9 -0.516623 -72.8528
    endloop
  endfacet
  facet normal 0 0.970027 0.242997
    outer loop
      vertex -18.25 -1.29187 -74.4919
      vertex -20.9 -1.32406 -74.3634
      vertex -18.25 -1.32406 -74.3634
    endloop
  endfacet
  facet normal 0 0.970027 0.242997
    outer loop
      vertex -20.9 -1.32406 -74.3634
      vertex -18.25 -1.29187 -74.4919
      vertex -20.9 -1.29187 -74.4919
    endloop
  endfacet
  facet normal 0 0.803177 0.59574
    outer loop
      vertex -18.25 -1.04356 -74.9564
      vertex -20.9 -1.12248 -74.85
      vertex -18.25 -1.12248 -74.85
    endloop
  endfacet
  facet normal 0 0.803177 0.59574
    outer loop
      vertex -20.9 -1.12248 -74.85
      vertex -18.25 -1.04356 -74.9564
      vertex -20.9 -1.04356 -74.9564
    endloop
  endfacet
  facet normal 0 0.857659 0.514218
    outer loop
      vertex -18.25 -1.12248 -74.85
      vertex -20.9 -1.19059 -74.7364
      vertex -18.25 -1.19059 -74.7364
    endloop
  endfacet
  facet normal 0 0.857659 0.514218
    outer loop
      vertex -20.9 -1.19059 -74.7364
      vertex -18.25 -1.12248 -74.85
      vertex -20.9 -1.12248 -74.85
    endloop
  endfacet
  facet normal -0 0.67168 0.740841
    outer loop
      vertex -20.9 -0.85643 -75.1436
      vertex -18.25 -0.954594 -75.0546
      vertex -18.25 -0.85643 -75.1436
    endloop
  endfacet
  facet normal 0 0.67168 0.740841
    outer loop
      vertex -18.25 -0.954594 -75.0546
      vertex -20.9 -0.85643 -75.1436
      vertex -20.9 -0.954594 -75.0546
    endloop
  endfacet
  facet normal 0 0.970027 -0.242997
    outer loop
      vertex -18.25 -1.32406 -73.8366
      vertex -20.9 -1.29187 -73.7081
      vertex -18.25 -1.29187 -73.7081
    endloop
  endfacet
  facet normal 0 0.970027 -0.242997
    outer loop
      vertex -20.9 -1.29187 -73.7081
      vertex -18.25 -1.32406 -73.8366
      vertex -20.9 -1.32406 -73.8366
    endloop
  endfacet
  facet normal 0 -0.514049 0.857761
    outer loop
      vertex 18.25 0.750019 -75.2225
      vertex 20.9 0.636385 -75.2906
      vertex 20.9 0.750019 -75.2225
    endloop
  endfacet
  facet normal 0 -0.514049 0.857761
    outer loop
      vertex 20.9 0.636385 -75.2906
      vertex 18.25 0.750019 -75.2225
      vertex 18.25 0.636385 -75.2906
    endloop
  endfacet
  facet normal 0 -0.941516 -0.336968
    outer loop
      vertex 18.25 1.29187 -73.7081
      vertex 20.9 1.24724 -73.5834
      vertex 18.25 1.24724 -73.5834
    endloop
  endfacet
  facet normal 0 -0.941516 -0.336968
    outer loop
      vertex 20.9 1.24724 -73.5834
      vertex 18.25 1.29187 -73.7081
      vertex 20.9 1.29187 -73.7081
    endloop
  endfacet
  facet normal 0 -0.427289 -0.904115
    outer loop
      vertex 18.25 0.516623 -72.8528
      vertex 20.9 0.636385 -72.9094
      vertex 20.9 0.516623 -72.8528
    endloop
  endfacet
  facet normal -0 -0.427289 -0.904115
    outer loop
      vertex 20.9 0.636385 -72.9094
      vertex 18.25 0.516623 -72.8528
      vertex 18.25 0.636385 -72.9094
    endloop
  endfacet
  facet normal -0 0.0490634 0.998796
    outer loop
      vertex 18.25 0 -75.45
      vertex 20.9 -0.132322 -75.4435
      vertex 20.9 0 -75.45
    endloop
  endfacet
  facet normal 0 0.0490634 0.998796
    outer loop
      vertex 20.9 -0.132322 -75.4435
      vertex 18.25 0 -75.45
      vertex 18.25 -0.132322 -75.4435
    endloop
  endfacet
  facet normal 0 0.904022 0.427486
    outer loop
      vertex 20.9 -1.19059 -74.7364
      vertex 18.25 -1.24724 -74.6166
      vertex 20.9 -1.24724 -74.6166
    endloop
  endfacet
  facet normal 0 0.904022 0.427486
    outer loop
      vertex 18.25 -1.24724 -74.6166
      vertex 20.9 -1.19059 -74.7364
      vertex 18.25 -1.19059 -74.7364
    endloop
  endfacet
  facet normal 0 -0.941516 0.336968
    outer loop
      vertex 18.25 1.24724 -74.6166
      vertex 20.9 1.29187 -74.4919
      vertex 18.25 1.29187 -74.4919
    endloop
  endfacet
  facet normal 0 -0.941516 0.336968
    outer loop
      vertex 20.9 1.29187 -74.4919
      vertex 18.25 1.24724 -74.6166
      vertex 20.9 1.24724 -74.6166
    endloop
  endfacet
  facet normal 0 -0.803177 -0.59574
    outer loop
      vertex 18.25 1.12248 -73.35
      vertex 20.9 1.04356 -73.2436
      vertex 18.25 1.04356 -73.2436
    endloop
  endfacet
  facet normal 0 -0.803177 -0.59574
    outer loop
      vertex 20.9 1.04356 -73.2436
      vertex 18.25 1.12248 -73.35
      vertex 20.9 1.12248 -73.35
    endloop
  endfacet
  facet normal -0 0.337343 0.941382
    outer loop
      vertex 18.25 -0.391884 -75.3919
      vertex 20.9 -0.516623 -75.3472
      vertex 20.9 -0.391884 -75.3919
    endloop
  endfacet
  facet normal 0 0.337343 0.941382
    outer loop
      vertex 20.9 -0.516623 -75.3472
      vertex 18.25 -0.391884 -75.3919
      vertex 18.25 -0.516623 -75.3472
    endloop
  endfacet
  facet normal 0 0.941516 0.336968
    outer loop
      vertex 20.9 -1.24724 -74.6166
      vertex 18.25 -1.29187 -74.4919
      vertex 20.9 -1.29187 -74.4919
    endloop
  endfacet
  facet normal 0 0.941516 0.336968
    outer loop
      vertex 18.25 -1.29187 -74.4919
      vertex 20.9 -1.24724 -74.6166
      vertex 18.25 -1.24724 -74.6166
    endloop
  endfacet
  facet normal 0 -0.14644 0.98922
    outer loop
      vertex 18.25 0.263371 -75.4241
      vertex 20.9 0.132322 -75.4435
      vertex 20.9 0.263371 -75.4241
    endloop
  endfacet
  facet normal 0 -0.14644 0.98922
    outer loop
      vertex 20.9 0.132322 -75.4435
      vertex 18.25 0.263371 -75.4241
      vertex 18.25 0.132322 -75.4435
    endloop
  endfacet
  facet normal 0 -0.337343 0.941382
    outer loop
      vertex 18.25 0.516623 -75.3472
      vertex 20.9 0.391884 -75.3919
      vertex 20.9 0.516623 -75.3472
    endloop
  endfacet
  facet normal 0 -0.337343 0.941382
    outer loop
      vertex 20.9 0.391884 -75.3919
      vertex 18.25 0.516623 -75.3472
      vertex 18.25 0.391884 -75.3919
    endloop
  endfacet
  facet normal 0 -0.67168 0.740841
    outer loop
      vertex 18.25 0.954594 -75.0546
      vertex 20.9 0.85643 -75.1436
      vertex 20.9 0.954594 -75.0546
    endloop
  endfacet
  facet normal 0 -0.67168 0.740841
    outer loop
      vertex 20.9 0.85643 -75.1436
      vertex 18.25 0.954594 -75.0546
      vertex 18.25 0.85643 -75.1436
    endloop
  endfacet
  facet normal 0 -0.741091 0.671404
    outer loop
      vertex 18.25 0.954594 -75.0546
      vertex 20.9 1.04356 -74.9564
      vertex 18.25 1.04356 -74.9564
    endloop
  endfacet
  facet normal 0 -0.741091 0.671404
    outer loop
      vertex 20.9 1.04356 -74.9564
      vertex 18.25 0.954594 -75.0546
      vertex 20.9 0.954594 -75.0546
    endloop
  endfacet
  facet normal 0 -0.998795 -0.0490716
    outer loop
      vertex 18.25 1.35 -74.1
      vertex 20.9 1.3435 -73.9677
      vertex 18.25 1.3435 -73.9677
    endloop
  endfacet
  facet normal 0 -0.998795 -0.0490716
    outer loop
      vertex 20.9 1.3435 -73.9677
      vertex 18.25 1.35 -74.1
      vertex 20.9 1.35 -74.1
    endloop
  endfacet
  facet normal 0 -0.989184 0.14668
    outer loop
      vertex 18.25 1.32406 -74.3634
      vertex 20.9 1.3435 -74.2323
      vertex 18.25 1.3435 -74.2323
    endloop
  endfacet
  facet normal 0 -0.989184 0.14668
    outer loop
      vertex 20.9 1.3435 -74.2323
      vertex 18.25 1.32406 -74.3634
      vertex 20.9 1.32406 -74.3634
    endloop
  endfacet
  facet normal 0 -0.970027 0.242997
    outer loop
      vertex 18.25 1.29187 -74.4919
      vertex 20.9 1.32406 -74.3634
      vertex 18.25 1.32406 -74.3634
    endloop
  endfacet
  facet normal 0 -0.970027 0.242997
    outer loop
      vertex 20.9 1.32406 -74.3634
      vertex 18.25 1.29187 -74.4919
      vertex 20.9 1.29187 -74.4919
    endloop
  endfacet
  facet normal 0 -0.998795 0.0490716
    outer loop
      vertex 18.25 1.3435 -74.2323
      vertex 20.9 1.35 -74.1
      vertex 18.25 1.35 -74.1
    endloop
  endfacet
  facet normal 0 -0.998795 0.0490716
    outer loop
      vertex 20.9 1.35 -74.1
      vertex 18.25 1.3435 -74.2323
      vertex 20.9 1.3435 -74.2323
    endloop
  endfacet
  facet normal 0 -0.803177 0.59574
    outer loop
      vertex 18.25 1.04356 -74.9564
      vertex 20.9 1.12248 -74.85
      vertex 18.25 1.12248 -74.85
    endloop
  endfacet
  facet normal 0 -0.803177 0.59574
    outer loop
      vertex 20.9 1.12248 -74.85
      vertex 18.25 1.04356 -74.9564
      vertex 20.9 1.04356 -74.9564
    endloop
  endfacet
  facet normal 0 -0.904022 0.427486
    outer loop
      vertex 18.25 1.19059 -74.7364
      vertex 20.9 1.24724 -74.6166
      vertex 18.25 1.24724 -74.6166
    endloop
  endfacet
  facet normal 0 -0.904022 0.427486
    outer loop
      vertex 20.9 1.24724 -74.6166
      vertex 18.25 1.19059 -74.7364
      vertex 20.9 1.19059 -74.7364
    endloop
  endfacet
  facet normal 0 -0.857659 0.514218
    outer loop
      vertex 18.25 1.12248 -74.85
      vertex 20.9 1.19059 -74.7364
      vertex 18.25 1.19059 -74.7364
    endloop
  endfacet
  facet normal 0 -0.857659 0.514218
    outer loop
      vertex 20.9 1.19059 -74.7364
      vertex 18.25 1.12248 -74.85
      vertex 20.9 1.12248 -74.85
    endloop
  endfacet
  facet normal 0 -0.0490634 -0.998796
    outer loop
      vertex 18.25 0 -72.75
      vertex 20.9 0.132322 -72.7565
      vertex 20.9 0 -72.75
    endloop
  endfacet
  facet normal -0 -0.0490634 -0.998796
    outer loop
      vertex 20.9 0.132322 -72.7565
      vertex 18.25 0 -72.75
      vertex 18.25 0.132322 -72.7565
    endloop
  endfacet
  facet normal 0 -0.243045 -0.970015
    outer loop
      vertex 18.25 0.263371 -72.7759
      vertex 20.9 0.391884 -72.8081
      vertex 20.9 0.263371 -72.7759
    endloop
  endfacet
  facet normal -0 -0.243045 -0.970015
    outer loop
      vertex 20.9 0.391884 -72.8081
      vertex 18.25 0.263371 -72.7759
      vertex 18.25 0.391884 -72.8081
    endloop
  endfacet
  facet normal 0 -0.67168 -0.740841
    outer loop
      vertex 18.25 0.85643 -73.0564
      vertex 20.9 0.954594 -73.1454
      vertex 20.9 0.85643 -73.0564
    endloop
  endfacet
  facet normal -0 -0.67168 -0.740841
    outer loop
      vertex 20.9 0.954594 -73.1454
      vertex 18.25 0.85643 -73.0564
      vertex 18.25 0.954594 -73.1454
    endloop
  endfacet
  facet normal 0 -0.595603 -0.803279
    outer loop
      vertex 18.25 0.750019 -72.9775
      vertex 20.9 0.85643 -73.0564
      vertex 20.9 0.750019 -72.9775
    endloop
  endfacet
  facet normal -0 -0.595603 -0.803279
    outer loop
      vertex 20.9 0.85643 -73.0564
      vertex 18.25 0.750019 -72.9775
      vertex 18.25 0.85643 -73.0564
    endloop
  endfacet
  facet normal 0 -0.989184 -0.14668
    outer loop
      vertex 18.25 1.3435 -73.9677
      vertex 20.9 1.32406 -73.8366
      vertex 18.25 1.32406 -73.8366
    endloop
  endfacet
  facet normal 0 -0.989184 -0.14668
    outer loop
      vertex 20.9 1.32406 -73.8366
      vertex 18.25 1.3435 -73.9677
      vertex 20.9 1.3435 -73.9677
    endloop
  endfacet
  facet normal 0 -0.970027 -0.242997
    outer loop
      vertex 18.25 1.32406 -73.8366
      vertex 20.9 1.29187 -73.7081
      vertex 18.25 1.29187 -73.7081
    endloop
  endfacet
  facet normal 0 -0.970027 -0.242997
    outer loop
      vertex 20.9 1.29187 -73.7081
      vertex 18.25 1.32406 -73.8366
      vertex 20.9 1.32406 -73.8366
    endloop
  endfacet
  facet normal 0 -0.904022 -0.427486
    outer loop
      vertex 18.25 1.24724 -73.5834
      vertex 20.9 1.19059 -73.4636
      vertex 18.25 1.19059 -73.4636
    endloop
  endfacet
  facet normal 0 -0.904022 -0.427486
    outer loop
      vertex 20.9 1.19059 -73.4636
      vertex 18.25 1.24724 -73.5834
      vertex 20.9 1.24724 -73.5834
    endloop
  endfacet
  facet normal 0 -0.857659 -0.514218
    outer loop
      vertex 18.25 1.19059 -73.4636
      vertex 20.9 1.12248 -73.35
      vertex 18.25 1.12248 -73.35
    endloop
  endfacet
  facet normal 0 -0.857659 -0.514218
    outer loop
      vertex 20.9 1.12248 -73.35
      vertex 18.25 1.19059 -73.4636
      vertex 20.9 1.19059 -73.4636
    endloop
  endfacet
  facet normal 0 -0.741091 -0.671404
    outer loop
      vertex 18.25 1.04356 -73.2436
      vertex 20.9 0.954594 -73.1454
      vertex 18.25 0.954594 -73.1454
    endloop
  endfacet
  facet normal 0 -0.741091 -0.671404
    outer loop
      vertex 20.9 0.954594 -73.1454
      vertex 18.25 1.04356 -73.2436
      vertex 20.9 1.04356 -73.2436
    endloop
  endfacet
  facet normal 0 -0.0490634 0.998796
    outer loop
      vertex 18.25 0.132322 -75.4435
      vertex 20.9 0 -75.45
      vertex 20.9 0.132322 -75.4435
    endloop
  endfacet
  facet normal 0 -0.0490634 0.998796
    outer loop
      vertex 20.9 0 -75.45
      vertex 18.25 0.132322 -75.4435
      vertex 18.25 0 -75.45
    endloop
  endfacet
  facet normal 0 0.989184 0.14668
    outer loop
      vertex 20.9 -1.32406 -74.3634
      vertex 18.25 -1.3435 -74.2323
      vertex 20.9 -1.3435 -74.2323
    endloop
  endfacet
  facet normal 0 0.989184 0.14668
    outer loop
      vertex 18.25 -1.3435 -74.2323
      vertex 20.9 -1.32406 -74.3634
      vertex 18.25 -1.32406 -74.3634
    endloop
  endfacet
  facet normal 0 -0.427289 0.904115
    outer loop
      vertex 18.25 0.636385 -75.2906
      vertex 20.9 0.516623 -75.3472
      vertex 20.9 0.636385 -75.2906
    endloop
  endfacet
  facet normal 0 -0.427289 0.904115
    outer loop
      vertex 20.9 0.516623 -75.3472
      vertex 18.25 0.636385 -75.2906
      vertex 18.25 0.516623 -75.3472
    endloop
  endfacet
  facet normal 0 -0.243045 0.970015
    outer loop
      vertex 18.25 0.391884 -75.3919
      vertex 20.9 0.263371 -75.4241
      vertex 20.9 0.391884 -75.3919
    endloop
  endfacet
  facet normal 0 -0.243045 0.970015
    outer loop
      vertex 20.9 0.263371 -75.4241
      vertex 18.25 0.391884 -75.3919
      vertex 18.25 0.263371 -75.4241
    endloop
  endfacet
  facet normal 0 -0.595603 0.803279
    outer loop
      vertex 18.25 0.85643 -75.1436
      vertex 20.9 0.750019 -75.2225
      vertex 20.9 0.85643 -75.1436
    endloop
  endfacet
  facet normal 0 -0.595603 0.803279
    outer loop
      vertex 20.9 0.750019 -75.2225
      vertex 18.25 0.85643 -75.1436
      vertex 18.25 0.750019 -75.2225
    endloop
  endfacet
  facet normal 0 -0.14644 -0.98922
    outer loop
      vertex 18.25 0.132322 -72.7565
      vertex 20.9 0.263371 -72.7759
      vertex 20.9 0.132322 -72.7565
    endloop
  endfacet
  facet normal -0 -0.14644 -0.98922
    outer loop
      vertex 20.9 0.263371 -72.7759
      vertex 18.25 0.132322 -72.7565
      vertex 18.25 0.263371 -72.7759
    endloop
  endfacet
  facet normal 0 -0.337343 -0.941382
    outer loop
      vertex 18.25 0.391884 -72.8081
      vertex 20.9 0.516623 -72.8528
      vertex 20.9 0.391884 -72.8081
    endloop
  endfacet
  facet normal -0 -0.337343 -0.941382
    outer loop
      vertex 20.9 0.516623 -72.8528
      vertex 18.25 0.391884 -72.8081
      vertex 18.25 0.516623 -72.8528
    endloop
  endfacet
  facet normal 0 -0.514049 -0.857761
    outer loop
      vertex 18.25 0.636385 -72.9094
      vertex 20.9 0.750019 -72.9775
      vertex 20.9 0.636385 -72.9094
    endloop
  endfacet
  facet normal -0 -0.514049 -0.857761
    outer loop
      vertex 20.9 0.750019 -72.9775
      vertex 18.25 0.636385 -72.9094
      vertex 18.25 0.750019 -72.9775
    endloop
  endfacet
  facet normal -0 0.243045 0.970015
    outer loop
      vertex 18.25 -0.263371 -75.4241
      vertex 20.9 -0.391884 -75.3919
      vertex 20.9 -0.263371 -75.4241
    endloop
  endfacet
  facet normal 0 0.243045 0.970015
    outer loop
      vertex 20.9 -0.391884 -75.3919
      vertex 18.25 -0.263371 -75.4241
      vertex 18.25 -0.391884 -75.3919
    endloop
  endfacet
  facet normal 0 0.741091 0.671404
    outer loop
      vertex 20.9 -0.954594 -75.0546
      vertex 18.25 -1.04356 -74.9564
      vertex 20.9 -1.04356 -74.9564
    endloop
  endfacet
  facet normal 0 0.741091 0.671404
    outer loop
      vertex 18.25 -1.04356 -74.9564
      vertex 20.9 -0.954594 -75.0546
      vertex 18.25 -0.954594 -75.0546
    endloop
  endfacet
  facet normal -0 0.427289 0.904115
    outer loop
      vertex 18.25 -0.516623 -75.3472
      vertex 20.9 -0.636385 -75.2906
      vertex 20.9 -0.516623 -75.3472
    endloop
  endfacet
  facet normal 0 0.427289 0.904115
    outer loop
      vertex 20.9 -0.636385 -75.2906
      vertex 18.25 -0.516623 -75.3472
      vertex 18.25 -0.636385 -75.2906
    endloop
  endfacet
  facet normal -0 0.595603 0.803279
    outer loop
      vertex 18.25 -0.750019 -75.2225
      vertex 20.9 -0.85643 -75.1436
      vertex 20.9 -0.750019 -75.2225
    endloop
  endfacet
  facet normal 0 0.595603 0.803279
    outer loop
      vertex 20.9 -0.85643 -75.1436
      vertex 18.25 -0.750019 -75.2225
      vertex 18.25 -0.85643 -75.1436
    endloop
  endfacet
  facet normal 0 0.741091 -0.671404
    outer loop
      vertex 20.9 -1.04356 -73.2436
      vertex 18.25 -0.954594 -73.1454
      vertex 20.9 -0.954594 -73.1454
    endloop
  endfacet
  facet normal 0 0.741091 -0.671404
    outer loop
      vertex 18.25 -0.954594 -73.1454
      vertex 20.9 -1.04356 -73.2436
      vertex 18.25 -1.04356 -73.2436
    endloop
  endfacet
  facet normal 0 0.998795 0.0490716
    outer loop
      vertex 20.9 -1.3435 -74.2323
      vertex 18.25 -1.35 -74.1
      vertex 20.9 -1.35 -74.1
    endloop
  endfacet
  facet normal 0 0.998795 0.0490716
    outer loop
      vertex 18.25 -1.35 -74.1
      vertex 20.9 -1.3435 -74.2323
      vertex 18.25 -1.3435 -74.2323
    endloop
  endfacet
  facet normal 0 0.904022 -0.427486
    outer loop
      vertex 20.9 -1.24724 -73.5834
      vertex 18.25 -1.19059 -73.4636
      vertex 20.9 -1.19059 -73.4636
    endloop
  endfacet
  facet normal 0 0.904022 -0.427486
    outer loop
      vertex 18.25 -1.19059 -73.4636
      vertex 20.9 -1.24724 -73.5834
      vertex 18.25 -1.24724 -73.5834
    endloop
  endfacet
  facet normal 0 0.337343 -0.941382
    outer loop
      vertex 18.25 -0.516623 -72.8528
      vertex 20.9 -0.391884 -72.8081
      vertex 20.9 -0.516623 -72.8528
    endloop
  endfacet
  facet normal 0 0.337343 -0.941382
    outer loop
      vertex 20.9 -0.391884 -72.8081
      vertex 18.25 -0.516623 -72.8528
      vertex 18.25 -0.391884 -72.8081
    endloop
  endfacet
  facet normal 0 0.67168 -0.740841
    outer loop
      vertex 18.25 -0.954594 -73.1454
      vertex 20.9 -0.85643 -73.0564
      vertex 20.9 -0.954594 -73.1454
    endloop
  endfacet
  facet normal 0 0.67168 -0.740841
    outer loop
      vertex 20.9 -0.85643 -73.0564
      vertex 18.25 -0.954594 -73.1454
      vertex 18.25 -0.85643 -73.0564
    endloop
  endfacet
  facet normal -0 0.14644 0.98922
    outer loop
      vertex 18.25 -0.132322 -75.4435
      vertex 20.9 -0.263371 -75.4241
      vertex 20.9 -0.132322 -75.4435
    endloop
  endfacet
  facet normal 0 0.14644 0.98922
    outer loop
      vertex 20.9 -0.263371 -75.4241
      vertex 18.25 -0.132322 -75.4435
      vertex 18.25 -0.263371 -75.4241
    endloop
  endfacet
  facet normal 0 0.857659 0.514218
    outer loop
      vertex 20.9 -1.12248 -74.85
      vertex 18.25 -1.19059 -74.7364
      vertex 20.9 -1.19059 -74.7364
    endloop
  endfacet
  facet normal 0 0.857659 0.514218
    outer loop
      vertex 18.25 -1.19059 -74.7364
      vertex 20.9 -1.12248 -74.85
      vertex 18.25 -1.12248 -74.85
    endloop
  endfacet
  facet normal -0 0.514049 0.857761
    outer loop
      vertex 18.25 -0.636385 -75.2906
      vertex 20.9 -0.750019 -75.2225
      vertex 20.9 -0.636385 -75.2906
    endloop
  endfacet
  facet normal 0 0.514049 0.857761
    outer loop
      vertex 20.9 -0.750019 -75.2225
      vertex 18.25 -0.636385 -75.2906
      vertex 18.25 -0.750019 -75.2225
    endloop
  endfacet
  facet normal 0 0.803177 -0.59574
    outer loop
      vertex 20.9 -1.12248 -73.35
      vertex 18.25 -1.04356 -73.2436
      vertex 20.9 -1.04356 -73.2436
    endloop
  endfacet
  facet normal 0 0.803177 -0.59574
    outer loop
      vertex 18.25 -1.04356 -73.2436
      vertex 20.9 -1.12248 -73.35
      vertex 18.25 -1.12248 -73.35
    endloop
  endfacet
  facet normal 0 0.998795 -0.0490716
    outer loop
      vertex 20.9 -1.35 -74.1
      vertex 18.25 -1.3435 -73.9677
      vertex 20.9 -1.3435 -73.9677
    endloop
  endfacet
  facet normal 0 0.998795 -0.0490716
    outer loop
      vertex 18.25 -1.3435 -73.9677
      vertex 20.9 -1.35 -74.1
      vertex 18.25 -1.35 -74.1
    endloop
  endfacet
  facet normal 0 0.941516 -0.336968
    outer loop
      vertex 20.9 -1.29187 -73.7081
      vertex 18.25 -1.24724 -73.5834
      vertex 20.9 -1.24724 -73.5834
    endloop
  endfacet
  facet normal 0 0.941516 -0.336968
    outer loop
      vertex 18.25 -1.24724 -73.5834
      vertex 20.9 -1.29187 -73.7081
      vertex 18.25 -1.29187 -73.7081
    endloop
  endfacet
  facet normal 0 0.989184 -0.14668
    outer loop
      vertex 20.9 -1.3435 -73.9677
      vertex 18.25 -1.32406 -73.8366
      vertex 20.9 -1.32406 -73.8366
    endloop
  endfacet
  facet normal 0 0.989184 -0.14668
    outer loop
      vertex 18.25 -1.32406 -73.8366
      vertex 20.9 -1.3435 -73.9677
      vertex 18.25 -1.3435 -73.9677
    endloop
  endfacet
  facet normal 0 0.857659 -0.514218
    outer loop
      vertex 20.9 -1.19059 -73.4636
      vertex 18.25 -1.12248 -73.35
      vertex 20.9 -1.12248 -73.35
    endloop
  endfacet
  facet normal 0 0.857659 -0.514218
    outer loop
      vertex 18.25 -1.12248 -73.35
      vertex 20.9 -1.19059 -73.4636
      vertex 18.25 -1.19059 -73.4636
    endloop
  endfacet
  facet normal 0 0.14644 -0.98922
    outer loop
      vertex 18.25 -0.263371 -72.7759
      vertex 20.9 -0.132322 -72.7565
      vertex 20.9 -0.263371 -72.7759
    endloop
  endfacet
  facet normal 0 0.14644 -0.98922
    outer loop
      vertex 20.9 -0.132322 -72.7565
      vertex 18.25 -0.263371 -72.7759
      vertex 18.25 -0.132322 -72.7565
    endloop
  endfacet
  facet normal 0 0.0490634 -0.998796
    outer loop
      vertex 18.25 -0.132322 -72.7565
      vertex 20.9 0 -72.75
      vertex 20.9 -0.132322 -72.7565
    endloop
  endfacet
  facet normal 0 0.0490634 -0.998796
    outer loop
      vertex 20.9 0 -72.75
      vertex 18.25 -0.132322 -72.7565
      vertex 18.25 0 -72.75
    endloop
  endfacet
  facet normal 0 0.243045 -0.970015
    outer loop
      vertex 18.25 -0.391884 -72.8081
      vertex 20.9 -0.263371 -72.7759
      vertex 20.9 -0.391884 -72.8081
    endloop
  endfacet
  facet normal 0 0.243045 -0.970015
    outer loop
      vertex 20.9 -0.263371 -72.7759
      vertex 18.25 -0.391884 -72.8081
      vertex 18.25 -0.263371 -72.7759
    endloop
  endfacet
  facet normal 0 0.595603 -0.803279
    outer loop
      vertex 18.25 -0.85643 -73.0564
      vertex 20.9 -0.750019 -72.9775
      vertex 20.9 -0.85643 -73.0564
    endloop
  endfacet
  facet normal 0 0.595603 -0.803279
    outer loop
      vertex 20.9 -0.750019 -72.9775
      vertex 18.25 -0.85643 -73.0564
      vertex 18.25 -0.750019 -72.9775
    endloop
  endfacet
  facet normal 0 0.514049 -0.857761
    outer loop
      vertex 18.25 -0.750019 -72.9775
      vertex 20.9 -0.636385 -72.9094
      vertex 20.9 -0.750019 -72.9775
    endloop
  endfacet
  facet normal 0 0.514049 -0.857761
    outer loop
      vertex 20.9 -0.636385 -72.9094
      vertex 18.25 -0.750019 -72.9775
      vertex 18.25 -0.636385 -72.9094
    endloop
  endfacet
  facet normal 0 0.427289 -0.904115
    outer loop
      vertex 18.25 -0.636385 -72.9094
      vertex 20.9 -0.516623 -72.8528
      vertex 20.9 -0.636385 -72.9094
    endloop
  endfacet
  facet normal 0 0.427289 -0.904115
    outer loop
      vertex 20.9 -0.516623 -72.8528
      vertex 18.25 -0.636385 -72.9094
      vertex 18.25 -0.516623 -72.8528
    endloop
  endfacet
  facet normal 0 0.970027 0.242997
    outer loop
      vertex 20.9 -1.29187 -74.4919
      vertex 18.25 -1.32406 -74.3634
      vertex 20.9 -1.32406 -74.3634
    endloop
  endfacet
  facet normal 0 0.970027 0.242997
    outer loop
      vertex 18.25 -1.32406 -74.3634
      vertex 20.9 -1.29187 -74.4919
      vertex 18.25 -1.29187 -74.4919
    endloop
  endfacet
  facet normal 0 0.803177 0.59574
    outer loop
      vertex 20.9 -1.04356 -74.9564
      vertex 18.25 -1.12248 -74.85
      vertex 20.9 -1.12248 -74.85
    endloop
  endfacet
  facet normal 0 0.803177 0.59574
    outer loop
      vertex 18.25 -1.12248 -74.85
      vertex 20.9 -1.04356 -74.9564
      vertex 18.25 -1.04356 -74.9564
    endloop
  endfacet
  facet normal -0 0.67168 0.740841
    outer loop
      vertex 18.25 -0.85643 -75.1436
      vertex 20.9 -0.954594 -75.0546
      vertex 20.9 -0.85643 -75.1436
    endloop
  endfacet
  facet normal 0 0.67168 0.740841
    outer loop
      vertex 20.9 -0.954594 -75.0546
      vertex 18.25 -0.85643 -75.1436
      vertex 18.25 -0.954594 -75.0546
    endloop
  endfacet
  facet normal 0 0.970027 -0.242997
    outer loop
      vertex 20.9 -1.32406 -73.8366
      vertex 18.25 -1.29187 -73.7081
      vertex 20.9 -1.29187 -73.7081
    endloop
  endfacet
  facet normal 0 0.970027 -0.242997
    outer loop
      vertex 18.25 -1.29187 -73.7081
      vertex 20.9 -1.32406 -73.8366
      vertex 18.25 -1.32406 -73.8366
    endloop
  endfacet
  facet normal 0 0 1
    outer loop
      vertex 20.1776 18.8057 -72.1
      vertex 20.9 18.9 -72.1
      vertex 20.2039 18.9104 -72.1
    endloop
  endfacet
  facet normal 0 0 1
    outer loop
      vertex 20.9 -18.9 -72.1
      vertex 20.2197 -19.0172 -72.1
      vertex 20.225 -19.125 -72.1
    endloop
  endfacet
  facet normal 0 0 1
    outer loop
      vertex 20.1413 18.704 -72.1
      vertex 20.9 18.9 -72.1
      vertex 20.1776 18.8057 -72.1
    endloop
  endfacet
  facet normal 0 0 1
    outer loop
      vertex 20.9 -18.9 -72.1
      vertex 20.2039 -18.9104 -72.1
      vertex 20.2197 -19.0172 -72.1
    endloop
  endfacet
  facet normal 0 0 1
    outer loop
      vertex 20.0951 18.6065 -72.1
      vertex 20.9 18.9 -72.1
      vertex 20.1413 18.704 -72.1
    endloop
  endfacet
  facet normal 0 0 1
    outer loop
      vertex 20.9 -18.9 -72.1
      vertex 20.1776 -18.8057 -72.1
      vertex 20.2039 -18.9104 -72.1
    endloop
  endfacet
  facet normal 0 0 1
    outer loop
      vertex 20.0396 18.5139 -72.1
      vertex 20.9 18.9 -72.1
      vertex 20.0951 18.6065 -72.1
    endloop
  endfacet
  facet normal 0 0 1
    outer loop
      vertex 20.9 -18.9 -72.1
      vertex 20.1413 -18.704 -72.1
      vertex 20.1776 -18.8057 -72.1
    endloop
  endfacet
  facet normal 0 0 1
    outer loop
      vertex 19.9753 18.4272 -72.1
      vertex 20.9 18.9 -72.1
      vertex 20.0396 18.5139 -72.1
    endloop
  endfacet
  facet normal 0 0 1
    outer loop
      vertex 20.9 -18.9 -72.1
      vertex 20.0951 -18.6065 -72.1
      vertex 20.1413 -18.704 -72.1
    endloop
  endfacet
  facet normal 0 0 1
    outer loop
      vertex 19.9028 18.3472 -72.1
      vertex 20.9 18.9 -72.1
      vertex 19.9753 18.4272 -72.1
    endloop
  endfacet
  facet normal 0 0 1
    outer loop
      vertex 20.9 -18.9 -72.1
      vertex 20.0396 -18.5139 -72.1
      vertex 20.0951 -18.6065 -72.1
    endloop
  endfacet
  facet normal 0 0 1
    outer loop
      vertex 19.8228 18.2747 -72.1
      vertex 20.9 18.9 -72.1
      vertex 19.9028 18.3472 -72.1
    endloop
  endfacet
  facet normal 0 0 1
    outer loop
      vertex 20.9 -18.9 -72.1
      vertex 19.9753 -18.4272 -72.1
      vertex 20.0396 -18.5139 -72.1
    endloop
  endfacet
  facet normal 0 0 1
    outer loop
      vertex 19.7361 18.2104 -72.1
      vertex 20.9 18.9 -72.1
      vertex 19.8228 18.2747 -72.1
    endloop
  endfacet
  facet normal 0 0 1
    outer loop
      vertex 20.9 -18.9 -72.1
      vertex 19.9028 -18.3472 -72.1
      vertex 19.9753 -18.4272 -72.1
    endloop
  endfacet
  facet normal 0 0 1
    outer loop
      vertex 20.9 18.9 -72.1
      vertex 19.7361 18.2104 -72.1
      vertex 20.9 -18.9 -72.1
    endloop
  endfacet
  facet normal 0 0 1
    outer loop
      vertex 20.9 -18.9 -72.1
      vertex 19.8228 -18.2747 -72.1
      vertex 19.9028 -18.3472 -72.1
    endloop
  endfacet
  facet normal -0 0 1
    outer loop
      vertex 19.7361 -18.2104 -72.1
      vertex 20.9 -18.9 -72.1
      vertex 19.7361 18.2104 -72.1
    endloop
  endfacet
  facet normal 0 0 1
    outer loop
      vertex 20.9 -18.9 -72.1
      vertex 19.7361 -18.2104 -72.1
      vertex 19.8228 -18.2747 -72.1
    endloop
  endfacet
  facet normal -0 0 1
    outer loop
      vertex 19.6435 18.1549 -72.1
      vertex 19.7361 -18.2104 -72.1
      vertex 19.7361 18.2104 -72.1
    endloop
  endfacet
  facet normal 0 0 1
    outer loop
      vertex 19.6435 18.1549 -72.1
      vertex 19.6435 -18.1549 -72.1
      vertex 19.7361 -18.2104 -72.1
    endloop
  endfacet
  facet normal -0 0 1
    outer loop
      vertex 19.546 18.1087 -72.1
      vertex 19.6435 -18.1549 -72.1
      vertex 19.6435 18.1549 -72.1
    endloop
  endfacet
  facet normal 0 0 1
    outer loop
      vertex 19.546 18.1087 -72.1
      vertex 19.546 -18.1087 -72.1
      vertex 19.6435 -18.1549 -72.1
    endloop
  endfacet
  facet normal -0 0 1
    outer loop
      vertex 19.4443 18.0724 -72.1
      vertex 19.546 -18.1087 -72.1
      vertex 19.546 18.1087 -72.1
    endloop
  endfacet
  facet normal 0 0 1
    outer loop
      vertex 19.4443 18.0724 -72.1
      vertex 19.4443 -18.0724 -72.1
      vertex 19.546 -18.1087 -72.1
    endloop
  endfacet
  facet normal -0 0 1
    outer loop
      vertex 19.3396 18.0461 -72.1
      vertex 19.4443 -18.0724 -72.1
      vertex 19.4443 18.0724 -72.1
    endloop
  endfacet
  facet normal 0 0 1
    outer loop
      vertex 19.3396 18.0461 -72.1
      vertex 19.3396 -18.0461 -72.1
      vertex 19.4443 -18.0724 -72.1
    endloop
  endfacet
  facet normal -0 0 1
    outer loop
      vertex 19.2328 18.0303 -72.1
      vertex 19.3396 -18.0461 -72.1
      vertex 19.3396 18.0461 -72.1
    endloop
  endfacet
  facet normal 0 0 1
    outer loop
      vertex 19.2328 18.0303 -72.1
      vertex 19.2328 -18.0303 -72.1
      vertex 19.3396 -18.0461 -72.1
    endloop
  endfacet
  facet normal -0 0 1
    outer loop
      vertex 19.125 18.025 -72.1
      vertex 19.2328 -18.0303 -72.1
      vertex 19.2328 18.0303 -72.1
    endloop
  endfacet
  facet normal 0 0 1
    outer loop
      vertex 19.125 18.025 -72.1
      vertex 19.125 -18.025 -72.1
      vertex 19.2328 -18.0303 -72.1
    endloop
  endfacet
  facet normal 0 0 1
    outer loop
      vertex 19.0172 18.0303 -72.1
      vertex 19.125 -18.025 -72.1
      vertex 19.125 18.025 -72.1
    endloop
  endfacet
  facet normal 0 0 1
    outer loop
      vertex 19.0172 18.0303 -72.1
      vertex 19.0172 -18.0303 -72.1
      vertex 19.125 -18.025 -72.1
    endloop
  endfacet
  facet normal 0 0 1
    outer loop
      vertex 18.9104 18.0461 -72.1
      vertex 19.0172 -18.0303 -72.1
      vertex 19.0172 18.0303 -72.1
    endloop
  endfacet
  facet normal 0 0 1
    outer loop
      vertex 18.9104 18.0461 -72.1
      vertex 18.9104 -18.0461 -72.1
      vertex 19.0172 -18.0303 -72.1
    endloop
  endfacet
  facet normal 0 0 1
    outer loop
      vertex 18.8057 18.0724 -72.1
      vertex 18.9104 -18.0461 -72.1
      vertex 18.9104 18.0461 -72.1
    endloop
  endfacet
  facet normal 0 0 1
    outer loop
      vertex 18.8057 18.0724 -72.1
      vertex 18.8057 -18.0724 -72.1
      vertex 18.9104 -18.0461 -72.1
    endloop
  endfacet
  facet normal 0 0 1
    outer loop
      vertex 18.25 18.25 -72.1
      vertex 18.8057 18.0724 -72.1
      vertex 18.704 18.1087 -72.1
    endloop
  endfacet
  facet normal 0 0 1
    outer loop
      vertex 18.8057 18.0724 -72.1
      vertex 18.25 18.25 -72.1
      vertex 18.8057 -18.0724 -72.1
    endloop
  endfacet
  facet normal 0 0 1
    outer loop
      vertex 18.25 18.25 -72.1
      vertex 18.704 18.1087 -72.1
      vertex 18.6065 18.1549 -72.1
    endloop
  endfacet
  facet normal 0 0 1
    outer loop
      vertex 18.25 -18.25 -72.1
      vertex 18.8057 -18.0724 -72.1
      vertex 18.25 18.25 -72.1
    endloop
  endfacet
  facet normal 0 0 1
    outer loop
      vertex 18.25 18.25 -72.1
      vertex 18.6065 18.1549 -72.1
      vertex 18.5139 18.2104 -72.1
    endloop
  endfacet
  facet normal 0 0 1
    outer loop
      vertex 18.8057 -18.0724 -72.1
      vertex 18.25 -18.25 -72.1
      vertex 18.704 -18.1087 -72.1
    endloop
  endfacet
  facet normal -0 0 1
    outer loop
      vertex 18.25 18.25 -72.1
      vertex 18.5139 18.2104 -72.1
      vertex 18.4272 18.2747 -72.1
    endloop
  endfacet
  facet normal 0 0 1
    outer loop
      vertex 18.704 -18.1087 -72.1
      vertex 18.25 -18.25 -72.1
      vertex 18.6065 -18.1549 -72.1
    endloop
  endfacet
  facet normal 0 0 1
    outer loop
      vertex 18.25 18.25 -72.1
      vertex 18.4272 18.2747 -72.1
      vertex 18.3472 18.3472 -72.1
    endloop
  endfacet
  facet normal 0 0 1
    outer loop
      vertex 18.6065 -18.1549 -72.1
      vertex 18.25 -18.25 -72.1
      vertex 18.5139 -18.2104 -72.1
    endloop
  endfacet
  facet normal 0 0 1
    outer loop
      vertex 18.25 18.25 -72.1
      vertex 18.3472 18.3472 -72.1
      vertex 18.2747 18.4272 -72.1
    endloop
  endfacet
  facet normal 0 0 1
    outer loop
      vertex 18.5139 -18.2104 -72.1
      vertex 18.25 -18.25 -72.1
      vertex 18.4272 -18.2747 -72.1
    endloop
  endfacet
  facet normal 0 0 1
    outer loop
      vertex 18.4272 -18.2747 -72.1
      vertex 18.25 -18.25 -72.1
      vertex 18.3472 -18.3472 -72.1
    endloop
  endfacet
  facet normal 0 0 1
    outer loop
      vertex 18.2104 18.5139 -72.1
      vertex 18.25 18.25 -72.1
      vertex 18.2747 18.4272 -72.1
    endloop
  endfacet
  facet normal 0 0 1
    outer loop
      vertex 18.1549 18.6065 -72.1
      vertex 18.25 18.25 -72.1
      vertex 18.2104 18.5139 -72.1
    endloop
  endfacet
  facet normal 0 0 1
    outer loop
      vertex 18.1087 18.704 -72.1
      vertex 18.25 18.25 -72.1
      vertex 18.1549 18.6065 -72.1
    endloop
  endfacet
  facet normal 0 0 1
    outer loop
      vertex 18.0724 18.8057 -72.1
      vertex 18.25 18.25 -72.1
      vertex 18.1087 18.704 -72.1
    endloop
  endfacet
  facet normal -0 0 1
    outer loop
      vertex -18.025 19.125 -72.1
      vertex 18.0303 19.0172 -72.1
      vertex 18.025 19.125 -72.1
    endloop
  endfacet
  facet normal 0 0 1
    outer loop
      vertex -18.0303 19.0172 -72.1
      vertex 18.0303 19.0172 -72.1
      vertex -18.025 19.125 -72.1
    endloop
  endfacet
  facet normal 0 0 1
    outer loop
      vertex 18.0303 19.0172 -72.1
      vertex -18.0303 19.0172 -72.1
      vertex 18.0461 18.9104 -72.1
    endloop
  endfacet
  facet normal 0 0 1
    outer loop
      vertex -18.0461 18.9104 -72.1
      vertex 18.0461 18.9104 -72.1
      vertex -18.0303 19.0172 -72.1
    endloop
  endfacet
  facet normal 0 0 1
    outer loop
      vertex 18.0461 18.9104 -72.1
      vertex -18.0461 18.9104 -72.1
      vertex 18.0724 18.8057 -72.1
    endloop
  endfacet
  facet normal 0 0 1
    outer loop
      vertex -18.0724 18.8057 -72.1
      vertex 18.0724 18.8057 -72.1
      vertex -18.0461 18.9104 -72.1
    endloop
  endfacet
  facet normal 0 0 1
    outer loop
      vertex 18.0724 18.8057 -72.1
      vertex -18.0724 18.8057 -72.1
      vertex 18.25 18.25 -72.1
    endloop
  endfacet
  facet normal 0 0 1
    outer loop
      vertex -18.25 18.25 -72.1
      vertex -18.0724 18.8057 -72.1
      vertex -18.1087 18.704 -72.1
    endloop
  endfacet
  facet normal 0 0 1
    outer loop
      vertex -18.25 18.25 -72.1
      vertex -18.1087 18.704 -72.1
      vertex -18.1549 18.6065 -72.1
    endloop
  endfacet
  facet normal 0 0 1
    outer loop
      vertex -18.25 18.25 -72.1
      vertex -18.1549 18.6065 -72.1
      vertex -18.2104 18.5139 -72.1
    endloop
  endfacet
  facet normal 0 0 1
    outer loop
      vertex -18.0724 18.8057 -72.1
      vertex -18.25 18.25 -72.1
      vertex 18.25 18.25 -72.1
    endloop
  endfacet
  facet normal -0 0 1
    outer loop
      vertex -18.3472 18.3472 -72.1
      vertex -18.25 18.25 -72.1
      vertex -18.2747 18.4272 -72.1
    endloop
  endfacet
  facet normal -0 0 1
    outer loop
      vertex -18.2747 18.4272 -72.1
      vertex -18.25 18.25 -72.1
      vertex -18.2104 18.5139 -72.1
    endloop
  endfacet
  facet normal 0 0 1
    outer loop
      vertex 20.2197 19.0172 -72.1
      vertex 20.8904 19.096 -72.1
      vertex 20.225 19.125 -72.1
    endloop
  endfacet
  facet normal 0 0 1
    outer loop
      vertex 20.8904 19.096 -72.1
      vertex 20.2197 19.0172 -72.1
      vertex 20.9 18.9 -72.1
    endloop
  endfacet
  facet normal -0 0 1
    outer loop
      vertex 20.225 19.125 -72.1
      vertex 20.8904 19.096 -72.1
      vertex 20.8616 19.2902 -72.1
    endloop
  endfacet
  facet normal -0 0 1
    outer loop
      vertex 20.2039 18.9104 -72.1
      vertex 20.9 18.9 -72.1
      vertex 20.2197 19.0172 -72.1
    endloop
  endfacet
  facet normal 0 0 1
    outer loop
      vertex 20.2197 19.2328 -72.1
      vertex 20.8616 19.2902 -72.1
      vertex 20.8139 19.4806 -72.1
    endloop
  endfacet
  facet normal 0 0 1
    outer loop
      vertex 20.9 -18.9 -72.1
      vertex 20.225 -19.125 -72.1
      vertex 20.8904 -19.096 -72.1
    endloop
  endfacet
  facet normal 0 0 1
    outer loop
      vertex 20.2039 19.3396 -72.1
      vertex 20.8139 19.4806 -72.1
      vertex 20.7478 19.6654 -72.1
    endloop
  endfacet
  facet normal 0 0 1
    outer loop
      vertex 20.8904 -19.096 -72.1
      vertex 20.225 -19.125 -72.1
      vertex 20.8616 -19.2902 -72.1
    endloop
  endfacet
  facet normal 0 0 1
    outer loop
      vertex 20.1413 19.546 -72.1
      vertex 20.7478 19.6654 -72.1
      vertex 20.6638 19.8428 -72.1
    endloop
  endfacet
  facet normal -0 0 1
    outer loop
      vertex 20.2197 -19.2328 -72.1
      vertex 20.8616 -19.2902 -72.1
      vertex 20.225 -19.125 -72.1
    endloop
  endfacet
  facet normal 0 0 1
    outer loop
      vertex 20.0951 19.6435 -72.1
      vertex 20.6638 19.8428 -72.1
      vertex 20.5629 20.0111 -72.1
    endloop
  endfacet
  facet normal 0 0 1
    outer loop
      vertex 20.8616 -19.2902 -72.1
      vertex 20.2197 -19.2328 -72.1
      vertex 20.8139 -19.4806 -72.1
    endloop
  endfacet
  facet normal 0 0 1
    outer loop
      vertex 20.0396 19.7361 -72.1
      vertex 20.5629 20.0111 -72.1
      vertex 20.446 20.1688 -72.1
    endloop
  endfacet
  facet normal -0 0 1
    outer loop
      vertex 20.2039 -19.3396 -72.1
      vertex 20.8139 -19.4806 -72.1
      vertex 20.2197 -19.2328 -72.1
    endloop
  endfacet
  facet normal 0 0 1
    outer loop
      vertex 19.9753 19.8228 -72.1
      vertex 20.446 20.1688 -72.1
      vertex 20.3142 20.3142 -72.1
    endloop
  endfacet
  facet normal 0 0 1
    outer loop
      vertex 20.8139 -19.4806 -72.1
      vertex 20.2039 -19.3396 -72.1
      vertex 20.7478 -19.6654 -72.1
    endloop
  endfacet
  facet normal -0 0 1
    outer loop
      vertex 20.1776 -19.4443 -72.1
      vertex 20.7478 -19.6654 -72.1
      vertex 20.2039 -19.3396 -72.1
    endloop
  endfacet
  facet normal 0 0 1
    outer loop
      vertex 20.8616 19.2902 -72.1
      vertex 20.2197 19.2328 -72.1
      vertex 20.225 19.125 -72.1
    endloop
  endfacet
  facet normal 0 0 1
    outer loop
      vertex 20.8139 19.4806 -72.1
      vertex 20.2039 19.3396 -72.1
      vertex 20.2197 19.2328 -72.1
    endloop
  endfacet
  facet normal 0 0 1
    outer loop
      vertex 20.7478 19.6654 -72.1
      vertex 20.1776 19.4443 -72.1
      vertex 20.2039 19.3396 -72.1
    endloop
  endfacet
  facet normal 0 0 1
    outer loop
      vertex 19.8228 19.9753 -72.1
      vertex 20.3142 20.3142 -72.1
      vertex 20.1688 20.446 -72.1
    endloop
  endfacet
  facet normal 0 0 1
    outer loop
      vertex 20.7478 19.6654 -72.1
      vertex 20.1413 19.546 -72.1
      vertex 20.1776 19.4443 -72.1
    endloop
  endfacet
  facet normal 0 0 1
    outer loop
      vertex 20.6638 19.8428 -72.1
      vertex 20.0951 19.6435 -72.1
      vertex 20.1413 19.546 -72.1
    endloop
  endfacet
  facet normal 0 0 1
    outer loop
      vertex 20.5629 20.0111 -72.1
      vertex 20.0396 19.7361 -72.1
      vertex 20.0951 19.6435 -72.1
    endloop
  endfacet
  facet normal 0 0 1
    outer loop
      vertex 19.7361 20.0396 -72.1
      vertex 20.1688 20.446 -72.1
      vertex 20.0111 20.5629 -72.1
    endloop
  endfacet
  facet normal 0 0 1
    outer loop
      vertex 20.446 20.1688 -72.1
      vertex 19.9753 19.8228 -72.1
      vertex 20.0396 19.7361 -72.1
    endloop
  endfacet
  facet normal 0 0 1
    outer loop
      vertex 20.3142 20.3142 -72.1
      vertex 19.9028 19.9028 -72.1
      vertex 19.9753 19.8228 -72.1
    endloop
  endfacet
  facet normal 0 0 1
    outer loop
      vertex 19.6435 20.0951 -72.1
      vertex 20.0111 20.5629 -72.1
      vertex 19.8428 20.6638 -72.1
    endloop
  endfacet
  facet normal 0 0 1
    outer loop
      vertex 20.3142 20.3142 -72.1
      vertex 19.8228 19.9753 -72.1
      vertex 19.9028 19.9028 -72.1
    endloop
  endfacet
  facet normal 0 0 1
    outer loop
      vertex 20.1688 20.446 -72.1
      vertex 19.7361 20.0396 -72.1
      vertex 19.8228 19.9753 -72.1
    endloop
  endfacet
  facet normal 0 0 1
    outer loop
      vertex 19.546 20.1413 -72.1
      vertex 19.8428 20.6638 -72.1
      vertex 19.6654 20.7478 -72.1
    endloop
  endfacet
  facet normal 0 0 1
    outer loop
      vertex 20.0111 20.5629 -72.1
      vertex 19.6435 20.0951 -72.1
      vertex 19.7361 20.0396 -72.1
    endloop
  endfacet
  facet normal 0 0 1
    outer loop
      vertex 19.8428 20.6638 -72.1
      vertex 19.546 20.1413 -72.1
      vertex 19.6435 20.0951 -72.1
    endloop
  endfacet
  facet normal 0 0 1
    outer loop
      vertex 19.4443 20.1776 -72.1
      vertex 19.6654 20.7478 -72.1
      vertex 19.4806 20.8139 -72.1
    endloop
  endfacet
  facet normal 0 0 1
    outer loop
      vertex 19.6654 20.7478 -72.1
      vertex 19.4443 20.1776 -72.1
      vertex 19.546 20.1413 -72.1
    endloop
  endfacet
  facet normal 0 0 1
    outer loop
      vertex 19.4806 20.8139 -72.1
      vertex 19.3396 20.2039 -72.1
      vertex 19.4443 20.1776 -72.1
    endloop
  endfacet
  facet normal 0 0 1
    outer loop
      vertex 19.2328 20.2197 -72.1
      vertex 19.4806 20.8139 -72.1
      vertex 19.2902 20.8616 -72.1
    endloop
  endfacet
  facet normal 0 0 1
    outer loop
      vertex 19.4806 20.8139 -72.1
      vertex 19.2328 20.2197 -72.1
      vertex 19.3396 20.2039 -72.1
    endloop
  endfacet
  facet normal 0 0 1
    outer loop
      vertex 19.2902 20.8616 -72.1
      vertex 19.125 20.225 -72.1
      vertex 19.2328 20.2197 -72.1
    endloop
  endfacet
  facet normal 0 0 1
    outer loop
      vertex 19.096 20.8904 -72.1
      vertex 19.125 20.225 -72.1
      vertex 19.2902 20.8616 -72.1
    endloop
  endfacet
  facet normal 0 0 1
    outer loop
      vertex 19.096 20.8904 -72.1
      vertex 19.0172 20.2197 -72.1
      vertex 19.125 20.225 -72.1
    endloop
  endfacet
  facet normal 0 0 1
    outer loop
      vertex 18.9 20.9 -72.1
      vertex 19.0172 20.2197 -72.1
      vertex 19.096 20.8904 -72.1
    endloop
  endfacet
  facet normal 0 0 1
    outer loop
      vertex 19.0172 20.2197 -72.1
      vertex 18.9 20.9 -72.1
      vertex 18.9104 20.2039 -72.1
    endloop
  endfacet
  facet normal 0 0 1
    outer loop
      vertex 18.9 20.9 -72.1
      vertex 18.8057 20.1776 -72.1
      vertex 18.9104 20.2039 -72.1
    endloop
  endfacet
  facet normal 0 0 1
    outer loop
      vertex 18.9 20.9 -72.1
      vertex 18.704 20.1413 -72.1
      vertex 18.8057 20.1776 -72.1
    endloop
  endfacet
  facet normal 0 0 1
    outer loop
      vertex 18.9 20.9 -72.1
      vertex 18.6065 20.0951 -72.1
      vertex 18.704 20.1413 -72.1
    endloop
  endfacet
  facet normal 0 0 1
    outer loop
      vertex 18.9 20.9 -72.1
      vertex 18.5139 20.0396 -72.1
      vertex 18.6065 20.0951 -72.1
    endloop
  endfacet
  facet normal 0 0 1
    outer loop
      vertex 18.9 20.9 -72.1
      vertex 18.4272 19.9753 -72.1
      vertex 18.5139 20.0396 -72.1
    endloop
  endfacet
  facet normal 0 0 1
    outer loop
      vertex 18.9 20.9 -72.1
      vertex 18.3472 19.9028 -72.1
      vertex 18.4272 19.9753 -72.1
    endloop
  endfacet
  facet normal 0 0 1
    outer loop
      vertex 18.9 20.9 -72.1
      vertex 18.2747 19.8228 -72.1
      vertex 18.3472 19.9028 -72.1
    endloop
  endfacet
  facet normal 0 0 1
    outer loop
      vertex 18.9 20.9 -72.1
      vertex 18.2104 19.7361 -72.1
      vertex 18.2747 19.8228 -72.1
    endloop
  endfacet
  facet normal 0 0 1
    outer loop
      vertex -18.2104 19.7361 -72.1
      vertex 18.2104 19.7361 -72.1
      vertex 18.9 20.9 -72.1
    endloop
  endfacet
  facet normal 0 0 1
    outer loop
      vertex 18.0303 19.2328 -72.1
      vertex -18.025 19.125 -72.1
      vertex 18.025 19.125 -72.1
    endloop
  endfacet
  facet normal 0 0 1
    outer loop
      vertex -18.0303 19.2328 -72.1
      vertex 18.0303 19.2328 -72.1
      vertex 18.0461 19.3396 -72.1
    endloop
  endfacet
  facet normal 0 0 1
    outer loop
      vertex -18.0461 19.3396 -72.1
      vertex 18.0461 19.3396 -72.1
      vertex 18.0724 19.4443 -72.1
    endloop
  endfacet
  facet normal 0 0 1
    outer loop
      vertex -18.0724 19.4443 -72.1
      vertex 18.0724 19.4443 -72.1
      vertex 18.1087 19.546 -72.1
    endloop
  endfacet
  facet normal 0 0 1
    outer loop
      vertex -18.1087 19.546 -72.1
      vertex 18.1087 19.546 -72.1
      vertex 18.1549 19.6435 -72.1
    endloop
  endfacet
  facet normal 0 0 1
    outer loop
      vertex 18.2104 19.7361 -72.1
      vertex -18.2104 19.7361 -72.1
      vertex 18.1549 19.6435 -72.1
    endloop
  endfacet
  facet normal 0 0 1
    outer loop
      vertex 18.0303 19.2328 -72.1
      vertex -18.0303 19.2328 -72.1
      vertex -18.025 19.125 -72.1
    endloop
  endfacet
  facet normal 0 0 1
    outer loop
      vertex 18.0461 19.3396 -72.1
      vertex -18.0461 19.3396 -72.1
      vertex -18.0303 19.2328 -72.1
    endloop
  endfacet
  facet normal 0 0 1
    outer loop
      vertex 18.0724 19.4443 -72.1
      vertex -18.0724 19.4443 -72.1
      vertex -18.0461 19.3396 -72.1
    endloop
  endfacet
  facet normal 0 0 1
    outer loop
      vertex 18.1087 19.546 -72.1
      vertex -18.1087 19.546 -72.1
      vertex -18.0724 19.4443 -72.1
    endloop
  endfacet
  facet normal 0 0 1
    outer loop
      vertex 18.1549 19.6435 -72.1
      vertex -18.1549 19.6435 -72.1
      vertex -18.1087 19.546 -72.1
    endloop
  endfacet
  facet normal 0 0 1
    outer loop
      vertex 18.1549 19.6435 -72.1
      vertex -18.2104 19.7361 -72.1
      vertex -18.1549 19.6435 -72.1
    endloop
  endfacet
  facet normal -0 0 1
    outer loop
      vertex -18.9 20.9 -72.1
      vertex -18.2104 19.7361 -72.1
      vertex 18.9 20.9 -72.1
    endloop
  endfacet
  facet normal 0 0 1
    outer loop
      vertex -18.2104 19.7361 -72.1
      vertex -18.9 20.9 -72.1
      vertex -18.2747 19.8228 -72.1
    endloop
  endfacet
  facet normal 0 0 1
    outer loop
      vertex -18.2747 19.8228 -72.1
      vertex -18.9 20.9 -72.1
      vertex -18.3472 19.9028 -72.1
    endloop
  endfacet
  facet normal 0 0 1
    outer loop
      vertex -18.3472 19.9028 -72.1
      vertex -18.9 20.9 -72.1
      vertex -18.4272 19.9753 -72.1
    endloop
  endfacet
  facet normal 0 0 1
    outer loop
      vertex -18.4272 19.9753 -72.1
      vertex -18.9 20.9 -72.1
      vertex -18.5139 20.0396 -72.1
    endloop
  endfacet
  facet normal 0 0 1
    outer loop
      vertex -18.5139 20.0396 -72.1
      vertex -18.9 20.9 -72.1
      vertex -18.6065 20.0951 -72.1
    endloop
  endfacet
  facet normal 0 0 1
    outer loop
      vertex -18.6065 20.0951 -72.1
      vertex -18.9 20.9 -72.1
      vertex -18.704 20.1413 -72.1
    endloop
  endfacet
  facet normal 0 0 1
    outer loop
      vertex -18.704 20.1413 -72.1
      vertex -18.9 20.9 -72.1
      vertex -18.8057 20.1776 -72.1
    endloop
  endfacet
  facet normal 0 0 1
    outer loop
      vertex -18.9 20.9 -72.1
      vertex -18.9104 20.2039 -72.1
      vertex -18.8057 20.1776 -72.1
    endloop
  endfacet
  facet normal 0 0 1
    outer loop
      vertex -18.9 20.9 -72.1
      vertex -19.0172 20.2197 -72.1
      vertex -18.9104 20.2039 -72.1
    endloop
  endfacet
  facet normal -0 0 1
    outer loop
      vertex -19.096 20.8904 -72.1
      vertex -19.0172 20.2197 -72.1
      vertex -18.9 20.9 -72.1
    endloop
  endfacet
  facet normal 0 0 1
    outer loop
      vertex -19.096 20.8904 -72.1
      vertex -19.125 20.225 -72.1
      vertex -19.0172 20.2197 -72.1
    endloop
  endfacet
  facet normal -0 0 1
    outer loop
      vertex -19.2902 20.8616 -72.1
      vertex -19.125 20.225 -72.1
      vertex -19.096 20.8904 -72.1
    endloop
  endfacet
  facet normal 0 0 1
    outer loop
      vertex -19.125 20.225 -72.1
      vertex -19.2902 20.8616 -72.1
      vertex -19.2328 20.2197 -72.1
    endloop
  endfacet
  facet normal -0 0 1
    outer loop
      vertex -19.4806 20.8139 -72.1
      vertex -19.2328 20.2197 -72.1
      vertex -19.2902 20.8616 -72.1
    endloop
  endfacet
  facet normal 0 0 1
    outer loop
      vertex -19.2328 20.2197 -72.1
      vertex -19.4806 20.8139 -72.1
      vertex -19.3396 20.2039 -72.1
    endloop
  endfacet
  facet normal 0 0 1
    outer loop
      vertex -19.3396 20.2039 -72.1
      vertex -19.4806 20.8139 -72.1
      vertex -19.4443 20.1776 -72.1
    endloop
  endfacet
  facet normal -0 0 1
    outer loop
      vertex -19.6654 20.7478 -72.1
      vertex -19.4443 20.1776 -72.1
      vertex -19.4806 20.8139 -72.1
    endloop
  endfacet
  facet normal 0 0 1
    outer loop
      vertex -19.4443 20.1776 -72.1
      vertex -19.6654 20.7478 -72.1
      vertex -19.546 20.1413 -72.1
    endloop
  endfacet
  facet normal -0 0 1
    outer loop
      vertex -19.8428 20.6638 -72.1
      vertex -19.546 20.1413 -72.1
      vertex -19.6654 20.7478 -72.1
    endloop
  endfacet
  facet normal 0 0 1
    outer loop
      vertex -19.546 20.1413 -72.1
      vertex -19.8428 20.6638 -72.1
      vertex -19.6435 20.0951 -72.1
    endloop
  endfacet
  facet normal -0 0 1
    outer loop
      vertex -20.0111 20.5629 -72.1
      vertex -19.6435 20.0951 -72.1
      vertex -19.8428 20.6638 -72.1
    endloop
  endfacet
  facet normal 0 0 1
    outer loop
      vertex -19.6435 20.0951 -72.1
      vertex -20.0111 20.5629 -72.1
      vertex -19.7361 20.0396 -72.1
    endloop
  endfacet
  facet normal -0 0 1
    outer loop
      vertex -20.1688 20.446 -72.1
      vertex -19.7361 20.0396 -72.1
      vertex -20.0111 20.5629 -72.1
    endloop
  endfacet
  facet normal 0 0 1
    outer loop
      vertex -19.7361 20.0396 -72.1
      vertex -20.1688 20.446 -72.1
      vertex -19.8228 19.9753 -72.1
    endloop
  endfacet
  facet normal -0 0 1
    outer loop
      vertex -20.3142 20.3142 -72.1
      vertex -19.8228 19.9753 -72.1
      vertex -20.1688 20.446 -72.1
    endloop
  endfacet
  facet normal 0 0 1
    outer loop
      vertex -19.8228 19.9753 -72.1
      vertex -20.3142 20.3142 -72.1
      vertex -19.9028 19.9028 -72.1
    endloop
  endfacet
  facet normal 0 0 1
    outer loop
      vertex -19.9028 19.9028 -72.1
      vertex -20.3142 20.3142 -72.1
      vertex -19.9753 19.8228 -72.1
    endloop
  endfacet
  facet normal -0 0 1
    outer loop
      vertex -20.446 20.1688 -72.1
      vertex -19.9753 19.8228 -72.1
      vertex -20.3142 20.3142 -72.1
    endloop
  endfacet
  facet normal 0 0 1
    outer loop
      vertex -19.9753 19.8228 -72.1
      vertex -20.446 20.1688 -72.1
      vertex -20.0396 19.7361 -72.1
    endloop
  endfacet
  facet normal -0 0 1
    outer loop
      vertex -20.5629 20.0111 -72.1
      vertex -20.0396 19.7361 -72.1
      vertex -20.446 20.1688 -72.1
    endloop
  endfacet
  facet normal 0 0 1
    outer loop
      vertex -20.0396 19.7361 -72.1
      vertex -20.5629 20.0111 -72.1
      vertex -20.0951 19.6435 -72.1
    endloop
  endfacet
  facet normal -0 0 1
    outer loop
      vertex -20.6638 19.8428 -72.1
      vertex -20.0951 19.6435 -72.1
      vertex -20.5629 20.0111 -72.1
    endloop
  endfacet
  facet normal 0 0 1
    outer loop
      vertex -20.0951 19.6435 -72.1
      vertex -20.6638 19.8428 -72.1
      vertex -20.1413 19.546 -72.1
    endloop
  endfacet
  facet normal 0 0 1
    outer loop
      vertex -20.1776 -18.8057 -72.1
      vertex -20.9 -18.9 -72.1
      vertex -20.2039 -18.9104 -72.1
    endloop
  endfacet
  facet normal -0 0 1
    outer loop
      vertex -20.7478 19.6654 -72.1
      vertex -20.1413 19.546 -72.1
      vertex -20.6638 19.8428 -72.1
    endloop
  endfacet
  facet normal -0 0 1
    outer loop
      vertex 20.1413 -19.546 -72.1
      vertex 20.7478 -19.6654 -72.1
      vertex 20.1776 -19.4443 -72.1
    endloop
  endfacet
  facet normal 0 0 1
    outer loop
      vertex 20.7478 -19.6654 -72.1
      vertex 20.1413 -19.546 -72.1
      vertex 20.6638 -19.8428 -72.1
    endloop
  endfacet
  facet normal -0 0 1
    outer loop
      vertex 20.0951 -19.6435 -72.1
      vertex 20.6638 -19.8428 -72.1
      vertex 20.1413 -19.546 -72.1
    endloop
  endfacet
  facet normal 0 0 1
    outer loop
      vertex 20.6638 -19.8428 -72.1
      vertex 20.0951 -19.6435 -72.1
      vertex 20.5629 -20.0111 -72.1
    endloop
  endfacet
  facet normal -0 0 1
    outer loop
      vertex 20.0396 -19.7361 -72.1
      vertex 20.5629 -20.0111 -72.1
      vertex 20.0951 -19.6435 -72.1
    endloop
  endfacet
  facet normal 0 0 1
    outer loop
      vertex 20.5629 -20.0111 -72.1
      vertex 20.0396 -19.7361 -72.1
      vertex 20.446 -20.1688 -72.1
    endloop
  endfacet
  facet normal -0 0 1
    outer loop
      vertex 19.9753 -19.8228 -72.1
      vertex 20.446 -20.1688 -72.1
      vertex 20.0396 -19.7361 -72.1
    endloop
  endfacet
  facet normal 0 0 1
    outer loop
      vertex 20.446 -20.1688 -72.1
      vertex 19.9753 -19.8228 -72.1
      vertex 20.3142 -20.3142 -72.1
    endloop
  endfacet
  facet normal -0 0 1
    outer loop
      vertex 19.9028 -19.9028 -72.1
      vertex 20.3142 -20.3142 -72.1
      vertex 19.9753 -19.8228 -72.1
    endloop
  endfacet
  facet normal -0 0 1
    outer loop
      vertex 19.8228 -19.9753 -72.1
      vertex 20.3142 -20.3142 -72.1
      vertex 19.9028 -19.9028 -72.1
    endloop
  endfacet
  facet normal 0 0 1
    outer loop
      vertex 20.3142 -20.3142 -72.1
      vertex 19.8228 -19.9753 -72.1
      vertex 20.1688 -20.446 -72.1
    endloop
  endfacet
  facet normal -0 0 1
    outer loop
      vertex 19.7361 -20.0396 -72.1
      vertex 20.1688 -20.446 -72.1
      vertex 19.8228 -19.9753 -72.1
    endloop
  endfacet
  facet normal 0 0 1
    outer loop
      vertex 20.1688 -20.446 -72.1
      vertex 19.7361 -20.0396 -72.1
      vertex 20.0111 -20.5629 -72.1
    endloop
  endfacet
  facet normal -0 0 1
    outer loop
      vertex 19.6435 -20.0951 -72.1
      vertex 20.0111 -20.5629 -72.1
      vertex 19.7361 -20.0396 -72.1
    endloop
  endfacet
  facet normal 0 0 1
    outer loop
      vertex 20.0111 -20.5629 -72.1
      vertex 19.6435 -20.0951 -72.1
      vertex 19.8428 -20.6638 -72.1
    endloop
  endfacet
  facet normal -0 0 1
    outer loop
      vertex 19.546 -20.1413 -72.1
      vertex 19.8428 -20.6638 -72.1
      vertex 19.6435 -20.0951 -72.1
    endloop
  endfacet
  facet normal 0 0 1
    outer loop
      vertex 19.8428 -20.6638 -72.1
      vertex 19.546 -20.1413 -72.1
      vertex 19.6654 -20.7478 -72.1
    endloop
  endfacet
  facet normal -0 0 1
    outer loop
      vertex 19.4443 -20.1776 -72.1
      vertex 19.6654 -20.7478 -72.1
      vertex 19.546 -20.1413 -72.1
    endloop
  endfacet
  facet normal 0 0 1
    outer loop
      vertex 19.6654 -20.7478 -72.1
      vertex 19.4443 -20.1776 -72.1
      vertex 19.4806 -20.8139 -72.1
    endloop
  endfacet
  facet normal -0 0 1
    outer loop
      vertex 19.3396 -20.2039 -72.1
      vertex 19.4806 -20.8139 -72.1
      vertex 19.4443 -20.1776 -72.1
    endloop
  endfacet
  facet normal -0 0 1
    outer loop
      vertex 19.2328 -20.2197 -72.1
      vertex 19.4806 -20.8139 -72.1
      vertex 19.3396 -20.2039 -72.1
    endloop
  endfacet
  facet normal 0 0 1
    outer loop
      vertex 19.4806 -20.8139 -72.1
      vertex 19.2328 -20.2197 -72.1
      vertex 19.2902 -20.8616 -72.1
    endloop
  endfacet
  facet normal -0 0 1
    outer loop
      vertex 19.125 -20.225 -72.1
      vertex 19.2902 -20.8616 -72.1
      vertex 19.2328 -20.2197 -72.1
    endloop
  endfacet
  facet normal 0 0 1
    outer loop
      vertex 19.125 -20.225 -72.1
      vertex 19.096 -20.8904 -72.1
      vertex 19.2902 -20.8616 -72.1
    endloop
  endfacet
  facet normal 0 0 1
    outer loop
      vertex 19.0172 -20.2197 -72.1
      vertex 19.096 -20.8904 -72.1
      vertex 19.125 -20.225 -72.1
    endloop
  endfacet
  facet normal 0 0 1
    outer loop
      vertex 18.9 -20.9 -72.1
      vertex 19.0172 -20.2197 -72.1
      vertex 18.9104 -20.2039 -72.1
    endloop
  endfacet
  facet normal 0 0 1
    outer loop
      vertex 19.0172 -20.2197 -72.1
      vertex 18.9 -20.9 -72.1
      vertex 19.096 -20.8904 -72.1
    endloop
  endfacet
  facet normal 0 0 1
    outer loop
      vertex 18.8057 -20.1776 -72.1
      vertex 18.9 -20.9 -72.1
      vertex 18.9104 -20.2039 -72.1
    endloop
  endfacet
  facet normal 0 0 1
    outer loop
      vertex 18.704 -20.1413 -72.1
      vertex 18.9 -20.9 -72.1
      vertex 18.8057 -20.1776 -72.1
    endloop
  endfacet
  facet normal 0 0 1
    outer loop
      vertex 18.6065 -20.0951 -72.1
      vertex 18.9 -20.9 -72.1
      vertex 18.704 -20.1413 -72.1
    endloop
  endfacet
  facet normal 0 0 1
    outer loop
      vertex 18.5139 -20.0396 -72.1
      vertex 18.9 -20.9 -72.1
      vertex 18.6065 -20.0951 -72.1
    endloop
  endfacet
  facet normal 0 0 1
    outer loop
      vertex 18.4272 -19.9753 -72.1
      vertex 18.9 -20.9 -72.1
      vertex 18.5139 -20.0396 -72.1
    endloop
  endfacet
  facet normal 0 0 1
    outer loop
      vertex 18.3472 -19.9028 -72.1
      vertex 18.9 -20.9 -72.1
      vertex 18.4272 -19.9753 -72.1
    endloop
  endfacet
  facet normal 0 0 1
    outer loop
      vertex 18.2747 -19.8228 -72.1
      vertex 18.9 -20.9 -72.1
      vertex 18.3472 -19.9028 -72.1
    endloop
  endfacet
  facet normal 0 0 1
    outer loop
      vertex 18.2104 -19.7361 -72.1
      vertex 18.9 -20.9 -72.1
      vertex 18.2747 -19.8228 -72.1
    endloop
  endfacet
  facet normal 0 0 1
    outer loop
      vertex 5.15 -20.9 -72.1
      vertex 18.2104 -19.7361 -72.1
      vertex 18.1549 -19.6435 -72.1
    endloop
  endfacet
  facet normal 0 0 1
    outer loop
      vertex 5.15 -18.7 -72.1
      vertex 18.0303 -19.2328 -72.1
      vertex 18.025 -19.125 -72.1
    endloop
  endfacet
  facet normal 0 0 1
    outer loop
      vertex 5.15 -20.9 -72.1
      vertex 18.0303 -19.2328 -72.1
      vertex 5.15 -18.7 -72.1
    endloop
  endfacet
  facet normal 0 0 1
    outer loop
      vertex 18.0303 -19.2328 -72.1
      vertex 5.15 -20.9 -72.1
      vertex 18.0461 -19.3396 -72.1
    endloop
  endfacet
  facet normal 0 0 1
    outer loop
      vertex 18.0461 -19.3396 -72.1
      vertex 5.15 -20.9 -72.1
      vertex 18.0724 -19.4443 -72.1
    endloop
  endfacet
  facet normal 0 0 1
    outer loop
      vertex 18.0724 -19.4443 -72.1
      vertex 5.15 -20.9 -72.1
      vertex 18.1087 -19.546 -72.1
    endloop
  endfacet
  facet normal 0 0 1
    outer loop
      vertex 18.1087 -19.546 -72.1
      vertex 5.15 -20.9 -72.1
      vertex 18.1549 -19.6435 -72.1
    endloop
  endfacet
  facet normal 0 0 1
    outer loop
      vertex 18.2104 -19.7361 -72.1
      vertex 5.15 -20.9 -72.1
      vertex 18.9 -20.9 -72.1
    endloop
  endfacet
  facet normal 0 0 1
    outer loop
      vertex 18.3472 -18.3472 -72.1
      vertex 18.25 -18.25 -72.1
      vertex 18.2747 -18.4272 -72.1
    endloop
  endfacet
  facet normal 0 0 1
    outer loop
      vertex 18.25 -18.25 -72.1
      vertex 18.2104 -18.5139 -72.1
      vertex 18.2747 -18.4272 -72.1
    endloop
  endfacet
  facet normal 0 0 1
    outer loop
      vertex 18.25 -18.25 -72.1
      vertex 18.1549 -18.6065 -72.1
      vertex 18.2104 -18.5139 -72.1
    endloop
  endfacet
  facet normal 0 0 1
    outer loop
      vertex 18.25 -18.25 -72.1
      vertex 18.1087 -18.704 -72.1
      vertex 18.1549 -18.6065 -72.1
    endloop
  endfacet
  facet normal 0 0 1
    outer loop
      vertex 18.25 -18.25 -72.1
      vertex 18.0724 -18.8057 -72.1
      vertex 18.1087 -18.704 -72.1
    endloop
  endfacet
  facet normal 0 0 1
    outer loop
      vertex 18.0303 -19.0172 -72.1
      vertex 5.15 -18.7 -72.1
      vertex 18.025 -19.125 -72.1
    endloop
  endfacet
  facet normal 0 0 1
    outer loop
      vertex 18.0461 -18.9104 -72.1
      vertex 5.15 -18.7 -72.1
      vertex 18.0303 -19.0172 -72.1
    endloop
  endfacet
  facet normal 0 0 1
    outer loop
      vertex 18.0724 -18.8057 -72.1
      vertex 5.15 -18.7 -72.1
      vertex 18.0461 -18.9104 -72.1
    endloop
  endfacet
  facet normal 0 0 1
    outer loop
      vertex 18.25 -18.25 -72.1
      vertex 5.15 -18.7 -72.1
      vertex 18.0724 -18.8057 -72.1
    endloop
  endfacet
  facet normal 0 0 1
    outer loop
      vertex 18.25 -18.25 -72.1
      vertex -5.15 -18.7 -72.1
      vertex 5.15 -18.7 -72.1
    endloop
  endfacet
  facet normal 0 0 1
    outer loop
      vertex -18.0303 -19.2328 -72.1
      vertex -5.15 -18.7 -72.1
      vertex -18.025 -19.125 -72.1
    endloop
  endfacet
  facet normal 0 0 1
    outer loop
      vertex -5.15 -18.7 -72.1
      vertex -18.0303 -19.0172 -72.1
      vertex -18.025 -19.125 -72.1
    endloop
  endfacet
  facet normal 0 0 1
    outer loop
      vertex -5.15 -18.7 -72.1
      vertex -18.0461 -18.9104 -72.1
      vertex -18.0303 -19.0172 -72.1
    endloop
  endfacet
  facet normal -0 0 1
    outer loop
      vertex -18.25 -18.25 -72.1
      vertex -5.15 -18.7 -72.1
      vertex 18.25 -18.25 -72.1
    endloop
  endfacet
  facet normal 0 0 1
    outer loop
      vertex -5.15 -18.7 -72.1
      vertex -18.0724 -18.8057 -72.1
      vertex -18.0461 -18.9104 -72.1
    endloop
  endfacet
  facet normal 0 0 1
    outer loop
      vertex -5.15 -18.7 -72.1
      vertex -18.25 -18.25 -72.1
      vertex -18.0724 -18.8057 -72.1
    endloop
  endfacet
  facet normal 0 0 1
    outer loop
      vertex -18.0724 -18.8057 -72.1
      vertex -18.25 -18.25 -72.1
      vertex -18.1087 -18.704 -72.1
    endloop
  endfacet
  facet normal 0 0 1
    outer loop
      vertex -18.1087 -18.704 -72.1
      vertex -18.25 -18.25 -72.1
      vertex -18.1549 -18.6065 -72.1
    endloop
  endfacet
  facet normal 0 0 1
    outer loop
      vertex -18.1549 -18.6065 -72.1
      vertex -18.25 -18.25 -72.1
      vertex -18.2104 -18.5139 -72.1
    endloop
  endfacet
  facet normal 0 0 1
    outer loop
      vertex -18.25 -18.25 -72.1
      vertex -18.2747 -18.4272 -72.1
      vertex -18.2104 -18.5139 -72.1
    endloop
  endfacet
  facet normal -0 0 1
    outer loop
      vertex -18.4272 18.2747 -72.1
      vertex -18.25 18.25 -72.1
      vertex -18.3472 18.3472 -72.1
    endloop
  endfacet
  facet normal 0 0 1
    outer loop
      vertex -18.5139 18.2104 -72.1
      vertex -18.25 18.25 -72.1
      vertex -18.4272 18.2747 -72.1
    endloop
  endfacet
  facet normal 0 0 1
    outer loop
      vertex -18.25 -18.25 -72.1
      vertex -18.3472 -18.3472 -72.1
      vertex -18.2747 -18.4272 -72.1
    endloop
  endfacet
  facet normal 0 0 1
    outer loop
      vertex -18.6065 18.1549 -72.1
      vertex -18.25 18.25 -72.1
      vertex -18.5139 18.2104 -72.1
    endloop
  endfacet
  facet normal 0 0 1
    outer loop
      vertex -18.25 -18.25 -72.1
      vertex -18.4272 -18.2747 -72.1
      vertex -18.3472 -18.3472 -72.1
    endloop
  endfacet
  facet normal 0 0 1
    outer loop
      vertex -18.704 18.1087 -72.1
      vertex -18.25 18.25 -72.1
      vertex -18.6065 18.1549 -72.1
    endloop
  endfacet
  facet normal 0 0 1
    outer loop
      vertex -18.25 -18.25 -72.1
      vertex -18.5139 -18.2104 -72.1
      vertex -18.4272 -18.2747 -72.1
    endloop
  endfacet
  facet normal 0 0 1
    outer loop
      vertex -18.8057 18.0724 -72.1
      vertex -18.25 18.25 -72.1
      vertex -18.704 18.1087 -72.1
    endloop
  endfacet
  facet normal 0 0 1
    outer loop
      vertex -18.25 -18.25 -72.1
      vertex -18.6065 -18.1549 -72.1
      vertex -18.5139 -18.2104 -72.1
    endloop
  endfacet
  facet normal 0 0 1
    outer loop
      vertex -18.25 18.25 -72.1
      vertex -18.8057 18.0724 -72.1
      vertex -18.25 -18.25 -72.1
    endloop
  endfacet
  facet normal 0 0 1
    outer loop
      vertex -18.25 -18.25 -72.1
      vertex -18.704 -18.1087 -72.1
      vertex -18.6065 -18.1549 -72.1
    endloop
  endfacet
  facet normal -0 0 1
    outer loop
      vertex -18.8057 -18.0724 -72.1
      vertex -18.25 -18.25 -72.1
      vertex -18.8057 18.0724 -72.1
    endloop
  endfacet
  facet normal 0 0 1
    outer loop
      vertex -18.25 -18.25 -72.1
      vertex -18.8057 -18.0724 -72.1
      vertex -18.704 -18.1087 -72.1
    endloop
  endfacet
  facet normal -0 0 1
    outer loop
      vertex -18.9104 18.0461 -72.1
      vertex -18.8057 -18.0724 -72.1
      vertex -18.8057 18.0724 -72.1
    endloop
  endfacet
  facet normal 0 0 1
    outer loop
      vertex -18.9104 18.0461 -72.1
      vertex -18.9104 -18.0461 -72.1
      vertex -18.8057 -18.0724 -72.1
    endloop
  endfacet
  facet normal -0 0 1
    outer loop
      vertex -19.0172 18.0303 -72.1
      vertex -18.9104 -18.0461 -72.1
      vertex -18.9104 18.0461 -72.1
    endloop
  endfacet
  facet normal 0 0 1
    outer loop
      vertex -19.0172 18.0303 -72.1
      vertex -19.0172 -18.0303 -72.1
      vertex -18.9104 -18.0461 -72.1
    endloop
  endfacet
  facet normal -0 0 1
    outer loop
      vertex -19.125 18.025 -72.1
      vertex -19.0172 -18.0303 -72.1
      vertex -19.0172 18.0303 -72.1
    endloop
  endfacet
  facet normal 0 0 1
    outer loop
      vertex -19.125 18.025 -72.1
      vertex -19.125 -18.025 -72.1
      vertex -19.0172 -18.0303 -72.1
    endloop
  endfacet
  facet normal 0 0 1
    outer loop
      vertex -19.2328 18.0303 -72.1
      vertex -19.125 -18.025 -72.1
      vertex -19.125 18.025 -72.1
    endloop
  endfacet
  facet normal 0 0 1
    outer loop
      vertex -19.2328 18.0303 -72.1
      vertex -19.2328 -18.0303 -72.1
      vertex -19.125 -18.025 -72.1
    endloop
  endfacet
  facet normal 0 0 1
    outer loop
      vertex -19.3396 18.0461 -72.1
      vertex -19.2328 -18.0303 -72.1
      vertex -19.2328 18.0303 -72.1
    endloop
  endfacet
  facet normal 0 0 1
    outer loop
      vertex -19.3396 18.0461 -72.1
      vertex -19.3396 -18.0461 -72.1
      vertex -19.2328 -18.0303 -72.1
    endloop
  endfacet
  facet normal 0 0 1
    outer loop
      vertex -19.4443 18.0724 -72.1
      vertex -19.3396 -18.0461 -72.1
      vertex -19.3396 18.0461 -72.1
    endloop
  endfacet
  facet normal 0 0 1
    outer loop
      vertex -19.4443 18.0724 -72.1
      vertex -19.4443 -18.0724 -72.1
      vertex -19.3396 -18.0461 -72.1
    endloop
  endfacet
  facet normal 0 0 1
    outer loop
      vertex -19.546 18.1087 -72.1
      vertex -19.4443 -18.0724 -72.1
      vertex -19.4443 18.0724 -72.1
    endloop
  endfacet
  facet normal 0 0 1
    outer loop
      vertex -19.546 18.1087 -72.1
      vertex -19.546 -18.1087 -72.1
      vertex -19.4443 -18.0724 -72.1
    endloop
  endfacet
  facet normal 0 0 1
    outer loop
      vertex -19.6435 18.1549 -72.1
      vertex -19.546 -18.1087 -72.1
      vertex -19.546 18.1087 -72.1
    endloop
  endfacet
  facet normal 0 0 1
    outer loop
      vertex -19.6435 18.1549 -72.1
      vertex -19.6435 -18.1549 -72.1
      vertex -19.546 -18.1087 -72.1
    endloop
  endfacet
  facet normal 0 0 1
    outer loop
      vertex -19.7361 18.2104 -72.1
      vertex -19.6435 -18.1549 -72.1
      vertex -19.6435 18.1549 -72.1
    endloop
  endfacet
  facet normal 0 0 1
    outer loop
      vertex -19.7361 18.2104 -72.1
      vertex -19.7361 -18.2104 -72.1
      vertex -19.6435 -18.1549 -72.1
    endloop
  endfacet
  facet normal 0 0 1
    outer loop
      vertex -20.9 18.9 -72.1
      vertex -19.7361 18.2104 -72.1
      vertex -19.8228 18.2747 -72.1
    endloop
  endfacet
  facet normal 0 0 1
    outer loop
      vertex -19.7361 18.2104 -72.1
      vertex -20.9 18.9 -72.1
      vertex -19.7361 -18.2104 -72.1
    endloop
  endfacet
  facet normal 0 0 1
    outer loop
      vertex -20.9 18.9 -72.1
      vertex -19.8228 18.2747 -72.1
      vertex -19.9028 18.3472 -72.1
    endloop
  endfacet
  facet normal 0 0 1
    outer loop
      vertex -20.9 -18.9 -72.1
      vertex -19.7361 -18.2104 -72.1
      vertex -20.9 18.9 -72.1
    endloop
  endfacet
  facet normal 0 0 1
    outer loop
      vertex -20.9 18.9 -72.1
      vertex -19.9028 18.3472 -72.1
      vertex -19.9753 18.4272 -72.1
    endloop
  endfacet
  facet normal 0 0 1
    outer loop
      vertex -19.7361 -18.2104 -72.1
      vertex -20.9 -18.9 -72.1
      vertex -19.8228 -18.2747 -72.1
    endloop
  endfacet
  facet normal 0 0 1
    outer loop
      vertex -20.9 18.9 -72.1
      vertex -19.9753 18.4272 -72.1
      vertex -20.0396 18.5139 -72.1
    endloop
  endfacet
  facet normal 0 0 1
    outer loop
      vertex -19.8228 -18.2747 -72.1
      vertex -20.9 -18.9 -72.1
      vertex -19.9028 -18.3472 -72.1
    endloop
  endfacet
  facet normal 0 0 1
    outer loop
      vertex -20.9 18.9 -72.1
      vertex -20.0396 18.5139 -72.1
      vertex -20.0951 18.6065 -72.1
    endloop
  endfacet
  facet normal 0 0 1
    outer loop
      vertex -19.9028 -18.3472 -72.1
      vertex -20.9 -18.9 -72.1
      vertex -19.9753 -18.4272 -72.1
    endloop
  endfacet
  facet normal 0 0 1
    outer loop
      vertex -20.9 18.9 -72.1
      vertex -20.0951 18.6065 -72.1
      vertex -20.1413 18.704 -72.1
    endloop
  endfacet
  facet normal 0 0 1
    outer loop
      vertex -19.9753 -18.4272 -72.1
      vertex -20.9 -18.9 -72.1
      vertex -20.0396 -18.5139 -72.1
    endloop
  endfacet
  facet normal 0 0 1
    outer loop
      vertex -20.9 18.9 -72.1
      vertex -20.1413 18.704 -72.1
      vertex -20.1776 18.8057 -72.1
    endloop
  endfacet
  facet normal 0 0 1
    outer loop
      vertex -20.0396 -18.5139 -72.1
      vertex -20.9 -18.9 -72.1
      vertex -20.0951 -18.6065 -72.1
    endloop
  endfacet
  facet normal -0 0 1
    outer loop
      vertex -20.9 18.9 -72.1
      vertex -20.1776 18.8057 -72.1
      vertex -20.2039 18.9104 -72.1
    endloop
  endfacet
  facet normal 0 0 1
    outer loop
      vertex -20.0951 -18.6065 -72.1
      vertex -20.9 -18.9 -72.1
      vertex -20.1413 -18.704 -72.1
    endloop
  endfacet
  facet normal 0 0 1
    outer loop
      vertex -20.9 18.9 -72.1
      vertex -20.2039 18.9104 -72.1
      vertex -20.2197 19.0172 -72.1
    endloop
  endfacet
  facet normal 0 0 1
    outer loop
      vertex -20.1413 -18.704 -72.1
      vertex -20.9 -18.9 -72.1
      vertex -20.1776 -18.8057 -72.1
    endloop
  endfacet
  facet normal 0 0 1
    outer loop
      vertex -20.2197 19.2328 -72.1
      vertex -20.9 18.9 -72.1
      vertex -20.225 19.125 -72.1
    endloop
  endfacet
  facet normal 0 0 1
    outer loop
      vertex -20.225 19.125 -72.1
      vertex -20.9 18.9 -72.1
      vertex -20.2197 19.0172 -72.1
    endloop
  endfacet
  facet normal 0 0 1
    outer loop
      vertex -5.15 -18.7 -72.1
      vertex -18.0303 -19.2328 -72.1
      vertex -5.15 -20.9 -72.1
    endloop
  endfacet
  facet normal -0 0 1
    outer loop
      vertex -18.0461 -19.3396 -72.1
      vertex -5.15 -20.9 -72.1
      vertex -18.0303 -19.2328 -72.1
    endloop
  endfacet
  facet normal -0 0 1
    outer loop
      vertex -18.0724 -19.4443 -72.1
      vertex -5.15 -20.9 -72.1
      vertex -18.0461 -19.3396 -72.1
    endloop
  endfacet
  facet normal -0 0 1
    outer loop
      vertex -18.1087 -19.546 -72.1
      vertex -5.15 -20.9 -72.1
      vertex -18.0724 -19.4443 -72.1
    endloop
  endfacet
  facet normal -0 0 1
    outer loop
      vertex -18.1549 -19.6435 -72.1
      vertex -5.15 -20.9 -72.1
      vertex -18.1087 -19.546 -72.1
    endloop
  endfacet
  facet normal -0 0 1
    outer loop
      vertex -18.2104 -19.7361 -72.1
      vertex -5.15 -20.9 -72.1
      vertex -18.1549 -19.6435 -72.1
    endloop
  endfacet
  facet normal 0 0 1
    outer loop
      vertex -18.9 -20.9 -72.1
      vertex -18.2104 -19.7361 -72.1
      vertex -18.2747 -19.8228 -72.1
    endloop
  endfacet
  facet normal 0 0 1
    outer loop
      vertex -18.9 -20.9 -72.1
      vertex -18.2747 -19.8228 -72.1
      vertex -18.3472 -19.9028 -72.1
    endloop
  endfacet
  facet normal 0 0 1
    outer loop
      vertex -18.9 -20.9 -72.1
      vertex -18.3472 -19.9028 -72.1
      vertex -18.4272 -19.9753 -72.1
    endloop
  endfacet
  facet normal 0 0 1
    outer loop
      vertex -18.9 -20.9 -72.1
      vertex -18.4272 -19.9753 -72.1
      vertex -18.5139 -20.0396 -72.1
    endloop
  endfacet
  facet normal 0 0 1
    outer loop
      vertex -18.9 -20.9 -72.1
      vertex -18.5139 -20.0396 -72.1
      vertex -18.6065 -20.0951 -72.1
    endloop
  endfacet
  facet normal 0 0 1
    outer loop
      vertex -18.9 -20.9 -72.1
      vertex -18.6065 -20.0951 -72.1
      vertex -18.704 -20.1413 -72.1
    endloop
  endfacet
  facet normal 0 0 1
    outer loop
      vertex -18.9 -20.9 -72.1
      vertex -18.704 -20.1413 -72.1
      vertex -18.8057 -20.1776 -72.1
    endloop
  endfacet
  facet normal 0 0 1
    outer loop
      vertex -18.2104 -19.7361 -72.1
      vertex -18.9 -20.9 -72.1
      vertex -5.15 -20.9 -72.1
    endloop
  endfacet
  facet normal -0 0 1
    outer loop
      vertex -18.9104 -20.2039 -72.1
      vertex -18.9 -20.9 -72.1
      vertex -18.8057 -20.1776 -72.1
    endloop
  endfacet
  facet normal -0 0 1
    outer loop
      vertex -19.0172 -20.2197 -72.1
      vertex -18.9 -20.9 -72.1
      vertex -18.9104 -20.2039 -72.1
    endloop
  endfacet
  facet normal 0 0 1
    outer loop
      vertex -19.0172 -20.2197 -72.1
      vertex -19.096 -20.8904 -72.1
      vertex -18.9 -20.9 -72.1
    endloop
  endfacet
  facet normal -0 0 1
    outer loop
      vertex -19.125 -20.225 -72.1
      vertex -19.096 -20.8904 -72.1
      vertex -19.0172 -20.2197 -72.1
    endloop
  endfacet
  facet normal 0 0 1
    outer loop
      vertex -19.2902 -20.8616 -72.1
      vertex -19.125 -20.225 -72.1
      vertex -19.2328 -20.2197 -72.1
    endloop
  endfacet
  facet normal 0 0 1
    outer loop
      vertex -19.125 -20.225 -72.1
      vertex -19.2902 -20.8616 -72.1
      vertex -19.096 -20.8904 -72.1
    endloop
  endfacet
  facet normal 0 0 1
    outer loop
      vertex -19.4806 -20.8139 -72.1
      vertex -19.2328 -20.2197 -72.1
      vertex -19.3396 -20.2039 -72.1
    endloop
  endfacet
  facet normal 0 0 1
    outer loop
      vertex -19.4806 -20.8139 -72.1
      vertex -19.3396 -20.2039 -72.1
      vertex -19.4443 -20.1776 -72.1
    endloop
  endfacet
  facet normal 0 0 1
    outer loop
      vertex -19.2328 -20.2197 -72.1
      vertex -19.4806 -20.8139 -72.1
      vertex -19.2902 -20.8616 -72.1
    endloop
  endfacet
  facet normal 0 0 1
    outer loop
      vertex -19.6654 -20.7478 -72.1
      vertex -19.4443 -20.1776 -72.1
      vertex -19.546 -20.1413 -72.1
    endloop
  endfacet
  facet normal 0 0 1
    outer loop
      vertex -19.8428 -20.6638 -72.1
      vertex -19.546 -20.1413 -72.1
      vertex -19.6435 -20.0951 -72.1
    endloop
  endfacet
  facet normal 0 0 1
    outer loop
      vertex -19.4443 -20.1776 -72.1
      vertex -19.6654 -20.7478 -72.1
      vertex -19.4806 -20.8139 -72.1
    endloop
  endfacet
  facet normal 0 0 1
    outer loop
      vertex -20.0111 -20.5629 -72.1
      vertex -19.6435 -20.0951 -72.1
      vertex -19.7361 -20.0396 -72.1
    endloop
  endfacet
  facet normal 0 0 1
    outer loop
      vertex -20.1688 -20.446 -72.1
      vertex -19.7361 -20.0396 -72.1
      vertex -19.8228 -19.9753 -72.1
    endloop
  endfacet
  facet normal 0 0 1
    outer loop
      vertex -19.546 -20.1413 -72.1
      vertex -19.8428 -20.6638 -72.1
      vertex -19.6654 -20.7478 -72.1
    endloop
  endfacet
  facet normal 0 0 1
    outer loop
      vertex -20.3142 -20.3142 -72.1
      vertex -19.8228 -19.9753 -72.1
      vertex -19.9028 -19.9028 -72.1
    endloop
  endfacet
  facet normal 0 0 1
    outer loop
      vertex -20.3142 -20.3142 -72.1
      vertex -19.9028 -19.9028 -72.1
      vertex -19.9753 -19.8228 -72.1
    endloop
  endfacet
  facet normal 0 0 1
    outer loop
      vertex -19.6435 -20.0951 -72.1
      vertex -20.0111 -20.5629 -72.1
      vertex -19.8428 -20.6638 -72.1
    endloop
  endfacet
  facet normal 0 0 1
    outer loop
      vertex -20.446 -20.1688 -72.1
      vertex -19.9753 -19.8228 -72.1
      vertex -20.0396 -19.7361 -72.1
    endloop
  endfacet
  facet normal 0 0 1
    outer loop
      vertex -20.5629 -20.0111 -72.1
      vertex -20.0396 -19.7361 -72.1
      vertex -20.0951 -19.6435 -72.1
    endloop
  endfacet
  facet normal 0 0 1
    outer loop
      vertex -20.6638 -19.8428 -72.1
      vertex -20.0951 -19.6435 -72.1
      vertex -20.1413 -19.546 -72.1
    endloop
  endfacet
  facet normal 0 0 1
    outer loop
      vertex -19.7361 -20.0396 -72.1
      vertex -20.1688 -20.446 -72.1
      vertex -20.0111 -20.5629 -72.1
    endloop
  endfacet
  facet normal 0 0 1
    outer loop
      vertex -20.7478 -19.6654 -72.1
      vertex -20.1413 -19.546 -72.1
      vertex -20.1776 -19.4443 -72.1
    endloop
  endfacet
  facet normal 0 0 1
    outer loop
      vertex -20.7478 -19.6654 -72.1
      vertex -20.1776 -19.4443 -72.1
      vertex -20.2039 -19.3396 -72.1
    endloop
  endfacet
  facet normal 0 0 1
    outer loop
      vertex -20.8139 -19.4806 -72.1
      vertex -20.2039 -19.3396 -72.1
      vertex -20.2197 -19.2328 -72.1
    endloop
  endfacet
  facet normal 0 0 1
    outer loop
      vertex -20.8616 -19.2902 -72.1
      vertex -20.2197 -19.2328 -72.1
      vertex -20.225 -19.125 -72.1
    endloop
  endfacet
  facet normal 0 0 1
    outer loop
      vertex -19.8228 -19.9753 -72.1
      vertex -20.3142 -20.3142 -72.1
      vertex -20.1688 -20.446 -72.1
    endloop
  endfacet
  facet normal 0 0 1
    outer loop
      vertex -20.2039 -18.9104 -72.1
      vertex -20.9 -18.9 -72.1
      vertex -20.2197 -19.0172 -72.1
    endloop
  endfacet
  facet normal 0 0 1
    outer loop
      vertex -20.1413 19.546 -72.1
      vertex -20.7478 19.6654 -72.1
      vertex -20.1776 19.4443 -72.1
    endloop
  endfacet
  facet normal 0 -0 1
    outer loop
      vertex -20.8904 -19.096 -72.1
      vertex -20.2197 -19.0172 -72.1
      vertex -20.9 -18.9 -72.1
    endloop
  endfacet
  facet normal 0 0 1
    outer loop
      vertex -20.1776 19.4443 -72.1
      vertex -20.7478 19.6654 -72.1
      vertex -20.2039 19.3396 -72.1
    endloop
  endfacet
  facet normal 0 0 1
    outer loop
      vertex -20.2197 -19.0172 -72.1
      vertex -20.8904 -19.096 -72.1
      vertex -20.225 -19.125 -72.1
    endloop
  endfacet
  facet normal -0 0 1
    outer loop
      vertex -20.8139 19.4806 -72.1
      vertex -20.2039 19.3396 -72.1
      vertex -20.7478 19.6654 -72.1
    endloop
  endfacet
  facet normal 0 0 1
    outer loop
      vertex -19.9753 -19.8228 -72.1
      vertex -20.446 -20.1688 -72.1
      vertex -20.3142 -20.3142 -72.1
    endloop
  endfacet
  facet normal 0 0 1
    outer loop
      vertex -20.2039 19.3396 -72.1
      vertex -20.8139 19.4806 -72.1
      vertex -20.2197 19.2328 -72.1
    endloop
  endfacet
  facet normal 0 0 1
    outer loop
      vertex -20.0396 -19.7361 -72.1
      vertex -20.5629 -20.0111 -72.1
      vertex -20.446 -20.1688 -72.1
    endloop
  endfacet
  facet normal -0 0 1
    outer loop
      vertex -20.8616 19.2902 -72.1
      vertex -20.2197 19.2328 -72.1
      vertex -20.8139 19.4806 -72.1
    endloop
  endfacet
  facet normal 0 0 1
    outer loop
      vertex -20.0951 -19.6435 -72.1
      vertex -20.6638 -19.8428 -72.1
      vertex -20.5629 -20.0111 -72.1
    endloop
  endfacet
  facet normal 0 0 1
    outer loop
      vertex -20.8904 19.096 -72.1
      vertex -20.2197 19.2328 -72.1
      vertex -20.8616 19.2902 -72.1
    endloop
  endfacet
  facet normal 0 0 1
    outer loop
      vertex -20.1413 -19.546 -72.1
      vertex -20.7478 -19.6654 -72.1
      vertex -20.6638 -19.8428 -72.1
    endloop
  endfacet
  facet normal 0 0 1
    outer loop
      vertex -20.2197 19.2328 -72.1
      vertex -20.8904 19.096 -72.1
      vertex -20.9 18.9 -72.1
    endloop
  endfacet
  facet normal 0 0 1
    outer loop
      vertex -20.2039 -19.3396 -72.1
      vertex -20.8139 -19.4806 -72.1
      vertex -20.7478 -19.6654 -72.1
    endloop
  endfacet
  facet normal 0 0 1
    outer loop
      vertex -20.2197 -19.2328 -72.1
      vertex -20.8616 -19.2902 -72.1
      vertex -20.8139 -19.4806 -72.1
    endloop
  endfacet
  facet normal 0 0 1
    outer loop
      vertex -20.225 -19.125 -72.1
      vertex -20.8904 -19.096 -72.1
      vertex -20.8616 -19.2902 -72.1
    endloop
  endfacet
  facet normal 0 1 -0
    outer loop
      vertex 18.9 20.9 -76.1
      vertex -18.9 20.9 -72.1
      vertex 18.9 20.9 -72.1
    endloop
  endfacet
  facet normal 0 1 0
    outer loop
      vertex -18.9 20.9 -72.1
      vertex 18.9 20.9 -76.1
      vertex -18.9 20.9 -76.1
    endloop
  endfacet
  facet normal -1 0 0
    outer loop
      vertex -20.9 18.9 -76.1
      vertex -20.9 1.35 -74.1
      vertex -20.9 18.9 -72.1
    endloop
  endfacet
  facet normal -1 0 0
    outer loop
      vertex -20.9 18.9 -76.1
      vertex -20.9 1.3435 -74.2323
      vertex -20.9 1.35 -74.1
    endloop
  endfacet
  facet normal -1 0 0
    outer loop
      vertex -20.9 18.9 -76.1
      vertex -20.9 1.32406 -74.3634
      vertex -20.9 1.3435 -74.2323
    endloop
  endfacet
  facet normal -1 0 0
    outer loop
      vertex -20.9 18.9 -76.1
      vertex -20.9 1.29187 -74.4919
      vertex -20.9 1.32406 -74.3634
    endloop
  endfacet
  facet normal -1 0 0
    outer loop
      vertex -20.9 18.9 -76.1
      vertex -20.9 1.24724 -74.6166
      vertex -20.9 1.29187 -74.4919
    endloop
  endfacet
  facet normal -1 0 0
    outer loop
      vertex -20.9 18.9 -76.1
      vertex -20.9 1.19059 -74.7364
      vertex -20.9 1.24724 -74.6166
    endloop
  endfacet
  facet normal -1 0 0
    outer loop
      vertex -20.9 18.9 -76.1
      vertex -20.9 1.12248 -74.85
      vertex -20.9 1.19059 -74.7364
    endloop
  endfacet
  facet normal -1 0 0
    outer loop
      vertex -20.9 18.9 -76.1
      vertex -20.9 1.04356 -74.9564
      vertex -20.9 1.12248 -74.85
    endloop
  endfacet
  facet normal -1 0 0
    outer loop
      vertex -20.9 18.9 -76.1
      vertex -20.9 0.954594 -75.0546
      vertex -20.9 1.04356 -74.9564
    endloop
  endfacet
  facet normal -1 0 0
    outer loop
      vertex -20.9 18.9 -76.1
      vertex -20.9 0.85643 -75.1436
      vertex -20.9 0.954594 -75.0546
    endloop
  endfacet
  facet normal -1 0 0
    outer loop
      vertex -20.9 18.9 -76.1
      vertex -20.9 0.750019 -75.2225
      vertex -20.9 0.85643 -75.1436
    endloop
  endfacet
  facet normal -1 0 0
    outer loop
      vertex -20.9 18.9 -76.1
      vertex -20.9 0.636385 -75.2906
      vertex -20.9 0.750019 -75.2225
    endloop
  endfacet
  facet normal -1 0 0
    outer loop
      vertex -20.9 18.9 -76.1
      vertex -20.9 0.516623 -75.3472
      vertex -20.9 0.636385 -75.2906
    endloop
  endfacet
  facet normal -1 0 0
    outer loop
      vertex -20.9 18.9 -76.1
      vertex -20.9 0.391884 -75.3919
      vertex -20.9 0.516623 -75.3472
    endloop
  endfacet
  facet normal -1 0 0
    outer loop
      vertex -20.9 18.9 -76.1
      vertex -20.9 0.263371 -75.4241
      vertex -20.9 0.391884 -75.3919
    endloop
  endfacet
  facet normal -1 0 0
    outer loop
      vertex -20.9 18.9 -76.1
      vertex -20.9 0.132322 -75.4435
      vertex -20.9 0.263371 -75.4241
    endloop
  endfacet
  facet normal -1 0 0
    outer loop
      vertex -20.9 18.9 -76.1
      vertex -20.9 0 -75.45
      vertex -20.9 0.132322 -75.4435
    endloop
  endfacet
  facet normal -1 -0 0
    outer loop
      vertex -20.9 -1.3435 -74.2323
      vertex -20.9 -18.9 -76.1
      vertex -20.9 -1.35 -74.1
    endloop
  endfacet
  facet normal -1 -0 0
    outer loop
      vertex -20.9 -1.32406 -74.3634
      vertex -20.9 -18.9 -76.1
      vertex -20.9 -1.3435 -74.2323
    endloop
  endfacet
  facet normal -1 -0 0
    outer loop
      vertex -20.9 -1.29187 -74.4919
      vertex -20.9 -18.9 -76.1
      vertex -20.9 -1.32406 -74.3634
    endloop
  endfacet
  facet normal -1 -0 0
    outer loop
      vertex -20.9 -1.24724 -74.6166
      vertex -20.9 -18.9 -76.1
      vertex -20.9 -1.29187 -74.4919
    endloop
  endfacet
  facet normal -1 -0 0
    outer loop
      vertex -20.9 -1.19059 -74.7364
      vertex -20.9 -18.9 -76.1
      vertex -20.9 -1.24724 -74.6166
    endloop
  endfacet
  facet normal -1 -0 0
    outer loop
      vertex -20.9 -1.12248 -74.85
      vertex -20.9 -18.9 -76.1
      vertex -20.9 -1.19059 -74.7364
    endloop
  endfacet
  facet normal -1 -0 0
    outer loop
      vertex -20.9 -1.04356 -74.9564
      vertex -20.9 -18.9 -76.1
      vertex -20.9 -1.12248 -74.85
    endloop
  endfacet
  facet normal -1 -0 0
    outer loop
      vertex -20.9 -0.954594 -75.0546
      vertex -20.9 -18.9 -76.1
      vertex -20.9 -1.04356 -74.9564
    endloop
  endfacet
  facet normal -1 -0 0
    outer loop
      vertex -20.9 -0.85643 -75.1436
      vertex -20.9 -18.9 -76.1
      vertex -20.9 -0.954594 -75.0546
    endloop
  endfacet
  facet normal -1 -0 0
    outer loop
      vertex -20.9 -0.750019 -75.2225
      vertex -20.9 -18.9 -76.1
      vertex -20.9 -0.85643 -75.1436
    endloop
  endfacet
  facet normal -1 -0 0
    outer loop
      vertex -20.9 -0.636385 -75.2906
      vertex -20.9 -18.9 -76.1
      vertex -20.9 -0.750019 -75.2225
    endloop
  endfacet
  facet normal -1 -0 0
    outer loop
      vertex -20.9 -0.516623 -75.3472
      vertex -20.9 -18.9 -76.1
      vertex -20.9 -0.636385 -75.2906
    endloop
  endfacet
  facet normal -1 -0 0
    outer loop
      vertex -20.9 -0.391884 -75.3919
      vertex -20.9 -18.9 -76.1
      vertex -20.9 -0.516623 -75.3472
    endloop
  endfacet
  facet normal -1 -0 0
    outer loop
      vertex -20.9 -0.263371 -75.4241
      vertex -20.9 -18.9 -76.1
      vertex -20.9 -0.391884 -75.3919
    endloop
  endfacet
  facet normal -1 -0 0
    outer loop
      vertex -20.9 -0.132322 -75.4435
      vertex -20.9 -18.9 -76.1
      vertex -20.9 -0.263371 -75.4241
    endloop
  endfacet
  facet normal -1 -0 0
    outer loop
      vertex -20.9 0 -75.45
      vertex -20.9 -18.9 -76.1
      vertex -20.9 -0.132322 -75.4435
    endloop
  endfacet
  facet normal -1 0 0
    outer loop
      vertex -20.9 -18.9 -76.1
      vertex -20.9 0 -75.45
      vertex -20.9 18.9 -76.1
    endloop
  endfacet
  facet normal -1 0 0
    outer loop
      vertex -20.9 1.3435 -73.9677
      vertex -20.9 18.9 -72.1
      vertex -20.9 1.35 -74.1
    endloop
  endfacet
  facet normal -1 0 0
    outer loop
      vertex -20.9 1.32406 -73.8366
      vertex -20.9 18.9 -72.1
      vertex -20.9 1.3435 -73.9677
    endloop
  endfacet
  facet normal -1 0 0
    outer loop
      vertex -20.9 1.29187 -73.7081
      vertex -20.9 18.9 -72.1
      vertex -20.9 1.32406 -73.8366
    endloop
  endfacet
  facet normal -1 0 0
    outer loop
      vertex -20.9 1.24724 -73.5834
      vertex -20.9 18.9 -72.1
      vertex -20.9 1.29187 -73.7081
    endloop
  endfacet
  facet normal -1 0 0
    outer loop
      vertex -20.9 1.19059 -73.4636
      vertex -20.9 18.9 -72.1
      vertex -20.9 1.24724 -73.5834
    endloop
  endfacet
  facet normal -1 0 0
    outer loop
      vertex -20.9 1.12248 -73.35
      vertex -20.9 18.9 -72.1
      vertex -20.9 1.19059 -73.4636
    endloop
  endfacet
  facet normal -1 0 0
    outer loop
      vertex -20.9 1.04356 -73.2436
      vertex -20.9 18.9 -72.1
      vertex -20.9 1.12248 -73.35
    endloop
  endfacet
  facet normal -1 0 0
    outer loop
      vertex -20.9 0.954594 -73.1454
      vertex -20.9 18.9 -72.1
      vertex -20.9 1.04356 -73.2436
    endloop
  endfacet
  facet normal -1 0 0
    outer loop
      vertex -20.9 0.85643 -73.0564
      vertex -20.9 18.9 -72.1
      vertex -20.9 0.954594 -73.1454
    endloop
  endfacet
  facet normal -1 0 0
    outer loop
      vertex -20.9 0.750019 -72.9775
      vertex -20.9 18.9 -72.1
      vertex -20.9 0.85643 -73.0564
    endloop
  endfacet
  facet normal -1 0 0
    outer loop
      vertex -20.9 0.636385 -72.9094
      vertex -20.9 18.9 -72.1
      vertex -20.9 0.750019 -72.9775
    endloop
  endfacet
  facet normal -1 0 0
    outer loop
      vertex -20.9 0.516623 -72.8528
      vertex -20.9 18.9 -72.1
      vertex -20.9 0.636385 -72.9094
    endloop
  endfacet
  facet normal -1 0 0
    outer loop
      vertex -20.9 0.391884 -72.8081
      vertex -20.9 18.9 -72.1
      vertex -20.9 0.516623 -72.8528
    endloop
  endfacet
  facet normal -1 0 0
    outer loop
      vertex -20.9 0.263371 -72.7759
      vertex -20.9 18.9 -72.1
      vertex -20.9 0.391884 -72.8081
    endloop
  endfacet
  facet normal -1 0 0
    outer loop
      vertex -20.9 0.132322 -72.7565
      vertex -20.9 18.9 -72.1
      vertex -20.9 0.263371 -72.7759
    endloop
  endfacet
  facet normal -1 0 0
    outer loop
      vertex -20.9 0 -72.75
      vertex -20.9 18.9 -72.1
      vertex -20.9 0.132322 -72.7565
    endloop
  endfacet
  facet normal -1 0 0
    outer loop
      vertex -20.9 -18.9 -72.1
      vertex -20.9 -1.35 -74.1
      vertex -20.9 -18.9 -76.1
    endloop
  endfacet
  facet normal -1 0 0
    outer loop
      vertex -20.9 -1.35 -74.1
      vertex -20.9 -18.9 -72.1
      vertex -20.9 -1.3435 -73.9677
    endloop
  endfacet
  facet normal -1 0 0
    outer loop
      vertex -20.9 -1.3435 -73.9677
      vertex -20.9 -18.9 -72.1
      vertex -20.9 -1.32406 -73.8366
    endloop
  endfacet
  facet normal -1 0 0
    outer loop
      vertex -20.9 -1.32406 -73.8366
      vertex -20.9 -18.9 -72.1
      vertex -20.9 -1.29187 -73.7081
    endloop
  endfacet
  facet normal -1 0 0
    outer loop
      vertex -20.9 -1.29187 -73.7081
      vertex -20.9 -18.9 -72.1
      vertex -20.9 -1.24724 -73.5834
    endloop
  endfacet
  facet normal -1 0 0
    outer loop
      vertex -20.9 -1.24724 -73.5834
      vertex -20.9 -18.9 -72.1
      vertex -20.9 -1.19059 -73.4636
    endloop
  endfacet
  facet normal -1 0 0
    outer loop
      vertex -20.9 -1.19059 -73.4636
      vertex -20.9 -18.9 -72.1
      vertex -20.9 -1.12248 -73.35
    endloop
  endfacet
  facet normal -1 0 0
    outer loop
      vertex -20.9 -1.12248 -73.35
      vertex -20.9 -18.9 -72.1
      vertex -20.9 -1.04356 -73.2436
    endloop
  endfacet
  facet normal -1 0 0
    outer loop
      vertex -20.9 -1.04356 -73.2436
      vertex -20.9 -18.9 -72.1
      vertex -20.9 -0.954594 -73.1454
    endloop
  endfacet
  facet normal -1 0 0
    outer loop
      vertex -20.9 -0.954594 -73.1454
      vertex -20.9 -18.9 -72.1
      vertex -20.9 -0.85643 -73.0564
    endloop
  endfacet
  facet normal -1 0 0
    outer loop
      vertex -20.9 -0.85643 -73.0564
      vertex -20.9 -18.9 -72.1
      vertex -20.9 -0.750019 -72.9775
    endloop
  endfacet
  facet normal -1 0 0
    outer loop
      vertex -20.9 -0.750019 -72.9775
      vertex -20.9 -18.9 -72.1
      vertex -20.9 -0.636385 -72.9094
    endloop
  endfacet
  facet normal -1 0 0
    outer loop
      vertex -20.9 -0.636385 -72.9094
      vertex -20.9 -18.9 -72.1
      vertex -20.9 -0.516623 -72.8528
    endloop
  endfacet
  facet normal -1 0 0
    outer loop
      vertex -20.9 -0.516623 -72.8528
      vertex -20.9 -18.9 -72.1
      vertex -20.9 -0.391884 -72.8081
    endloop
  endfacet
  facet normal -1 0 0
    outer loop
      vertex -20.9 0 -72.75
      vertex -20.9 -18.9 -72.1
      vertex -20.9 18.9 -72.1
    endloop
  endfacet
  facet normal -1 0 0
    outer loop
      vertex -20.9 -0.132322 -72.7565
      vertex -20.9 -18.9 -72.1
      vertex -20.9 0 -72.75
    endloop
  endfacet
  facet normal -1 0 0
    outer loop
      vertex -20.9 -0.263371 -72.7759
      vertex -20.9 -18.9 -72.1
      vertex -20.9 -0.132322 -72.7565
    endloop
  endfacet
  facet normal -1 0 0
    outer loop
      vertex -20.9 -0.391884 -72.8081
      vertex -20.9 -18.9 -72.1
      vertex -20.9 -0.263371 -72.7759
    endloop
  endfacet
  facet normal -0.80335 0.595508 0
    outer loop
      vertex -20.5629 20.0111 -76.1
      vertex -20.446 20.1688 -72.1
      vertex -20.446 20.1688 -76.1
    endloop
  endfacet
  facet normal -0.80335 0.595508 0
    outer loop
      vertex -20.446 20.1688 -72.1
      vertex -20.5629 20.0111 -76.1
      vertex -20.5629 20.0111 -72.1
    endloop
  endfacet
  facet normal 1 0 0
    outer loop
      vertex 20.9 18.9 -72.1
      vertex 20.9 1.35 -74.1
      vertex 20.9 18.9 -76.1
    endloop
  endfacet
  facet normal 1 0 0
    outer loop
      vertex 20.9 18.9 -72.1
      vertex 20.9 1.3435 -73.9677
      vertex 20.9 1.35 -74.1
    endloop
  endfacet
  facet normal 1 0 0
    outer loop
      vertex 20.9 18.9 -72.1
      vertex 20.9 1.32406 -73.8366
      vertex 20.9 1.3435 -73.9677
    endloop
  endfacet
  facet normal 1 0 0
    outer loop
      vertex 20.9 18.9 -72.1
      vertex 20.9 1.29187 -73.7081
      vertex 20.9 1.32406 -73.8366
    endloop
  endfacet
  facet normal 1 0 0
    outer loop
      vertex 20.9 18.9 -72.1
      vertex 20.9 1.24724 -73.5834
      vertex 20.9 1.29187 -73.7081
    endloop
  endfacet
  facet normal 1 0 0
    outer loop
      vertex 20.9 18.9 -72.1
      vertex 20.9 1.19059 -73.4636
      vertex 20.9 1.24724 -73.5834
    endloop
  endfacet
  facet normal 1 0 0
    outer loop
      vertex 20.9 18.9 -72.1
      vertex 20.9 1.12248 -73.35
      vertex 20.9 1.19059 -73.4636
    endloop
  endfacet
  facet normal 1 0 0
    outer loop
      vertex 20.9 18.9 -72.1
      vertex 20.9 1.04356 -73.2436
      vertex 20.9 1.12248 -73.35
    endloop
  endfacet
  facet normal 1 0 0
    outer loop
      vertex 20.9 18.9 -72.1
      vertex 20.9 0.954594 -73.1454
      vertex 20.9 1.04356 -73.2436
    endloop
  endfacet
  facet normal 1 0 0
    outer loop
      vertex 20.9 18.9 -72.1
      vertex 20.9 0.85643 -73.0564
      vertex 20.9 0.954594 -73.1454
    endloop
  endfacet
  facet normal 1 0 0
    outer loop
      vertex 20.9 18.9 -72.1
      vertex 20.9 0.750019 -72.9775
      vertex 20.9 0.85643 -73.0564
    endloop
  endfacet
  facet normal 1 0 0
    outer loop
      vertex 20.9 18.9 -72.1
      vertex 20.9 0.636385 -72.9094
      vertex 20.9 0.750019 -72.9775
    endloop
  endfacet
  facet normal 1 0 0
    outer loop
      vertex 20.9 18.9 -72.1
      vertex 20.9 0.516623 -72.8528
      vertex 20.9 0.636385 -72.9094
    endloop
  endfacet
  facet normal 1 0 0
    outer loop
      vertex 20.9 18.9 -72.1
      vertex 20.9 0.391884 -72.8081
      vertex 20.9 0.516623 -72.8528
    endloop
  endfacet
  facet normal 1 0 0
    outer loop
      vertex 20.9 18.9 -72.1
      vertex 20.9 0.263371 -72.7759
      vertex 20.9 0.391884 -72.8081
    endloop
  endfacet
  facet normal 1 0 0
    outer loop
      vertex 20.9 18.9 -72.1
      vertex 20.9 0.132322 -72.7565
      vertex 20.9 0.263371 -72.7759
    endloop
  endfacet
  facet normal 1 0 0
    outer loop
      vertex 20.9 18.9 -72.1
      vertex 20.9 0 -72.75
      vertex 20.9 0.132322 -72.7565
    endloop
  endfacet
  facet normal 1 0 0
    outer loop
      vertex 20.9 -1.3435 -73.9677
      vertex 20.9 -18.9 -72.1
      vertex 20.9 -1.35 -74.1
    endloop
  endfacet
  facet normal 1 0 0
    outer loop
      vertex 20.9 -1.32406 -73.8366
      vertex 20.9 -18.9 -72.1
      vertex 20.9 -1.3435 -73.9677
    endloop
  endfacet
  facet normal 1 0 0
    outer loop
      vertex 20.9 -1.29187 -73.7081
      vertex 20.9 -18.9 -72.1
      vertex 20.9 -1.32406 -73.8366
    endloop
  endfacet
  facet normal 1 0 0
    outer loop
      vertex 20.9 -1.24724 -73.5834
      vertex 20.9 -18.9 -72.1
      vertex 20.9 -1.29187 -73.7081
    endloop
  endfacet
  facet normal 1 0 0
    outer loop
      vertex 20.9 -1.19059 -73.4636
      vertex 20.9 -18.9 -72.1
      vertex 20.9 -1.24724 -73.5834
    endloop
  endfacet
  facet normal 1 0 0
    outer loop
      vertex 20.9 -1.12248 -73.35
      vertex 20.9 -18.9 -72.1
      vertex 20.9 -1.19059 -73.4636
    endloop
  endfacet
  facet normal 1 0 0
    outer loop
      vertex 20.9 -1.04356 -73.2436
      vertex 20.9 -18.9 -72.1
      vertex 20.9 -1.12248 -73.35
    endloop
  endfacet
  facet normal 1 0 0
    outer loop
      vertex 20.9 -0.954594 -73.1454
      vertex 20.9 -18.9 -72.1
      vertex 20.9 -1.04356 -73.2436
    endloop
  endfacet
  facet normal 1 0 0
    outer loop
      vertex 20.9 -0.85643 -73.0564
      vertex 20.9 -18.9 -72.1
      vertex 20.9 -0.954594 -73.1454
    endloop
  endfacet
  facet normal 1 0 0
    outer loop
      vertex 20.9 -0.750019 -72.9775
      vertex 20.9 -18.9 -72.1
      vertex 20.9 -0.85643 -73.0564
    endloop
  endfacet
  facet normal 1 0 0
    outer loop
      vertex 20.9 -0.636385 -72.9094
      vertex 20.9 -18.9 -72.1
      vertex 20.9 -0.750019 -72.9775
    endloop
  endfacet
  facet normal 1 0 0
    outer loop
      vertex 20.9 -0.516623 -72.8528
      vertex 20.9 -18.9 -72.1
      vertex 20.9 -0.636385 -72.9094
    endloop
  endfacet
  facet normal 1 0 0
    outer loop
      vertex 20.9 -0.391884 -72.8081
      vertex 20.9 -18.9 -72.1
      vertex 20.9 -0.516623 -72.8528
    endloop
  endfacet
  facet normal 1 0 0
    outer loop
      vertex 20.9 -0.263371 -72.7759
      vertex 20.9 -18.9 -72.1
      vertex 20.9 -0.391884 -72.8081
    endloop
  endfacet
  facet normal 1 0 0
    outer loop
      vertex 20.9 -0.132322 -72.7565
      vertex 20.9 -18.9 -72.1
      vertex 20.9 -0.263371 -72.7759
    endloop
  endfacet
  facet normal 1 0 0
    outer loop
      vertex 20.9 0 -72.75
      vertex 20.9 -18.9 -72.1
      vertex 20.9 -0.132322 -72.7565
    endloop
  endfacet
  facet normal 1 -0 0
    outer loop
      vertex 20.9 -18.9 -72.1
      vertex 20.9 0 -72.75
      vertex 20.9 18.9 -72.1
    endloop
  endfacet
  facet normal 1 -0 0
    outer loop
      vertex 20.9 1.3435 -74.2323
      vertex 20.9 18.9 -76.1
      vertex 20.9 1.35 -74.1
    endloop
  endfacet
  facet normal 1 -0 0
    outer loop
      vertex 20.9 1.32406 -74.3634
      vertex 20.9 18.9 -76.1
      vertex 20.9 1.3435 -74.2323
    endloop
  endfacet
  facet normal 1 -0 0
    outer loop
      vertex 20.9 1.29187 -74.4919
      vertex 20.9 18.9 -76.1
      vertex 20.9 1.32406 -74.3634
    endloop
  endfacet
  facet normal 1 -0 0
    outer loop
      vertex 20.9 1.24724 -74.6166
      vertex 20.9 18.9 -76.1
      vertex 20.9 1.29187 -74.4919
    endloop
  endfacet
  facet normal 1 -0 0
    outer loop
      vertex 20.9 1.19059 -74.7364
      vertex 20.9 18.9 -76.1
      vertex 20.9 1.24724 -74.6166
    endloop
  endfacet
  facet normal 1 -0 0
    outer loop
      vertex 20.9 1.12248 -74.85
      vertex 20.9 18.9 -76.1
      vertex 20.9 1.19059 -74.7364
    endloop
  endfacet
  facet normal 1 -0 0
    outer loop
      vertex 20.9 1.04356 -74.9564
      vertex 20.9 18.9 -76.1
      vertex 20.9 1.12248 -74.85
    endloop
  endfacet
  facet normal 1 -0 0
    outer loop
      vertex 20.9 0.954594 -75.0546
      vertex 20.9 18.9 -76.1
      vertex 20.9 1.04356 -74.9564
    endloop
  endfacet
  facet normal 1 -0 0
    outer loop
      vertex 20.9 0.85643 -75.1436
      vertex 20.9 18.9 -76.1
      vertex 20.9 0.954594 -75.0546
    endloop
  endfacet
  facet normal 1 -0 0
    outer loop
      vertex 20.9 0.750019 -75.2225
      vertex 20.9 18.9 -76.1
      vertex 20.9 0.85643 -75.1436
    endloop
  endfacet
  facet normal 1 -0 0
    outer loop
      vertex 20.9 0.636385 -75.2906
      vertex 20.9 18.9 -76.1
      vertex 20.9 0.750019 -75.2225
    endloop
  endfacet
  facet normal 1 -0 0
    outer loop
      vertex 20.9 0.516623 -75.3472
      vertex 20.9 18.9 -76.1
      vertex 20.9 0.636385 -75.2906
    endloop
  endfacet
  facet normal 1 -0 0
    outer loop
      vertex 20.9 0.391884 -75.3919
      vertex 20.9 18.9 -76.1
      vertex 20.9 0.516623 -75.3472
    endloop
  endfacet
  facet normal 1 -0 0
    outer loop
      vertex 20.9 0.263371 -75.4241
      vertex 20.9 18.9 -76.1
      vertex 20.9 0.391884 -75.3919
    endloop
  endfacet
  facet normal 1 -0 0
    outer loop
      vertex 20.9 0.132322 -75.4435
      vertex 20.9 18.9 -76.1
      vertex 20.9 0.263371 -75.4241
    endloop
  endfacet
  facet normal 1 -0 0
    outer loop
      vertex 20.9 0 -75.45
      vertex 20.9 18.9 -76.1
      vertex 20.9 0.132322 -75.4435
    endloop
  endfacet
  facet normal 1 0 0
    outer loop
      vertex 20.9 -18.9 -76.1
      vertex 20.9 -1.35 -74.1
      vertex 20.9 -18.9 -72.1
    endloop
  endfacet
  facet normal 1 0 0
    outer loop
      vertex 20.9 -1.35 -74.1
      vertex 20.9 -18.9 -76.1
      vertex 20.9 -1.3435 -74.2323
    endloop
  endfacet
  facet normal 1 0 0
    outer loop
      vertex 20.9 -1.3435 -74.2323
      vertex 20.9 -18.9 -76.1
      vertex 20.9 -1.32406 -74.3634
    endloop
  endfacet
  facet normal 1 0 0
    outer loop
      vertex 20.9 -1.32406 -74.3634
      vertex 20.9 -18.9 -76.1
      vertex 20.9 -1.29187 -74.4919
    endloop
  endfacet
  facet normal 1 0 0
    outer loop
      vertex 20.9 -1.29187 -74.4919
      vertex 20.9 -18.9 -76.1
      vertex 20.9 -1.24724 -74.6166
    endloop
  endfacet
  facet normal 1 0 0
    outer loop
      vertex 20.9 -1.24724 -74.6166
      vertex 20.9 -18.9 -76.1
      vertex 20.9 -1.19059 -74.7364
    endloop
  endfacet
  facet normal 1 0 0
    outer loop
      vertex 20.9 -1.19059 -74.7364
      vertex 20.9 -18.9 -76.1
      vertex 20.9 -1.12248 -74.85
    endloop
  endfacet
  facet normal 1 0 0
    outer loop
      vertex 20.9 -1.12248 -74.85
      vertex 20.9 -18.9 -76.1
      vertex 20.9 -1.04356 -74.9564
    endloop
  endfacet
  facet normal 1 0 0
    outer loop
      vertex 20.9 -1.04356 -74.9564
      vertex 20.9 -18.9 -76.1
      vertex 20.9 -0.954594 -75.0546
    endloop
  endfacet
  facet normal 1 0 0
    outer loop
      vertex 20.9 -0.954594 -75.0546
      vertex 20.9 -18.9 -76.1
      vertex 20.9 -0.85643 -75.1436
    endloop
  endfacet
  facet normal 1 0 0
    outer loop
      vertex 20.9 -0.85643 -75.1436
      vertex 20.9 -18.9 -76.1
      vertex 20.9 -0.750019 -75.2225
    endloop
  endfacet
  facet normal 1 0 0
    outer loop
      vertex 20.9 -0.750019 -75.2225
      vertex 20.9 -18.9 -76.1
      vertex 20.9 -0.636385 -75.2906
    endloop
  endfacet
  facet normal 1 0 0
    outer loop
      vertex 20.9 -0.636385 -75.2906
      vertex 20.9 -18.9 -76.1
      vertex 20.9 -0.516623 -75.3472
    endloop
  endfacet
  facet normal 1 0 0
    outer loop
      vertex 20.9 -0.516623 -75.3472
      vertex 20.9 -18.9 -76.1
      vertex 20.9 -0.391884 -75.3919
    endloop
  endfacet
  facet normal 1 0 0
    outer loop
      vertex 20.9 0 -75.45
      vertex 20.9 -18.9 -76.1
      vertex 20.9 18.9 -76.1
    endloop
  endfacet
  facet normal 1 0 0
    outer loop
      vertex 20.9 -0.132322 -75.4435
      vertex 20.9 -18.9 -76.1
      vertex 20.9 0 -75.45
    endloop
  endfacet
  facet normal 1 0 0
    outer loop
      vertex 20.9 -0.263371 -75.4241
      vertex 20.9 -18.9 -76.1
      vertex 20.9 -0.132322 -75.4435
    endloop
  endfacet
  facet normal 1 0 0
    outer loop
      vertex 20.9 -0.391884 -75.3919
      vertex 20.9 -18.9 -76.1
      vertex 20.9 -0.263371 -75.4241
    endloop
  endfacet
  facet normal -0.0489209 -0.998803 0
    outer loop
      vertex -19.096 -20.8904 -76.1
      vertex -18.9 -20.9 -72.1
      vertex -19.096 -20.8904 -72.1
    endloop
  endfacet
  facet normal -0.0489209 -0.998803 -0
    outer loop
      vertex -18.9 -20.9 -72.1
      vertex -19.096 -20.8904 -76.1
      vertex -18.9 -20.9 -76.1
    endloop
  endfacet
  facet normal -0.94158 -0.336788 0
    outer loop
      vertex -20.7478 -19.6654 -76.1
      vertex -20.8139 -19.4806 -72.1
      vertex -20.8139 -19.4806 -76.1
    endloop
  endfacet
  facet normal -0.94158 -0.336788 0
    outer loop
      vertex -20.8139 -19.4806 -72.1
      vertex -20.7478 -19.6654 -76.1
      vertex -20.7478 -19.6654 -72.1
    endloop
  endfacet
  facet normal -0.671607 -0.740908 0
    outer loop
      vertex -20.3142 -20.3142 -76.1
      vertex -20.1688 -20.446 -72.1
      vertex -20.3142 -20.3142 -72.1
    endloop
  endfacet
  facet normal -0.671607 -0.740908 -0
    outer loop
      vertex -20.1688 -20.446 -72.1
      vertex -20.3142 -20.3142 -76.1
      vertex -20.1688 -20.446 -76.1
    endloop
  endfacet
  facet normal 0.9038 0.427955 0
    outer loop
      vertex 20.7478 19.6654 -72.1
      vertex 20.6638 19.8428 -76.1
      vertex 20.6638 19.8428 -72.1
    endloop
  endfacet
  facet normal 0.9038 0.427955 0
    outer loop
      vertex 20.6638 19.8428 -76.1
      vertex 20.7478 19.6654 -72.1
      vertex 20.7478 19.6654 -76.1
    endloop
  endfacet
  facet normal 0.998803 0.0489209 0
    outer loop
      vertex 20.9 18.9 -72.1
      vertex 20.8904 19.096 -76.1
      vertex 20.8904 19.096 -72.1
    endloop
  endfacet
  facet normal 0.998803 0.0489209 0
    outer loop
      vertex 20.8904 19.096 -76.1
      vertex 20.9 18.9 -72.1
      vertex 20.9 18.9 -76.1
    endloop
  endfacet
  facet normal 0.94158 -0.336788 0
    outer loop
      vertex 20.7478 -19.6654 -72.1
      vertex 20.8139 -19.4806 -76.1
      vertex 20.8139 -19.4806 -72.1
    endloop
  endfacet
  facet normal 0.94158 -0.336788 0
    outer loop
      vertex 20.8139 -19.4806 -76.1
      vertex 20.7478 -19.6654 -72.1
      vertex 20.7478 -19.6654 -76.1
    endloop
  endfacet
  facet normal 0.80335 -0.595508 0
    outer loop
      vertex 20.446 -20.1688 -72.1
      vertex 20.5629 -20.0111 -76.1
      vertex 20.5629 -20.0111 -72.1
    endloop
  endfacet
  facet normal 0.80335 -0.595508 0
    outer loop
      vertex 20.5629 -20.0111 -76.1
      vertex 20.446 -20.1688 -72.1
      vertex 20.446 -20.1688 -76.1
    endloop
  endfacet
  facet normal 0 -1 0
    outer loop
      vertex -18.9 -20.9 -76.1
      vertex -5.15 -20.9 -72.1
      vertex -18.9 -20.9 -72.1
    endloop
  endfacet
  facet normal 0 -1 -0
    outer loop
      vertex -5.15 -20.9 -72.1
      vertex -18.9 -20.9 -76.1
      vertex -5.15 -20.9 -76.1
    endloop
  endfacet
  facet normal 0 -1 0
    outer loop
      vertex 5.15 -20.9 -76.1
      vertex 18.9 -20.9 -72.1
      vertex 5.15 -20.9 -72.1
    endloop
  endfacet
  facet normal 0 -1 -0
    outer loop
      vertex 18.9 -20.9 -72.1
      vertex 5.15 -20.9 -76.1
      vertex 18.9 -20.9 -76.1
    endloop
  endfacet
  facet normal 0.671607 -0.740908 0
    outer loop
      vertex 20.1688 -20.446 -76.1
      vertex 20.3142 -20.3142 -72.1
      vertex 20.1688 -20.446 -72.1
    endloop
  endfacet
  facet normal 0.671607 -0.740908 0
    outer loop
      vertex 20.3142 -20.3142 -72.1
      vertex 20.1688 -20.446 -76.1
      vertex 20.3142 -20.3142 -76.1
    endloop
  endfacet
  facet normal 0.336788 -0.94158 0
    outer loop
      vertex 19.4806 -20.8139 -76.1
      vertex 19.6654 -20.7478 -72.1
      vertex 19.4806 -20.8139 -72.1
    endloop
  endfacet
  facet normal 0.336788 -0.94158 0
    outer loop
      vertex 19.6654 -20.7478 -72.1
      vertex 19.4806 -20.8139 -76.1
      vertex 19.6654 -20.7478 -76.1
    endloop
  endfacet
  facet normal -0.146696 0.989182 0
    outer loop
      vertex -19.096 20.8904 -76.1
      vertex -19.2902 20.8616 -72.1
      vertex -19.096 20.8904 -72.1
    endloop
  endfacet
  facet normal -0.146696 0.989182 0
    outer loop
      vertex -19.2902 20.8616 -72.1
      vertex -19.096 20.8904 -76.1
      vertex -19.2902 20.8616 -76.1
    endloop
  endfacet
  facet normal -0.514196 0.857673 0
    outer loop
      vertex -19.8428 20.6638 -76.1
      vertex -20.0111 20.5629 -72.1
      vertex -19.8428 20.6638 -72.1
    endloop
  endfacet
  facet normal -0.514196 0.857673 0
    outer loop
      vertex -20.0111 20.5629 -72.1
      vertex -19.8428 20.6638 -76.1
      vertex -20.0111 20.5629 -76.1
    endloop
  endfacet
  facet normal 0.94158 0.336788 0
    outer loop
      vertex 20.8139 19.4806 -72.1
      vertex 20.7478 19.6654 -76.1
      vertex 20.7478 19.6654 -72.1
    endloop
  endfacet
  facet normal 0.94158 0.336788 0
    outer loop
      vertex 20.7478 19.6654 -76.1
      vertex 20.8139 19.4806 -72.1
      vertex 20.8139 19.4806 -76.1
    endloop
  endfacet
  facet normal 0.740908 0.671607 0
    outer loop
      vertex 20.446 20.1688 -72.1
      vertex 20.3142 20.3142 -76.1
      vertex 20.3142 20.3142 -72.1
    endloop
  endfacet
  facet normal 0.740908 0.671607 0
    outer loop
      vertex 20.3142 20.3142 -76.1
      vertex 20.446 20.1688 -72.1
      vertex 20.446 20.1688 -76.1
    endloop
  endfacet
  facet normal 0.989182 0.146696 0
    outer loop
      vertex 20.8904 19.096 -72.1
      vertex 20.8616 19.2902 -76.1
      vertex 20.8616 19.2902 -72.1
    endloop
  endfacet
  facet normal 0.989182 0.146696 0
    outer loop
      vertex 20.8616 19.2902 -76.1
      vertex 20.8904 19.096 -72.1
      vertex 20.8904 19.096 -76.1
    endloop
  endfacet
  facet normal 0.740908 -0.671607 0
    outer loop
      vertex 20.3142 -20.3142 -72.1
      vertex 20.446 -20.1688 -76.1
      vertex 20.446 -20.1688 -72.1
    endloop
  endfacet
  facet normal 0.740908 -0.671607 0
    outer loop
      vertex 20.446 -20.1688 -76.1
      vertex 20.3142 -20.3142 -72.1
      vertex 20.3142 -20.3142 -76.1
    endloop
  endfacet
  facet normal 0.514196 -0.857673 0
    outer loop
      vertex 19.8428 -20.6638 -76.1
      vertex 20.0111 -20.5629 -72.1
      vertex 19.8428 -20.6638 -72.1
    endloop
  endfacet
  facet normal 0.514196 -0.857673 0
    outer loop
      vertex 20.0111 -20.5629 -72.1
      vertex 19.8428 -20.6638 -76.1
      vertex 20.0111 -20.5629 -76.1
    endloop
  endfacet
  facet normal 0.427955 -0.9038 0
    outer loop
      vertex 19.6654 -20.7478 -76.1
      vertex 19.8428 -20.6638 -72.1
      vertex 19.6654 -20.7478 -72.1
    endloop
  endfacet
  facet normal 0.427955 -0.9038 0
    outer loop
      vertex 19.8428 -20.6638 -72.1
      vertex 19.6654 -20.7478 -76.1
      vertex 19.8428 -20.6638 -76.1
    endloop
  endfacet
  facet normal 0.595508 -0.80335 0
    outer loop
      vertex 20.0111 -20.5629 -76.1
      vertex 20.1688 -20.446 -72.1
      vertex 20.0111 -20.5629 -72.1
    endloop
  endfacet
  facet normal 0.595508 -0.80335 0
    outer loop
      vertex 20.1688 -20.446 -72.1
      vertex 20.0111 -20.5629 -76.1
      vertex 20.1688 -20.446 -76.1
    endloop
  endfacet
  facet normal 0.0489209 -0.998803 0
    outer loop
      vertex 18.9 -20.9 -76.1
      vertex 19.096 -20.8904 -72.1
      vertex 18.9 -20.9 -72.1
    endloop
  endfacet
  facet normal 0.0489209 -0.998803 0
    outer loop
      vertex 19.096 -20.8904 -72.1
      vertex 18.9 -20.9 -76.1
      vertex 19.096 -20.8904 -76.1
    endloop
  endfacet
  facet normal 0.243015 -0.970023 0
    outer loop
      vertex 19.2902 -20.8616 -76.1
      vertex 19.4806 -20.8139 -72.1
      vertex 19.2902 -20.8616 -72.1
    endloop
  endfacet
  facet normal 0.243015 -0.970023 0
    outer loop
      vertex 19.4806 -20.8139 -72.1
      vertex 19.2902 -20.8616 -76.1
      vertex 19.4806 -20.8139 -76.1
    endloop
  endfacet
  facet normal 0.146696 -0.989182 0
    outer loop
      vertex 19.096 -20.8904 -76.1
      vertex 19.2902 -20.8616 -72.1
      vertex 19.096 -20.8904 -72.1
    endloop
  endfacet
  facet normal 0.146696 -0.989182 0
    outer loop
      vertex 19.2902 -20.8616 -72.1
      vertex 19.096 -20.8904 -76.1
      vertex 19.2902 -20.8616 -76.1
    endloop
  endfacet
  facet normal -0.80335 -0.595508 0
    outer loop
      vertex -20.446 -20.1688 -76.1
      vertex -20.5629 -20.0111 -72.1
      vertex -20.5629 -20.0111 -76.1
    endloop
  endfacet
  facet normal -0.80335 -0.595508 0
    outer loop
      vertex -20.5629 -20.0111 -72.1
      vertex -20.446 -20.1688 -76.1
      vertex -20.446 -20.1688 -72.1
    endloop
  endfacet
  facet normal -0.427955 -0.9038 0
    outer loop
      vertex -19.8428 -20.6638 -76.1
      vertex -19.6654 -20.7478 -72.1
      vertex -19.8428 -20.6638 -72.1
    endloop
  endfacet
  facet normal -0.427955 -0.9038 -0
    outer loop
      vertex -19.6654 -20.7478 -72.1
      vertex -19.8428 -20.6638 -76.1
      vertex -19.6654 -20.7478 -76.1
    endloop
  endfacet
  facet normal -0.336788 -0.94158 0
    outer loop
      vertex -19.6654 -20.7478 -76.1
      vertex -19.4806 -20.8139 -72.1
      vertex -19.6654 -20.7478 -72.1
    endloop
  endfacet
  facet normal -0.336788 -0.94158 -0
    outer loop
      vertex -19.4806 -20.8139 -72.1
      vertex -19.6654 -20.7478 -76.1
      vertex -19.4806 -20.8139 -76.1
    endloop
  endfacet
  facet normal -0.243015 -0.970023 0
    outer loop
      vertex -19.4806 -20.8139 -76.1
      vertex -19.2902 -20.8616 -72.1
      vertex -19.4806 -20.8139 -72.1
    endloop
  endfacet
  facet normal -0.243015 -0.970023 -0
    outer loop
      vertex -19.2902 -20.8616 -72.1
      vertex -19.4806 -20.8139 -76.1
      vertex -19.2902 -20.8616 -76.1
    endloop
  endfacet
  facet normal -0.146696 -0.989182 0
    outer loop
      vertex -19.2902 -20.8616 -76.1
      vertex -19.096 -20.8904 -72.1
      vertex -19.2902 -20.8616 -72.1
    endloop
  endfacet
  facet normal -0.146696 -0.989182 -0
    outer loop
      vertex -19.096 -20.8904 -72.1
      vertex -19.2902 -20.8616 -76.1
      vertex -19.096 -20.8904 -76.1
    endloop
  endfacet
  facet normal -0.671607 0.740908 0
    outer loop
      vertex -20.1688 20.446 -76.1
      vertex -20.3142 20.3142 -72.1
      vertex -20.1688 20.446 -72.1
    endloop
  endfacet
  facet normal -0.671607 0.740908 0
    outer loop
      vertex -20.3142 20.3142 -72.1
      vertex -20.1688 20.446 -76.1
      vertex -20.3142 20.3142 -76.1
    endloop
  endfacet
  facet normal -0.427955 0.9038 0
    outer loop
      vertex -19.6654 20.7478 -76.1
      vertex -19.8428 20.6638 -72.1
      vertex -19.6654 20.7478 -72.1
    endloop
  endfacet
  facet normal -0.427955 0.9038 0
    outer loop
      vertex -19.8428 20.6638 -72.1
      vertex -19.6654 20.7478 -76.1
      vertex -19.8428 20.6638 -76.1
    endloop
  endfacet
  facet normal -0.243015 0.970023 0
    outer loop
      vertex -19.2902 20.8616 -76.1
      vertex -19.4806 20.8139 -72.1
      vertex -19.2902 20.8616 -72.1
    endloop
  endfacet
  facet normal -0.243015 0.970023 0
    outer loop
      vertex -19.4806 20.8139 -72.1
      vertex -19.2902 20.8616 -76.1
      vertex -19.4806 20.8139 -76.1
    endloop
  endfacet
  facet normal -0.0489209 0.998803 0
    outer loop
      vertex -18.9 20.9 -76.1
      vertex -19.096 20.8904 -72.1
      vertex -18.9 20.9 -72.1
    endloop
  endfacet
  facet normal -0.0489209 0.998803 0
    outer loop
      vertex -19.096 20.8904 -72.1
      vertex -18.9 20.9 -76.1
      vertex -19.096 20.8904 -76.1
    endloop
  endfacet
  facet normal -0.336788 0.94158 0
    outer loop
      vertex -19.4806 20.8139 -76.1
      vertex -19.6654 20.7478 -72.1
      vertex -19.4806 20.8139 -72.1
    endloop
  endfacet
  facet normal -0.336788 0.94158 0
    outer loop
      vertex -19.6654 20.7478 -72.1
      vertex -19.4806 20.8139 -76.1
      vertex -19.6654 20.7478 -76.1
    endloop
  endfacet
  facet normal -0.740908 0.671607 0
    outer loop
      vertex -20.446 20.1688 -76.1
      vertex -20.3142 20.3142 -72.1
      vertex -20.3142 20.3142 -76.1
    endloop
  endfacet
  facet normal -0.740908 0.671607 0
    outer loop
      vertex -20.3142 20.3142 -72.1
      vertex -20.446 20.1688 -76.1
      vertex -20.446 20.1688 -72.1
    endloop
  endfacet
  facet normal -0.9038 0.427955 0
    outer loop
      vertex -20.7478 19.6654 -76.1
      vertex -20.6638 19.8428 -72.1
      vertex -20.6638 19.8428 -76.1
    endloop
  endfacet
  facet normal -0.9038 0.427955 0
    outer loop
      vertex -20.6638 19.8428 -72.1
      vertex -20.7478 19.6654 -76.1
      vertex -20.7478 19.6654 -72.1
    endloop
  endfacet
  facet normal 0.671607 0.740908 -0
    outer loop
      vertex 20.3142 20.3142 -76.1
      vertex 20.1688 20.446 -72.1
      vertex 20.3142 20.3142 -72.1
    endloop
  endfacet
  facet normal 0.671607 0.740908 0
    outer loop
      vertex 20.1688 20.446 -72.1
      vertex 20.3142 20.3142 -76.1
      vertex 20.1688 20.446 -76.1
    endloop
  endfacet
  facet normal 0.514196 0.857673 -0
    outer loop
      vertex 20.0111 20.5629 -76.1
      vertex 19.8428 20.6638 -72.1
      vertex 20.0111 20.5629 -72.1
    endloop
  endfacet
  facet normal 0.514196 0.857673 0
    outer loop
      vertex 19.8428 20.6638 -72.1
      vertex 20.0111 20.5629 -76.1
      vertex 19.8428 20.6638 -76.1
    endloop
  endfacet
  facet normal 0.970023 0.243015 0
    outer loop
      vertex 20.8616 19.2902 -72.1
      vertex 20.8139 19.4806 -76.1
      vertex 20.8139 19.4806 -72.1
    endloop
  endfacet
  facet normal 0.970023 0.243015 0
    outer loop
      vertex 20.8139 19.4806 -76.1
      vertex 20.8616 19.2902 -72.1
      vertex 20.8616 19.2902 -76.1
    endloop
  endfacet
  facet normal 0.0489209 0.998803 -0
    outer loop
      vertex 19.096 20.8904 -76.1
      vertex 18.9 20.9 -72.1
      vertex 19.096 20.8904 -72.1
    endloop
  endfacet
  facet normal 0.0489209 0.998803 0
    outer loop
      vertex 18.9 20.9 -72.1
      vertex 19.096 20.8904 -76.1
      vertex 18.9 20.9 -76.1
    endloop
  endfacet
  facet normal 0.857673 -0.514196 0
    outer loop
      vertex 20.5629 -20.0111 -72.1
      vertex 20.6638 -19.8428 -76.1
      vertex 20.6638 -19.8428 -72.1
    endloop
  endfacet
  facet normal 0.857673 -0.514196 0
    outer loop
      vertex 20.6638 -19.8428 -76.1
      vertex 20.5629 -20.0111 -72.1
      vertex 20.5629 -20.0111 -76.1
    endloop
  endfacet
  facet normal 0.989182 -0.146696 0
    outer loop
      vertex 20.8616 -19.2902 -72.1
      vertex 20.8904 -19.096 -76.1
      vertex 20.8904 -19.096 -72.1
    endloop
  endfacet
  facet normal 0.989182 -0.146696 0
    outer loop
      vertex 20.8904 -19.096 -76.1
      vertex 20.8616 -19.2902 -72.1
      vertex 20.8616 -19.2902 -76.1
    endloop
  endfacet
  facet normal -0.998803 -0.0489209 0
    outer loop
      vertex -20.8904 -19.096 -76.1
      vertex -20.9 -18.9 -72.1
      vertex -20.9 -18.9 -76.1
    endloop
  endfacet
  facet normal -0.998803 -0.0489209 0
    outer loop
      vertex -20.9 -18.9 -72.1
      vertex -20.8904 -19.096 -76.1
      vertex -20.8904 -19.096 -72.1
    endloop
  endfacet
  facet normal -0.989182 -0.146696 0
    outer loop
      vertex -20.8616 -19.2902 -76.1
      vertex -20.8904 -19.096 -72.1
      vertex -20.8904 -19.096 -76.1
    endloop
  endfacet
  facet normal -0.989182 -0.146696 0
    outer loop
      vertex -20.8904 -19.096 -72.1
      vertex -20.8616 -19.2902 -76.1
      vertex -20.8616 -19.2902 -72.1
    endloop
  endfacet
  facet normal -0.9038 -0.427955 0
    outer loop
      vertex -20.6638 -19.8428 -76.1
      vertex -20.7478 -19.6654 -72.1
      vertex -20.7478 -19.6654 -76.1
    endloop
  endfacet
  facet normal -0.9038 -0.427955 0
    outer loop
      vertex -20.7478 -19.6654 -72.1
      vertex -20.6638 -19.8428 -76.1
      vertex -20.6638 -19.8428 -72.1
    endloop
  endfacet
  facet normal -0.857673 -0.514196 0
    outer loop
      vertex -20.5629 -20.0111 -76.1
      vertex -20.6638 -19.8428 -72.1
      vertex -20.6638 -19.8428 -76.1
    endloop
  endfacet
  facet normal -0.857673 -0.514196 0
    outer loop
      vertex -20.6638 -19.8428 -72.1
      vertex -20.5629 -20.0111 -76.1
      vertex -20.5629 -20.0111 -72.1
    endloop
  endfacet
  facet normal -0.740908 -0.671607 0
    outer loop
      vertex -20.3142 -20.3142 -76.1
      vertex -20.446 -20.1688 -72.1
      vertex -20.446 -20.1688 -76.1
    endloop
  endfacet
  facet normal -0.740908 -0.671607 0
    outer loop
      vertex -20.446 -20.1688 -72.1
      vertex -20.3142 -20.3142 -76.1
      vertex -20.3142 -20.3142 -72.1
    endloop
  endfacet
  facet normal -0.595508 -0.80335 0
    outer loop
      vertex -20.1688 -20.446 -76.1
      vertex -20.0111 -20.5629 -72.1
      vertex -20.1688 -20.446 -72.1
    endloop
  endfacet
  facet normal -0.595508 -0.80335 -0
    outer loop
      vertex -20.0111 -20.5629 -72.1
      vertex -20.1688 -20.446 -76.1
      vertex -20.0111 -20.5629 -76.1
    endloop
  endfacet
  facet normal -0.595508 0.80335 0
    outer loop
      vertex -20.0111 20.5629 -76.1
      vertex -20.1688 20.446 -72.1
      vertex -20.0111 20.5629 -72.1
    endloop
  endfacet
  facet normal -0.595508 0.80335 0
    outer loop
      vertex -20.1688 20.446 -72.1
      vertex -20.0111 20.5629 -76.1
      vertex -20.1688 20.446 -76.1
    endloop
  endfacet
  facet normal -0.857673 0.514196 0
    outer loop
      vertex -20.6638 19.8428 -76.1
      vertex -20.5629 20.0111 -72.1
      vertex -20.5629 20.0111 -76.1
    endloop
  endfacet
  facet normal -0.857673 0.514196 0
    outer loop
      vertex -20.5629 20.0111 -72.1
      vertex -20.6638 19.8428 -76.1
      vertex -20.6638 19.8428 -72.1
    endloop
  endfacet
  facet normal -0.998803 0.0489209 0
    outer loop
      vertex -20.9 18.9 -76.1
      vertex -20.8904 19.096 -72.1
      vertex -20.8904 19.096 -76.1
    endloop
  endfacet
  facet normal -0.998803 0.0489209 0
    outer loop
      vertex -20.8904 19.096 -72.1
      vertex -20.9 18.9 -76.1
      vertex -20.9 18.9 -72.1
    endloop
  endfacet
  facet normal -0.989182 0.146696 0
    outer loop
      vertex -20.8904 19.096 -76.1
      vertex -20.8616 19.2902 -72.1
      vertex -20.8616 19.2902 -76.1
    endloop
  endfacet
  facet normal -0.989182 0.146696 0
    outer loop
      vertex -20.8616 19.2902 -72.1
      vertex -20.8904 19.096 -76.1
      vertex -20.8904 19.096 -72.1
    endloop
  endfacet
  facet normal -0.970023 0.243015 0
    outer loop
      vertex -20.8616 19.2902 -76.1
      vertex -20.8139 19.4806 -72.1
      vertex -20.8139 19.4806 -76.1
    endloop
  endfacet
  facet normal -0.970023 0.243015 0
    outer loop
      vertex -20.8139 19.4806 -72.1
      vertex -20.8616 19.2902 -76.1
      vertex -20.8616 19.2902 -72.1
    endloop
  endfacet
  facet normal -0.94158 0.336788 0
    outer loop
      vertex -20.8139 19.4806 -76.1
      vertex -20.7478 19.6654 -72.1
      vertex -20.7478 19.6654 -76.1
    endloop
  endfacet
  facet normal -0.94158 0.336788 0
    outer loop
      vertex -20.7478 19.6654 -72.1
      vertex -20.8139 19.4806 -76.1
      vertex -20.8139 19.4806 -72.1
    endloop
  endfacet
  facet normal 0.427955 0.9038 -0
    outer loop
      vertex 19.8428 20.6638 -76.1
      vertex 19.6654 20.7478 -72.1
      vertex 19.8428 20.6638 -72.1
    endloop
  endfacet
  facet normal 0.427955 0.9038 0
    outer loop
      vertex 19.6654 20.7478 -72.1
      vertex 19.8428 20.6638 -76.1
      vertex 19.6654 20.7478 -76.1
    endloop
  endfacet
  facet normal 0.336788 0.94158 -0
    outer loop
      vertex 19.6654 20.7478 -76.1
      vertex 19.4806 20.8139 -72.1
      vertex 19.6654 20.7478 -72.1
    endloop
  endfacet
  facet normal 0.336788 0.94158 0
    outer loop
      vertex 19.4806 20.8139 -72.1
      vertex 19.6654 20.7478 -76.1
      vertex 19.4806 20.8139 -76.1
    endloop
  endfacet
  facet normal 0.243015 0.970023 -0
    outer loop
      vertex 19.4806 20.8139 -76.1
      vertex 19.2902 20.8616 -72.1
      vertex 19.4806 20.8139 -72.1
    endloop
  endfacet
  facet normal 0.243015 0.970023 0
    outer loop
      vertex 19.2902 20.8616 -72.1
      vertex 19.4806 20.8139 -76.1
      vertex 19.2902 20.8616 -76.1
    endloop
  endfacet
  facet normal 0.146696 0.989182 -0
    outer loop
      vertex 19.2902 20.8616 -76.1
      vertex 19.096 20.8904 -72.1
      vertex 19.2902 20.8616 -72.1
    endloop
  endfacet
  facet normal 0.146696 0.989182 0
    outer loop
      vertex 19.096 20.8904 -72.1
      vertex 19.2902 20.8616 -76.1
      vertex 19.096 20.8904 -76.1
    endloop
  endfacet
  facet normal 0.9038 -0.427955 0
    outer loop
      vertex 20.6638 -19.8428 -72.1
      vertex 20.7478 -19.6654 -76.1
      vertex 20.7478 -19.6654 -72.1
    endloop
  endfacet
  facet normal 0.9038 -0.427955 0
    outer loop
      vertex 20.7478 -19.6654 -76.1
      vertex 20.6638 -19.8428 -72.1
      vertex 20.6638 -19.8428 -76.1
    endloop
  endfacet
  facet normal 0.970023 -0.243015 0
    outer loop
      vertex 20.8139 -19.4806 -72.1
      vertex 20.8616 -19.2902 -76.1
      vertex 20.8616 -19.2902 -72.1
    endloop
  endfacet
  facet normal 0.970023 -0.243015 0
    outer loop
      vertex 20.8616 -19.2902 -76.1
      vertex 20.8139 -19.4806 -72.1
      vertex 20.8139 -19.4806 -76.1
    endloop
  endfacet
  facet normal 0.998803 -0.0489209 0
    outer loop
      vertex 20.8904 -19.096 -72.1
      vertex 20.9 -18.9 -76.1
      vertex 20.9 -18.9 -72.1
    endloop
  endfacet
  facet normal 0.998803 -0.0489209 0
    outer loop
      vertex 20.9 -18.9 -76.1
      vertex 20.8904 -19.096 -72.1
      vertex 20.8904 -19.096 -76.1
    endloop
  endfacet
  facet normal 0 0 -1
    outer loop
      vertex -18.0303 -19.2328 -76.1
      vertex -5.15 -18.7 -76.1
      vertex -5.15 -20.9 -76.1
    endloop
  endfacet
  facet normal 0 0 -1
    outer loop
      vertex -5.15 -18.7 -76.1
      vertex -18.0303 -19.2328 -76.1
      vertex -18.025 -19.125 -76.1
    endloop
  endfacet
  facet normal 0 0 -1
    outer loop
      vertex -5.15 -20.9 -76.1
      vertex -18.0461 -19.3396 -76.1
      vertex -18.0303 -19.2328 -76.1
    endloop
  endfacet
  facet normal 0 0 -1
    outer loop
      vertex -5.15 -20.9 -76.1
      vertex -18.0724 -19.4443 -76.1
      vertex -18.0461 -19.3396 -76.1
    endloop
  endfacet
  facet normal 0 0 -1
    outer loop
      vertex -5.15 -20.9 -76.1
      vertex -18.1087 -19.546 -76.1
      vertex -18.0724 -19.4443 -76.1
    endloop
  endfacet
  facet normal 0 0 -1
    outer loop
      vertex -5.15 -20.9 -76.1
      vertex -18.1549 -19.6435 -76.1
      vertex -18.1087 -19.546 -76.1
    endloop
  endfacet
  facet normal 0 0 -1
    outer loop
      vertex -5.15 -20.9 -76.1
      vertex -18.2104 -19.7361 -76.1
      vertex -18.1549 -19.6435 -76.1
    endloop
  endfacet
  facet normal 0 0 -1
    outer loop
      vertex -18.9 -20.9 -76.1
      vertex -18.2104 -19.7361 -76.1
      vertex -5.15 -20.9 -76.1
    endloop
  endfacet
  facet normal 0 0 -1
    outer loop
      vertex -18.2104 -19.7361 -76.1
      vertex -18.9 -20.9 -76.1
      vertex -18.2747 -19.8228 -76.1
    endloop
  endfacet
  facet normal 0 0 -1
    outer loop
      vertex -18.2747 -19.8228 -76.1
      vertex -18.9 -20.9 -76.1
      vertex -18.3472 -19.9028 -76.1
    endloop
  endfacet
  facet normal 0 0 -1
    outer loop
      vertex -18.3472 -19.9028 -76.1
      vertex -18.9 -20.9 -76.1
      vertex -18.4272 -19.9753 -76.1
    endloop
  endfacet
  facet normal 0 0 -1
    outer loop
      vertex -18.4272 -19.9753 -76.1
      vertex -18.9 -20.9 -76.1
      vertex -18.5139 -20.0396 -76.1
    endloop
  endfacet
  facet normal 0 0 -1
    outer loop
      vertex -18.5139 -20.0396 -76.1
      vertex -18.9 -20.9 -76.1
      vertex -18.6065 -20.0951 -76.1
    endloop
  endfacet
  facet normal 0 0 -1
    outer loop
      vertex -18.6065 -20.0951 -76.1
      vertex -18.9 -20.9 -76.1
      vertex -18.704 -20.1413 -76.1
    endloop
  endfacet
  facet normal 0 0 -1
    outer loop
      vertex -18.704 -20.1413 -76.1
      vertex -18.9 -20.9 -76.1
      vertex -18.8057 -20.1776 -76.1
    endloop
  endfacet
  facet normal 0 0 -1
    outer loop
      vertex -18.9 -20.9 -76.1
      vertex -18.9104 -20.2039 -76.1
      vertex -18.8057 -20.1776 -76.1
    endloop
  endfacet
  facet normal 0 0 -1
    outer loop
      vertex -18.9 -20.9 -76.1
      vertex -19.0172 -20.2197 -76.1
      vertex -18.9104 -20.2039 -76.1
    endloop
  endfacet
  facet normal 0 0 -1
    outer loop
      vertex -19.096 -20.8904 -76.1
      vertex -19.0172 -20.2197 -76.1
      vertex -18.9 -20.9 -76.1
    endloop
  endfacet
  facet normal 0 0 -1
    outer loop
      vertex -19.096 -20.8904 -76.1
      vertex -19.125 -20.225 -76.1
      vertex -19.0172 -20.2197 -76.1
    endloop
  endfacet
  facet normal 0 0 -1
    outer loop
      vertex -19.2902 -20.8616 -76.1
      vertex -19.125 -20.225 -76.1
      vertex -19.096 -20.8904 -76.1
    endloop
  endfacet
  facet normal -0 0 -1
    outer loop
      vertex -19.125 -20.225 -76.1
      vertex -19.2902 -20.8616 -76.1
      vertex -19.2328 -20.2197 -76.1
    endloop
  endfacet
  facet normal 0 0 -1
    outer loop
      vertex -19.4806 -20.8139 -76.1
      vertex -19.2328 -20.2197 -76.1
      vertex -19.2902 -20.8616 -76.1
    endloop
  endfacet
  facet normal -0 0 -1
    outer loop
      vertex -19.2328 -20.2197 -76.1
      vertex -19.4806 -20.8139 -76.1
      vertex -19.3396 -20.2039 -76.1
    endloop
  endfacet
  facet normal -0 0 -1
    outer loop
      vertex -19.3396 -20.2039 -76.1
      vertex -19.4806 -20.8139 -76.1
      vertex -19.4443 -20.1776 -76.1
    endloop
  endfacet
  facet normal 0 0 -1
    outer loop
      vertex -19.6654 -20.7478 -76.1
      vertex -19.4443 -20.1776 -76.1
      vertex -19.4806 -20.8139 -76.1
    endloop
  endfacet
  facet normal -0 0 -1
    outer loop
      vertex -19.4443 -20.1776 -76.1
      vertex -19.6654 -20.7478 -76.1
      vertex -19.546 -20.1413 -76.1
    endloop
  endfacet
  facet normal 0 0 -1
    outer loop
      vertex -19.8428 -20.6638 -76.1
      vertex -19.546 -20.1413 -76.1
      vertex -19.6654 -20.7478 -76.1
    endloop
  endfacet
  facet normal -0 0 -1
    outer loop
      vertex -19.546 -20.1413 -76.1
      vertex -19.8428 -20.6638 -76.1
      vertex -19.6435 -20.0951 -76.1
    endloop
  endfacet
  facet normal 0 0 -1
    outer loop
      vertex -20.0111 -20.5629 -76.1
      vertex -19.6435 -20.0951 -76.1
      vertex -19.8428 -20.6638 -76.1
    endloop
  endfacet
  facet normal -0 0 -1
    outer loop
      vertex -19.6435 -20.0951 -76.1
      vertex -20.0111 -20.5629 -76.1
      vertex -19.7361 -20.0396 -76.1
    endloop
  endfacet
  facet normal 0 0 -1
    outer loop
      vertex -20.1688 -20.446 -76.1
      vertex -19.7361 -20.0396 -76.1
      vertex -20.0111 -20.5629 -76.1
    endloop
  endfacet
  facet normal -0 0 -1
    outer loop
      vertex -19.7361 -20.0396 -76.1
      vertex -20.1688 -20.446 -76.1
      vertex -19.8228 -19.9753 -76.1
    endloop
  endfacet
  facet normal 0 0 -1
    outer loop
      vertex -20.3142 -20.3142 -76.1
      vertex -19.8228 -19.9753 -76.1
      vertex -20.1688 -20.446 -76.1
    endloop
  endfacet
  facet normal -0 0 -1
    outer loop
      vertex -19.8228 -19.9753 -76.1
      vertex -20.3142 -20.3142 -76.1
      vertex -19.9028 -19.9028 -76.1
    endloop
  endfacet
  facet normal -0 0 -1
    outer loop
      vertex -19.9028 -19.9028 -76.1
      vertex -20.3142 -20.3142 -76.1
      vertex -19.9753 -19.8228 -76.1
    endloop
  endfacet
  facet normal 0 0 -1
    outer loop
      vertex -20.446 -20.1688 -76.1
      vertex -19.9753 -19.8228 -76.1
      vertex -20.3142 -20.3142 -76.1
    endloop
  endfacet
  facet normal -0 0 -1
    outer loop
      vertex -19.9753 -19.8228 -76.1
      vertex -20.446 -20.1688 -76.1
      vertex -20.0396 -19.7361 -76.1
    endloop
  endfacet
  facet normal 0 0 -1
    outer loop
      vertex -20.5629 -20.0111 -76.1
      vertex -20.0396 -19.7361 -76.1
      vertex -20.446 -20.1688 -76.1
    endloop
  endfacet
  facet normal -0 0 -1
    outer loop
      vertex -20.0396 -19.7361 -76.1
      vertex -20.5629 -20.0111 -76.1
      vertex -20.0951 -19.6435 -76.1
    endloop
  endfacet
  facet normal 0 0 -1
    outer loop
      vertex -20.6638 -19.8428 -76.1
      vertex -20.0951 -19.6435 -76.1
      vertex -20.5629 -20.0111 -76.1
    endloop
  endfacet
  facet normal -0 0 -1
    outer loop
      vertex -20.0951 -19.6435 -76.1
      vertex -20.6638 -19.8428 -76.1
      vertex -20.1413 -19.546 -76.1
    endloop
  endfacet
  facet normal 0 0 -1
    outer loop
      vertex -20.1776 18.8057 -76.1
      vertex -20.9 18.9 -76.1
      vertex -20.2039 18.9104 -76.1
    endloop
  endfacet
  facet normal 0 0 -1
    outer loop
      vertex -20.7478 -19.6654 -76.1
      vertex -20.1413 -19.546 -76.1
      vertex -20.6638 -19.8428 -76.1
    endloop
  endfacet
  facet normal 0 0 -1
    outer loop
      vertex 20.1776 -18.8057 -76.1
      vertex 20.9 -18.9 -76.1
      vertex 20.2039 -18.9104 -76.1
    endloop
  endfacet
  facet normal 0 0 -1
    outer loop
      vertex 20.9 18.9 -76.1
      vertex 20.2197 19.0172 -76.1
      vertex 20.225 19.125 -76.1
    endloop
  endfacet
  facet normal 0 0 -1
    outer loop
      vertex 20.1413 -18.704 -76.1
      vertex 20.9 -18.9 -76.1
      vertex 20.1776 -18.8057 -76.1
    endloop
  endfacet
  facet normal 0 0 -1
    outer loop
      vertex 20.9 18.9 -76.1
      vertex 20.2039 18.9104 -76.1
      vertex 20.2197 19.0172 -76.1
    endloop
  endfacet
  facet normal 0 0 -1
    outer loop
      vertex 20.0951 -18.6065 -76.1
      vertex 20.9 -18.9 -76.1
      vertex 20.1413 -18.704 -76.1
    endloop
  endfacet
  facet normal -0 0 -1
    outer loop
      vertex 20.9 18.9 -76.1
      vertex 20.1776 18.8057 -76.1
      vertex 20.2039 18.9104 -76.1
    endloop
  endfacet
  facet normal 0 0 -1
    outer loop
      vertex 20.0396 -18.5139 -76.1
      vertex 20.9 -18.9 -76.1
      vertex 20.0951 -18.6065 -76.1
    endloop
  endfacet
  facet normal 0 0 -1
    outer loop
      vertex 20.9 18.9 -76.1
      vertex 20.1413 18.704 -76.1
      vertex 20.1776 18.8057 -76.1
    endloop
  endfacet
  facet normal 0 0 -1
    outer loop
      vertex 19.9753 -18.4272 -76.1
      vertex 20.9 -18.9 -76.1
      vertex 20.0396 -18.5139 -76.1
    endloop
  endfacet
  facet normal 0 0 -1
    outer loop
      vertex 20.9 18.9 -76.1
      vertex 20.0951 18.6065 -76.1
      vertex 20.1413 18.704 -76.1
    endloop
  endfacet
  facet normal 0 0 -1
    outer loop
      vertex 19.9028 -18.3472 -76.1
      vertex 20.9 -18.9 -76.1
      vertex 19.9753 -18.4272 -76.1
    endloop
  endfacet
  facet normal 0 0 -1
    outer loop
      vertex 20.9 18.9 -76.1
      vertex 20.0396 18.5139 -76.1
      vertex 20.0951 18.6065 -76.1
    endloop
  endfacet
  facet normal 0 0 -1
    outer loop
      vertex 19.8228 -18.2747 -76.1
      vertex 20.9 -18.9 -76.1
      vertex 19.9028 -18.3472 -76.1
    endloop
  endfacet
  facet normal 0 0 -1
    outer loop
      vertex 20.9 18.9 -76.1
      vertex 19.9753 18.4272 -76.1
      vertex 20.0396 18.5139 -76.1
    endloop
  endfacet
  facet normal 0 0 -1
    outer loop
      vertex 19.7361 -18.2104 -76.1
      vertex 20.9 -18.9 -76.1
      vertex 19.8228 -18.2747 -76.1
    endloop
  endfacet
  facet normal 0 0 -1
    outer loop
      vertex 20.9 18.9 -76.1
      vertex 19.9028 18.3472 -76.1
      vertex 19.9753 18.4272 -76.1
    endloop
  endfacet
  facet normal 0 0 -1
    outer loop
      vertex 20.9 -18.9 -76.1
      vertex 19.7361 -18.2104 -76.1
      vertex 20.9 18.9 -76.1
    endloop
  endfacet
  facet normal 0 0 -1
    outer loop
      vertex 20.9 18.9 -76.1
      vertex 19.8228 18.2747 -76.1
      vertex 19.9028 18.3472 -76.1
    endloop
  endfacet
  facet normal 0 0 -1
    outer loop
      vertex 19.7361 18.2104 -76.1
      vertex 20.9 18.9 -76.1
      vertex 19.7361 -18.2104 -76.1
    endloop
  endfacet
  facet normal 0 0 -1
    outer loop
      vertex 20.9 18.9 -76.1
      vertex 19.7361 18.2104 -76.1
      vertex 19.8228 18.2747 -76.1
    endloop
  endfacet
  facet normal 0 0 -1
    outer loop
      vertex 19.6435 -18.1549 -76.1
      vertex 19.7361 18.2104 -76.1
      vertex 19.7361 -18.2104 -76.1
    endloop
  endfacet
  facet normal 0 0 -1
    outer loop
      vertex 19.6435 -18.1549 -76.1
      vertex 19.6435 18.1549 -76.1
      vertex 19.7361 18.2104 -76.1
    endloop
  endfacet
  facet normal 0 0 -1
    outer loop
      vertex 19.546 -18.1087 -76.1
      vertex 19.6435 18.1549 -76.1
      vertex 19.6435 -18.1549 -76.1
    endloop
  endfacet
  facet normal 0 0 -1
    outer loop
      vertex 19.546 -18.1087 -76.1
      vertex 19.546 18.1087 -76.1
      vertex 19.6435 18.1549 -76.1
    endloop
  endfacet
  facet normal 0 0 -1
    outer loop
      vertex 19.4443 -18.0724 -76.1
      vertex 19.546 18.1087 -76.1
      vertex 19.546 -18.1087 -76.1
    endloop
  endfacet
  facet normal 0 0 -1
    outer loop
      vertex 19.4443 -18.0724 -76.1
      vertex 19.4443 18.0724 -76.1
      vertex 19.546 18.1087 -76.1
    endloop
  endfacet
  facet normal 0 0 -1
    outer loop
      vertex 19.3396 -18.0461 -76.1
      vertex 19.4443 18.0724 -76.1
      vertex 19.4443 -18.0724 -76.1
    endloop
  endfacet
  facet normal 0 0 -1
    outer loop
      vertex 19.3396 -18.0461 -76.1
      vertex 19.3396 18.0461 -76.1
      vertex 19.4443 18.0724 -76.1
    endloop
  endfacet
  facet normal 0 0 -1
    outer loop
      vertex 19.2328 -18.0303 -76.1
      vertex 19.3396 18.0461 -76.1
      vertex 19.3396 -18.0461 -76.1
    endloop
  endfacet
  facet normal 0 0 -1
    outer loop
      vertex 19.2328 -18.0303 -76.1
      vertex 19.2328 18.0303 -76.1
      vertex 19.3396 18.0461 -76.1
    endloop
  endfacet
  facet normal 0 0 -1
    outer loop
      vertex 19.125 -18.025 -76.1
      vertex 19.2328 18.0303 -76.1
      vertex 19.2328 -18.0303 -76.1
    endloop
  endfacet
  facet normal 0 0 -1
    outer loop
      vertex 19.125 -18.025 -76.1
      vertex 19.125 18.025 -76.1
      vertex 19.2328 18.0303 -76.1
    endloop
  endfacet
  facet normal 0 0 -1
    outer loop
      vertex 19.0172 -18.0303 -76.1
      vertex 19.125 18.025 -76.1
      vertex 19.125 -18.025 -76.1
    endloop
  endfacet
  facet normal 0 0 -1
    outer loop
      vertex 19.0172 -18.0303 -76.1
      vertex 19.0172 18.0303 -76.1
      vertex 19.125 18.025 -76.1
    endloop
  endfacet
  facet normal 0 0 -1
    outer loop
      vertex 18.9104 -18.0461 -76.1
      vertex 19.0172 18.0303 -76.1
      vertex 19.0172 -18.0303 -76.1
    endloop
  endfacet
  facet normal 0 0 -1
    outer loop
      vertex 18.9104 -18.0461 -76.1
      vertex 18.9104 18.0461 -76.1
      vertex 19.0172 18.0303 -76.1
    endloop
  endfacet
  facet normal 0 0 -1
    outer loop
      vertex 18.8057 -18.0724 -76.1
      vertex 18.9104 18.0461 -76.1
      vertex 18.9104 -18.0461 -76.1
    endloop
  endfacet
  facet normal 0 0 -1
    outer loop
      vertex 18.8057 -18.0724 -76.1
      vertex 18.8057 18.0724 -76.1
      vertex 18.9104 18.0461 -76.1
    endloop
  endfacet
  facet normal 0 0 -1
    outer loop
      vertex 18.25 -18.25 -76.1
      vertex 18.8057 -18.0724 -76.1
      vertex 18.704 -18.1087 -76.1
    endloop
  endfacet
  facet normal -0 0 -1
    outer loop
      vertex 18.8057 -18.0724 -76.1
      vertex 18.25 -18.25 -76.1
      vertex 18.8057 18.0724 -76.1
    endloop
  endfacet
  facet normal 0 0 -1
    outer loop
      vertex 18.25 -18.25 -76.1
      vertex 18.704 -18.1087 -76.1
      vertex 18.6065 -18.1549 -76.1
    endloop
  endfacet
  facet normal 0 0 -1
    outer loop
      vertex 18.25 18.25 -76.1
      vertex 18.8057 18.0724 -76.1
      vertex 18.25 -18.25 -76.1
    endloop
  endfacet
  facet normal 0 0 -1
    outer loop
      vertex 18.25 -18.25 -76.1
      vertex 18.6065 -18.1549 -76.1
      vertex 18.5139 -18.2104 -76.1
    endloop
  endfacet
  facet normal 0 0 -1
    outer loop
      vertex 18.8057 18.0724 -76.1
      vertex 18.25 18.25 -76.1
      vertex 18.704 18.1087 -76.1
    endloop
  endfacet
  facet normal 0 0 -1
    outer loop
      vertex 18.25 -18.25 -76.1
      vertex 18.5139 -18.2104 -76.1
      vertex 18.4272 -18.2747 -76.1
    endloop
  endfacet
  facet normal 0 0 -1
    outer loop
      vertex 18.704 18.1087 -76.1
      vertex 18.25 18.25 -76.1
      vertex 18.6065 18.1549 -76.1
    endloop
  endfacet
  facet normal 0 0 -1
    outer loop
      vertex 18.25 -18.25 -76.1
      vertex 18.4272 -18.2747 -76.1
      vertex 18.3472 -18.3472 -76.1
    endloop
  endfacet
  facet normal 0 0 -1
    outer loop
      vertex 18.6065 18.1549 -76.1
      vertex 18.25 18.25 -76.1
      vertex 18.5139 18.2104 -76.1
    endloop
  endfacet
  facet normal 0 0 -1
    outer loop
      vertex 18.25 -18.25 -76.1
      vertex 18.3472 -18.3472 -76.1
      vertex 18.2747 -18.4272 -76.1
    endloop
  endfacet
  facet normal 0 0 -1
    outer loop
      vertex 18.5139 18.2104 -76.1
      vertex 18.25 18.25 -76.1
      vertex 18.4272 18.2747 -76.1
    endloop
  endfacet
  facet normal -0 0 -1
    outer loop
      vertex 18.4272 18.2747 -76.1
      vertex 18.25 18.25 -76.1
      vertex 18.3472 18.3472 -76.1
    endloop
  endfacet
  facet normal 0 0 -1
    outer loop
      vertex 18.2104 -18.5139 -76.1
      vertex 18.25 -18.25 -76.1
      vertex 18.2747 -18.4272 -76.1
    endloop
  endfacet
  facet normal 0 0 -1
    outer loop
      vertex 18.1549 -18.6065 -76.1
      vertex 18.25 -18.25 -76.1
      vertex 18.2104 -18.5139 -76.1
    endloop
  endfacet
  facet normal 0 0 -1
    outer loop
      vertex 18.1087 -18.704 -76.1
      vertex 18.25 -18.25 -76.1
      vertex 18.1549 -18.6065 -76.1
    endloop
  endfacet
  facet normal 0 0 -1
    outer loop
      vertex 18.0724 -18.8057 -76.1
      vertex 18.25 -18.25 -76.1
      vertex 18.1087 -18.704 -76.1
    endloop
  endfacet
  facet normal 0 0 -1
    outer loop
      vertex 18.0303 -19.2328 -76.1
      vertex 5.15 -18.7 -76.1
      vertex 18.025 -19.125 -76.1
    endloop
  endfacet
  facet normal 0 0 -1
    outer loop
      vertex 18.025 -19.125 -76.1
      vertex 5.15 -18.7 -76.1
      vertex 18.0303 -19.0172 -76.1
    endloop
  endfacet
  facet normal 0 0 -1
    outer loop
      vertex 18.0303 -19.0172 -76.1
      vertex 5.15 -18.7 -76.1
      vertex 18.0461 -18.9104 -76.1
    endloop
  endfacet
  facet normal 0 0 -1
    outer loop
      vertex 18.0461 -18.9104 -76.1
      vertex 5.15 -18.7 -76.1
      vertex 18.0724 -18.8057 -76.1
    endloop
  endfacet
  facet normal 0 0 -1
    outer loop
      vertex 18.0724 -18.8057 -76.1
      vertex 5.15 -18.7 -76.1
      vertex 18.25 -18.25 -76.1
    endloop
  endfacet
  facet normal 0 0 -1
    outer loop
      vertex -5.15 -18.7 -76.1
      vertex 18.25 -18.25 -76.1
      vertex 5.15 -18.7 -76.1
    endloop
  endfacet
  facet normal 0 0 -1
    outer loop
      vertex -18.0303 -19.0172 -76.1
      vertex -5.15 -18.7 -76.1
      vertex -18.025 -19.125 -76.1
    endloop
  endfacet
  facet normal 0 0 -1
    outer loop
      vertex -18.0461 -18.9104 -76.1
      vertex -5.15 -18.7 -76.1
      vertex -18.0303 -19.0172 -76.1
    endloop
  endfacet
  facet normal 0 0 -1
    outer loop
      vertex -18.0724 -18.8057 -76.1
      vertex -5.15 -18.7 -76.1
      vertex -18.0461 -18.9104 -76.1
    endloop
  endfacet
  facet normal 0 0 -1
    outer loop
      vertex -18.25 -18.25 -76.1
      vertex -5.15 -18.7 -76.1
      vertex -18.0724 -18.8057 -76.1
    endloop
  endfacet
  facet normal 0 0 -1
    outer loop
      vertex -18.25 -18.25 -76.1
      vertex -18.0724 -18.8057 -76.1
      vertex -18.1087 -18.704 -76.1
    endloop
  endfacet
  facet normal 0 0 -1
    outer loop
      vertex -18.25 -18.25 -76.1
      vertex -18.1087 -18.704 -76.1
      vertex -18.1549 -18.6065 -76.1
    endloop
  endfacet
  facet normal 0 0 -1
    outer loop
      vertex -18.25 -18.25 -76.1
      vertex -18.1549 -18.6065 -76.1
      vertex -18.2104 -18.5139 -76.1
    endloop
  endfacet
  facet normal 0 0 -1
    outer loop
      vertex -5.15 -18.7 -76.1
      vertex -18.25 -18.25 -76.1
      vertex 18.25 -18.25 -76.1
    endloop
  endfacet
  facet normal 0 0 -1
    outer loop
      vertex -18.3472 -18.3472 -76.1
      vertex -18.25 -18.25 -76.1
      vertex -18.2747 -18.4272 -76.1
    endloop
  endfacet
  facet normal 0 0 -1
    outer loop
      vertex -18.2747 -18.4272 -76.1
      vertex -18.25 -18.25 -76.1
      vertex -18.2104 -18.5139 -76.1
    endloop
  endfacet
  facet normal 0 0 -1
    outer loop
      vertex 20.2197 -19.0172 -76.1
      vertex 20.8904 -19.096 -76.1
      vertex 20.225 -19.125 -76.1
    endloop
  endfacet
  facet normal 0 0 -1
    outer loop
      vertex 20.8904 -19.096 -76.1
      vertex 20.2197 -19.0172 -76.1
      vertex 20.9 -18.9 -76.1
    endloop
  endfacet
  facet normal 0 0 -1
    outer loop
      vertex 20.225 -19.125 -76.1
      vertex 20.8904 -19.096 -76.1
      vertex 20.8616 -19.2902 -76.1
    endloop
  endfacet
  facet normal 0 0 -1
    outer loop
      vertex 20.2039 -18.9104 -76.1
      vertex 20.9 -18.9 -76.1
      vertex 20.2197 -19.0172 -76.1
    endloop
  endfacet
  facet normal 0 0 -1
    outer loop
      vertex 20.2197 -19.2328 -76.1
      vertex 20.8616 -19.2902 -76.1
      vertex 20.8139 -19.4806 -76.1
    endloop
  endfacet
  facet normal 0 0 -1
    outer loop
      vertex 20.9 18.9 -76.1
      vertex 20.225 19.125 -76.1
      vertex 20.8904 19.096 -76.1
    endloop
  endfacet
  facet normal 0 0 -1
    outer loop
      vertex 20.2039 -19.3396 -76.1
      vertex 20.8139 -19.4806 -76.1
      vertex 20.7478 -19.6654 -76.1
    endloop
  endfacet
  facet normal 0 0 -1
    outer loop
      vertex 20.8904 19.096 -76.1
      vertex 20.225 19.125 -76.1
      vertex 20.8616 19.2902 -76.1
    endloop
  endfacet
  facet normal 0 0 -1
    outer loop
      vertex 20.1413 -19.546 -76.1
      vertex 20.7478 -19.6654 -76.1
      vertex 20.6638 -19.8428 -76.1
    endloop
  endfacet
  facet normal 0 0 -1
    outer loop
      vertex 20.2197 19.2328 -76.1
      vertex 20.8616 19.2902 -76.1
      vertex 20.225 19.125 -76.1
    endloop
  endfacet
  facet normal 0 0 -1
    outer loop
      vertex 20.0951 -19.6435 -76.1
      vertex 20.6638 -19.8428 -76.1
      vertex 20.5629 -20.0111 -76.1
    endloop
  endfacet
  facet normal -0 0 -1
    outer loop
      vertex 20.8616 19.2902 -76.1
      vertex 20.2197 19.2328 -76.1
      vertex 20.8139 19.4806 -76.1
    endloop
  endfacet
  facet normal 0 0 -1
    outer loop
      vertex 20.0396 -19.7361 -76.1
      vertex 20.5629 -20.0111 -76.1
      vertex 20.446 -20.1688 -76.1
    endloop
  endfacet
  facet normal 0 0 -1
    outer loop
      vertex 20.2039 19.3396 -76.1
      vertex 20.8139 19.4806 -76.1
      vertex 20.2197 19.2328 -76.1
    endloop
  endfacet
  facet normal 0 0 -1
    outer loop
      vertex 19.9753 -19.8228 -76.1
      vertex 20.446 -20.1688 -76.1
      vertex 20.3142 -20.3142 -76.1
    endloop
  endfacet
  facet normal -0 0 -1
    outer loop
      vertex 20.8139 19.4806 -76.1
      vertex 20.2039 19.3396 -76.1
      vertex 20.7478 19.6654 -76.1
    endloop
  endfacet
  facet normal 0 0 -1
    outer loop
      vertex 20.1776 19.4443 -76.1
      vertex 20.7478 19.6654 -76.1
      vertex 20.2039 19.3396 -76.1
    endloop
  endfacet
  facet normal 0 0 -1
    outer loop
      vertex 20.8616 -19.2902 -76.1
      vertex 20.2197 -19.2328 -76.1
      vertex 20.225 -19.125 -76.1
    endloop
  endfacet
  facet normal 0 0 -1
    outer loop
      vertex 20.8139 -19.4806 -76.1
      vertex 20.2039 -19.3396 -76.1
      vertex 20.2197 -19.2328 -76.1
    endloop
  endfacet
  facet normal 0 0 -1
    outer loop
      vertex 20.7478 -19.6654 -76.1
      vertex 20.1776 -19.4443 -76.1
      vertex 20.2039 -19.3396 -76.1
    endloop
  endfacet
  facet normal 0 0 -1
    outer loop
      vertex 19.8228 -19.9753 -76.1
      vertex 20.3142 -20.3142 -76.1
      vertex 20.1688 -20.446 -76.1
    endloop
  endfacet
  facet normal 0 0 -1
    outer loop
      vertex 20.7478 -19.6654 -76.1
      vertex 20.1413 -19.546 -76.1
      vertex 20.1776 -19.4443 -76.1
    endloop
  endfacet
  facet normal 0 0 -1
    outer loop
      vertex 20.6638 -19.8428 -76.1
      vertex 20.0951 -19.6435 -76.1
      vertex 20.1413 -19.546 -76.1
    endloop
  endfacet
  facet normal 0 0 -1
    outer loop
      vertex 20.5629 -20.0111 -76.1
      vertex 20.0396 -19.7361 -76.1
      vertex 20.0951 -19.6435 -76.1
    endloop
  endfacet
  facet normal 0 0 -1
    outer loop
      vertex 19.7361 -20.0396 -76.1
      vertex 20.1688 -20.446 -76.1
      vertex 20.0111 -20.5629 -76.1
    endloop
  endfacet
  facet normal 0 0 -1
    outer loop
      vertex 20.446 -20.1688 -76.1
      vertex 19.9753 -19.8228 -76.1
      vertex 20.0396 -19.7361 -76.1
    endloop
  endfacet
  facet normal 0 0 -1
    outer loop
      vertex 20.3142 -20.3142 -76.1
      vertex 19.9028 -19.9028 -76.1
      vertex 19.9753 -19.8228 -76.1
    endloop
  endfacet
  facet normal 0 0 -1
    outer loop
      vertex 19.6435 -20.0951 -76.1
      vertex 20.0111 -20.5629 -76.1
      vertex 19.8428 -20.6638 -76.1
    endloop
  endfacet
  facet normal 0 0 -1
    outer loop
      vertex 20.3142 -20.3142 -76.1
      vertex 19.8228 -19.9753 -76.1
      vertex 19.9028 -19.9028 -76.1
    endloop
  endfacet
  facet normal 0 0 -1
    outer loop
      vertex 20.1688 -20.446 -76.1
      vertex 19.7361 -20.0396 -76.1
      vertex 19.8228 -19.9753 -76.1
    endloop
  endfacet
  facet normal 0 0 -1
    outer loop
      vertex 19.546 -20.1413 -76.1
      vertex 19.8428 -20.6638 -76.1
      vertex 19.6654 -20.7478 -76.1
    endloop
  endfacet
  facet normal 0 0 -1
    outer loop
      vertex 20.0111 -20.5629 -76.1
      vertex 19.6435 -20.0951 -76.1
      vertex 19.7361 -20.0396 -76.1
    endloop
  endfacet
  facet normal 0 0 -1
    outer loop
      vertex 19.8428 -20.6638 -76.1
      vertex 19.546 -20.1413 -76.1
      vertex 19.6435 -20.0951 -76.1
    endloop
  endfacet
  facet normal 0 0 -1
    outer loop
      vertex 19.4443 -20.1776 -76.1
      vertex 19.6654 -20.7478 -76.1
      vertex 19.4806 -20.8139 -76.1
    endloop
  endfacet
  facet normal 0 0 -1
    outer loop
      vertex 19.6654 -20.7478 -76.1
      vertex 19.4443 -20.1776 -76.1
      vertex 19.546 -20.1413 -76.1
    endloop
  endfacet
  facet normal 0 0 -1
    outer loop
      vertex 19.4806 -20.8139 -76.1
      vertex 19.3396 -20.2039 -76.1
      vertex 19.4443 -20.1776 -76.1
    endloop
  endfacet
  facet normal 0 0 -1
    outer loop
      vertex 19.2328 -20.2197 -76.1
      vertex 19.4806 -20.8139 -76.1
      vertex 19.2902 -20.8616 -76.1
    endloop
  endfacet
  facet normal 0 0 -1
    outer loop
      vertex 19.4806 -20.8139 -76.1
      vertex 19.2328 -20.2197 -76.1
      vertex 19.3396 -20.2039 -76.1
    endloop
  endfacet
  facet normal 0 0 -1
    outer loop
      vertex 19.2902 -20.8616 -76.1
      vertex 19.125 -20.225 -76.1
      vertex 19.2328 -20.2197 -76.1
    endloop
  endfacet
  facet normal 0 0 -1
    outer loop
      vertex 19.096 -20.8904 -76.1
      vertex 19.125 -20.225 -76.1
      vertex 19.2902 -20.8616 -76.1
    endloop
  endfacet
  facet normal 0 0 -1
    outer loop
      vertex 19.096 -20.8904 -76.1
      vertex 19.0172 -20.2197 -76.1
      vertex 19.125 -20.225 -76.1
    endloop
  endfacet
  facet normal 0 0 -1
    outer loop
      vertex 18.9 -20.9 -76.1
      vertex 19.0172 -20.2197 -76.1
      vertex 19.096 -20.8904 -76.1
    endloop
  endfacet
  facet normal -0 0 -1
    outer loop
      vertex 19.0172 -20.2197 -76.1
      vertex 18.9 -20.9 -76.1
      vertex 18.9104 -20.2039 -76.1
    endloop
  endfacet
  facet normal 0 0 -1
    outer loop
      vertex 18.9 -20.9 -76.1
      vertex 18.8057 -20.1776 -76.1
      vertex 18.9104 -20.2039 -76.1
    endloop
  endfacet
  facet normal 0 0 -1
    outer loop
      vertex 18.9 -20.9 -76.1
      vertex 18.704 -20.1413 -76.1
      vertex 18.8057 -20.1776 -76.1
    endloop
  endfacet
  facet normal 0 0 -1
    outer loop
      vertex 18.9 -20.9 -76.1
      vertex 18.6065 -20.0951 -76.1
      vertex 18.704 -20.1413 -76.1
    endloop
  endfacet
  facet normal 0 0 -1
    outer loop
      vertex 18.9 -20.9 -76.1
      vertex 18.5139 -20.0396 -76.1
      vertex 18.6065 -20.0951 -76.1
    endloop
  endfacet
  facet normal 0 0 -1
    outer loop
      vertex 18.9 -20.9 -76.1
      vertex 18.4272 -19.9753 -76.1
      vertex 18.5139 -20.0396 -76.1
    endloop
  endfacet
  facet normal 0 0 -1
    outer loop
      vertex 18.9 -20.9 -76.1
      vertex 18.3472 -19.9028 -76.1
      vertex 18.4272 -19.9753 -76.1
    endloop
  endfacet
  facet normal 0 0 -1
    outer loop
      vertex 18.9 -20.9 -76.1
      vertex 18.2747 -19.8228 -76.1
      vertex 18.3472 -19.9028 -76.1
    endloop
  endfacet
  facet normal 0 0 -1
    outer loop
      vertex 18.9 -20.9 -76.1
      vertex 18.2104 -19.7361 -76.1
      vertex 18.2747 -19.8228 -76.1
    endloop
  endfacet
  facet normal 0 0 -1
    outer loop
      vertex 5.15 -20.9 -76.1
      vertex 18.2104 -19.7361 -76.1
      vertex 18.9 -20.9 -76.1
    endloop
  endfacet
  facet normal 0 0 -1
    outer loop
      vertex 5.15 -18.7 -76.1
      vertex 18.0303 -19.2328 -76.1
      vertex 5.15 -20.9 -76.1
    endloop
  endfacet
  facet normal -0 0 -1
    outer loop
      vertex 18.0461 -19.3396 -76.1
      vertex 5.15 -20.9 -76.1
      vertex 18.0303 -19.2328 -76.1
    endloop
  endfacet
  facet normal -0 0 -1
    outer loop
      vertex 18.0724 -19.4443 -76.1
      vertex 5.15 -20.9 -76.1
      vertex 18.0461 -19.3396 -76.1
    endloop
  endfacet
  facet normal -0 0 -1
    outer loop
      vertex 18.1087 -19.546 -76.1
      vertex 5.15 -20.9 -76.1
      vertex 18.0724 -19.4443 -76.1
    endloop
  endfacet
  facet normal -0 0 -1
    outer loop
      vertex 18.1549 -19.6435 -76.1
      vertex 5.15 -20.9 -76.1
      vertex 18.1087 -19.546 -76.1
    endloop
  endfacet
  facet normal -0 0 -1
    outer loop
      vertex 18.2104 -19.7361 -76.1
      vertex 5.15 -20.9 -76.1
      vertex 18.1549 -19.6435 -76.1
    endloop
  endfacet
  facet normal 0 0 -1
    outer loop
      vertex 20.1413 19.546 -76.1
      vertex 20.7478 19.6654 -76.1
      vertex 20.1776 19.4443 -76.1
    endloop
  endfacet
  facet normal -0 0 -1
    outer loop
      vertex 20.7478 19.6654 -76.1
      vertex 20.1413 19.546 -76.1
      vertex 20.6638 19.8428 -76.1
    endloop
  endfacet
  facet normal 0 0 -1
    outer loop
      vertex 20.0951 19.6435 -76.1
      vertex 20.6638 19.8428 -76.1
      vertex 20.1413 19.546 -76.1
    endloop
  endfacet
  facet normal -0 0 -1
    outer loop
      vertex 20.6638 19.8428 -76.1
      vertex 20.0951 19.6435 -76.1
      vertex 20.5629 20.0111 -76.1
    endloop
  endfacet
  facet normal 0 0 -1
    outer loop
      vertex 20.0396 19.7361 -76.1
      vertex 20.5629 20.0111 -76.1
      vertex 20.0951 19.6435 -76.1
    endloop
  endfacet
  facet normal -0 0 -1
    outer loop
      vertex 20.5629 20.0111 -76.1
      vertex 20.0396 19.7361 -76.1
      vertex 20.446 20.1688 -76.1
    endloop
  endfacet
  facet normal 0 0 -1
    outer loop
      vertex 19.9753 19.8228 -76.1
      vertex 20.446 20.1688 -76.1
      vertex 20.0396 19.7361 -76.1
    endloop
  endfacet
  facet normal -0 0 -1
    outer loop
      vertex 20.446 20.1688 -76.1
      vertex 19.9753 19.8228 -76.1
      vertex 20.3142 20.3142 -76.1
    endloop
  endfacet
  facet normal 0 0 -1
    outer loop
      vertex 19.9028 19.9028 -76.1
      vertex 20.3142 20.3142 -76.1
      vertex 19.9753 19.8228 -76.1
    endloop
  endfacet
  facet normal 0 0 -1
    outer loop
      vertex 19.8228 19.9753 -76.1
      vertex 20.3142 20.3142 -76.1
      vertex 19.9028 19.9028 -76.1
    endloop
  endfacet
  facet normal -0 0 -1
    outer loop
      vertex 20.3142 20.3142 -76.1
      vertex 19.8228 19.9753 -76.1
      vertex 20.1688 20.446 -76.1
    endloop
  endfacet
  facet normal 0 0 -1
    outer loop
      vertex 19.7361 20.0396 -76.1
      vertex 20.1688 20.446 -76.1
      vertex 19.8228 19.9753 -76.1
    endloop
  endfacet
  facet normal -0 0 -1
    outer loop
      vertex 20.1688 20.446 -76.1
      vertex 19.7361 20.0396 -76.1
      vertex 20.0111 20.5629 -76.1
    endloop
  endfacet
  facet normal 0 0 -1
    outer loop
      vertex 19.6435 20.0951 -76.1
      vertex 20.0111 20.5629 -76.1
      vertex 19.7361 20.0396 -76.1
    endloop
  endfacet
  facet normal -0 0 -1
    outer loop
      vertex 20.0111 20.5629 -76.1
      vertex 19.6435 20.0951 -76.1
      vertex 19.8428 20.6638 -76.1
    endloop
  endfacet
  facet normal 0 0 -1
    outer loop
      vertex 19.546 20.1413 -76.1
      vertex 19.8428 20.6638 -76.1
      vertex 19.6435 20.0951 -76.1
    endloop
  endfacet
  facet normal -0 0 -1
    outer loop
      vertex 19.8428 20.6638 -76.1
      vertex 19.546 20.1413 -76.1
      vertex 19.6654 20.7478 -76.1
    endloop
  endfacet
  facet normal 0 0 -1
    outer loop
      vertex 19.4443 20.1776 -76.1
      vertex 19.6654 20.7478 -76.1
      vertex 19.546 20.1413 -76.1
    endloop
  endfacet
  facet normal -0 0 -1
    outer loop
      vertex 19.6654 20.7478 -76.1
      vertex 19.4443 20.1776 -76.1
      vertex 19.4806 20.8139 -76.1
    endloop
  endfacet
  facet normal 0 0 -1
    outer loop
      vertex 19.3396 20.2039 -76.1
      vertex 19.4806 20.8139 -76.1
      vertex 19.4443 20.1776 -76.1
    endloop
  endfacet
  facet normal 0 0 -1
    outer loop
      vertex 19.2328 20.2197 -76.1
      vertex 19.4806 20.8139 -76.1
      vertex 19.3396 20.2039 -76.1
    endloop
  endfacet
  facet normal -0 0 -1
    outer loop
      vertex 19.4806 20.8139 -76.1
      vertex 19.2328 20.2197 -76.1
      vertex 19.2902 20.8616 -76.1
    endloop
  endfacet
  facet normal 0 0 -1
    outer loop
      vertex 19.125 20.225 -76.1
      vertex 19.2902 20.8616 -76.1
      vertex 19.2328 20.2197 -76.1
    endloop
  endfacet
  facet normal 0 0 -1
    outer loop
      vertex 19.125 20.225 -76.1
      vertex 19.096 20.8904 -76.1
      vertex 19.2902 20.8616 -76.1
    endloop
  endfacet
  facet normal 0 0 -1
    outer loop
      vertex 19.0172 20.2197 -76.1
      vertex 19.096 20.8904 -76.1
      vertex 19.125 20.225 -76.1
    endloop
  endfacet
  facet normal 0 0 -1
    outer loop
      vertex 18.9 20.9 -76.1
      vertex 19.0172 20.2197 -76.1
      vertex 18.9104 20.2039 -76.1
    endloop
  endfacet
  facet normal 0 0 -1
    outer loop
      vertex 19.0172 20.2197 -76.1
      vertex 18.9 20.9 -76.1
      vertex 19.096 20.8904 -76.1
    endloop
  endfacet
  facet normal 0 0 -1
    outer loop
      vertex 18.8057 20.1776 -76.1
      vertex 18.9 20.9 -76.1
      vertex 18.9104 20.2039 -76.1
    endloop
  endfacet
  facet normal 0 0 -1
    outer loop
      vertex 18.704 20.1413 -76.1
      vertex 18.9 20.9 -76.1
      vertex 18.8057 20.1776 -76.1
    endloop
  endfacet
  facet normal 0 0 -1
    outer loop
      vertex 18.6065 20.0951 -76.1
      vertex 18.9 20.9 -76.1
      vertex 18.704 20.1413 -76.1
    endloop
  endfacet
  facet normal 0 0 -1
    outer loop
      vertex 18.5139 20.0396 -76.1
      vertex 18.9 20.9 -76.1
      vertex 18.6065 20.0951 -76.1
    endloop
  endfacet
  facet normal 0 0 -1
    outer loop
      vertex 18.4272 19.9753 -76.1
      vertex 18.9 20.9 -76.1
      vertex 18.5139 20.0396 -76.1
    endloop
  endfacet
  facet normal 0 0 -1
    outer loop
      vertex 18.3472 19.9028 -76.1
      vertex 18.9 20.9 -76.1
      vertex 18.4272 19.9753 -76.1
    endloop
  endfacet
  facet normal 0 0 -1
    outer loop
      vertex 18.2747 19.8228 -76.1
      vertex 18.9 20.9 -76.1
      vertex 18.3472 19.9028 -76.1
    endloop
  endfacet
  facet normal 0 0 -1
    outer loop
      vertex 18.2104 19.7361 -76.1
      vertex 18.9 20.9 -76.1
      vertex 18.2747 19.8228 -76.1
    endloop
  endfacet
  facet normal 0 0 -1
    outer loop
      vertex -18.2104 19.7361 -76.1
      vertex 18.2104 19.7361 -76.1
      vertex 18.1549 19.6435 -76.1
    endloop
  endfacet
  facet normal 0 0 -1
    outer loop
      vertex -18.025 19.125 -76.1
      vertex 18.0303 19.2328 -76.1
      vertex 18.025 19.125 -76.1
    endloop
  endfacet
  facet normal 0 0 -1
    outer loop
      vertex -18.0303 19.2328 -76.1
      vertex 18.0303 19.2328 -76.1
      vertex -18.025 19.125 -76.1
    endloop
  endfacet
  facet normal 0 0 -1
    outer loop
      vertex 18.0303 19.2328 -76.1
      vertex -18.0303 19.2328 -76.1
      vertex 18.0461 19.3396 -76.1
    endloop
  endfacet
  facet normal 0 0 -1
    outer loop
      vertex -18.0461 19.3396 -76.1
      vertex 18.0461 19.3396 -76.1
      vertex -18.0303 19.2328 -76.1
    endloop
  endfacet
  facet normal 0 0 -1
    outer loop
      vertex 18.0461 19.3396 -76.1
      vertex -18.0461 19.3396 -76.1
      vertex 18.0724 19.4443 -76.1
    endloop
  endfacet
  facet normal 0 0 -1
    outer loop
      vertex -18.0724 19.4443 -76.1
      vertex 18.0724 19.4443 -76.1
      vertex -18.0461 19.3396 -76.1
    endloop
  endfacet
  facet normal 0 0 -1
    outer loop
      vertex 18.0724 19.4443 -76.1
      vertex -18.0724 19.4443 -76.1
      vertex 18.1087 19.546 -76.1
    endloop
  endfacet
  facet normal 0 0 -1
    outer loop
      vertex -18.1087 19.546 -76.1
      vertex 18.1087 19.546 -76.1
      vertex -18.0724 19.4443 -76.1
    endloop
  endfacet
  facet normal 0 0 -1
    outer loop
      vertex 18.1087 19.546 -76.1
      vertex -18.1087 19.546 -76.1
      vertex 18.1549 19.6435 -76.1
    endloop
  endfacet
  facet normal 0 0 -1
    outer loop
      vertex -18.1549 19.6435 -76.1
      vertex 18.1549 19.6435 -76.1
      vertex -18.1087 19.546 -76.1
    endloop
  endfacet
  facet normal 0 0 -1
    outer loop
      vertex -18.2104 19.7361 -76.1
      vertex 18.1549 19.6435 -76.1
      vertex -18.1549 19.6435 -76.1
    endloop
  endfacet
  facet normal 0 0 -1
    outer loop
      vertex 18.2104 19.7361 -76.1
      vertex -18.2104 19.7361 -76.1
      vertex 18.9 20.9 -76.1
    endloop
  endfacet
  facet normal 0 0 -1
    outer loop
      vertex -18.9 20.9 -76.1
      vertex -18.2104 19.7361 -76.1
      vertex -18.2747 19.8228 -76.1
    endloop
  endfacet
  facet normal 0 0 -1
    outer loop
      vertex -18.9 20.9 -76.1
      vertex -18.2747 19.8228 -76.1
      vertex -18.3472 19.9028 -76.1
    endloop
  endfacet
  facet normal 0 0 -1
    outer loop
      vertex -18.9 20.9 -76.1
      vertex -18.3472 19.9028 -76.1
      vertex -18.4272 19.9753 -76.1
    endloop
  endfacet
  facet normal 0 0 -1
    outer loop
      vertex -18.9 20.9 -76.1
      vertex -18.4272 19.9753 -76.1
      vertex -18.5139 20.0396 -76.1
    endloop
  endfacet
  facet normal 0 0 -1
    outer loop
      vertex -18.9 20.9 -76.1
      vertex -18.5139 20.0396 -76.1
      vertex -18.6065 20.0951 -76.1
    endloop
  endfacet
  facet normal 0 0 -1
    outer loop
      vertex -18.9 20.9 -76.1
      vertex -18.6065 20.0951 -76.1
      vertex -18.704 20.1413 -76.1
    endloop
  endfacet
  facet normal 0 0 -1
    outer loop
      vertex -18.9 20.9 -76.1
      vertex -18.704 20.1413 -76.1
      vertex -18.8057 20.1776 -76.1
    endloop
  endfacet
  facet normal 0 0 -1
    outer loop
      vertex -18.2104 19.7361 -76.1
      vertex -18.9 20.9 -76.1
      vertex 18.9 20.9 -76.1
    endloop
  endfacet
  facet normal 0 0 -1
    outer loop
      vertex -18.9104 20.2039 -76.1
      vertex -18.9 20.9 -76.1
      vertex -18.8057 20.1776 -76.1
    endloop
  endfacet
  facet normal 0 0 -1
    outer loop
      vertex -19.0172 20.2197 -76.1
      vertex -18.9 20.9 -76.1
      vertex -18.9104 20.2039 -76.1
    endloop
  endfacet
  facet normal 0 0 -1
    outer loop
      vertex -19.0172 20.2197 -76.1
      vertex -19.096 20.8904 -76.1
      vertex -18.9 20.9 -76.1
    endloop
  endfacet
  facet normal 0 0 -1
    outer loop
      vertex -19.125 20.225 -76.1
      vertex -19.096 20.8904 -76.1
      vertex -19.0172 20.2197 -76.1
    endloop
  endfacet
  facet normal 0 0 -1
    outer loop
      vertex -19.2902 20.8616 -76.1
      vertex -19.125 20.225 -76.1
      vertex -19.2328 20.2197 -76.1
    endloop
  endfacet
  facet normal 0 0 -1
    outer loop
      vertex -19.125 20.225 -76.1
      vertex -19.2902 20.8616 -76.1
      vertex -19.096 20.8904 -76.1
    endloop
  endfacet
  facet normal 0 0 -1
    outer loop
      vertex -19.4806 20.8139 -76.1
      vertex -19.2328 20.2197 -76.1
      vertex -19.3396 20.2039 -76.1
    endloop
  endfacet
  facet normal 0 0 -1
    outer loop
      vertex -19.4806 20.8139 -76.1
      vertex -19.3396 20.2039 -76.1
      vertex -19.4443 20.1776 -76.1
    endloop
  endfacet
  facet normal 0 0 -1
    outer loop
      vertex -19.2328 20.2197 -76.1
      vertex -19.4806 20.8139 -76.1
      vertex -19.2902 20.8616 -76.1
    endloop
  endfacet
  facet normal 0 0 -1
    outer loop
      vertex -19.6654 20.7478 -76.1
      vertex -19.4443 20.1776 -76.1
      vertex -19.546 20.1413 -76.1
    endloop
  endfacet
  facet normal 0 0 -1
    outer loop
      vertex -19.8428 20.6638 -76.1
      vertex -19.546 20.1413 -76.1
      vertex -19.6435 20.0951 -76.1
    endloop
  endfacet
  facet normal 0 0 -1
    outer loop
      vertex -19.4443 20.1776 -76.1
      vertex -19.6654 20.7478 -76.1
      vertex -19.4806 20.8139 -76.1
    endloop
  endfacet
  facet normal 0 0 -1
    outer loop
      vertex -20.0111 20.5629 -76.1
      vertex -19.6435 20.0951 -76.1
      vertex -19.7361 20.0396 -76.1
    endloop
  endfacet
  facet normal 0 0 -1
    outer loop
      vertex -20.1688 20.446 -76.1
      vertex -19.7361 20.0396 -76.1
      vertex -19.8228 19.9753 -76.1
    endloop
  endfacet
  facet normal 0 0 -1
    outer loop
      vertex -19.546 20.1413 -76.1
      vertex -19.8428 20.6638 -76.1
      vertex -19.6654 20.7478 -76.1
    endloop
  endfacet
  facet normal 0 0 -1
    outer loop
      vertex -20.3142 20.3142 -76.1
      vertex -19.8228 19.9753 -76.1
      vertex -19.9028 19.9028 -76.1
    endloop
  endfacet
  facet normal 0 0 -1
    outer loop
      vertex -20.3142 20.3142 -76.1
      vertex -19.9028 19.9028 -76.1
      vertex -19.9753 19.8228 -76.1
    endloop
  endfacet
  facet normal 0 0 -1
    outer loop
      vertex -19.6435 20.0951 -76.1
      vertex -20.0111 20.5629 -76.1
      vertex -19.8428 20.6638 -76.1
    endloop
  endfacet
  facet normal 0 0 -1
    outer loop
      vertex -20.446 20.1688 -76.1
      vertex -19.9753 19.8228 -76.1
      vertex -20.0396 19.7361 -76.1
    endloop
  endfacet
  facet normal 0 0 -1
    outer loop
      vertex -20.5629 20.0111 -76.1
      vertex -20.0396 19.7361 -76.1
      vertex -20.0951 19.6435 -76.1
    endloop
  endfacet
  facet normal 0 0 -1
    outer loop
      vertex -20.6638 19.8428 -76.1
      vertex -20.0951 19.6435 -76.1
      vertex -20.1413 19.546 -76.1
    endloop
  endfacet
  facet normal 0 0 -1
    outer loop
      vertex -19.7361 20.0396 -76.1
      vertex -20.1688 20.446 -76.1
      vertex -20.0111 20.5629 -76.1
    endloop
  endfacet
  facet normal 0 0 -1
    outer loop
      vertex -20.7478 19.6654 -76.1
      vertex -20.1413 19.546 -76.1
      vertex -20.1776 19.4443 -76.1
    endloop
  endfacet
  facet normal 0 0 -1
    outer loop
      vertex -20.7478 19.6654 -76.1
      vertex -20.1776 19.4443 -76.1
      vertex -20.2039 19.3396 -76.1
    endloop
  endfacet
  facet normal 0 0 -1
    outer loop
      vertex -20.8139 19.4806 -76.1
      vertex -20.2039 19.3396 -76.1
      vertex -20.2197 19.2328 -76.1
    endloop
  endfacet
  facet normal 0 0 -1
    outer loop
      vertex -20.8616 19.2902 -76.1
      vertex -20.2197 19.2328 -76.1
      vertex -20.225 19.125 -76.1
    endloop
  endfacet
  facet normal 0 0 -1
    outer loop
      vertex -19.8228 19.9753 -76.1
      vertex -20.3142 20.3142 -76.1
      vertex -20.1688 20.446 -76.1
    endloop
  endfacet
  facet normal -0 0 -1
    outer loop
      vertex -20.2039 18.9104 -76.1
      vertex -20.9 18.9 -76.1
      vertex -20.2197 19.0172 -76.1
    endloop
  endfacet
  facet normal -0 0 -1
    outer loop
      vertex -20.1413 -19.546 -76.1
      vertex -20.7478 -19.6654 -76.1
      vertex -20.1776 -19.4443 -76.1
    endloop
  endfacet
  facet normal 0 -0 -1
    outer loop
      vertex -20.8904 19.096 -76.1
      vertex -20.2197 19.0172 -76.1
      vertex -20.9 18.9 -76.1
    endloop
  endfacet
  facet normal -0 0 -1
    outer loop
      vertex -20.1776 -19.4443 -76.1
      vertex -20.7478 -19.6654 -76.1
      vertex -20.2039 -19.3396 -76.1
    endloop
  endfacet
  facet normal 0 0 -1
    outer loop
      vertex -20.2197 19.0172 -76.1
      vertex -20.8904 19.096 -76.1
      vertex -20.225 19.125 -76.1
    endloop
  endfacet
  facet normal 0 0 -1
    outer loop
      vertex -20.8139 -19.4806 -76.1
      vertex -20.2039 -19.3396 -76.1
      vertex -20.7478 -19.6654 -76.1
    endloop
  endfacet
  facet normal 0 0 -1
    outer loop
      vertex -19.9753 19.8228 -76.1
      vertex -20.446 20.1688 -76.1
      vertex -20.3142 20.3142 -76.1
    endloop
  endfacet
  facet normal -0 0 -1
    outer loop
      vertex -20.2039 -19.3396 -76.1
      vertex -20.8139 -19.4806 -76.1
      vertex -20.2197 -19.2328 -76.1
    endloop
  endfacet
  facet normal 0 0 -1
    outer loop
      vertex -20.0396 19.7361 -76.1
      vertex -20.5629 20.0111 -76.1
      vertex -20.446 20.1688 -76.1
    endloop
  endfacet
  facet normal 0 0 -1
    outer loop
      vertex -20.8616 -19.2902 -76.1
      vertex -20.2197 -19.2328 -76.1
      vertex -20.8139 -19.4806 -76.1
    endloop
  endfacet
  facet normal 0 0 -1
    outer loop
      vertex -20.0951 19.6435 -76.1
      vertex -20.6638 19.8428 -76.1
      vertex -20.5629 20.0111 -76.1
    endloop
  endfacet
  facet normal 0 0 -1
    outer loop
      vertex -20.8904 -19.096 -76.1
      vertex -20.2197 -19.2328 -76.1
      vertex -20.8616 -19.2902 -76.1
    endloop
  endfacet
  facet normal 0 0 -1
    outer loop
      vertex -20.1413 19.546 -76.1
      vertex -20.7478 19.6654 -76.1
      vertex -20.6638 19.8428 -76.1
    endloop
  endfacet
  facet normal 0 0 -1
    outer loop
      vertex -20.2197 -19.2328 -76.1
      vertex -20.8904 -19.096 -76.1
      vertex -20.9 -18.9 -76.1
    endloop
  endfacet
  facet normal 0 0 -1
    outer loop
      vertex -20.2039 19.3396 -76.1
      vertex -20.8139 19.4806 -76.1
      vertex -20.7478 19.6654 -76.1
    endloop
  endfacet
  facet normal 0 0 -1
    outer loop
      vertex -20.2197 19.2328 -76.1
      vertex -20.8616 19.2902 -76.1
      vertex -20.8139 19.4806 -76.1
    endloop
  endfacet
  facet normal -0 0 -1
    outer loop
      vertex -20.225 19.125 -76.1
      vertex -20.8904 19.096 -76.1
      vertex -20.8616 19.2902 -76.1
    endloop
  endfacet
  facet normal -0 0 -1
    outer loop
      vertex 18.3472 18.3472 -76.1
      vertex 18.25 18.25 -76.1
      vertex 18.2747 18.4272 -76.1
    endloop
  endfacet
  facet normal 0 0 -1
    outer loop
      vertex 18.25 18.25 -76.1
      vertex 18.2104 18.5139 -76.1
      vertex 18.2747 18.4272 -76.1
    endloop
  endfacet
  facet normal 0 0 -1
    outer loop
      vertex 18.25 18.25 -76.1
      vertex 18.1549 18.6065 -76.1
      vertex 18.2104 18.5139 -76.1
    endloop
  endfacet
  facet normal 0 0 -1
    outer loop
      vertex 18.25 18.25 -76.1
      vertex 18.1087 18.704 -76.1
      vertex 18.1549 18.6065 -76.1
    endloop
  endfacet
  facet normal 0 0 -1
    outer loop
      vertex 18.25 18.25 -76.1
      vertex 18.0724 18.8057 -76.1
      vertex 18.1087 18.704 -76.1
    endloop
  endfacet
  facet normal 0 0 -1
    outer loop
      vertex 18.0303 19.0172 -76.1
      vertex -18.025 19.125 -76.1
      vertex 18.025 19.125 -76.1
    endloop
  endfacet
  facet normal 0 0 -1
    outer loop
      vertex -18.0303 19.0172 -76.1
      vertex 18.0303 19.0172 -76.1
      vertex 18.0461 18.9104 -76.1
    endloop
  endfacet
  facet normal 0 0 -1
    outer loop
      vertex -18.0461 18.9104 -76.1
      vertex 18.0461 18.9104 -76.1
      vertex 18.0724 18.8057 -76.1
    endloop
  endfacet
  facet normal 0 0 -1
    outer loop
      vertex -18.0724 18.8057 -76.1
      vertex 18.0724 18.8057 -76.1
      vertex 18.25 18.25 -76.1
    endloop
  endfacet
  facet normal 0 0 -1
    outer loop
      vertex 18.0303 19.0172 -76.1
      vertex -18.0303 19.0172 -76.1
      vertex -18.025 19.125 -76.1
    endloop
  endfacet
  facet normal 0 0 -1
    outer loop
      vertex 18.0461 18.9104 -76.1
      vertex -18.0461 18.9104 -76.1
      vertex -18.0303 19.0172 -76.1
    endloop
  endfacet
  facet normal 0 0 -1
    outer loop
      vertex 18.0724 18.8057 -76.1
      vertex -18.0724 18.8057 -76.1
      vertex -18.0461 18.9104 -76.1
    endloop
  endfacet
  facet normal 0 0 -1
    outer loop
      vertex -18.25 18.25 -76.1
      vertex -18.0724 18.8057 -76.1
      vertex 18.25 18.25 -76.1
    endloop
  endfacet
  facet normal 0 0 -1
    outer loop
      vertex -18.0724 18.8057 -76.1
      vertex -18.25 18.25 -76.1
      vertex -18.1087 18.704 -76.1
    endloop
  endfacet
  facet normal 0 0 -1
    outer loop
      vertex -18.1087 18.704 -76.1
      vertex -18.25 18.25 -76.1
      vertex -18.1549 18.6065 -76.1
    endloop
  endfacet
  facet normal 0 0 -1
    outer loop
      vertex -18.1549 18.6065 -76.1
      vertex -18.25 18.25 -76.1
      vertex -18.2104 18.5139 -76.1
    endloop
  endfacet
  facet normal 0 0 -1
    outer loop
      vertex -18.25 18.25 -76.1
      vertex -18.2747 18.4272 -76.1
      vertex -18.2104 18.5139 -76.1
    endloop
  endfacet
  facet normal 0 0 -1
    outer loop
      vertex -18.4272 -18.2747 -76.1
      vertex -18.25 -18.25 -76.1
      vertex -18.3472 -18.3472 -76.1
    endloop
  endfacet
  facet normal 0 0 -1
    outer loop
      vertex -18.5139 -18.2104 -76.1
      vertex -18.25 -18.25 -76.1
      vertex -18.4272 -18.2747 -76.1
    endloop
  endfacet
  facet normal 0 0 -1
    outer loop
      vertex -18.25 18.25 -76.1
      vertex -18.3472 18.3472 -76.1
      vertex -18.2747 18.4272 -76.1
    endloop
  endfacet
  facet normal 0 0 -1
    outer loop
      vertex -18.6065 -18.1549 -76.1
      vertex -18.25 -18.25 -76.1
      vertex -18.5139 -18.2104 -76.1
    endloop
  endfacet
  facet normal 0 0 -1
    outer loop
      vertex -18.25 18.25 -76.1
      vertex -18.4272 18.2747 -76.1
      vertex -18.3472 18.3472 -76.1
    endloop
  endfacet
  facet normal 0 0 -1
    outer loop
      vertex -18.704 -18.1087 -76.1
      vertex -18.25 -18.25 -76.1
      vertex -18.6065 -18.1549 -76.1
    endloop
  endfacet
  facet normal -0 0 -1
    outer loop
      vertex -18.25 18.25 -76.1
      vertex -18.5139 18.2104 -76.1
      vertex -18.4272 18.2747 -76.1
    endloop
  endfacet
  facet normal 0 0 -1
    outer loop
      vertex -18.8057 -18.0724 -76.1
      vertex -18.25 -18.25 -76.1
      vertex -18.704 -18.1087 -76.1
    endloop
  endfacet
  facet normal 0 0 -1
    outer loop
      vertex -18.25 18.25 -76.1
      vertex -18.6065 18.1549 -76.1
      vertex -18.5139 18.2104 -76.1
    endloop
  endfacet
  facet normal 0 0 -1
    outer loop
      vertex -18.25 -18.25 -76.1
      vertex -18.8057 -18.0724 -76.1
      vertex -18.25 18.25 -76.1
    endloop
  endfacet
  facet normal 0 0 -1
    outer loop
      vertex -18.25 18.25 -76.1
      vertex -18.704 18.1087 -76.1
      vertex -18.6065 18.1549 -76.1
    endloop
  endfacet
  facet normal 0 0 -1
    outer loop
      vertex -18.8057 18.0724 -76.1
      vertex -18.25 18.25 -76.1
      vertex -18.8057 -18.0724 -76.1
    endloop
  endfacet
  facet normal 0 0 -1
    outer loop
      vertex -18.25 18.25 -76.1
      vertex -18.8057 18.0724 -76.1
      vertex -18.704 18.1087 -76.1
    endloop
  endfacet
  facet normal 0 0 -1
    outer loop
      vertex -18.9104 -18.0461 -76.1
      vertex -18.8057 18.0724 -76.1
      vertex -18.8057 -18.0724 -76.1
    endloop
  endfacet
  facet normal 0 0 -1
    outer loop
      vertex -18.9104 -18.0461 -76.1
      vertex -18.9104 18.0461 -76.1
      vertex -18.8057 18.0724 -76.1
    endloop
  endfacet
  facet normal 0 0 -1
    outer loop
      vertex -19.0172 -18.0303 -76.1
      vertex -18.9104 18.0461 -76.1
      vertex -18.9104 -18.0461 -76.1
    endloop
  endfacet
  facet normal 0 0 -1
    outer loop
      vertex -19.0172 -18.0303 -76.1
      vertex -19.0172 18.0303 -76.1
      vertex -18.9104 18.0461 -76.1
    endloop
  endfacet
  facet normal 0 0 -1
    outer loop
      vertex -19.125 -18.025 -76.1
      vertex -19.0172 18.0303 -76.1
      vertex -19.0172 -18.0303 -76.1
    endloop
  endfacet
  facet normal 0 0 -1
    outer loop
      vertex -19.125 -18.025 -76.1
      vertex -19.125 18.025 -76.1
      vertex -19.0172 18.0303 -76.1
    endloop
  endfacet
  facet normal 0 0 -1
    outer loop
      vertex -19.2328 -18.0303 -76.1
      vertex -19.125 18.025 -76.1
      vertex -19.125 -18.025 -76.1
    endloop
  endfacet
  facet normal 0 0 -1
    outer loop
      vertex -19.2328 -18.0303 -76.1
      vertex -19.2328 18.0303 -76.1
      vertex -19.125 18.025 -76.1
    endloop
  endfacet
  facet normal 0 0 -1
    outer loop
      vertex -19.3396 -18.0461 -76.1
      vertex -19.2328 18.0303 -76.1
      vertex -19.2328 -18.0303 -76.1
    endloop
  endfacet
  facet normal 0 0 -1
    outer loop
      vertex -19.3396 -18.0461 -76.1
      vertex -19.3396 18.0461 -76.1
      vertex -19.2328 18.0303 -76.1
    endloop
  endfacet
  facet normal 0 0 -1
    outer loop
      vertex -19.4443 -18.0724 -76.1
      vertex -19.3396 18.0461 -76.1
      vertex -19.3396 -18.0461 -76.1
    endloop
  endfacet
  facet normal 0 0 -1
    outer loop
      vertex -19.4443 -18.0724 -76.1
      vertex -19.4443 18.0724 -76.1
      vertex -19.3396 18.0461 -76.1
    endloop
  endfacet
  facet normal 0 0 -1
    outer loop
      vertex -19.546 -18.1087 -76.1
      vertex -19.4443 18.0724 -76.1
      vertex -19.4443 -18.0724 -76.1
    endloop
  endfacet
  facet normal 0 0 -1
    outer loop
      vertex -19.546 -18.1087 -76.1
      vertex -19.546 18.1087 -76.1
      vertex -19.4443 18.0724 -76.1
    endloop
  endfacet
  facet normal 0 0 -1
    outer loop
      vertex -19.6435 -18.1549 -76.1
      vertex -19.546 18.1087 -76.1
      vertex -19.546 -18.1087 -76.1
    endloop
  endfacet
  facet normal 0 0 -1
    outer loop
      vertex -19.6435 -18.1549 -76.1
      vertex -19.6435 18.1549 -76.1
      vertex -19.546 18.1087 -76.1
    endloop
  endfacet
  facet normal 0 0 -1
    outer loop
      vertex -19.7361 -18.2104 -76.1
      vertex -19.6435 18.1549 -76.1
      vertex -19.6435 -18.1549 -76.1
    endloop
  endfacet
  facet normal 0 0 -1
    outer loop
      vertex -19.7361 -18.2104 -76.1
      vertex -19.7361 18.2104 -76.1
      vertex -19.6435 18.1549 -76.1
    endloop
  endfacet
  facet normal 0 0 -1
    outer loop
      vertex -20.9 -18.9 -76.1
      vertex -19.7361 -18.2104 -76.1
      vertex -19.8228 -18.2747 -76.1
    endloop
  endfacet
  facet normal -0 0 -1
    outer loop
      vertex -19.7361 -18.2104 -76.1
      vertex -20.9 -18.9 -76.1
      vertex -19.7361 18.2104 -76.1
    endloop
  endfacet
  facet normal 0 0 -1
    outer loop
      vertex -20.9 -18.9 -76.1
      vertex -19.8228 -18.2747 -76.1
      vertex -19.9028 -18.3472 -76.1
    endloop
  endfacet
  facet normal 0 0 -1
    outer loop
      vertex -20.9 18.9 -76.1
      vertex -19.7361 18.2104 -76.1
      vertex -20.9 -18.9 -76.1
    endloop
  endfacet
  facet normal 0 0 -1
    outer loop
      vertex -20.9 -18.9 -76.1
      vertex -19.9028 -18.3472 -76.1
      vertex -19.9753 -18.4272 -76.1
    endloop
  endfacet
  facet normal 0 0 -1
    outer loop
      vertex -19.7361 18.2104 -76.1
      vertex -20.9 18.9 -76.1
      vertex -19.8228 18.2747 -76.1
    endloop
  endfacet
  facet normal 0 0 -1
    outer loop
      vertex -20.9 -18.9 -76.1
      vertex -19.9753 -18.4272 -76.1
      vertex -20.0396 -18.5139 -76.1
    endloop
  endfacet
  facet normal 0 0 -1
    outer loop
      vertex -19.8228 18.2747 -76.1
      vertex -20.9 18.9 -76.1
      vertex -19.9028 18.3472 -76.1
    endloop
  endfacet
  facet normal 0 0 -1
    outer loop
      vertex -20.9 -18.9 -76.1
      vertex -20.0396 -18.5139 -76.1
      vertex -20.0951 -18.6065 -76.1
    endloop
  endfacet
  facet normal 0 0 -1
    outer loop
      vertex -19.9028 18.3472 -76.1
      vertex -20.9 18.9 -76.1
      vertex -19.9753 18.4272 -76.1
    endloop
  endfacet
  facet normal 0 0 -1
    outer loop
      vertex -20.9 -18.9 -76.1
      vertex -20.0951 -18.6065 -76.1
      vertex -20.1413 -18.704 -76.1
    endloop
  endfacet
  facet normal 0 0 -1
    outer loop
      vertex -19.9753 18.4272 -76.1
      vertex -20.9 18.9 -76.1
      vertex -20.0396 18.5139 -76.1
    endloop
  endfacet
  facet normal 0 0 -1
    outer loop
      vertex -20.9 -18.9 -76.1
      vertex -20.1413 -18.704 -76.1
      vertex -20.1776 -18.8057 -76.1
    endloop
  endfacet
  facet normal 0 0 -1
    outer loop
      vertex -20.0396 18.5139 -76.1
      vertex -20.9 18.9 -76.1
      vertex -20.0951 18.6065 -76.1
    endloop
  endfacet
  facet normal 0 0 -1
    outer loop
      vertex -20.9 -18.9 -76.1
      vertex -20.1776 -18.8057 -76.1
      vertex -20.2039 -18.9104 -76.1
    endloop
  endfacet
  facet normal 0 0 -1
    outer loop
      vertex -20.0951 18.6065 -76.1
      vertex -20.9 18.9 -76.1
      vertex -20.1413 18.704 -76.1
    endloop
  endfacet
  facet normal 0 0 -1
    outer loop
      vertex -20.9 -18.9 -76.1
      vertex -20.2039 -18.9104 -76.1
      vertex -20.2197 -19.0172 -76.1
    endloop
  endfacet
  facet normal 0 0 -1
    outer loop
      vertex -20.1413 18.704 -76.1
      vertex -20.9 18.9 -76.1
      vertex -20.1776 18.8057 -76.1
    endloop
  endfacet
  facet normal 0 0 -1
    outer loop
      vertex -20.2197 -19.2328 -76.1
      vertex -20.9 -18.9 -76.1
      vertex -20.225 -19.125 -76.1
    endloop
  endfacet
  facet normal 0 0 -1
    outer loop
      vertex -20.225 -19.125 -76.1
      vertex -20.9 -18.9 -76.1
      vertex -20.2197 -19.0172 -76.1
    endloop
  endfacet
  facet normal -0.970023 -0.243015 0
    outer loop
      vertex -20.8139 -19.4806 -76.1
      vertex -20.8616 -19.2902 -72.1
      vertex -20.8616 -19.2902 -76.1
    endloop
  endfacet
  facet normal -0.970023 -0.243015 0
    outer loop
      vertex -20.8616 -19.2902 -72.1
      vertex -20.8139 -19.4806 -76.1
      vertex -20.8139 -19.4806 -72.1
    endloop
  endfacet
  facet normal -0.514196 -0.857673 0
    outer loop
      vertex -20.0111 -20.5629 -76.1
      vertex -19.8428 -20.6638 -72.1
      vertex -20.0111 -20.5629 -72.1
    endloop
  endfacet
  facet normal -0.514196 -0.857673 -0
    outer loop
      vertex -19.8428 -20.6638 -72.1
      vertex -20.0111 -20.5629 -76.1
      vertex -19.8428 -20.6638 -76.1
    endloop
  endfacet
  facet normal 0.80335 0.595508 0
    outer loop
      vertex 20.5629 20.0111 -72.1
      vertex 20.446 20.1688 -76.1
      vertex 20.446 20.1688 -72.1
    endloop
  endfacet
  facet normal 0.80335 0.595508 0
    outer loop
      vertex 20.446 20.1688 -76.1
      vertex 20.5629 20.0111 -72.1
      vertex 20.5629 20.0111 -76.1
    endloop
  endfacet
  facet normal 0.595508 0.80335 -0
    outer loop
      vertex 20.1688 20.446 -76.1
      vertex 20.0111 20.5629 -72.1
      vertex 20.1688 20.446 -72.1
    endloop
  endfacet
  facet normal 0.595508 0.80335 0
    outer loop
      vertex 20.0111 20.5629 -72.1
      vertex 20.1688 20.446 -76.1
      vertex 20.0111 20.5629 -76.1
    endloop
  endfacet
  facet normal 0.857673 0.514196 0
    outer loop
      vertex 20.6638 19.8428 -72.1
      vertex 20.5629 20.0111 -76.1
      vertex 20.5629 20.0111 -72.1
    endloop
  endfacet
  facet normal 0.857673 0.514196 0
    outer loop
      vertex 20.5629 20.0111 -76.1
      vertex 20.6638 19.8428 -72.1
      vertex 20.6638 19.8428 -76.1
    endloop
  endfacet
  facet normal 1 0 0
    outer loop
      vertex -18.25 18.25 -72.1
      vertex -18.25 1.35 -74.1
      vertex -18.25 18.25 -76.1
    endloop
  endfacet
  facet normal 1 0 0
    outer loop
      vertex -18.25 18.25 -72.1
      vertex -18.25 1.3435 -73.9677
      vertex -18.25 1.35 -74.1
    endloop
  endfacet
  facet normal 1 0 0
    outer loop
      vertex -18.25 18.25 -72.1
      vertex -18.25 1.32406 -73.8366
      vertex -18.25 1.3435 -73.9677
    endloop
  endfacet
  facet normal 1 0 0
    outer loop
      vertex -18.25 18.25 -72.1
      vertex -18.25 1.29187 -73.7081
      vertex -18.25 1.32406 -73.8366
    endloop
  endfacet
  facet normal 1 0 0
    outer loop
      vertex -18.25 18.25 -72.1
      vertex -18.25 1.24724 -73.5834
      vertex -18.25 1.29187 -73.7081
    endloop
  endfacet
  facet normal 1 0 0
    outer loop
      vertex -18.25 18.25 -72.1
      vertex -18.25 1.19059 -73.4636
      vertex -18.25 1.24724 -73.5834
    endloop
  endfacet
  facet normal 1 0 0
    outer loop
      vertex -18.25 18.25 -72.1
      vertex -18.25 1.12248 -73.35
      vertex -18.25 1.19059 -73.4636
    endloop
  endfacet
  facet normal 1 0 0
    outer loop
      vertex -18.25 18.25 -72.1
      vertex -18.25 1.04356 -73.2436
      vertex -18.25 1.12248 -73.35
    endloop
  endfacet
  facet normal 1 0 0
    outer loop
      vertex -18.25 18.25 -72.1
      vertex -18.25 0.954594 -73.1454
      vertex -18.25 1.04356 -73.2436
    endloop
  endfacet
  facet normal 1 0 0
    outer loop
      vertex -18.25 18.25 -72.1
      vertex -18.25 0.85643 -73.0564
      vertex -18.25 0.954594 -73.1454
    endloop
  endfacet
  facet normal 1 0 0
    outer loop
      vertex -18.25 18.25 -72.1
      vertex -18.25 0.750019 -72.9775
      vertex -18.25 0.85643 -73.0564
    endloop
  endfacet
  facet normal 1 0 0
    outer loop
      vertex -18.25 18.25 -72.1
      vertex -18.25 0.636385 -72.9094
      vertex -18.25 0.750019 -72.9775
    endloop
  endfacet
  facet normal 1 0 0
    outer loop
      vertex -18.25 18.25 -72.1
      vertex -18.25 0.516623 -72.8528
      vertex -18.25 0.636385 -72.9094
    endloop
  endfacet
  facet normal 1 0 0
    outer loop
      vertex -18.25 18.25 -72.1
      vertex -18.25 0.391884 -72.8081
      vertex -18.25 0.516623 -72.8528
    endloop
  endfacet
  facet normal 1 0 0
    outer loop
      vertex -18.25 18.25 -72.1
      vertex -18.25 0.263371 -72.7759
      vertex -18.25 0.391884 -72.8081
    endloop
  endfacet
  facet normal 1 0 0
    outer loop
      vertex -18.25 18.25 -72.1
      vertex -18.25 0.132322 -72.7565
      vertex -18.25 0.263371 -72.7759
    endloop
  endfacet
  facet normal 1 0 0
    outer loop
      vertex -18.25 18.25 -72.1
      vertex -18.25 0 -72.75
      vertex -18.25 0.132322 -72.7565
    endloop
  endfacet
  facet normal 1 0 0
    outer loop
      vertex -18.25 -1.3435 -73.9677
      vertex -18.25 -18.25 -72.1
      vertex -18.25 -1.35 -74.1
    endloop
  endfacet
  facet normal 1 0 0
    outer loop
      vertex -18.25 -1.32406 -73.8366
      vertex -18.25 -18.25 -72.1
      vertex -18.25 -1.3435 -73.9677
    endloop
  endfacet
  facet normal 1 0 0
    outer loop
      vertex -18.25 -1.29187 -73.7081
      vertex -18.25 -18.25 -72.1
      vertex -18.25 -1.32406 -73.8366
    endloop
  endfacet
  facet normal 1 0 0
    outer loop
      vertex -18.25 -1.24724 -73.5834
      vertex -18.25 -18.25 -72.1
      vertex -18.25 -1.29187 -73.7081
    endloop
  endfacet
  facet normal 1 0 0
    outer loop
      vertex -18.25 -1.19059 -73.4636
      vertex -18.25 -18.25 -72.1
      vertex -18.25 -1.24724 -73.5834
    endloop
  endfacet
  facet normal 1 0 0
    outer loop
      vertex -18.25 -1.12248 -73.35
      vertex -18.25 -18.25 -72.1
      vertex -18.25 -1.19059 -73.4636
    endloop
  endfacet
  facet normal 1 0 0
    outer loop
      vertex -18.25 -1.04356 -73.2436
      vertex -18.25 -18.25 -72.1
      vertex -18.25 -1.12248 -73.35
    endloop
  endfacet
  facet normal 1 0 0
    outer loop
      vertex -18.25 -0.954594 -73.1454
      vertex -18.25 -18.25 -72.1
      vertex -18.25 -1.04356 -73.2436
    endloop
  endfacet
  facet normal 1 0 0
    outer loop
      vertex -18.25 -0.85643 -73.0564
      vertex -18.25 -18.25 -72.1
      vertex -18.25 -0.954594 -73.1454
    endloop
  endfacet
  facet normal 1 0 0
    outer loop
      vertex -18.25 -0.750019 -72.9775
      vertex -18.25 -18.25 -72.1
      vertex -18.25 -0.85643 -73.0564
    endloop
  endfacet
  facet normal 1 0 0
    outer loop
      vertex -18.25 -0.636385 -72.9094
      vertex -18.25 -18.25 -72.1
      vertex -18.25 -0.750019 -72.9775
    endloop
  endfacet
  facet normal 1 0 0
    outer loop
      vertex -18.25 -0.516623 -72.8528
      vertex -18.25 -18.25 -72.1
      vertex -18.25 -0.636385 -72.9094
    endloop
  endfacet
  facet normal 1 0 0
    outer loop
      vertex -18.25 -0.391884 -72.8081
      vertex -18.25 -18.25 -72.1
      vertex -18.25 -0.516623 -72.8528
    endloop
  endfacet
  facet normal 1 0 0
    outer loop
      vertex -18.25 -0.263371 -72.7759
      vertex -18.25 -18.25 -72.1
      vertex -18.25 -0.391884 -72.8081
    endloop
  endfacet
  facet normal 1 0 0
    outer loop
      vertex -18.25 -0.132322 -72.7565
      vertex -18.25 -18.25 -72.1
      vertex -18.25 -0.263371 -72.7759
    endloop
  endfacet
  facet normal 1 0 0
    outer loop
      vertex -18.25 0 -72.75
      vertex -18.25 -18.25 -72.1
      vertex -18.25 -0.132322 -72.7565
    endloop
  endfacet
  facet normal 1 -0 0
    outer loop
      vertex -18.25 -18.25 -72.1
      vertex -18.25 0 -72.75
      vertex -18.25 18.25 -72.1
    endloop
  endfacet
  facet normal 1 -0 0
    outer loop
      vertex -18.25 1.3435 -74.2323
      vertex -18.25 18.25 -76.1
      vertex -18.25 1.35 -74.1
    endloop
  endfacet
  facet normal 1 -0 0
    outer loop
      vertex -18.25 1.32406 -74.3634
      vertex -18.25 18.25 -76.1
      vertex -18.25 1.3435 -74.2323
    endloop
  endfacet
  facet normal 1 -0 0
    outer loop
      vertex -18.25 1.29187 -74.4919
      vertex -18.25 18.25 -76.1
      vertex -18.25 1.32406 -74.3634
    endloop
  endfacet
  facet normal 1 -0 0
    outer loop
      vertex -18.25 1.24724 -74.6166
      vertex -18.25 18.25 -76.1
      vertex -18.25 1.29187 -74.4919
    endloop
  endfacet
  facet normal 1 -0 0
    outer loop
      vertex -18.25 1.19059 -74.7364
      vertex -18.25 18.25 -76.1
      vertex -18.25 1.24724 -74.6166
    endloop
  endfacet
  facet normal 1 -0 0
    outer loop
      vertex -18.25 1.12248 -74.85
      vertex -18.25 18.25 -76.1
      vertex -18.25 1.19059 -74.7364
    endloop
  endfacet
  facet normal 1 -0 0
    outer loop
      vertex -18.25 1.04356 -74.9564
      vertex -18.25 18.25 -76.1
      vertex -18.25 1.12248 -74.85
    endloop
  endfacet
  facet normal 1 -0 0
    outer loop
      vertex -18.25 0.954594 -75.0546
      vertex -18.25 18.25 -76.1
      vertex -18.25 1.04356 -74.9564
    endloop
  endfacet
  facet normal 1 -0 0
    outer loop
      vertex -18.25 0.85643 -75.1436
      vertex -18.25 18.25 -76.1
      vertex -18.25 0.954594 -75.0546
    endloop
  endfacet
  facet normal 1 -0 0
    outer loop
      vertex -18.25 0.750019 -75.2225
      vertex -18.25 18.25 -76.1
      vertex -18.25 0.85643 -75.1436
    endloop
  endfacet
  facet normal 1 -0 0
    outer loop
      vertex -18.25 0.636385 -75.2906
      vertex -18.25 18.25 -76.1
      vertex -18.25 0.750019 -75.2225
    endloop
  endfacet
  facet normal 1 -0 0
    outer loop
      vertex -18.25 0.516623 -75.3472
      vertex -18.25 18.25 -76.1
      vertex -18.25 0.636385 -75.2906
    endloop
  endfacet
  facet normal 1 -0 0
    outer loop
      vertex -18.25 0.391884 -75.3919
      vertex -18.25 18.25 -76.1
      vertex -18.25 0.516623 -75.3472
    endloop
  endfacet
  facet normal 1 -0 0
    outer loop
      vertex -18.25 0.263371 -75.4241
      vertex -18.25 18.25 -76.1
      vertex -18.25 0.391884 -75.3919
    endloop
  endfacet
  facet normal 1 -0 0
    outer loop
      vertex -18.25 0.132322 -75.4435
      vertex -18.25 18.25 -76.1
      vertex -18.25 0.263371 -75.4241
    endloop
  endfacet
  facet normal 1 -0 0
    outer loop
      vertex -18.25 0 -75.45
      vertex -18.25 18.25 -76.1
      vertex -18.25 0.132322 -75.4435
    endloop
  endfacet
  facet normal 1 0 0
    outer loop
      vertex -18.25 -18.25 -76.1
      vertex -18.25 -1.35 -74.1
      vertex -18.25 -18.25 -72.1
    endloop
  endfacet
  facet normal 1 0 0
    outer loop
      vertex -18.25 -1.35 -74.1
      vertex -18.25 -18.25 -76.1
      vertex -18.25 -1.3435 -74.2323
    endloop
  endfacet
  facet normal 1 0 0
    outer loop
      vertex -18.25 -1.3435 -74.2323
      vertex -18.25 -18.25 -76.1
      vertex -18.25 -1.32406 -74.3634
    endloop
  endfacet
  facet normal 1 0 0
    outer loop
      vertex -18.25 -1.32406 -74.3634
      vertex -18.25 -18.25 -76.1
      vertex -18.25 -1.29187 -74.4919
    endloop
  endfacet
  facet normal 1 0 0
    outer loop
      vertex -18.25 -1.29187 -74.4919
      vertex -18.25 -18.25 -76.1
      vertex -18.25 -1.24724 -74.6166
    endloop
  endfacet
  facet normal 1 0 0
    outer loop
      vertex -18.25 -1.24724 -74.6166
      vertex -18.25 -18.25 -76.1
      vertex -18.25 -1.19059 -74.7364
    endloop
  endfacet
  facet normal 1 0 0
    outer loop
      vertex -18.25 -1.19059 -74.7364
      vertex -18.25 -18.25 -76.1
      vertex -18.25 -1.12248 -74.85
    endloop
  endfacet
  facet normal 1 0 0
    outer loop
      vertex -18.25 -1.12248 -74.85
      vertex -18.25 -18.25 -76.1
      vertex -18.25 -1.04356 -74.9564
    endloop
  endfacet
  facet normal 1 0 0
    outer loop
      vertex -18.25 -1.04356 -74.9564
      vertex -18.25 -18.25 -76.1
      vertex -18.25 -0.954594 -75.0546
    endloop
  endfacet
  facet normal 1 0 0
    outer loop
      vertex -18.25 -0.954594 -75.0546
      vertex -18.25 -18.25 -76.1
      vertex -18.25 -0.85643 -75.1436
    endloop
  endfacet
  facet normal 1 0 0
    outer loop
      vertex -18.25 -0.85643 -75.1436
      vertex -18.25 -18.25 -76.1
      vertex -18.25 -0.750019 -75.2225
    endloop
  endfacet
  facet normal 1 0 0
    outer loop
      vertex -18.25 -0.750019 -75.2225
      vertex -18.25 -18.25 -76.1
      vertex -18.25 -0.636385 -75.2906
    endloop
  endfacet
  facet normal 1 0 0
    outer loop
      vertex -18.25 -0.636385 -75.2906
      vertex -18.25 -18.25 -76.1
      vertex -18.25 -0.516623 -75.3472
    endloop
  endfacet
  facet normal 1 0 0
    outer loop
      vertex -18.25 -0.516623 -75.3472
      vertex -18.25 -18.25 -76.1
      vertex -18.25 -0.391884 -75.3919
    endloop
  endfacet
  facet normal 1 0 0
    outer loop
      vertex -18.25 0 -75.45
      vertex -18.25 -18.25 -76.1
      vertex -18.25 18.25 -76.1
    endloop
  endfacet
  facet normal 1 0 0
    outer loop
      vertex -18.25 -0.132322 -75.4435
      vertex -18.25 -18.25 -76.1
      vertex -18.25 0 -75.45
    endloop
  endfacet
  facet normal 1 0 0
    outer loop
      vertex -18.25 -0.263371 -75.4241
      vertex -18.25 -18.25 -76.1
      vertex -18.25 -0.132322 -75.4435
    endloop
  endfacet
  facet normal 1 0 0
    outer loop
      vertex -18.25 -0.391884 -75.3919
      vertex -18.25 -18.25 -76.1
      vertex -18.25 -0.263371 -75.4241
    endloop
  endfacet
  facet normal -1 0 0
    outer loop
      vertex 18.25 18.25 -76.1
      vertex 18.25 1.35 -74.1
      vertex 18.25 18.25 -72.1
    endloop
  endfacet
  facet normal -1 0 0
    outer loop
      vertex 18.25 18.25 -76.1
      vertex 18.25 1.3435 -74.2323
      vertex 18.25 1.35 -74.1
    endloop
  endfacet
  facet normal -1 0 0
    outer loop
      vertex 18.25 18.25 -76.1
      vertex 18.25 1.32406 -74.3634
      vertex 18.25 1.3435 -74.2323
    endloop
  endfacet
  facet normal -1 0 0
    outer loop
      vertex 18.25 18.25 -76.1
      vertex 18.25 1.29187 -74.4919
      vertex 18.25 1.32406 -74.3634
    endloop
  endfacet
  facet normal -1 0 0
    outer loop
      vertex 18.25 18.25 -76.1
      vertex 18.25 1.24724 -74.6166
      vertex 18.25 1.29187 -74.4919
    endloop
  endfacet
  facet normal -1 0 0
    outer loop
      vertex 18.25 18.25 -76.1
      vertex 18.25 1.19059 -74.7364
      vertex 18.25 1.24724 -74.6166
    endloop
  endfacet
  facet normal -1 0 0
    outer loop
      vertex 18.25 18.25 -76.1
      vertex 18.25 1.12248 -74.85
      vertex 18.25 1.19059 -74.7364
    endloop
  endfacet
  facet normal -1 0 0
    outer loop
      vertex 18.25 18.25 -76.1
      vertex 18.25 1.04356 -74.9564
      vertex 18.25 1.12248 -74.85
    endloop
  endfacet
  facet normal -1 0 0
    outer loop
      vertex 18.25 18.25 -76.1
      vertex 18.25 0.954594 -75.0546
      vertex 18.25 1.04356 -74.9564
    endloop
  endfacet
  facet normal -1 0 0
    outer loop
      vertex 18.25 18.25 -76.1
      vertex 18.25 0.85643 -75.1436
      vertex 18.25 0.954594 -75.0546
    endloop
  endfacet
  facet normal -1 0 0
    outer loop
      vertex 18.25 18.25 -76.1
      vertex 18.25 0.750019 -75.2225
      vertex 18.25 0.85643 -75.1436
    endloop
  endfacet
  facet normal -1 0 0
    outer loop
      vertex 18.25 18.25 -76.1
      vertex 18.25 0.636385 -75.2906
      vertex 18.25 0.750019 -75.2225
    endloop
  endfacet
  facet normal -1 0 0
    outer loop
      vertex 18.25 18.25 -76.1
      vertex 18.25 0.516623 -75.3472
      vertex 18.25 0.636385 -75.2906
    endloop
  endfacet
  facet normal -1 0 0
    outer loop
      vertex 18.25 18.25 -76.1
      vertex 18.25 0.391884 -75.3919
      vertex 18.25 0.516623 -75.3472
    endloop
  endfacet
  facet normal -1 0 0
    outer loop
      vertex 18.25 18.25 -76.1
      vertex 18.25 0.263371 -75.4241
      vertex 18.25 0.391884 -75.3919
    endloop
  endfacet
  facet normal -1 0 0
    outer loop
      vertex 18.25 18.25 -76.1
      vertex 18.25 0.132322 -75.4435
      vertex 18.25 0.263371 -75.4241
    endloop
  endfacet
  facet normal -1 0 0
    outer loop
      vertex 18.25 18.25 -76.1
      vertex 18.25 0 -75.45
      vertex 18.25 0.132322 -75.4435
    endloop
  endfacet
  facet normal -1 -0 0
    outer loop
      vertex 18.25 -1.3435 -74.2323
      vertex 18.25 -18.25 -76.1
      vertex 18.25 -1.35 -74.1
    endloop
  endfacet
  facet normal -1 -0 0
    outer loop
      vertex 18.25 -1.32406 -74.3634
      vertex 18.25 -18.25 -76.1
      vertex 18.25 -1.3435 -74.2323
    endloop
  endfacet
  facet normal -1 -0 0
    outer loop
      vertex 18.25 -1.29187 -74.4919
      vertex 18.25 -18.25 -76.1
      vertex 18.25 -1.32406 -74.3634
    endloop
  endfacet
  facet normal -1 -0 0
    outer loop
      vertex 18.25 -1.24724 -74.6166
      vertex 18.25 -18.25 -76.1
      vertex 18.25 -1.29187 -74.4919
    endloop
  endfacet
  facet normal -1 -0 0
    outer loop
      vertex 18.25 -1.19059 -74.7364
      vertex 18.25 -18.25 -76.1
      vertex 18.25 -1.24724 -74.6166
    endloop
  endfacet
  facet normal -1 -0 0
    outer loop
      vertex 18.25 -1.12248 -74.85
      vertex 18.25 -18.25 -76.1
      vertex 18.25 -1.19059 -74.7364
    endloop
  endfacet
  facet normal -1 -0 0
    outer loop
      vertex 18.25 -1.04356 -74.9564
      vertex 18.25 -18.25 -76.1
      vertex 18.25 -1.12248 -74.85
    endloop
  endfacet
  facet normal -1 -0 0
    outer loop
      vertex 18.25 -0.954594 -75.0546
      vertex 18.25 -18.25 -76.1
      vertex 18.25 -1.04356 -74.9564
    endloop
  endfacet
  facet normal -1 -0 0
    outer loop
      vertex 18.25 -0.85643 -75.1436
      vertex 18.25 -18.25 -76.1
      vertex 18.25 -0.954594 -75.0546
    endloop
  endfacet
  facet normal -1 -0 0
    outer loop
      vertex 18.25 -0.750019 -75.2225
      vertex 18.25 -18.25 -76.1
      vertex 18.25 -0.85643 -75.1436
    endloop
  endfacet
  facet normal -1 -0 0
    outer loop
      vertex 18.25 -0.636385 -75.2906
      vertex 18.25 -18.25 -76.1
      vertex 18.25 -0.750019 -75.2225
    endloop
  endfacet
  facet normal -1 -0 0
    outer loop
      vertex 18.25 -0.516623 -75.3472
      vertex 18.25 -18.25 -76.1
      vertex 18.25 -0.636385 -75.2906
    endloop
  endfacet
  facet normal -1 -0 0
    outer loop
      vertex 18.25 -0.391884 -75.3919
      vertex 18.25 -18.25 -76.1
      vertex 18.25 -0.516623 -75.3472
    endloop
  endfacet
  facet normal -1 -0 0
    outer loop
      vertex 18.25 -0.263371 -75.4241
      vertex 18.25 -18.25 -76.1
      vertex 18.25 -0.391884 -75.3919
    endloop
  endfacet
  facet normal -1 -0 0
    outer loop
      vertex 18.25 -0.132322 -75.4435
      vertex 18.25 -18.25 -76.1
      vertex 18.25 -0.263371 -75.4241
    endloop
  endfacet
  facet normal -1 -0 0
    outer loop
      vertex 18.25 0 -75.45
      vertex 18.25 -18.25 -76.1
      vertex 18.25 -0.132322 -75.4435
    endloop
  endfacet
  facet normal -1 0 0
    outer loop
      vertex 18.25 -18.25 -76.1
      vertex 18.25 0 -75.45
      vertex 18.25 18.25 -76.1
    endloop
  endfacet
  facet normal -1 0 0
    outer loop
      vertex 18.25 1.3435 -73.9677
      vertex 18.25 18.25 -72.1
      vertex 18.25 1.35 -74.1
    endloop
  endfacet
  facet normal -1 0 0
    outer loop
      vertex 18.25 1.32406 -73.8366
      vertex 18.25 18.25 -72.1
      vertex 18.25 1.3435 -73.9677
    endloop
  endfacet
  facet normal -1 0 0
    outer loop
      vertex 18.25 1.29187 -73.7081
      vertex 18.25 18.25 -72.1
      vertex 18.25 1.32406 -73.8366
    endloop
  endfacet
  facet normal -1 0 0
    outer loop
      vertex 18.25 1.24724 -73.5834
      vertex 18.25 18.25 -72.1
      vertex 18.25 1.29187 -73.7081
    endloop
  endfacet
  facet normal -1 0 0
    outer loop
      vertex 18.25 1.19059 -73.4636
      vertex 18.25 18.25 -72.1
      vertex 18.25 1.24724 -73.5834
    endloop
  endfacet
  facet normal -1 0 0
    outer loop
      vertex 18.25 1.12248 -73.35
      vertex 18.25 18.25 -72.1
      vertex 18.25 1.19059 -73.4636
    endloop
  endfacet
  facet normal -1 0 0
    outer loop
      vertex 18.25 1.04356 -73.2436
      vertex 18.25 18.25 -72.1
      vertex 18.25 1.12248 -73.35
    endloop
  endfacet
  facet normal -1 0 0
    outer loop
      vertex 18.25 0.954594 -73.1454
      vertex 18.25 18.25 -72.1
      vertex 18.25 1.04356 -73.2436
    endloop
  endfacet
  facet normal -1 0 0
    outer loop
      vertex 18.25 0.85643 -73.0564
      vertex 18.25 18.25 -72.1
      vertex 18.25 0.954594 -73.1454
    endloop
  endfacet
  facet normal -1 0 0
    outer loop
      vertex 18.25 0.750019 -72.9775
      vertex 18.25 18.25 -72.1
      vertex 18.25 0.85643 -73.0564
    endloop
  endfacet
  facet normal -1 0 0
    outer loop
      vertex 18.25 0.636385 -72.9094
      vertex 18.25 18.25 -72.1
      vertex 18.25 0.750019 -72.9775
    endloop
  endfacet
  facet normal -1 0 0
    outer loop
      vertex 18.25 0.516623 -72.8528
      vertex 18.25 18.25 -72.1
      vertex 18.25 0.636385 -72.9094
    endloop
  endfacet
  facet normal -1 0 0
    outer loop
      vertex 18.25 0.391884 -72.8081
      vertex 18.25 18.25 -72.1
      vertex 18.25 0.516623 -72.8528
    endloop
  endfacet
  facet normal -1 0 0
    outer loop
      vertex 18.25 0.263371 -72.7759
      vertex 18.25 18.25 -72.1
      vertex 18.25 0.391884 -72.8081
    endloop
  endfacet
  facet normal -1 0 0
    outer loop
      vertex 18.25 0.132322 -72.7565
      vertex 18.25 18.25 -72.1
      vertex 18.25 0.263371 -72.7759
    endloop
  endfacet
  facet normal -1 0 0
    outer loop
      vertex 18.25 0 -72.75
      vertex 18.25 18.25 -72.1
      vertex 18.25 0.132322 -72.7565
    endloop
  endfacet
  facet normal -1 0 0
    outer loop
      vertex 18.25 -18.25 -72.1
      vertex 18.25 -1.35 -74.1
      vertex 18.25 -18.25 -76.1
    endloop
  endfacet
  facet normal -1 0 0
    outer loop
      vertex 18.25 -1.35 -74.1
      vertex 18.25 -18.25 -72.1
      vertex 18.25 -1.3435 -73.9677
    endloop
  endfacet
  facet normal -1 0 0
    outer loop
      vertex 18.25 -1.3435 -73.9677
      vertex 18.25 -18.25 -72.1
      vertex 18.25 -1.32406 -73.8366
    endloop
  endfacet
  facet normal -1 0 0
    outer loop
      vertex 18.25 -1.32406 -73.8366
      vertex 18.25 -18.25 -72.1
      vertex 18.25 -1.29187 -73.7081
    endloop
  endfacet
  facet normal -1 0 0
    outer loop
      vertex 18.25 -1.29187 -73.7081
      vertex 18.25 -18.25 -72.1
      vertex 18.25 -1.24724 -73.5834
    endloop
  endfacet
  facet normal -1 0 0
    outer loop
      vertex 18.25 -1.24724 -73.5834
      vertex 18.25 -18.25 -72.1
      vertex 18.25 -1.19059 -73.4636
    endloop
  endfacet
  facet normal -1 0 0
    outer loop
      vertex 18.25 -1.19059 -73.4636
      vertex 18.25 -18.25 -72.1
      vertex 18.25 -1.12248 -73.35
    endloop
  endfacet
  facet normal -1 0 0
    outer loop
      vertex 18.25 -1.12248 -73.35
      vertex 18.25 -18.25 -72.1
      vertex 18.25 -1.04356 -73.2436
    endloop
  endfacet
  facet normal -1 0 0
    outer loop
      vertex 18.25 -1.04356 -73.2436
      vertex 18.25 -18.25 -72.1
      vertex 18.25 -0.954594 -73.1454
    endloop
  endfacet
  facet normal -1 0 0
    outer loop
      vertex 18.25 -0.954594 -73.1454
      vertex 18.25 -18.25 -72.1
      vertex 18.25 -0.85643 -73.0564
    endloop
  endfacet
  facet normal -1 0 0
    outer loop
      vertex 18.25 -0.85643 -73.0564
      vertex 18.25 -18.25 -72.1
      vertex 18.25 -0.750019 -72.9775
    endloop
  endfacet
  facet normal -1 0 0
    outer loop
      vertex 18.25 -0.750019 -72.9775
      vertex 18.25 -18.25 -72.1
      vertex 18.25 -0.636385 -72.9094
    endloop
  endfacet
  facet normal -1 0 0
    outer loop
      vertex 18.25 -0.636385 -72.9094
      vertex 18.25 -18.25 -72.1
      vertex 18.25 -0.516623 -72.8528
    endloop
  endfacet
  facet normal -1 0 0
    outer loop
      vertex 18.25 -0.516623 -72.8528
      vertex 18.25 -18.25 -72.1
      vertex 18.25 -0.391884 -72.8081
    endloop
  endfacet
  facet normal -1 0 0
    outer loop
      vertex 18.25 0 -72.75
      vertex 18.25 -18.25 -72.1
      vertex 18.25 18.25 -72.1
    endloop
  endfacet
  facet normal -1 0 0
    outer loop
      vertex 18.25 -0.132322 -72.7565
      vertex 18.25 -18.25 -72.1
      vertex 18.25 0 -72.75
    endloop
  endfacet
  facet normal -1 0 0
    outer loop
      vertex 18.25 -0.263371 -72.7759
      vertex 18.25 -18.25 -72.1
      vertex 18.25 -0.132322 -72.7565
    endloop
  endfacet
  facet normal -1 0 0
    outer loop
      vertex 18.25 -0.391884 -72.8081
      vertex 18.25 -18.25 -72.1
      vertex 18.25 -0.263371 -72.7759
    endloop
  endfacet
  facet normal 0 -1 0
    outer loop
      vertex -18.25 18.25 -76.1
      vertex 18.25 18.25 -72.1
      vertex -18.25 18.25 -72.1
    endloop
  endfacet
  facet normal 0 -1 -0
    outer loop
      vertex 18.25 18.25 -72.1
      vertex -18.25 18.25 -76.1
      vertex 18.25 18.25 -76.1
    endloop
  endfacet
  facet normal 0 1 -0
    outer loop
      vertex 18.25 -18.25 -76.1
      vertex -18.25 -18.25 -72.1
      vertex 18.25 -18.25 -72.1
    endloop
  endfacet
  facet normal 0 1 0
    outer loop
      vertex -18.25 -18.25 -72.1
      vertex 18.25 -18.25 -76.1
      vertex -18.25 -18.25 -76.1
    endloop
  endfacet
  facet normal 0 0 -1
    outer loop
      vertex -2 -44.15 -84.1
      vertex 0 -42.15 -84.1
      vertex -0.0096302 -42.346 -84.1
    endloop
  endfacet
  facet normal 0 0 -1
    outer loop
      vertex -2 -44.15 -84.1
      vertex -0.0096302 -42.346 -84.1
      vertex -0.0384293 -42.5402 -84.1
    endloop
  endfacet
  facet normal 0 0 -1
    outer loop
      vertex -2 -44.15 -84.1
      vertex -0.0384293 -42.5402 -84.1
      vertex -0.0861197 -42.7306 -84.1
    endloop
  endfacet
  facet normal 0 0 -1
    outer loop
      vertex -2 -44.15 -84.1
      vertex -0.0861197 -42.7306 -84.1
      vertex -0.152241 -42.9154 -84.1
    endloop
  endfacet
  facet normal 0 0 -1
    outer loop
      vertex -2 -44.15 -84.1
      vertex -0.152241 -42.9154 -84.1
      vertex -0.236157 -43.0928 -84.1
    endloop
  endfacet
  facet normal 0 0 -1
    outer loop
      vertex -2 -44.15 -84.1
      vertex -0.236157 -43.0928 -84.1
      vertex -0.337061 -43.2611 -84.1
    endloop
  endfacet
  facet normal 0 0 -1
    outer loop
      vertex -2 -44.15 -84.1
      vertex -0.337061 -43.2611 -84.1
      vertex -0.453979 -43.4188 -84.1
    endloop
  endfacet
  facet normal 0 0 -1
    outer loop
      vertex -2 -44.15 -84.1
      vertex -0.453979 -43.4188 -84.1
      vertex -0.585787 -43.5642 -84.1
    endloop
  endfacet
  facet normal 0 0 -1
    outer loop
      vertex -2 -44.15 -84.1
      vertex -0.585787 -43.5642 -84.1
      vertex -0.731214 -43.696 -84.1
    endloop
  endfacet
  facet normal 0 0 -1
    outer loop
      vertex -2 -44.15 -84.1
      vertex -0.731214 -43.696 -84.1
      vertex -0.88886 -43.8129 -84.1
    endloop
  endfacet
  facet normal 0 0 -1
    outer loop
      vertex -2 -44.15 -84.1
      vertex -0.88886 -43.8129 -84.1
      vertex -1.05721 -43.9138 -84.1
    endloop
  endfacet
  facet normal 0 0 -1
    outer loop
      vertex -2 -44.15 -84.1
      vertex -1.05721 -43.9138 -84.1
      vertex -1.23463 -43.9978 -84.1
    endloop
  endfacet
  facet normal 0 0 -1
    outer loop
      vertex -2 -44.15 -84.1
      vertex -1.23463 -43.9978 -84.1
      vertex -1.41943 -44.0639 -84.1
    endloop
  endfacet
  facet normal 0 0 -1
    outer loop
      vertex -2 -44.15 -84.1
      vertex -1.41943 -44.0639 -84.1
      vertex -1.60982 -44.1116 -84.1
    endloop
  endfacet
  facet normal 0 0 -1
    outer loop
      vertex -2 -44.15 -84.1
      vertex -1.60982 -44.1116 -84.1
      vertex -1.80397 -44.1404 -84.1
    endloop
  endfacet
  facet normal -0 0 -1
    outer loop
      vertex 0 -42.15 -84.1
      vertex -2 -44.15 -84.1
      vertex -5.15 -29 -84.1
    endloop
  endfacet
  facet normal 0 0 -1
    outer loop
      vertex 0 -42.15 -84.1
      vertex -5.15 -29 -84.1
      vertex 0 -29 -84.1
    endloop
  endfacet
  facet normal 0 0 -1
    outer loop
      vertex -18.3 -44.15 -84.1
      vertex -5.15 -29 -84.1
      vertex -2 -44.15 -84.1
    endloop
  endfacet
  facet normal 0 0 -1
    outer loop
      vertex -20.3 -42.15 -84.1
      vertex -5.15 -29 -84.1
      vertex -18.3 -44.15 -84.1
    endloop
  endfacet
  facet normal 0 0 -1
    outer loop
      vertex -20.3 -25.85 -84.1
      vertex -5.15 -29 -84.1
      vertex -20.3 -42.15 -84.1
    endloop
  endfacet
  facet normal 0 0 -1
    outer loop
      vertex -20.3 -42.15 -84.1
      vertex -18.3 -44.15 -84.1
      vertex -18.496 -44.1404 -84.1
    endloop
  endfacet
  facet normal 0 -0 -1
    outer loop
      vertex -18.3 -23.85 -84.1
      vertex -5.15 -29 -84.1
      vertex -20.3 -25.85 -84.1
    endloop
  endfacet
  facet normal 0 0 -1
    outer loop
      vertex -20.3 -42.15 -84.1
      vertex -18.496 -44.1404 -84.1
      vertex -18.6902 -44.1116 -84.1
    endloop
  endfacet
  facet normal 0 0 -1
    outer loop
      vertex -5.15 -29 -84.1
      vertex -18.3 -23.85 -84.1
      vertex -5.15 -23.85 -84.1
    endloop
  endfacet
  facet normal 0 0 -1
    outer loop
      vertex -20.3 -42.15 -84.1
      vertex -18.6902 -44.1116 -84.1
      vertex -18.8806 -44.0639 -84.1
    endloop
  endfacet
  facet normal 0 0 -1
    outer loop
      vertex -18.3 -23.85 -84.1
      vertex -20.3 -25.85 -84.1
      vertex -18.496 -23.8596 -84.1
    endloop
  endfacet
  facet normal 0 0 -1
    outer loop
      vertex -20.3 -42.15 -84.1
      vertex -18.8806 -44.0639 -84.1
      vertex -19.0654 -43.9978 -84.1
    endloop
  endfacet
  facet normal 0 0 -1
    outer loop
      vertex -18.496 -23.8596 -84.1
      vertex -20.3 -25.85 -84.1
      vertex -18.6902 -23.8884 -84.1
    endloop
  endfacet
  facet normal 0 0 -1
    outer loop
      vertex -20.3 -42.15 -84.1
      vertex -19.0654 -43.9978 -84.1
      vertex -19.2428 -43.9138 -84.1
    endloop
  endfacet
  facet normal 0 0 -1
    outer loop
      vertex -18.6902 -23.8884 -84.1
      vertex -20.3 -25.85 -84.1
      vertex -18.8806 -23.9361 -84.1
    endloop
  endfacet
  facet normal 0 0 -1
    outer loop
      vertex -20.3 -42.15 -84.1
      vertex -19.2428 -43.9138 -84.1
      vertex -19.4111 -43.8129 -84.1
    endloop
  endfacet
  facet normal 0 0 -1
    outer loop
      vertex -18.8806 -23.9361 -84.1
      vertex -20.3 -25.85 -84.1
      vertex -19.0654 -24.0022 -84.1
    endloop
  endfacet
  facet normal 0 0 -1
    outer loop
      vertex -20.3 -42.15 -84.1
      vertex -19.4111 -43.8129 -84.1
      vertex -19.5688 -43.696 -84.1
    endloop
  endfacet
  facet normal 0 0 -1
    outer loop
      vertex -19.0654 -24.0022 -84.1
      vertex -20.3 -25.85 -84.1
      vertex -19.2428 -24.0862 -84.1
    endloop
  endfacet
  facet normal 0 0 -1
    outer loop
      vertex -20.3 -42.15 -84.1
      vertex -19.5688 -43.696 -84.1
      vertex -19.7142 -43.5642 -84.1
    endloop
  endfacet
  facet normal 0 0 -1
    outer loop
      vertex -19.2428 -24.0862 -84.1
      vertex -20.3 -25.85 -84.1
      vertex -19.4111 -24.1871 -84.1
    endloop
  endfacet
  facet normal 0 0 -1
    outer loop
      vertex -20.3 -42.15 -84.1
      vertex -19.7142 -43.5642 -84.1
      vertex -19.846 -43.4188 -84.1
    endloop
  endfacet
  facet normal 0 0 -1
    outer loop
      vertex -19.4111 -24.1871 -84.1
      vertex -20.3 -25.85 -84.1
      vertex -19.5688 -24.304 -84.1
    endloop
  endfacet
  facet normal 0 0 -1
    outer loop
      vertex -20.3 -42.15 -84.1
      vertex -19.846 -43.4188 -84.1
      vertex -19.9629 -43.2611 -84.1
    endloop
  endfacet
  facet normal 0 0 -1
    outer loop
      vertex -19.5688 -24.304 -84.1
      vertex -20.3 -25.85 -84.1
      vertex -19.7142 -24.4358 -84.1
    endloop
  endfacet
  facet normal 0 0 -1
    outer loop
      vertex -20.3 -42.15 -84.1
      vertex -19.9629 -43.2611 -84.1
      vertex -20.0638 -43.0928 -84.1
    endloop
  endfacet
  facet normal 0 0 -1
    outer loop
      vertex -19.7142 -24.4358 -84.1
      vertex -20.3 -25.85 -84.1
      vertex -19.846 -24.5812 -84.1
    endloop
  endfacet
  facet normal 0 0 -1
    outer loop
      vertex -20.3 -42.15 -84.1
      vertex -20.0638 -43.0928 -84.1
      vertex -20.1478 -42.9154 -84.1
    endloop
  endfacet
  facet normal 0 0 -1
    outer loop
      vertex -19.846 -24.5812 -84.1
      vertex -20.3 -25.85 -84.1
      vertex -19.9629 -24.7389 -84.1
    endloop
  endfacet
  facet normal 0 0 -1
    outer loop
      vertex -20.3 -42.15 -84.1
      vertex -20.1478 -42.9154 -84.1
      vertex -20.2139 -42.7306 -84.1
    endloop
  endfacet
  facet normal 0 0 -1
    outer loop
      vertex -19.9629 -24.7389 -84.1
      vertex -20.3 -25.85 -84.1
      vertex -20.0638 -24.9072 -84.1
    endloop
  endfacet
  facet normal 0 0 -1
    outer loop
      vertex -20.3 -42.15 -84.1
      vertex -20.2139 -42.7306 -84.1
      vertex -20.2616 -42.5402 -84.1
    endloop
  endfacet
  facet normal 0 0 -1
    outer loop
      vertex -20.0638 -24.9072 -84.1
      vertex -20.3 -25.85 -84.1
      vertex -20.1478 -25.0846 -84.1
    endloop
  endfacet
  facet normal 0 0 -1
    outer loop
      vertex -20.3 -42.15 -84.1
      vertex -20.2616 -42.5402 -84.1
      vertex -20.2904 -42.346 -84.1
    endloop
  endfacet
  facet normal 0 0 -1
    outer loop
      vertex -20.1478 -25.0846 -84.1
      vertex -20.3 -25.85 -84.1
      vertex -20.2139 -25.2694 -84.1
    endloop
  endfacet
  facet normal 0 0 -1
    outer loop
      vertex -20.2139 -25.2694 -84.1
      vertex -20.3 -25.85 -84.1
      vertex -20.2616 -25.4598 -84.1
    endloop
  endfacet
  facet normal 0 0 -1
    outer loop
      vertex -20.2616 -25.4598 -84.1
      vertex -20.3 -25.85 -84.1
      vertex -20.2904 -25.654 -84.1
    endloop
  endfacet
  facet normal 0.998795 -0.0490745 0
    outer loop
      vertex -0.0096302 -42.346 -64.1
      vertex 0 -42.15 -84.1
      vertex 0 -42.15 -64.1
    endloop
  endfacet
  facet normal 0.998795 -0.0490745 0
    outer loop
      vertex 0 -42.15 -84.1
      vertex -0.0096302 -42.346 -64.1
      vertex -0.0096302 -42.346 -84.1
    endloop
  endfacet
  facet normal -0.427955 0.9038 0
    outer loop
      vertex -19.0654 -24.0022 -84.1
      vertex -19.2428 -24.0862 -64.1
      vertex -19.0654 -24.0022 -64.1
    endloop
  endfacet
  facet normal -0.427955 0.9038 0
    outer loop
      vertex -19.2428 -24.0862 -64.1
      vertex -19.0654 -24.0022 -84.1
      vertex -19.2428 -24.0862 -84.1
    endloop
  endfacet
  facet normal -0.243015 -0.970023 0
    outer loop
      vertex -18.8806 -44.0639 -84.1
      vertex -18.6902 -44.1116 -64.1
      vertex -18.8806 -44.0639 -64.1
    endloop
  endfacet
  facet normal -0.243015 -0.970023 -0
    outer loop
      vertex -18.6902 -44.1116 -64.1
      vertex -18.8806 -44.0639 -84.1
      vertex -18.6902 -44.1116 -84.1
    endloop
  endfacet
  facet normal 0.671538 -0.74097 0
    outer loop
      vertex -0.731214 -43.696 -84.1
      vertex -0.585787 -43.5642 -64.1
      vertex -0.731214 -43.696 -64.1
    endloop
  endfacet
  facet normal 0.671538 -0.74097 0
    outer loop
      vertex -0.585787 -43.5642 -64.1
      vertex -0.731214 -43.696 -84.1
      vertex -0.585787 -43.5642 -84.1
    endloop
  endfacet
  facet normal -1 0 0
    outer loop
      vertex -20.3 -42.15 -84.1
      vertex -20.3 -25.85 -64.1
      vertex -20.3 -25.85 -84.1
    endloop
  endfacet
  facet normal -1 -0 0
    outer loop
      vertex -20.3 -25.85 -64.1
      vertex -20.3 -42.15 -84.1
      vertex -20.3 -42.15 -64.1
    endloop
  endfacet
  facet normal -0.0489209 -0.998803 0
    outer loop
      vertex -18.496 -44.1404 -84.1
      vertex -18.3 -44.15 -64.1
      vertex -18.496 -44.1404 -64.1
    endloop
  endfacet
  facet normal -0.0489209 -0.998803 -0
    outer loop
      vertex -18.3 -44.15 -64.1
      vertex -18.496 -44.1404 -84.1
      vertex -18.3 -44.15 -84.1
    endloop
  endfacet
  facet normal -0.998803 -0.0489209 0
    outer loop
      vertex -20.2904 -42.346 -84.1
      vertex -20.3 -42.15 -64.1
      vertex -20.3 -42.15 -84.1
    endloop
  endfacet
  facet normal -0.998803 -0.0489209 0
    outer loop
      vertex -20.3 -42.15 -64.1
      vertex -20.2904 -42.346 -84.1
      vertex -20.2904 -42.346 -64.1
    endloop
  endfacet
  facet normal 0 0 1
    outer loop
      vertex -5.15 -23.85 -64.1
      vertex -18.3 -23.85 -64.1
      vertex -5.15 -29 -64.1
    endloop
  endfacet
  facet normal -0 0 1
    outer loop
      vertex -5.15 -29 -64.1
      vertex 0 -42.15 -64.1
      vertex 0 -29 -64.1
    endloop
  endfacet
  facet normal 0 -0 1
    outer loop
      vertex -2 -44.15 -64.1
      vertex 0 -42.15 -64.1
      vertex -5.15 -29 -64.1
    endloop
  endfacet
  facet normal 0 0 1
    outer loop
      vertex 0 -42.15 -64.1
      vertex -2 -44.15 -64.1
      vertex -0.0096302 -42.346 -64.1
    endloop
  endfacet
  facet normal 0 0 1
    outer loop
      vertex -0.0096302 -42.346 -64.1
      vertex -2 -44.15 -64.1
      vertex -0.0384293 -42.5402 -64.1
    endloop
  endfacet
  facet normal 0 0 1
    outer loop
      vertex -0.0384293 -42.5402 -64.1
      vertex -2 -44.15 -64.1
      vertex -0.0861197 -42.7306 -64.1
    endloop
  endfacet
  facet normal 0 0 1
    outer loop
      vertex -0.0861197 -42.7306 -64.1
      vertex -2 -44.15 -64.1
      vertex -0.152241 -42.9154 -64.1
    endloop
  endfacet
  facet normal 0 0 1
    outer loop
      vertex -0.152241 -42.9154 -64.1
      vertex -2 -44.15 -64.1
      vertex -0.236157 -43.0928 -64.1
    endloop
  endfacet
  facet normal 0 0 1
    outer loop
      vertex -0.236157 -43.0928 -64.1
      vertex -2 -44.15 -64.1
      vertex -0.337061 -43.2611 -64.1
    endloop
  endfacet
  facet normal 0 0 1
    outer loop
      vertex -0.337061 -43.2611 -64.1
      vertex -2 -44.15 -64.1
      vertex -0.453979 -43.4188 -64.1
    endloop
  endfacet
  facet normal 0 0 1
    outer loop
      vertex -0.453979 -43.4188 -64.1
      vertex -2 -44.15 -64.1
      vertex -0.585787 -43.5642 -64.1
    endloop
  endfacet
  facet normal 0 0 1
    outer loop
      vertex -0.585787 -43.5642 -64.1
      vertex -2 -44.15 -64.1
      vertex -0.731214 -43.696 -64.1
    endloop
  endfacet
  facet normal 0 0 1
    outer loop
      vertex -0.731214 -43.696 -64.1
      vertex -2 -44.15 -64.1
      vertex -0.88886 -43.8129 -64.1
    endloop
  endfacet
  facet normal 0 0 1
    outer loop
      vertex -0.88886 -43.8129 -64.1
      vertex -2 -44.15 -64.1
      vertex -1.05721 -43.9138 -64.1
    endloop
  endfacet
  facet normal 0 0 1
    outer loop
      vertex -1.05721 -43.9138 -64.1
      vertex -2 -44.15 -64.1
      vertex -1.23463 -43.9978 -64.1
    endloop
  endfacet
  facet normal 0 0 1
    outer loop
      vertex -1.41943 -44.0639 -64.1
      vertex -2 -44.15 -64.1
      vertex -1.60982 -44.1116 -64.1
    endloop
  endfacet
  facet normal 0 0 1
    outer loop
      vertex -1.60982 -44.1116 -64.1
      vertex -2 -44.15 -64.1
      vertex -1.80397 -44.1404 -64.1
    endloop
  endfacet
  facet normal 0 0 1
    outer loop
      vertex -1.23463 -43.9978 -64.1
      vertex -2 -44.15 -64.1
      vertex -1.41943 -44.0639 -64.1
    endloop
  endfacet
  facet normal -0 0 1
    outer loop
      vertex -20.3 -25.85 -64.1
      vertex -5.15 -29 -64.1
      vertex -18.3 -23.85 -64.1
    endloop
  endfacet
  facet normal 0 0 1
    outer loop
      vertex -5.15 -29 -64.1
      vertex -18.3 -44.15 -64.1
      vertex -2 -44.15 -64.1
    endloop
  endfacet
  facet normal 0 0 1
    outer loop
      vertex -20.3 -25.85 -64.1
      vertex -18.3 -23.85 -64.1
      vertex -18.496 -23.8596 -64.1
    endloop
  endfacet
  facet normal 0 0 1
    outer loop
      vertex -20.3 -42.15 -64.1
      vertex -5.15 -29 -64.1
      vertex -20.3 -25.85 -64.1
    endloop
  endfacet
  facet normal 0 0 1
    outer loop
      vertex -20.3 -25.85 -64.1
      vertex -18.496 -23.8596 -64.1
      vertex -18.6902 -23.8884 -64.1
    endloop
  endfacet
  facet normal 0 0 1
    outer loop
      vertex -5.15 -29 -64.1
      vertex -20.3 -42.15 -64.1
      vertex -18.3 -44.15 -64.1
    endloop
  endfacet
  facet normal 0 0 1
    outer loop
      vertex -20.3 -25.85 -64.1
      vertex -18.6902 -23.8884 -64.1
      vertex -18.8806 -23.9361 -64.1
    endloop
  endfacet
  facet normal 0 0 1
    outer loop
      vertex -18.3 -44.15 -64.1
      vertex -20.3 -42.15 -64.1
      vertex -18.496 -44.1404 -64.1
    endloop
  endfacet
  facet normal 0 0 1
    outer loop
      vertex -20.3 -25.85 -64.1
      vertex -18.8806 -23.9361 -64.1
      vertex -19.0654 -24.0022 -64.1
    endloop
  endfacet
  facet normal 0 0 1
    outer loop
      vertex -18.496 -44.1404 -64.1
      vertex -20.3 -42.15 -64.1
      vertex -18.6902 -44.1116 -64.1
    endloop
  endfacet
  facet normal 0 0 1
    outer loop
      vertex -20.3 -25.85 -64.1
      vertex -19.0654 -24.0022 -64.1
      vertex -19.2428 -24.0862 -64.1
    endloop
  endfacet
  facet normal 0 0 1
    outer loop
      vertex -18.6902 -44.1116 -64.1
      vertex -20.3 -42.15 -64.1
      vertex -18.8806 -44.0639 -64.1
    endloop
  endfacet
  facet normal 0 0 1
    outer loop
      vertex -20.3 -25.85 -64.1
      vertex -19.2428 -24.0862 -64.1
      vertex -19.4111 -24.1871 -64.1
    endloop
  endfacet
  facet normal 0 0 1
    outer loop
      vertex -18.8806 -44.0639 -64.1
      vertex -20.3 -42.15 -64.1
      vertex -19.0654 -43.9978 -64.1
    endloop
  endfacet
  facet normal 0 0 1
    outer loop
      vertex -20.3 -25.85 -64.1
      vertex -19.4111 -24.1871 -64.1
      vertex -19.5688 -24.304 -64.1
    endloop
  endfacet
  facet normal 0 0 1
    outer loop
      vertex -19.0654 -43.9978 -64.1
      vertex -20.3 -42.15 -64.1
      vertex -19.2428 -43.9138 -64.1
    endloop
  endfacet
  facet normal 0 0 1
    outer loop
      vertex -20.3 -25.85 -64.1
      vertex -19.5688 -24.304 -64.1
      vertex -19.7142 -24.4358 -64.1
    endloop
  endfacet
  facet normal 0 0 1
    outer loop
      vertex -19.2428 -43.9138 -64.1
      vertex -20.3 -42.15 -64.1
      vertex -19.4111 -43.8129 -64.1
    endloop
  endfacet
  facet normal 0 0 1
    outer loop
      vertex -20.3 -25.85 -64.1
      vertex -19.7142 -24.4358 -64.1
      vertex -19.846 -24.5812 -64.1
    endloop
  endfacet
  facet normal 0 0 1
    outer loop
      vertex -19.4111 -43.8129 -64.1
      vertex -20.3 -42.15 -64.1
      vertex -19.5688 -43.696 -64.1
    endloop
  endfacet
  facet normal 0 0 1
    outer loop
      vertex -20.3 -25.85 -64.1
      vertex -19.846 -24.5812 -64.1
      vertex -19.9629 -24.7389 -64.1
    endloop
  endfacet
  facet normal 0 0 1
    outer loop
      vertex -19.5688 -43.696 -64.1
      vertex -20.3 -42.15 -64.1
      vertex -19.7142 -43.5642 -64.1
    endloop
  endfacet
  facet normal 0 0 1
    outer loop
      vertex -20.3 -25.85 -64.1
      vertex -19.9629 -24.7389 -64.1
      vertex -20.0638 -24.9072 -64.1
    endloop
  endfacet
  facet normal 0 0 1
    outer loop
      vertex -19.7142 -43.5642 -64.1
      vertex -20.3 -42.15 -64.1
      vertex -19.846 -43.4188 -64.1
    endloop
  endfacet
  facet normal 0 0 1
    outer loop
      vertex -20.3 -25.85 -64.1
      vertex -20.0638 -24.9072 -64.1
      vertex -20.1478 -25.0846 -64.1
    endloop
  endfacet
  facet normal 0 0 1
    outer loop
      vertex -19.846 -43.4188 -64.1
      vertex -20.3 -42.15 -64.1
      vertex -19.9629 -43.2611 -64.1
    endloop
  endfacet
  facet normal 0 0 1
    outer loop
      vertex -20.3 -25.85 -64.1
      vertex -20.1478 -25.0846 -64.1
      vertex -20.2139 -25.2694 -64.1
    endloop
  endfacet
  facet normal 0 0 1
    outer loop
      vertex -19.9629 -43.2611 -64.1
      vertex -20.3 -42.15 -64.1
      vertex -20.0638 -43.0928 -64.1
    endloop
  endfacet
  facet normal 0 0 1
    outer loop
      vertex -20.3 -25.85 -64.1
      vertex -20.2139 -25.2694 -64.1
      vertex -20.2616 -25.4598 -64.1
    endloop
  endfacet
  facet normal 0 0 1
    outer loop
      vertex -20.0638 -43.0928 -64.1
      vertex -20.3 -42.15 -64.1
      vertex -20.1478 -42.9154 -64.1
    endloop
  endfacet
  facet normal 0 0 1
    outer loop
      vertex -20.3 -25.85 -64.1
      vertex -20.2616 -25.4598 -64.1
      vertex -20.2904 -25.654 -64.1
    endloop
  endfacet
  facet normal 0 0 1
    outer loop
      vertex -20.1478 -42.9154 -64.1
      vertex -20.3 -42.15 -64.1
      vertex -20.2139 -42.7306 -64.1
    endloop
  endfacet
  facet normal 0 0 1
    outer loop
      vertex -20.2139 -42.7306 -64.1
      vertex -20.3 -42.15 -64.1
      vertex -20.2616 -42.5402 -64.1
    endloop
  endfacet
  facet normal 0 0 1
    outer loop
      vertex -20.2616 -42.5402 -64.1
      vertex -20.3 -42.15 -64.1
      vertex -20.2904 -42.346 -64.1
    endloop
  endfacet
  facet normal -0.146696 0.989182 0
    outer loop
      vertex -18.496 -23.8596 -84.1
      vertex -18.6902 -23.8884 -64.1
      vertex -18.496 -23.8596 -64.1
    endloop
  endfacet
  facet normal -0.146696 0.989182 0
    outer loop
      vertex -18.6902 -23.8884 -64.1
      vertex -18.496 -23.8596 -84.1
      vertex -18.6902 -23.8884 -84.1
    endloop
  endfacet
  facet normal 1 -0 0
    outer loop
      vertex 0 -42.15 -64.1
      vertex 0 -29 -84.1
      vertex 0 -29 -64.1
    endloop
  endfacet
  facet normal 1 0 0
    outer loop
      vertex 0 -29 -84.1
      vertex 0 -42.15 -64.1
      vertex 0 -42.15 -84.1
    endloop
  endfacet
  facet normal 0.989182 -0.146692 0
    outer loop
      vertex -0.0384293 -42.5402 -64.1
      vertex -0.0096302 -42.346 -84.1
      vertex -0.0096302 -42.346 -64.1
    endloop
  endfacet
  facet normal 0.989182 -0.146692 0
    outer loop
      vertex -0.0096302 -42.346 -84.1
      vertex -0.0384293 -42.5402 -64.1
      vertex -0.0384293 -42.5402 -84.1
    endloop
  endfacet
  facet normal 0.0489135 -0.998803 0
    outer loop
      vertex -2 -44.15 -84.1
      vertex -1.80397 -44.1404 -64.1
      vertex -2 -44.15 -64.1
    endloop
  endfacet
  facet normal 0.0489135 -0.998803 0
    outer loop
      vertex -1.80397 -44.1404 -64.1
      vertex -2 -44.15 -84.1
      vertex -1.80397 -44.1404 -84.1
    endloop
  endfacet
  facet normal -0.80335 0.595508 0
    outer loop
      vertex -19.9629 -24.7389 -84.1
      vertex -19.846 -24.5812 -64.1
      vertex -19.846 -24.5812 -84.1
    endloop
  endfacet
  facet normal -0.80335 0.595508 0
    outer loop
      vertex -19.846 -24.5812 -64.1
      vertex -19.9629 -24.7389 -84.1
      vertex -19.9629 -24.7389 -64.1
    endloop
  endfacet
  facet normal -0.671607 0.740908 0
    outer loop
      vertex -19.5688 -24.304 -84.1
      vertex -19.7142 -24.4358 -64.1
      vertex -19.5688 -24.304 -64.1
    endloop
  endfacet
  facet normal -0.671607 0.740908 0
    outer loop
      vertex -19.7142 -24.4358 -64.1
      vertex -19.5688 -24.304 -84.1
      vertex -19.7142 -24.4358 -84.1
    endloop
  endfacet
  facet normal -0.0489209 0.998803 0
    outer loop
      vertex -18.3 -23.85 -84.1
      vertex -18.496 -23.8596 -64.1
      vertex -18.3 -23.85 -64.1
    endloop
  endfacet
  facet normal -0.0489209 0.998803 0
    outer loop
      vertex -18.496 -23.8596 -64.1
      vertex -18.3 -23.85 -84.1
      vertex -18.496 -23.8596 -84.1
    endloop
  endfacet
  facet normal -0.94158 -0.336788 0
    outer loop
      vertex -20.1478 -42.9154 -84.1
      vertex -20.2139 -42.7306 -64.1
      vertex -20.2139 -42.7306 -84.1
    endloop
  endfacet
  facet normal -0.94158 -0.336788 0
    outer loop
      vertex -20.2139 -42.7306 -64.1
      vertex -20.1478 -42.9154 -84.1
      vertex -20.1478 -42.9154 -64.1
    endloop
  endfacet
  facet normal -0.989182 -0.146696 0
    outer loop
      vertex -20.2616 -42.5402 -84.1
      vertex -20.2904 -42.346 -64.1
      vertex -20.2904 -42.346 -84.1
    endloop
  endfacet
  facet normal -0.989182 -0.146696 0
    outer loop
      vertex -20.2904 -42.346 -64.1
      vertex -20.2616 -42.5402 -84.1
      vertex -20.2616 -42.5402 -64.1
    endloop
  endfacet
  facet normal 0 1 0
    outer loop
      vertex -5.15 -23.85 -76.4
      vertex -5.15 -23.85 -84.1
      vertex -10.15 -23.85 -76.4
    endloop
  endfacet
  facet normal 0 1 0
    outer loop
      vertex -10.15 -23.85 -75.7
      vertex -10.15 -23.85 -76.4
      vertex -10.17 -23.85 -75.7
    endloop
  endfacet
  facet normal 0 1 0
    outer loop
      vertex -10.15 -23.85 -71.8
      vertex -5.15 -23.85 -64.1
      vertex -5.15 -23.85 -71.8
    endloop
  endfacet
  facet normal 0 1 0
    outer loop
      vertex -5.15 -23.85 -64.1
      vertex -10.15 -23.85 -71.8
      vertex -18.3 -23.85 -64.1
    endloop
  endfacet
  facet normal 0 1 0
    outer loop
      vertex -10.17 -23.85 -72.5
      vertex -10.15 -23.85 -71.8
      vertex -10.15 -23.85 -72.5
    endloop
  endfacet
  facet normal 0 1 0
    outer loop
      vertex -10.15 -23.85 -71.8
      vertex -10.17 -23.85 -72.5
      vertex -18.3 -23.85 -64.1
    endloop
  endfacet
  facet normal 0 1 -0
    outer loop
      vertex -10.17 -23.85 -75.7
      vertex -18.3 -23.85 -64.1
      vertex -10.17 -23.85 -72.5
    endloop
  endfacet
  facet normal 0 1 0
    outer loop
      vertex -18.3 -23.85 -84.1
      vertex -10.17 -23.85 -75.7
      vertex -10.15 -23.85 -76.4
    endloop
  endfacet
  facet normal 0 1 0
    outer loop
      vertex -18.3 -23.85 -84.1
      vertex -10.15 -23.85 -76.4
      vertex -5.15 -23.85 -84.1
    endloop
  endfacet
  facet normal 0 1 0
    outer loop
      vertex -10.17 -23.85 -75.7
      vertex -18.3 -23.85 -84.1
      vertex -18.3 -23.85 -64.1
    endloop
  endfacet
  facet normal 0.857664 -0.514211 0
    outer loop
      vertex -0.337061 -43.2611 -64.1
      vertex -0.236157 -43.0928 -84.1
      vertex -0.236157 -43.0928 -64.1
    endloop
  endfacet
  facet normal 0.857664 -0.514211 0
    outer loop
      vertex -0.236157 -43.0928 -84.1
      vertex -0.337061 -43.2611 -64.1
      vertex -0.337061 -43.2611 -84.1
    endloop
  endfacet
  facet normal 0.514084 -0.85774 0
    outer loop
      vertex -1.05721 -43.9138 -84.1
      vertex -0.88886 -43.8129 -64.1
      vertex -1.05721 -43.9138 -64.1
    endloop
  endfacet
  facet normal 0.514084 -0.85774 0
    outer loop
      vertex -0.88886 -43.8129 -64.1
      vertex -1.05721 -43.9138 -84.1
      vertex -0.88886 -43.8129 -84.1
    endloop
  endfacet
  facet normal 0.427916 -0.903819 0
    outer loop
      vertex -1.23463 -43.9978 -84.1
      vertex -1.05721 -43.9138 -64.1
      vertex -1.23463 -43.9978 -64.1
    endloop
  endfacet
  facet normal 0.427916 -0.903819 0
    outer loop
      vertex -1.05721 -43.9138 -64.1
      vertex -1.23463 -43.9978 -84.1
      vertex -1.05721 -43.9138 -84.1
    endloop
  endfacet
  facet normal -0.595508 0.80335 0
    outer loop
      vertex -19.4111 -24.1871 -84.1
      vertex -19.5688 -24.304 -64.1
      vertex -19.4111 -24.1871 -64.1
    endloop
  endfacet
  facet normal -0.595508 0.80335 0
    outer loop
      vertex -19.5688 -24.304 -64.1
      vertex -19.4111 -24.1871 -84.1
      vertex -19.5688 -24.304 -84.1
    endloop
  endfacet
  facet normal -0.336788 0.94158 0
    outer loop
      vertex -18.8806 -23.9361 -84.1
      vertex -19.0654 -24.0022 -64.1
      vertex -18.8806 -23.9361 -64.1
    endloop
  endfacet
  facet normal -0.336788 0.94158 0
    outer loop
      vertex -19.0654 -24.0022 -64.1
      vertex -18.8806 -23.9361 -84.1
      vertex -19.0654 -24.0022 -84.1
    endloop
  endfacet
  facet normal -0.427955 -0.9038 0
    outer loop
      vertex -19.2428 -43.9138 -84.1
      vertex -19.0654 -43.9978 -64.1
      vertex -19.2428 -43.9138 -64.1
    endloop
  endfacet
  facet normal -0.427955 -0.9038 -0
    outer loop
      vertex -19.0654 -43.9978 -64.1
      vertex -19.2428 -43.9138 -84.1
      vertex -19.0654 -43.9978 -84.1
    endloop
  endfacet
  facet normal -0.671607 -0.740908 0
    outer loop
      vertex -19.7142 -43.5642 -84.1
      vertex -19.5688 -43.696 -64.1
      vertex -19.7142 -43.5642 -64.1
    endloop
  endfacet
  facet normal -0.671607 -0.740908 -0
    outer loop
      vertex -19.5688 -43.696 -64.1
      vertex -19.7142 -43.5642 -84.1
      vertex -19.5688 -43.696 -84.1
    endloop
  endfacet
  facet normal -0.857673 0.514196 0
    outer loop
      vertex -20.0638 -24.9072 -84.1
      vertex -19.9629 -24.7389 -64.1
      vertex -19.9629 -24.7389 -84.1
    endloop
  endfacet
  facet normal -0.857673 0.514196 0
    outer loop
      vertex -19.9629 -24.7389 -64.1
      vertex -20.0638 -24.9072 -84.1
      vertex -20.0638 -24.9072 -64.1
    endloop
  endfacet
  facet normal -0.998803 0.0489209 0
    outer loop
      vertex -20.3 -25.85 -84.1
      vertex -20.2904 -25.654 -64.1
      vertex -20.2904 -25.654 -84.1
    endloop
  endfacet
  facet normal -0.998803 0.0489209 0
    outer loop
      vertex -20.2904 -25.654 -64.1
      vertex -20.3 -25.85 -84.1
      vertex -20.3 -25.85 -64.1
    endloop
  endfacet
  facet normal 0.970034 -0.242969 0
    outer loop
      vertex -0.0861197 -42.7306 -64.1
      vertex -0.0384293 -42.5402 -84.1
      vertex -0.0384293 -42.5402 -64.1
    endloop
  endfacet
  facet normal 0.970034 -0.242969 0
    outer loop
      vertex -0.0384293 -42.5402 -84.1
      vertex -0.0861197 -42.7306 -64.1
      vertex -0.0861197 -42.7306 -84.1
    endloop
  endfacet
  facet normal 0.803306 -0.595567 0
    outer loop
      vertex -0.453979 -43.4188 -64.1
      vertex -0.337061 -43.2611 -84.1
      vertex -0.337061 -43.2611 -64.1
    endloop
  endfacet
  facet normal 0.803306 -0.595567 0
    outer loop
      vertex -0.337061 -43.2611 -84.1
      vertex -0.453979 -43.4188 -64.1
      vertex -0.453979 -43.4188 -84.1
    endloop
  endfacet
  facet normal 0.243027 -0.970019 0
    outer loop
      vertex -1.60982 -44.1116 -84.1
      vertex -1.41943 -44.0639 -64.1
      vertex -1.60982 -44.1116 -64.1
    endloop
  endfacet
  facet normal 0.243027 -0.970019 0
    outer loop
      vertex -1.41943 -44.0639 -64.1
      vertex -1.60982 -44.1116 -84.1
      vertex -1.41943 -44.0639 -84.1
    endloop
  endfacet
  facet normal 0.336788 -0.94158 0
    outer loop
      vertex -1.41943 -44.0639 -84.1
      vertex -1.23463 -43.9978 -64.1
      vertex -1.41943 -44.0639 -64.1
    endloop
  endfacet
  facet normal 0.336788 -0.94158 0
    outer loop
      vertex -1.23463 -43.9978 -64.1
      vertex -1.41943 -44.0639 -84.1
      vertex -1.23463 -43.9978 -84.1
    endloop
  endfacet
  facet normal 0.146733 -0.989176 0
    outer loop
      vertex -1.80397 -44.1404 -84.1
      vertex -1.60982 -44.1116 -64.1
      vertex -1.80397 -44.1404 -64.1
    endloop
  endfacet
  facet normal 0.146733 -0.989176 0
    outer loop
      vertex -1.60982 -44.1116 -64.1
      vertex -1.80397 -44.1404 -84.1
      vertex -1.60982 -44.1116 -84.1
    endloop
  endfacet
  facet normal -0.514196 0.857673 0
    outer loop
      vertex -19.2428 -24.0862 -84.1
      vertex -19.4111 -24.1871 -64.1
      vertex -19.2428 -24.0862 -64.1
    endloop
  endfacet
  facet normal -0.514196 0.857673 0
    outer loop
      vertex -19.4111 -24.1871 -64.1
      vertex -19.2428 -24.0862 -84.1
      vertex -19.4111 -24.1871 -84.1
    endloop
  endfacet
  facet normal -0.243015 0.970023 0
    outer loop
      vertex -18.6902 -23.8884 -84.1
      vertex -18.8806 -23.9361 -64.1
      vertex -18.6902 -23.8884 -64.1
    endloop
  endfacet
  facet normal -0.243015 0.970023 0
    outer loop
      vertex -18.8806 -23.9361 -64.1
      vertex -18.6902 -23.8884 -84.1
      vertex -18.8806 -23.9361 -84.1
    endloop
  endfacet
  facet normal -0.595508 -0.80335 0
    outer loop
      vertex -19.5688 -43.696 -84.1
      vertex -19.4111 -43.8129 -64.1
      vertex -19.5688 -43.696 -64.1
    endloop
  endfacet
  facet normal -0.595508 -0.80335 -0
    outer loop
      vertex -19.4111 -43.8129 -64.1
      vertex -19.5688 -43.696 -84.1
      vertex -19.4111 -43.8129 -84.1
    endloop
  endfacet
  facet normal -0.514196 -0.857673 0
    outer loop
      vertex -19.4111 -43.8129 -84.1
      vertex -19.2428 -43.9138 -64.1
      vertex -19.4111 -43.8129 -64.1
    endloop
  endfacet
  facet normal -0.514196 -0.857673 -0
    outer loop
      vertex -19.2428 -43.9138 -64.1
      vertex -19.4111 -43.8129 -84.1
      vertex -19.2428 -43.9138 -84.1
    endloop
  endfacet
  facet normal -0.857673 -0.514196 0
    outer loop
      vertex -19.9629 -43.2611 -84.1
      vertex -20.0638 -43.0928 -64.1
      vertex -20.0638 -43.0928 -84.1
    endloop
  endfacet
  facet normal -0.857673 -0.514196 0
    outer loop
      vertex -20.0638 -43.0928 -64.1
      vertex -19.9629 -43.2611 -84.1
      vertex -19.9629 -43.2611 -64.1
    endloop
  endfacet
  facet normal 0 -1 0
    outer loop
      vertex -18.3 -44.15 -84.1
      vertex -2 -44.15 -64.1
      vertex -18.3 -44.15 -64.1
    endloop
  endfacet
  facet normal 0 -1 -0
    outer loop
      vertex -2 -44.15 -64.1
      vertex -18.3 -44.15 -84.1
      vertex -2 -44.15 -84.1
    endloop
  endfacet
  facet normal -0.740908 0.671607 0
    outer loop
      vertex -19.846 -24.5812 -84.1
      vertex -19.7142 -24.4358 -64.1
      vertex -19.7142 -24.4358 -84.1
    endloop
  endfacet
  facet normal -0.740908 0.671607 0
    outer loop
      vertex -19.7142 -24.4358 -64.1
      vertex -19.846 -24.5812 -84.1
      vertex -19.846 -24.5812 -64.1
    endloop
  endfacet
  facet normal -0.9038 0.427955 0
    outer loop
      vertex -20.1478 -25.0846 -84.1
      vertex -20.0638 -24.9072 -64.1
      vertex -20.0638 -24.9072 -84.1
    endloop
  endfacet
  facet normal -0.9038 0.427955 0
    outer loop
      vertex -20.0638 -24.9072 -64.1
      vertex -20.1478 -25.0846 -84.1
      vertex -20.1478 -25.0846 -64.1
    endloop
  endfacet
  facet normal -0.989182 0.146696 0
    outer loop
      vertex -20.2904 -25.654 -84.1
      vertex -20.2616 -25.4598 -64.1
      vertex -20.2616 -25.4598 -84.1
    endloop
  endfacet
  facet normal -0.989182 0.146696 0
    outer loop
      vertex -20.2616 -25.4598 -64.1
      vertex -20.2904 -25.654 -84.1
      vertex -20.2904 -25.654 -64.1
    endloop
  endfacet
  facet normal -0.970023 0.243015 0
    outer loop
      vertex -20.2616 -25.4598 -84.1
      vertex -20.2139 -25.2694 -64.1
      vertex -20.2139 -25.2694 -84.1
    endloop
  endfacet
  facet normal -0.970023 0.243015 0
    outer loop
      vertex -20.2139 -25.2694 -64.1
      vertex -20.2616 -25.4598 -84.1
      vertex -20.2616 -25.4598 -64.1
    endloop
  endfacet
  facet normal -0.94158 0.336788 0
    outer loop
      vertex -20.2139 -25.2694 -84.1
      vertex -20.1478 -25.0846 -64.1
      vertex -20.1478 -25.0846 -84.1
    endloop
  endfacet
  facet normal -0.94158 0.336788 0
    outer loop
      vertex -20.1478 -25.0846 -64.1
      vertex -20.2139 -25.2694 -84.1
      vertex -20.2139 -25.2694 -64.1
    endloop
  endfacet
  facet normal 0.941546 -0.336884 0
    outer loop
      vertex -0.152241 -42.9154 -64.1
      vertex -0.0861197 -42.7306 -84.1
      vertex -0.0861197 -42.7306 -64.1
    endloop
  endfacet
  facet normal 0.941546 -0.336884 0
    outer loop
      vertex -0.0861197 -42.7306 -84.1
      vertex -0.152241 -42.9154 -64.1
      vertex -0.152241 -42.9154 -84.1
    endloop
  endfacet
  facet normal 0.903966 -0.427605 0
    outer loop
      vertex -0.236157 -43.0928 -64.1
      vertex -0.152241 -42.9154 -84.1
      vertex -0.152241 -42.9154 -64.1
    endloop
  endfacet
  facet normal 0.903966 -0.427605 0
    outer loop
      vertex -0.152241 -42.9154 -84.1
      vertex -0.236157 -43.0928 -64.1
      vertex -0.236157 -43.0928 -84.1
    endloop
  endfacet
  facet normal 0.740887 -0.671629 0
    outer loop
      vertex -0.585787 -43.5642 -64.1
      vertex -0.453979 -43.4188 -84.1
      vertex -0.453979 -43.4188 -64.1
    endloop
  endfacet
  facet normal 0.740887 -0.671629 0
    outer loop
      vertex -0.453979 -43.4188 -84.1
      vertex -0.585787 -43.5642 -64.1
      vertex -0.585787 -43.5642 -84.1
    endloop
  endfacet
  facet normal -0.146696 -0.989182 0
    outer loop
      vertex -18.6902 -44.1116 -84.1
      vertex -18.496 -44.1404 -64.1
      vertex -18.6902 -44.1116 -64.1
    endloop
  endfacet
  facet normal -0.146696 -0.989182 -0
    outer loop
      vertex -18.496 -44.1404 -64.1
      vertex -18.6902 -44.1116 -84.1
      vertex -18.496 -44.1404 -84.1
    endloop
  endfacet
  facet normal -0.80335 -0.595508 0
    outer loop
      vertex -19.846 -43.4188 -84.1
      vertex -19.9629 -43.2611 -64.1
      vertex -19.9629 -43.2611 -84.1
    endloop
  endfacet
  facet normal -0.80335 -0.595508 0
    outer loop
      vertex -19.9629 -43.2611 -64.1
      vertex -19.846 -43.4188 -84.1
      vertex -19.846 -43.4188 -64.1
    endloop
  endfacet
  facet normal -0.740908 -0.671607 0
    outer loop
      vertex -19.7142 -43.5642 -84.1
      vertex -19.846 -43.4188 -64.1
      vertex -19.846 -43.4188 -84.1
    endloop
  endfacet
  facet normal -0.740908 -0.671607 0
    outer loop
      vertex -19.846 -43.4188 -64.1
      vertex -19.7142 -43.5642 -84.1
      vertex -19.7142 -43.5642 -64.1
    endloop
  endfacet
  facet normal -0.9038 -0.427955 0
    outer loop
      vertex -20.0638 -43.0928 -84.1
      vertex -20.1478 -42.9154 -64.1
      vertex -20.1478 -42.9154 -84.1
    endloop
  endfacet
  facet normal -0.9038 -0.427955 0
    outer loop
      vertex -20.1478 -42.9154 -64.1
      vertex -20.0638 -43.0928 -84.1
      vertex -20.0638 -43.0928 -64.1
    endloop
  endfacet
  facet normal -0.970023 -0.243015 0
    outer loop
      vertex -20.2139 -42.7306 -84.1
      vertex -20.2616 -42.5402 -64.1
      vertex -20.2616 -42.5402 -84.1
    endloop
  endfacet
  facet normal -0.970023 -0.243015 0
    outer loop
      vertex -20.2616 -42.5402 -64.1
      vertex -20.2139 -42.7306 -84.1
      vertex -20.2139 -42.7306 -64.1
    endloop
  endfacet
  facet normal 0.595639 -0.803252 0
    outer loop
      vertex -0.88886 -43.8129 -84.1
      vertex -0.731214 -43.696 -64.1
      vertex -0.88886 -43.8129 -64.1
    endloop
  endfacet
  facet normal 0.595639 -0.803252 0
    outer loop
      vertex -0.731214 -43.696 -64.1
      vertex -0.88886 -43.8129 -84.1
      vertex -0.731214 -43.696 -84.1
    endloop
  endfacet
  facet normal -0.336788 -0.94158 0
    outer loop
      vertex -19.0654 -43.9978 -84.1
      vertex -18.8806 -44.0639 -64.1
      vertex -19.0654 -43.9978 -64.1
    endloop
  endfacet
  facet normal -0.336788 -0.94158 -0
    outer loop
      vertex -18.8806 -44.0639 -64.1
      vertex -19.0654 -43.9978 -84.1
      vertex -18.8806 -44.0639 -84.1
    endloop
  endfacet
  facet normal 0 0.989192 0.146629
    outer loop
      vertex -5.15 -26.1058 -74.5487
      vertex -10.15 -26.1389 -74.3254
      vertex -5.15 -26.1389 -74.3254
    endloop
  endfacet
  facet normal 0 0.989192 0.146629
    outer loop
      vertex -10.15 -26.1389 -74.3254
      vertex -5.15 -26.1058 -74.5487
      vertex -10.15 -26.1058 -74.5487
    endloop
  endfacet
  facet normal -0 0.0491862 0.99879
    outer loop
      vertex -10.15 -23.85 -76.4
      vertex -5.15 -24.0754 -76.3889
      vertex -5.15 -23.85 -76.4
    endloop
  endfacet
  facet normal 0 0.0491862 0.99879
    outer loop
      vertex -5.15 -24.0754 -76.3889
      vertex -10.15 -23.85 -76.4
      vertex -10.15 -24.0754 -76.3889
    endloop
  endfacet
  facet normal 0 0.857806 0.513974
    outer loop
      vertex -5.15 -25.7624 -75.3778
      vertex -10.15 -25.8784 -75.1842
      vertex -5.15 -25.8784 -75.1842
    endloop
  endfacet
  facet normal 0 0.857806 0.513974
    outer loop
      vertex -10.15 -25.8784 -75.1842
      vertex -5.15 -25.7624 -75.3778
      vertex -10.15 -25.7624 -75.3778
    endloop
  endfacet
  facet normal -0 0.513974 0.857806
    outer loop
      vertex -10.15 -24.9342 -76.1284
      vertex -5.15 -25.1278 -76.0124
      vertex -5.15 -24.9342 -76.1284
    endloop
  endfacet
  facet normal 0 0.513974 0.857806
    outer loop
      vertex -5.15 -25.1278 -76.0124
      vertex -10.15 -24.9342 -76.1284
      vertex -10.15 -25.1278 -76.0124
    endloop
  endfacet
  facet normal 0 0.33715 -0.941451
    outer loop
      vertex -10.15 -24.7302 -71.9751
      vertex -5.15 -24.5177 -71.899
      vertex -5.15 -24.7302 -71.9751
    endloop
  endfacet
  facet normal 0 0.33715 -0.941451
    outer loop
      vertex -5.15 -24.5177 -71.899
      vertex -10.15 -24.7302 -71.9751
      vertex -10.15 -24.5177 -71.899
    endloop
  endfacet
  facet normal 0 0.903963 0.42761
    outer loop
      vertex -5.15 -25.8784 -75.1842
      vertex -10.15 -25.9749 -74.9802
      vertex -5.15 -25.9749 -74.9802
    endloop
  endfacet
  facet normal 0 0.903963 0.42761
    outer loop
      vertex -10.15 -25.9749 -74.9802
      vertex -5.15 -25.8784 -75.1842
      vertex -10.15 -25.8784 -75.1842
    endloop
  endfacet
  facet normal 0 0.941451 0.33715
    outer loop
      vertex -5.15 -25.9749 -74.9802
      vertex -10.15 -26.051 -74.7677
      vertex -5.15 -26.051 -74.7677
    endloop
  endfacet
  facet normal 0 0.941451 0.33715
    outer loop
      vertex -10.15 -26.051 -74.7677
      vertex -5.15 -25.9749 -74.9802
      vertex -10.15 -25.9749 -74.9802
    endloop
  endfacet
  facet normal -0 0.33715 0.941451
    outer loop
      vertex -10.15 -24.5177 -76.301
      vertex -5.15 -24.7302 -76.2249
      vertex -5.15 -24.5177 -76.301
    endloop
  endfacet
  facet normal 0 0.33715 0.941451
    outer loop
      vertex -5.15 -24.7302 -76.2249
      vertex -10.15 -24.5177 -76.301
      vertex -10.15 -24.7302 -76.2249
    endloop
  endfacet
  facet normal -0 0.242744 0.97009
    outer loop
      vertex -10.15 -24.2987 -76.3558
      vertex -5.15 -24.5177 -76.301
      vertex -5.15 -24.2987 -76.3558
    endloop
  endfacet
  facet normal 0 0.242744 0.97009
    outer loop
      vertex -5.15 -24.5177 -76.301
      vertex -10.15 -24.2987 -76.3558
      vertex -10.15 -24.5177 -76.301
    endloop
  endfacet
  facet normal -0 0.146629 0.989192
    outer loop
      vertex -10.15 -24.0754 -76.3889
      vertex -5.15 -24.2987 -76.3558
      vertex -5.15 -24.0754 -76.3889
    endloop
  endfacet
  facet normal 0 0.146629 0.989192
    outer loop
      vertex -5.15 -24.2987 -76.3558
      vertex -10.15 -24.0754 -76.3889
      vertex -10.15 -24.2987 -76.3558
    endloop
  endfacet
  facet normal -0 0.42761 0.903963
    outer loop
      vertex -10.15 -24.7302 -76.2249
      vertex -5.15 -24.9342 -76.1284
      vertex -5.15 -24.7302 -76.2249
    endloop
  endfacet
  facet normal 0 0.42761 0.903963
    outer loop
      vertex -5.15 -24.9342 -76.1284
      vertex -10.15 -24.7302 -76.2249
      vertex -10.15 -24.9342 -76.1284
    endloop
  endfacet
  facet normal 0 0.99879 0.0491862
    outer loop
      vertex -5.15 -26.1389 -74.3254
      vertex -10.15 -26.15 -74.1
      vertex -5.15 -26.15 -74.1
    endloop
  endfacet
  facet normal 0 0.99879 0.0491862
    outer loop
      vertex -10.15 -26.15 -74.1
      vertex -5.15 -26.1389 -74.3254
      vertex -10.15 -26.1389 -74.3254
    endloop
  endfacet
  facet normal 0 0.941451 -0.33715
    outer loop
      vertex -5.15 -26.051 -73.4323
      vertex -10.15 -25.9749 -73.2198
      vertex -5.15 -25.9749 -73.2198
    endloop
  endfacet
  facet normal 0 0.941451 -0.33715
    outer loop
      vertex -10.15 -25.9749 -73.2198
      vertex -5.15 -26.051 -73.4323
      vertex -10.15 -26.051 -73.4323
    endloop
  endfacet
  facet normal -0 0.59581 0.803125
    outer loop
      vertex -10.15 -25.1278 -76.0124
      vertex -5.15 -25.3091 -75.8779
      vertex -5.15 -25.1278 -76.0124
    endloop
  endfacet
  facet normal 0 0.59581 0.803125
    outer loop
      vertex -5.15 -25.3091 -75.8779
      vertex -10.15 -25.1278 -76.0124
      vertex -10.15 -25.3091 -75.8779
    endloop
  endfacet
  facet normal 0 0.99879 -0.0491862
    outer loop
      vertex -5.15 -26.15 -74.1
      vertex -10.15 -26.1389 -73.8746
      vertex -5.15 -26.1389 -73.8746
    endloop
  endfacet
  facet normal 0 0.99879 -0.0491862
    outer loop
      vertex -10.15 -26.1389 -73.8746
      vertex -5.15 -26.15 -74.1
      vertex -10.15 -26.15 -74.1
    endloop
  endfacet
  facet normal 1 0 0
    outer loop
      vertex -10.15 -23.85 -71.8
      vertex -10.15 -24.0068 -72.5077
      vertex -10.15 -23.85 -72.5
    endloop
  endfacet
  facet normal 1 -0 0
    outer loop
      vertex -10.15 -24.0754 -71.8111
      vertex -10.15 -24.0068 -72.5077
      vertex -10.15 -23.85 -71.8
    endloop
  endfacet
  facet normal 1 0 0
    outer loop
      vertex -10.15 -24.0754 -71.8111
      vertex -10.15 -24.1621 -72.5307
      vertex -10.15 -24.0068 -72.5077
    endloop
  endfacet
  facet normal 1 -0 0
    outer loop
      vertex -10.15 -24.2987 -71.8442
      vertex -10.15 -24.1621 -72.5307
      vertex -10.15 -24.0754 -71.8111
    endloop
  endfacet
  facet normal 1 0 0
    outer loop
      vertex -10.15 -24.2987 -71.8442
      vertex -10.15 -24.3145 -72.5689
      vertex -10.15 -24.1621 -72.5307
    endloop
  endfacet
  facet normal 1 -0 0
    outer loop
      vertex -10.15 -24.5177 -71.899
      vertex -10.15 -24.3145 -72.5689
      vertex -10.15 -24.2987 -71.8442
    endloop
  endfacet
  facet normal 1 0 0
    outer loop
      vertex -10.15 -24.3145 -72.5689
      vertex -10.15 -24.5177 -71.899
      vertex -10.15 -24.4623 -72.6218
    endloop
  endfacet
  facet normal 1 -0 0
    outer loop
      vertex -10.15 -24.7302 -71.9751
      vertex -10.15 -24.4623 -72.6218
      vertex -10.15 -24.5177 -71.899
    endloop
  endfacet
  facet normal 1 0 0
    outer loop
      vertex -10.15 -24.4623 -72.6218
      vertex -10.15 -24.7302 -71.9751
      vertex -10.15 -24.6042 -72.6889
    endloop
  endfacet
  facet normal 1 -0 0
    outer loop
      vertex -10.15 -24.9342 -72.0716
      vertex -10.15 -24.6042 -72.6889
      vertex -10.15 -24.7302 -71.9751
    endloop
  endfacet
  facet normal 1 0 0
    outer loop
      vertex -10.15 -24.6042 -72.6889
      vertex -10.15 -24.9342 -72.0716
      vertex -10.15 -24.7389 -72.7696
    endloop
  endfacet
  facet normal 1 -0 0
    outer loop
      vertex -10.15 -25.1278 -72.1876
      vertex -10.15 -24.7389 -72.7696
      vertex -10.15 -24.9342 -72.0716
    endloop
  endfacet
  facet normal 1 0 0
    outer loop
      vertex -10.15 -24.7389 -72.7696
      vertex -10.15 -25.1278 -72.1876
      vertex -10.15 -24.865 -72.8632
    endloop
  endfacet
  facet normal 1 -0 0
    outer loop
      vertex -10.15 -25.3091 -72.3221
      vertex -10.15 -24.865 -72.8632
      vertex -10.15 -25.1278 -72.1876
    endloop
  endfacet
  facet normal 1 0 0
    outer loop
      vertex -10.15 -24.865 -72.8632
      vertex -10.15 -25.3091 -72.3221
      vertex -10.15 -24.9814 -72.9686
    endloop
  endfacet
  facet normal 1 -0 0
    outer loop
      vertex -10.15 -25.4763 -72.4737
      vertex -10.15 -24.9814 -72.9686
      vertex -10.15 -25.3091 -72.3221
    endloop
  endfacet
  facet normal 1 0 0
    outer loop
      vertex -10.15 -24.9814 -72.9686
      vertex -10.15 -25.4763 -72.4737
      vertex -10.15 -25.0868 -73.085
    endloop
  endfacet
  facet normal 1 -0 0
    outer loop
      vertex -10.15 -25.6279 -72.6409
      vertex -10.15 -25.0868 -73.085
      vertex -10.15 -25.4763 -72.4737
    endloop
  endfacet
  facet normal 1 0 0
    outer loop
      vertex -10.15 -25.0868 -73.085
      vertex -10.15 -25.6279 -72.6409
      vertex -10.15 -25.1804 -73.2111
    endloop
  endfacet
  facet normal 1 -0 0
    outer loop
      vertex -10.15 -25.7624 -72.8222
      vertex -10.15 -25.1804 -73.2111
      vertex -10.15 -25.6279 -72.6409
    endloop
  endfacet
  facet normal 1 0 0
    outer loop
      vertex -10.15 -25.1804 -73.2111
      vertex -10.15 -25.7624 -72.8222
      vertex -10.15 -25.2611 -73.3458
    endloop
  endfacet
  facet normal 1 -0 0
    outer loop
      vertex -10.15 -25.8784 -73.0158
      vertex -10.15 -25.2611 -73.3458
      vertex -10.15 -25.7624 -72.8222
    endloop
  endfacet
  facet normal 1 -0 0
    outer loop
      vertex -10.15 -25.9749 -73.2198
      vertex -10.15 -25.3282 -73.4877
      vertex -10.15 -25.8784 -73.0158
    endloop
  endfacet
  facet normal 1 0 0
    outer loop
      vertex -10.15 -25.2611 -73.3458
      vertex -10.15 -25.8784 -73.0158
      vertex -10.15 -25.3282 -73.4877
    endloop
  endfacet
  facet normal 1 0 0
    outer loop
      vertex -10.15 -24.0068 -75.6923
      vertex -10.15 -23.85 -76.4
      vertex -10.15 -23.85 -75.7
    endloop
  endfacet
  facet normal 1 0 0
    outer loop
      vertex -10.15 -24.0068 -75.6923
      vertex -10.15 -24.0754 -76.3889
      vertex -10.15 -23.85 -76.4
    endloop
  endfacet
  facet normal 1 0 0
    outer loop
      vertex -10.15 -24.1621 -75.6693
      vertex -10.15 -24.0754 -76.3889
      vertex -10.15 -24.0068 -75.6923
    endloop
  endfacet
  facet normal 1 0 0
    outer loop
      vertex -10.15 -24.1621 -75.6693
      vertex -10.15 -24.2987 -76.3558
      vertex -10.15 -24.0754 -76.3889
    endloop
  endfacet
  facet normal 1 0 0
    outer loop
      vertex -10.15 -24.3145 -75.6311
      vertex -10.15 -24.2987 -76.3558
      vertex -10.15 -24.1621 -75.6693
    endloop
  endfacet
  facet normal 1 0 0
    outer loop
      vertex -10.15 -24.5177 -76.301
      vertex -10.15 -24.3145 -75.6311
      vertex -10.15 -24.4623 -75.5782
    endloop
  endfacet
  facet normal 1 0 0
    outer loop
      vertex -10.15 -24.3145 -75.6311
      vertex -10.15 -24.5177 -76.301
      vertex -10.15 -24.2987 -76.3558
    endloop
  endfacet
  facet normal 1 0 0
    outer loop
      vertex -10.15 -24.7302 -76.2249
      vertex -10.15 -24.4623 -75.5782
      vertex -10.15 -24.6042 -75.5111
    endloop
  endfacet
  facet normal 1 0 0
    outer loop
      vertex -10.15 -24.4623 -75.5782
      vertex -10.15 -24.7302 -76.2249
      vertex -10.15 -24.5177 -76.301
    endloop
  endfacet
  facet normal 1 0 0
    outer loop
      vertex -10.15 -24.9342 -76.1284
      vertex -10.15 -24.6042 -75.5111
      vertex -10.15 -24.7389 -75.4304
    endloop
  endfacet
  facet normal 1 0 0
    outer loop
      vertex -10.15 -25.1278 -76.0124
      vertex -10.15 -24.7389 -75.4304
      vertex -10.15 -24.865 -75.3368
    endloop
  endfacet
  facet normal 1 0 0
    outer loop
      vertex -10.15 -24.6042 -75.5111
      vertex -10.15 -24.9342 -76.1284
      vertex -10.15 -24.7302 -76.2249
    endloop
  endfacet
  facet normal 1 0 0
    outer loop
      vertex -10.15 -25.3091 -75.8779
      vertex -10.15 -24.865 -75.3368
      vertex -10.15 -24.9814 -75.2314
    endloop
  endfacet
  facet normal 1 0 0
    outer loop
      vertex -10.15 -25.4763 -75.7263
      vertex -10.15 -24.9814 -75.2314
      vertex -10.15 -25.0868 -75.115
    endloop
  endfacet
  facet normal 1 0 0
    outer loop
      vertex -10.15 -24.7389 -75.4304
      vertex -10.15 -25.1278 -76.0124
      vertex -10.15 -24.9342 -76.1284
    endloop
  endfacet
  facet normal 1 0 0
    outer loop
      vertex -10.15 -25.6279 -75.5591
      vertex -10.15 -25.0868 -75.115
      vertex -10.15 -25.1804 -74.9889
    endloop
  endfacet
  facet normal 1 0 0
    outer loop
      vertex -10.15 -25.7624 -75.3778
      vertex -10.15 -25.1804 -74.9889
      vertex -10.15 -25.2611 -74.8542
    endloop
  endfacet
  facet normal 1 0 0
    outer loop
      vertex -10.15 -24.865 -75.3368
      vertex -10.15 -25.3091 -75.8779
      vertex -10.15 -25.1278 -76.0124
    endloop
  endfacet
  facet normal 1 0 0
    outer loop
      vertex -10.15 -25.8784 -75.1842
      vertex -10.15 -25.2611 -74.8542
      vertex -10.15 -25.3282 -74.7123
    endloop
  endfacet
  facet normal 1 0 0
    outer loop
      vertex -10.15 -25.9749 -74.9802
      vertex -10.15 -25.3282 -74.7123
      vertex -10.15 -25.3811 -74.5645
    endloop
  endfacet
  facet normal 1 0 0
    outer loop
      vertex -10.15 -26.051 -74.7677
      vertex -10.15 -25.3811 -74.5645
      vertex -10.15 -25.4193 -74.4121
    endloop
  endfacet
  facet normal 1 0 0
    outer loop
      vertex -10.15 -26.1058 -74.5487
      vertex -10.15 -25.4193 -74.4121
      vertex -10.15 -25.4423 -74.2568
    endloop
  endfacet
  facet normal 1 0 0
    outer loop
      vertex -10.15 -24.9814 -75.2314
      vertex -10.15 -25.4763 -75.7263
      vertex -10.15 -25.3091 -75.8779
    endloop
  endfacet
  facet normal 1 0 0
    outer loop
      vertex -10.15 -26.1389 -74.3254
      vertex -10.15 -25.4423 -74.2568
      vertex -10.15 -25.45 -74.1
    endloop
  endfacet
  facet normal 1 0 0
    outer loop
      vertex -10.15 -25.3282 -73.4877
      vertex -10.15 -25.9749 -73.2198
      vertex -10.15 -25.3811 -73.6355
    endloop
  endfacet
  facet normal 1 -0 0
    outer loop
      vertex -10.15 -26.051 -73.4323
      vertex -10.15 -25.3811 -73.6355
      vertex -10.15 -25.9749 -73.2198
    endloop
  endfacet
  facet normal 1 0 0
    outer loop
      vertex -10.15 -25.0868 -75.115
      vertex -10.15 -25.6279 -75.5591
      vertex -10.15 -25.4763 -75.7263
    endloop
  endfacet
  facet normal 1 0 0
    outer loop
      vertex -10.15 -25.3811 -73.6355
      vertex -10.15 -26.051 -73.4323
      vertex -10.15 -25.4193 -73.7879
    endloop
  endfacet
  facet normal 1 0 0
    outer loop
      vertex -10.15 -25.1804 -74.9889
      vertex -10.15 -25.7624 -75.3778
      vertex -10.15 -25.6279 -75.5591
    endloop
  endfacet
  facet normal 1 -0 0
    outer loop
      vertex -10.15 -26.1058 -73.6513
      vertex -10.15 -25.4193 -73.7879
      vertex -10.15 -26.051 -73.4323
    endloop
  endfacet
  facet normal 1 0 0
    outer loop
      vertex -10.15 -25.2611 -74.8542
      vertex -10.15 -25.8784 -75.1842
      vertex -10.15 -25.7624 -75.3778
    endloop
  endfacet
  facet normal 1 0 0
    outer loop
      vertex -10.15 -25.4193 -73.7879
      vertex -10.15 -26.1058 -73.6513
      vertex -10.15 -25.4423 -73.9432
    endloop
  endfacet
  facet normal 1 0 0
    outer loop
      vertex -10.15 -25.3282 -74.7123
      vertex -10.15 -25.9749 -74.9802
      vertex -10.15 -25.8784 -75.1842
    endloop
  endfacet
  facet normal 1 -0 0
    outer loop
      vertex -10.15 -26.1389 -73.8746
      vertex -10.15 -25.4423 -73.9432
      vertex -10.15 -26.1058 -73.6513
    endloop
  endfacet
  facet normal 1 0 0
    outer loop
      vertex -10.15 -25.3811 -74.5645
      vertex -10.15 -26.051 -74.7677
      vertex -10.15 -25.9749 -74.9802
    endloop
  endfacet
  facet normal 1 0 0
    outer loop
      vertex -10.15 -25.4423 -73.9432
      vertex -10.15 -26.1389 -73.8746
      vertex -10.15 -25.45 -74.1
    endloop
  endfacet
  facet normal 1 0 0
    outer loop
      vertex -10.15 -25.4193 -74.4121
      vertex -10.15 -26.1058 -74.5487
      vertex -10.15 -26.051 -74.7677
    endloop
  endfacet
  facet normal 1 0 0
    outer loop
      vertex -10.15 -26.15 -74.1
      vertex -10.15 -25.45 -74.1
      vertex -10.15 -26.1389 -73.8746
    endloop
  endfacet
  facet normal 1 0 0
    outer loop
      vertex -10.15 -25.4423 -74.2568
      vertex -10.15 -26.1389 -74.3254
      vertex -10.15 -26.1058 -74.5487
    endloop
  endfacet
  facet normal 1 0 0
    outer loop
      vertex -10.15 -25.45 -74.1
      vertex -10.15 -26.15 -74.1
      vertex -10.15 -26.1389 -74.3254
    endloop
  endfacet
  facet normal 0 0.97009 -0.242744
    outer loop
      vertex -5.15 -26.1058 -73.6513
      vertex -10.15 -26.051 -73.4323
      vertex -5.15 -26.051 -73.4323
    endloop
  endfacet
  facet normal 0 0.97009 -0.242744
    outer loop
      vertex -10.15 -26.051 -73.4323
      vertex -5.15 -26.1058 -73.6513
      vertex -10.15 -26.1058 -73.6513
    endloop
  endfacet
  facet normal 0 0.740822 -0.671702
    outer loop
      vertex -5.15 -25.6279 -72.6409
      vertex -10.15 -25.4763 -72.4737
      vertex -5.15 -25.4763 -72.4737
    endloop
  endfacet
  facet normal 0 0.740822 -0.671702
    outer loop
      vertex -10.15 -25.4763 -72.4737
      vertex -5.15 -25.6279 -72.6409
      vertex -10.15 -25.6279 -72.6409
    endloop
  endfacet
  facet normal 0 0.513974 -0.857806
    outer loop
      vertex -10.15 -25.1278 -72.1876
      vertex -5.15 -24.9342 -72.0716
      vertex -5.15 -25.1278 -72.1876
    endloop
  endfacet
  facet normal 0 0.513974 -0.857806
    outer loop
      vertex -5.15 -24.9342 -72.0716
      vertex -10.15 -25.1278 -72.1876
      vertex -10.15 -24.9342 -72.0716
    endloop
  endfacet
  facet normal 0 0.59581 -0.803125
    outer loop
      vertex -10.15 -25.3091 -72.3221
      vertex -5.15 -25.1278 -72.1876
      vertex -5.15 -25.3091 -72.3221
    endloop
  endfacet
  facet normal 0 0.59581 -0.803125
    outer loop
      vertex -5.15 -25.1278 -72.1876
      vertex -10.15 -25.3091 -72.3221
      vertex -10.15 -25.1278 -72.1876
    endloop
  endfacet
  facet normal 0 0.42761 -0.903963
    outer loop
      vertex -10.15 -24.9342 -72.0716
      vertex -5.15 -24.7302 -71.9751
      vertex -5.15 -24.9342 -72.0716
    endloop
  endfacet
  facet normal 0 0.42761 -0.903963
    outer loop
      vertex -5.15 -24.7302 -71.9751
      vertex -10.15 -24.9342 -72.0716
      vertex -10.15 -24.7302 -71.9751
    endloop
  endfacet
  facet normal 0 0.242744 -0.97009
    outer loop
      vertex -10.15 -24.5177 -71.899
      vertex -5.15 -24.2987 -71.8442
      vertex -5.15 -24.5177 -71.899
    endloop
  endfacet
  facet normal 0 0.242744 -0.97009
    outer loop
      vertex -5.15 -24.2987 -71.8442
      vertex -10.15 -24.5177 -71.899
      vertex -10.15 -24.2987 -71.8442
    endloop
  endfacet
  facet normal 0 0.146629 -0.989192
    outer loop
      vertex -10.15 -24.2987 -71.8442
      vertex -5.15 -24.0754 -71.8111
      vertex -5.15 -24.2987 -71.8442
    endloop
  endfacet
  facet normal 0 0.146629 -0.989192
    outer loop
      vertex -5.15 -24.0754 -71.8111
      vertex -10.15 -24.2987 -71.8442
      vertex -10.15 -24.0754 -71.8111
    endloop
  endfacet
  facet normal 0 0.0491862 -0.99879
    outer loop
      vertex -10.15 -24.0754 -71.8111
      vertex -5.15 -23.85 -71.8
      vertex -5.15 -24.0754 -71.8111
    endloop
  endfacet
  facet normal 0 0.0491862 -0.99879
    outer loop
      vertex -5.15 -23.85 -71.8
      vertex -10.15 -24.0754 -71.8111
      vertex -10.15 -23.85 -71.8
    endloop
  endfacet
  facet normal 0 0.97009 0.242744
    outer loop
      vertex -5.15 -26.051 -74.7677
      vertex -10.15 -26.1058 -74.5487
      vertex -5.15 -26.1058 -74.5487
    endloop
  endfacet
  facet normal 0 0.97009 0.242744
    outer loop
      vertex -10.15 -26.1058 -74.5487
      vertex -5.15 -26.051 -74.7677
      vertex -10.15 -26.051 -74.7677
    endloop
  endfacet
  facet normal 0 0.740822 0.671702
    outer loop
      vertex -5.15 -25.4763 -75.7263
      vertex -10.15 -25.6279 -75.5591
      vertex -5.15 -25.6279 -75.5591
    endloop
  endfacet
  facet normal 0 0.740822 0.671702
    outer loop
      vertex -10.15 -25.6279 -75.5591
      vertex -5.15 -25.4763 -75.7263
      vertex -10.15 -25.4763 -75.7263
    endloop
  endfacet
  facet normal 0 0.803125 0.59581
    outer loop
      vertex -5.15 -25.6279 -75.5591
      vertex -10.15 -25.7624 -75.3778
      vertex -5.15 -25.7624 -75.3778
    endloop
  endfacet
  facet normal 0 0.803125 0.59581
    outer loop
      vertex -10.15 -25.7624 -75.3778
      vertex -5.15 -25.6279 -75.5591
      vertex -10.15 -25.6279 -75.5591
    endloop
  endfacet
  facet normal -0 0.671702 0.740822
    outer loop
      vertex -10.15 -25.3091 -75.8779
      vertex -5.15 -25.4763 -75.7263
      vertex -5.15 -25.3091 -75.8779
    endloop
  endfacet
  facet normal 0 0.671702 0.740822
    outer loop
      vertex -5.15 -25.4763 -75.7263
      vertex -10.15 -25.3091 -75.8779
      vertex -10.15 -25.4763 -75.7263
    endloop
  endfacet
  facet normal 0 0.989192 -0.146629
    outer loop
      vertex -5.15 -26.1389 -73.8746
      vertex -10.15 -26.1058 -73.6513
      vertex -5.15 -26.1058 -73.6513
    endloop
  endfacet
  facet normal 0 0.989192 -0.146629
    outer loop
      vertex -10.15 -26.1058 -73.6513
      vertex -5.15 -26.1389 -73.8746
      vertex -10.15 -26.1389 -73.8746
    endloop
  endfacet
  facet normal 0 0.671702 -0.740822
    outer loop
      vertex -10.15 -25.4763 -72.4737
      vertex -5.15 -25.3091 -72.3221
      vertex -5.15 -25.4763 -72.4737
    endloop
  endfacet
  facet normal 0 0.671702 -0.740822
    outer loop
      vertex -5.15 -25.3091 -72.3221
      vertex -10.15 -25.4763 -72.4737
      vertex -10.15 -25.3091 -72.3221
    endloop
  endfacet
  facet normal 0 0.903963 -0.42761
    outer loop
      vertex -5.15 -25.9749 -73.2198
      vertex -10.15 -25.8784 -73.0158
      vertex -5.15 -25.8784 -73.0158
    endloop
  endfacet
  facet normal 0 0.903963 -0.42761
    outer loop
      vertex -10.15 -25.8784 -73.0158
      vertex -5.15 -25.9749 -73.2198
      vertex -10.15 -25.9749 -73.2198
    endloop
  endfacet
  facet normal 0 0.857806 -0.513974
    outer loop
      vertex -5.15 -25.8784 -73.0158
      vertex -10.15 -25.7624 -72.8222
      vertex -5.15 -25.7624 -72.8222
    endloop
  endfacet
  facet normal 0 0.857806 -0.513974
    outer loop
      vertex -10.15 -25.7624 -72.8222
      vertex -5.15 -25.8784 -73.0158
      vertex -10.15 -25.8784 -73.0158
    endloop
  endfacet
  facet normal 0 0.803125 -0.59581
    outer loop
      vertex -5.15 -25.7624 -72.8222
      vertex -10.15 -25.6279 -72.6409
      vertex -5.15 -25.6279 -72.6409
    endloop
  endfacet
  facet normal 0 0.803125 -0.59581
    outer loop
      vertex -10.15 -25.6279 -72.6409
      vertex -5.15 -25.7624 -72.8222
      vertex -10.15 -25.7624 -72.8222
    endloop
  endfacet
  facet normal -0 0.049048 0.998796
    outer loop
      vertex -10.17 -23.85 -75.7
      vertex -10.15 -24.0068 -75.6923
      vertex -10.15 -23.85 -75.7
    endloop
  endfacet
  facet normal 0 0.049048 0.998796
    outer loop
      vertex -10.15 -24.0068 -75.6923
      vertex -10.17 -23.85 -75.7
      vertex -10.17 -24.0068 -75.6923
    endloop
  endfacet
  facet normal 0 0.85783 0.513934
    outer loop
      vertex -10.15 -25.1804 -74.9889
      vertex -10.17 -25.2611 -74.8542
      vertex -10.15 -25.2611 -74.8542
    endloop
  endfacet
  facet normal 0 0.85783 0.513934
    outer loop
      vertex -10.17 -25.2611 -74.8542
      vertex -10.15 -25.1804 -74.9889
      vertex -10.17 -25.1804 -74.9889
    endloop
  endfacet
  facet normal 0 0.80297 -0.596019
    outer loop
      vertex -10.15 -25.1804 -73.2111
      vertex -10.17 -25.0868 -73.085
      vertex -10.15 -25.0868 -73.085
    endloop
  endfacet
  facet normal 0 0.80297 -0.596019
    outer loop
      vertex -10.17 -25.0868 -73.085
      vertex -10.15 -25.1804 -73.2111
      vertex -10.17 -25.1804 -73.2111
    endloop
  endfacet
  facet normal 0 0.049048 -0.998796
    outer loop
      vertex -10.17 -24.0068 -72.5077
      vertex -10.15 -23.85 -72.5
      vertex -10.15 -24.0068 -72.5077
    endloop
  endfacet
  facet normal 0 0.049048 -0.998796
    outer loop
      vertex -10.15 -23.85 -72.5
      vertex -10.17 -24.0068 -72.5077
      vertex -10.17 -23.85 -72.5
    endloop
  endfacet
  facet normal -0 0.243135 0.969993
    outer loop
      vertex -10.17 -24.1621 -75.6693
      vertex -10.15 -24.3145 -75.6311
      vertex -10.15 -24.1621 -75.6693
    endloop
  endfacet
  facet normal 0 0.243135 0.969993
    outer loop
      vertex -10.15 -24.3145 -75.6311
      vertex -10.17 -24.1621 -75.6693
      vertex -10.17 -24.3145 -75.6311
    endloop
  endfacet
  facet normal -0 0.596019 0.80297
    outer loop
      vertex -10.17 -24.7389 -75.4304
      vertex -10.15 -24.865 -75.3368
      vertex -10.15 -24.7389 -75.4304
    endloop
  endfacet
  facet normal 0 0.596019 0.80297
    outer loop
      vertex -10.15 -24.865 -75.3368
      vertex -10.17 -24.7389 -75.4304
      vertex -10.17 -24.865 -75.3368
    endloop
  endfacet
  facet normal 0 0.998796 0.049048
    outer loop
      vertex -10.15 -25.4423 -74.2568
      vertex -10.17 -25.45 -74.1
      vertex -10.15 -25.45 -74.1
    endloop
  endfacet
  facet normal 0 0.998796 0.049048
    outer loop
      vertex -10.17 -25.45 -74.1
      vertex -10.15 -25.4423 -74.2568
      vertex -10.17 -25.4423 -74.2568
    endloop
  endfacet
  facet normal 0 0.98921 0.146502
    outer loop
      vertex -10.15 -25.4193 -74.4121
      vertex -10.17 -25.4423 -74.2568
      vertex -10.15 -25.4423 -74.2568
    endloop
  endfacet
  facet normal 0 0.98921 0.146502
    outer loop
      vertex -10.17 -25.4423 -74.2568
      vertex -10.15 -25.4193 -74.4121
      vertex -10.17 -25.4193 -74.4121
    endloop
  endfacet
  facet normal 0 0.969993 0.243135
    outer loop
      vertex -10.15 -25.3811 -74.5645
      vertex -10.17 -25.4193 -74.4121
      vertex -10.15 -25.4193 -74.4121
    endloop
  endfacet
  facet normal 0 0.969993 0.243135
    outer loop
      vertex -10.17 -25.4193 -74.4121
      vertex -10.15 -25.3811 -74.5645
      vertex -10.17 -25.3811 -74.5645
    endloop
  endfacet
  facet normal 0 0.904023 0.427484
    outer loop
      vertex -10.15 -25.2611 -74.8542
      vertex -10.17 -25.3282 -74.7123
      vertex -10.15 -25.3282 -74.7123
    endloop
  endfacet
  facet normal 0 0.904023 0.427484
    outer loop
      vertex -10.17 -25.3282 -74.7123
      vertex -10.15 -25.2611 -74.8542
      vertex -10.17 -25.2611 -74.8542
    endloop
  endfacet
  facet normal -0 0.146502 0.98921
    outer loop
      vertex -10.17 -24.0068 -75.6923
      vertex -10.15 -24.1621 -75.6693
      vertex -10.15 -24.0068 -75.6923
    endloop
  endfacet
  facet normal 0 0.146502 0.98921
    outer loop
      vertex -10.15 -24.1621 -75.6693
      vertex -10.17 -24.0068 -75.6923
      vertex -10.17 -24.1621 -75.6693
    endloop
  endfacet
  facet normal -0 0.671213 0.741264
    outer loop
      vertex -10.17 -24.865 -75.3368
      vertex -10.15 -24.9814 -75.2314
      vertex -10.15 -24.865 -75.3368
    endloop
  endfacet
  facet normal 0 0.671213 0.741264
    outer loop
      vertex -10.15 -24.9814 -75.2314
      vertex -10.17 -24.865 -75.3368
      vertex -10.17 -24.9814 -75.2314
    endloop
  endfacet
  facet normal -0 0.427484 0.904023
    outer loop
      vertex -10.17 -24.4623 -75.5782
      vertex -10.15 -24.6042 -75.5111
      vertex -10.15 -24.4623 -75.5782
    endloop
  endfacet
  facet normal 0 0.427484 0.904023
    outer loop
      vertex -10.15 -24.6042 -75.5111
      vertex -10.17 -24.4623 -75.5782
      vertex -10.17 -24.6042 -75.5111
    endloop
  endfacet
  facet normal 0 0.941511 -0.336982
    outer loop
      vertex -10.15 -25.3811 -73.6355
      vertex -10.17 -25.3282 -73.4877
      vertex -10.15 -25.3282 -73.4877
    endloop
  endfacet
  facet normal 0 0.941511 -0.336982
    outer loop
      vertex -10.17 -25.3282 -73.4877
      vertex -10.15 -25.3811 -73.6355
      vertex -10.17 -25.3811 -73.6355
    endloop
  endfacet
  facet normal 0 0.427484 -0.904023
    outer loop
      vertex -10.17 -24.6042 -72.6889
      vertex -10.15 -24.4623 -72.6218
      vertex -10.15 -24.6042 -72.6889
    endloop
  endfacet
  facet normal 0 0.427484 -0.904023
    outer loop
      vertex -10.15 -24.4623 -72.6218
      vertex -10.17 -24.6042 -72.6889
      vertex -10.17 -24.4623 -72.6218
    endloop
  endfacet
  facet normal 0 0.741264 -0.671213
    outer loop
      vertex -10.15 -25.0868 -73.085
      vertex -10.17 -24.9814 -72.9686
      vertex -10.15 -24.9814 -72.9686
    endloop
  endfacet
  facet normal 0 0.741264 -0.671213
    outer loop
      vertex -10.17 -24.9814 -72.9686
      vertex -10.15 -25.0868 -73.085
      vertex -10.17 -25.0868 -73.085
    endloop
  endfacet
  facet normal -0 0.513934 0.85783
    outer loop
      vertex -10.17 -24.6042 -75.5111
      vertex -10.15 -24.7389 -75.4304
      vertex -10.15 -24.6042 -75.5111
    endloop
  endfacet
  facet normal 0 0.513934 0.85783
    outer loop
      vertex -10.15 -24.7389 -75.4304
      vertex -10.17 -24.6042 -75.5111
      vertex -10.17 -24.7389 -75.4304
    endloop
  endfacet
  facet normal -0 0.336982 0.941511
    outer loop
      vertex -10.17 -24.3145 -75.6311
      vertex -10.15 -24.4623 -75.5782
      vertex -10.15 -24.3145 -75.6311
    endloop
  endfacet
  facet normal 0 0.336982 0.941511
    outer loop
      vertex -10.15 -24.4623 -75.5782
      vertex -10.17 -24.3145 -75.6311
      vertex -10.17 -24.4623 -75.5782
    endloop
  endfacet
  facet normal 0 0.85783 -0.513934
    outer loop
      vertex -10.15 -25.2611 -73.3458
      vertex -10.17 -25.1804 -73.2111
      vertex -10.15 -25.1804 -73.2111
    endloop
  endfacet
  facet normal 0 0.85783 -0.513934
    outer loop
      vertex -10.17 -25.1804 -73.2111
      vertex -10.15 -25.2611 -73.3458
      vertex -10.17 -25.2611 -73.3458
    endloop
  endfacet
  facet normal 0 0.998796 -0.049048
    outer loop
      vertex -10.15 -25.45 -74.1
      vertex -10.17 -25.4423 -73.9432
      vertex -10.15 -25.4423 -73.9432
    endloop
  endfacet
  facet normal 0 0.998796 -0.049048
    outer loop
      vertex -10.17 -25.4423 -73.9432
      vertex -10.15 -25.45 -74.1
      vertex -10.17 -25.45 -74.1
    endloop
  endfacet
  facet normal 1 -0 0
    outer loop
      vertex -10.17 -24.0068 -72.5077
      vertex -10.17 -23.85 -75.7
      vertex -10.17 -23.85 -72.5
    endloop
  endfacet
  facet normal 1 0 0
    outer loop
      vertex -10.17 -24.0068 -72.5077
      vertex -10.17 -24.0068 -75.6923
      vertex -10.17 -23.85 -75.7
    endloop
  endfacet
  facet normal 1 -0 0
    outer loop
      vertex -10.17 -24.1621 -72.5307
      vertex -10.17 -24.0068 -75.6923
      vertex -10.17 -24.0068 -72.5077
    endloop
  endfacet
  facet normal 1 0 0
    outer loop
      vertex -10.17 -24.1621 -72.5307
      vertex -10.17 -24.1621 -75.6693
      vertex -10.17 -24.0068 -75.6923
    endloop
  endfacet
  facet normal 1 -0 0
    outer loop
      vertex -10.17 -24.3145 -72.5689
      vertex -10.17 -24.1621 -75.6693
      vertex -10.17 -24.1621 -72.5307
    endloop
  endfacet
  facet normal 1 0 0
    outer loop
      vertex -10.17 -24.3145 -72.5689
      vertex -10.17 -24.3145 -75.6311
      vertex -10.17 -24.1621 -75.6693
    endloop
  endfacet
  facet normal 1 -0 0
    outer loop
      vertex -10.17 -24.4623 -72.6218
      vertex -10.17 -24.3145 -75.6311
      vertex -10.17 -24.3145 -72.5689
    endloop
  endfacet
  facet normal 1 0 0
    outer loop
      vertex -10.17 -24.4623 -72.6218
      vertex -10.17 -24.4623 -75.5782
      vertex -10.17 -24.3145 -75.6311
    endloop
  endfacet
  facet normal 1 -0 0
    outer loop
      vertex -10.17 -24.6042 -72.6889
      vertex -10.17 -24.4623 -75.5782
      vertex -10.17 -24.4623 -72.6218
    endloop
  endfacet
  facet normal 1 0 0
    outer loop
      vertex -10.17 -24.6042 -72.6889
      vertex -10.17 -24.6042 -75.5111
      vertex -10.17 -24.4623 -75.5782
    endloop
  endfacet
  facet normal 1 -0 0
    outer loop
      vertex -10.17 -24.7389 -72.7696
      vertex -10.17 -24.6042 -75.5111
      vertex -10.17 -24.6042 -72.6889
    endloop
  endfacet
  facet normal 1 0 0
    outer loop
      vertex -10.17 -24.7389 -72.7696
      vertex -10.17 -24.7389 -75.4304
      vertex -10.17 -24.6042 -75.5111
    endloop
  endfacet
  facet normal 1 -0 0
    outer loop
      vertex -10.17 -24.865 -72.8632
      vertex -10.17 -24.7389 -75.4304
      vertex -10.17 -24.7389 -72.7696
    endloop
  endfacet
  facet normal 1 0 0
    outer loop
      vertex -10.17 -24.865 -72.8632
      vertex -10.17 -24.865 -75.3368
      vertex -10.17 -24.7389 -75.4304
    endloop
  endfacet
  facet normal 1 -0 0
    outer loop
      vertex -10.17 -24.9814 -72.9686
      vertex -10.17 -24.865 -75.3368
      vertex -10.17 -24.865 -72.8632
    endloop
  endfacet
  facet normal 1 0 0
    outer loop
      vertex -10.17 -24.9814 -72.9686
      vertex -10.17 -24.9814 -75.2314
      vertex -10.17 -24.865 -75.3368
    endloop
  endfacet
  facet normal 1 -0 0
    outer loop
      vertex -10.17 -25.0868 -73.085
      vertex -10.17 -24.9814 -75.2314
      vertex -10.17 -24.9814 -72.9686
    endloop
  endfacet
  facet normal 1 0 0
    outer loop
      vertex -10.17 -25.0868 -73.085
      vertex -10.17 -25.0868 -75.115
      vertex -10.17 -24.9814 -75.2314
    endloop
  endfacet
  facet normal 1 -0 0
    outer loop
      vertex -10.17 -25.1804 -73.2111
      vertex -10.17 -25.0868 -75.115
      vertex -10.17 -25.0868 -73.085
    endloop
  endfacet
  facet normal 1 0 0
    outer loop
      vertex -10.17 -25.1804 -73.2111
      vertex -10.17 -25.1804 -74.9889
      vertex -10.17 -25.0868 -75.115
    endloop
  endfacet
  facet normal 1 -0 0
    outer loop
      vertex -10.17 -25.2611 -73.3458
      vertex -10.17 -25.1804 -74.9889
      vertex -10.17 -25.1804 -73.2111
    endloop
  endfacet
  facet normal 1 0 0
    outer loop
      vertex -10.17 -25.2611 -73.3458
      vertex -10.17 -25.2611 -74.8542
      vertex -10.17 -25.1804 -74.9889
    endloop
  endfacet
  facet normal 1 -0 0
    outer loop
      vertex -10.17 -25.3282 -73.4877
      vertex -10.17 -25.2611 -74.8542
      vertex -10.17 -25.2611 -73.3458
    endloop
  endfacet
  facet normal 1 0 0
    outer loop
      vertex -10.17 -25.3282 -73.4877
      vertex -10.17 -25.3282 -74.7123
      vertex -10.17 -25.2611 -74.8542
    endloop
  endfacet
  facet normal 1 -0 0
    outer loop
      vertex -10.17 -25.3811 -73.6355
      vertex -10.17 -25.3282 -74.7123
      vertex -10.17 -25.3282 -73.4877
    endloop
  endfacet
  facet normal 1 0 0
    outer loop
      vertex -10.17 -25.3811 -73.6355
      vertex -10.17 -25.3811 -74.5645
      vertex -10.17 -25.3282 -74.7123
    endloop
  endfacet
  facet normal 1 -0 0
    outer loop
      vertex -10.17 -25.4193 -73.7879
      vertex -10.17 -25.3811 -74.5645
      vertex -10.17 -25.3811 -73.6355
    endloop
  endfacet
  facet normal 1 0 0
    outer loop
      vertex -10.17 -25.4193 -73.7879
      vertex -10.17 -25.4193 -74.4121
      vertex -10.17 -25.3811 -74.5645
    endloop
  endfacet
  facet normal 1 -0 0
    outer loop
      vertex -10.17 -25.4423 -73.9432
      vertex -10.17 -25.4193 -74.4121
      vertex -10.17 -25.4193 -73.7879
    endloop
  endfacet
  facet normal 1 0 0
    outer loop
      vertex -10.17 -25.4423 -73.9432
      vertex -10.17 -25.4423 -74.2568
      vertex -10.17 -25.4193 -74.4121
    endloop
  endfacet
  facet normal 1 0 -0
    outer loop
      vertex -10.17 -25.4423 -74.2568
      vertex -10.17 -25.4423 -73.9432
      vertex -10.17 -25.45 -74.1
    endloop
  endfacet
  facet normal 0 0.904023 -0.427484
    outer loop
      vertex -10.15 -25.3282 -73.4877
      vertex -10.17 -25.2611 -73.3458
      vertex -10.15 -25.2611 -73.3458
    endloop
  endfacet
  facet normal 0 0.904023 -0.427484
    outer loop
      vertex -10.17 -25.2611 -73.3458
      vertex -10.15 -25.3282 -73.4877
      vertex -10.17 -25.3282 -73.4877
    endloop
  endfacet
  facet normal 0 0.336982 -0.941511
    outer loop
      vertex -10.17 -24.4623 -72.6218
      vertex -10.15 -24.3145 -72.5689
      vertex -10.15 -24.4623 -72.6218
    endloop
  endfacet
  facet normal 0 0.336982 -0.941511
    outer loop
      vertex -10.15 -24.3145 -72.5689
      vertex -10.17 -24.4623 -72.6218
      vertex -10.17 -24.3145 -72.5689
    endloop
  endfacet
  facet normal 0 0.243135 -0.969993
    outer loop
      vertex -10.17 -24.3145 -72.5689
      vertex -10.15 -24.1621 -72.5307
      vertex -10.15 -24.3145 -72.5689
    endloop
  endfacet
  facet normal 0 0.243135 -0.969993
    outer loop
      vertex -10.15 -24.1621 -72.5307
      vertex -10.17 -24.3145 -72.5689
      vertex -10.17 -24.1621 -72.5307
    endloop
  endfacet
  facet normal 0 0.146502 -0.98921
    outer loop
      vertex -10.17 -24.1621 -72.5307
      vertex -10.15 -24.0068 -72.5077
      vertex -10.15 -24.1621 -72.5307
    endloop
  endfacet
  facet normal 0 0.146502 -0.98921
    outer loop
      vertex -10.15 -24.0068 -72.5077
      vertex -10.17 -24.1621 -72.5307
      vertex -10.17 -24.0068 -72.5077
    endloop
  endfacet
  facet normal 0 0.596019 -0.80297
    outer loop
      vertex -10.17 -24.865 -72.8632
      vertex -10.15 -24.7389 -72.7696
      vertex -10.15 -24.865 -72.8632
    endloop
  endfacet
  facet normal 0 0.596019 -0.80297
    outer loop
      vertex -10.15 -24.7389 -72.7696
      vertex -10.17 -24.865 -72.8632
      vertex -10.17 -24.7389 -72.7696
    endloop
  endfacet
  facet normal 0 0.513934 -0.85783
    outer loop
      vertex -10.17 -24.7389 -72.7696
      vertex -10.15 -24.6042 -72.6889
      vertex -10.15 -24.7389 -72.7696
    endloop
  endfacet
  facet normal 0 0.513934 -0.85783
    outer loop
      vertex -10.15 -24.6042 -72.6889
      vertex -10.17 -24.7389 -72.7696
      vertex -10.17 -24.6042 -72.6889
    endloop
  endfacet
  facet normal 0 0.671213 -0.741264
    outer loop
      vertex -10.17 -24.9814 -72.9686
      vertex -10.15 -24.865 -72.8632
      vertex -10.15 -24.9814 -72.9686
    endloop
  endfacet
  facet normal 0 0.671213 -0.741264
    outer loop
      vertex -10.15 -24.865 -72.8632
      vertex -10.17 -24.9814 -72.9686
      vertex -10.17 -24.865 -72.8632
    endloop
  endfacet
  facet normal 0 0.941511 0.336982
    outer loop
      vertex -10.15 -25.3282 -74.7123
      vertex -10.17 -25.3811 -74.5645
      vertex -10.15 -25.3811 -74.5645
    endloop
  endfacet
  facet normal 0 0.941511 0.336982
    outer loop
      vertex -10.17 -25.3811 -74.5645
      vertex -10.15 -25.3282 -74.7123
      vertex -10.17 -25.3282 -74.7123
    endloop
  endfacet
  facet normal 0 0.741264 0.671213
    outer loop
      vertex -10.15 -24.9814 -75.2314
      vertex -10.17 -25.0868 -75.115
      vertex -10.15 -25.0868 -75.115
    endloop
  endfacet
  facet normal 0 0.741264 0.671213
    outer loop
      vertex -10.17 -25.0868 -75.115
      vertex -10.15 -24.9814 -75.2314
      vertex -10.17 -24.9814 -75.2314
    endloop
  endfacet
  facet normal 0 0.80297 0.596019
    outer loop
      vertex -10.15 -25.0868 -75.115
      vertex -10.17 -25.1804 -74.9889
      vertex -10.15 -25.1804 -74.9889
    endloop
  endfacet
  facet normal 0 0.80297 0.596019
    outer loop
      vertex -10.17 -25.1804 -74.9889
      vertex -10.15 -25.0868 -75.115
      vertex -10.17 -25.0868 -75.115
    endloop
  endfacet
  facet normal 0 0.98921 -0.146502
    outer loop
      vertex -10.15 -25.4423 -73.9432
      vertex -10.17 -25.4193 -73.7879
      vertex -10.15 -25.4193 -73.7879
    endloop
  endfacet
  facet normal 0 0.98921 -0.146502
    outer loop
      vertex -10.17 -25.4193 -73.7879
      vertex -10.15 -25.4423 -73.9432
      vertex -10.17 -25.4423 -73.9432
    endloop
  endfacet
  facet normal 0 0.969993 -0.243135
    outer loop
      vertex -10.15 -25.4193 -73.7879
      vertex -10.17 -25.3811 -73.6355
      vertex -10.15 -25.3811 -73.6355
    endloop
  endfacet
  facet normal 0 0.969993 -0.243135
    outer loop
      vertex -10.17 -25.3811 -73.6355
      vertex -10.15 -25.4193 -73.7879
      vertex -10.17 -25.4193 -73.7879
    endloop
  endfacet
  facet normal 1 -0 0
    outer loop
      vertex -5.15 -20.9 -72.1
      vertex -5.15 -18.7 -76.1
      vertex -5.15 -18.7 -72.1
    endloop
  endfacet
  facet normal 1 0 0
    outer loop
      vertex -5.15 -18.7 -76.1
      vertex -5.15 -20.9 -72.1
      vertex -5.15 -20.9 -76.1
    endloop
  endfacet
  facet normal 1 0 0
    outer loop
      vertex -5.15 -23.85 -64.1
      vertex -5.15 -24.0754 -71.8111
      vertex -5.15 -23.85 -71.8
    endloop
  endfacet
  facet normal 1 0 0
    outer loop
      vertex -5.15 -23.85 -64.1
      vertex -5.15 -24.2987 -71.8442
      vertex -5.15 -24.0754 -71.8111
    endloop
  endfacet
  facet normal 1 0 0
    outer loop
      vertex -5.15 -23.85 -64.1
      vertex -5.15 -24.5177 -71.899
      vertex -5.15 -24.2987 -71.8442
    endloop
  endfacet
  facet normal 1 0 0
    outer loop
      vertex -5.15 -23.85 -64.1
      vertex -5.15 -24.7302 -71.9751
      vertex -5.15 -24.5177 -71.899
    endloop
  endfacet
  facet normal 1 -0 0
    outer loop
      vertex -5.15 -29 -64.1
      vertex -5.15 -24.7302 -71.9751
      vertex -5.15 -23.85 -64.1
    endloop
  endfacet
  facet normal 1 0 0
    outer loop
      vertex -5.15 -24.7302 -71.9751
      vertex -5.15 -29 -64.1
      vertex -5.15 -24.9342 -72.0716
    endloop
  endfacet
  facet normal 1 0 0
    outer loop
      vertex -5.15 -24.9342 -72.0716
      vertex -5.15 -29 -64.1
      vertex -5.15 -25.1278 -72.1876
    endloop
  endfacet
  facet normal 1 0 0
    outer loop
      vertex -5.15 -25.1278 -72.1876
      vertex -5.15 -29 -64.1
      vertex -5.15 -25.3091 -72.3221
    endloop
  endfacet
  facet normal 1 0 0
    outer loop
      vertex -5.15 -25.3091 -72.3221
      vertex -5.15 -29 -64.1
      vertex -5.15 -25.4763 -72.4737
    endloop
  endfacet
  facet normal 1 0 0
    outer loop
      vertex -5.15 -25.4763 -72.4737
      vertex -5.15 -29 -64.1
      vertex -5.15 -25.6279 -72.6409
    endloop
  endfacet
  facet normal 1 0 0
    outer loop
      vertex -5.15 -25.6279 -72.6409
      vertex -5.15 -29 -64.1
      vertex -5.15 -25.7624 -72.8222
    endloop
  endfacet
  facet normal 1 0 0
    outer loop
      vertex -5.15 -25.7624 -72.8222
      vertex -5.15 -29 -64.1
      vertex -5.15 -25.8784 -73.0158
    endloop
  endfacet
  facet normal 1 0 0
    outer loop
      vertex -5.15 -25.8784 -73.0158
      vertex -5.15 -29 -64.1
      vertex -5.15 -25.9749 -73.2198
    endloop
  endfacet
  facet normal 1 0 0
    outer loop
      vertex -5.15 -25.9749 -73.2198
      vertex -5.15 -29 -64.1
      vertex -5.15 -26.051 -73.4323
    endloop
  endfacet
  facet normal 1 0 0
    outer loop
      vertex -5.15 -26.1389 -73.8746
      vertex -5.15 -29 -64.1
      vertex -5.15 -26.15 -74.1
    endloop
  endfacet
  facet normal 1 0 0
    outer loop
      vertex -5.15 -26.1058 -73.6513
      vertex -5.15 -29 -64.1
      vertex -5.15 -26.1389 -73.8746
    endloop
  endfacet
  facet normal 1 0 0
    outer loop
      vertex -5.15 -26.051 -73.4323
      vertex -5.15 -29 -64.1
      vertex -5.15 -26.1058 -73.6513
    endloop
  endfacet
  facet normal 1 0 0
    outer loop
      vertex -5.15 -24.0754 -76.3889
      vertex -5.15 -23.85 -84.1
      vertex -5.15 -23.85 -76.4
    endloop
  endfacet
  facet normal 1 0 0
    outer loop
      vertex -5.15 -24.2987 -76.3558
      vertex -5.15 -23.85 -84.1
      vertex -5.15 -24.0754 -76.3889
    endloop
  endfacet
  facet normal 1 0 0
    outer loop
      vertex -5.15 -24.5177 -76.301
      vertex -5.15 -23.85 -84.1
      vertex -5.15 -24.2987 -76.3558
    endloop
  endfacet
  facet normal 1 0 0
    outer loop
      vertex -5.15 -24.7302 -76.2249
      vertex -5.15 -23.85 -84.1
      vertex -5.15 -24.5177 -76.301
    endloop
  endfacet
  facet normal 1 0 0
    outer loop
      vertex -5.15 -29 -84.1
      vertex -5.15 -24.7302 -76.2249
      vertex -5.15 -24.9342 -76.1284
    endloop
  endfacet
  facet normal 1 0 0
    outer loop
      vertex -5.15 -29 -84.1
      vertex -5.15 -24.9342 -76.1284
      vertex -5.15 -25.1278 -76.0124
    endloop
  endfacet
  facet normal 1 0 0
    outer loop
      vertex -5.15 -29 -84.1
      vertex -5.15 -25.1278 -76.0124
      vertex -5.15 -25.3091 -75.8779
    endloop
  endfacet
  facet normal 1 0 0
    outer loop
      vertex -5.15 -29 -84.1
      vertex -5.15 -25.3091 -75.8779
      vertex -5.15 -25.4763 -75.7263
    endloop
  endfacet
  facet normal 1 0 0
    outer loop
      vertex -5.15 -29 -84.1
      vertex -5.15 -25.4763 -75.7263
      vertex -5.15 -25.6279 -75.5591
    endloop
  endfacet
  facet normal 1 0 0
    outer loop
      vertex -5.15 -29 -84.1
      vertex -5.15 -25.6279 -75.5591
      vertex -5.15 -25.7624 -75.3778
    endloop
  endfacet
  facet normal 1 0 0
    outer loop
      vertex -5.15 -29 -84.1
      vertex -5.15 -25.7624 -75.3778
      vertex -5.15 -25.8784 -75.1842
    endloop
  endfacet
  facet normal 1 0 0
    outer loop
      vertex -5.15 -29 -84.1
      vertex -5.15 -25.8784 -75.1842
      vertex -5.15 -25.9749 -74.9802
    endloop
  endfacet
  facet normal 1 0 0
    outer loop
      vertex -5.15 -29 -84.1
      vertex -5.15 -25.9749 -74.9802
      vertex -5.15 -26.051 -74.7677
    endloop
  endfacet
  facet normal 1 0 0
    outer loop
      vertex -5.15 -29 -84.1
      vertex -5.15 -26.051 -74.7677
      vertex -5.15 -26.1058 -74.5487
    endloop
  endfacet
  facet normal 1 0 0
    outer loop
      vertex -5.15 -29 -84.1
      vertex -5.15 -26.15 -74.1
      vertex -5.15 -29 -64.1
    endloop
  endfacet
  facet normal 1 0 0
    outer loop
      vertex -5.15 -26.15 -74.1
      vertex -5.15 -29 -84.1
      vertex -5.15 -26.1389 -74.3254
    endloop
  endfacet
  facet normal 1 0 0
    outer loop
      vertex -5.15 -26.1389 -74.3254
      vertex -5.15 -29 -84.1
      vertex -5.15 -26.1058 -74.5487
    endloop
  endfacet
  facet normal 1 0 0
    outer loop
      vertex -5.15 -24.7302 -76.2249
      vertex -5.15 -29 -84.1
      vertex -5.15 -23.85 -84.1
    endloop
  endfacet
  facet normal -1 0 0
    outer loop
      vertex 5.15 -20.9 -76.1
      vertex 5.15 -18.7 -72.1
      vertex 5.15 -18.7 -76.1
    endloop
  endfacet
  facet normal -1 -0 0
    outer loop
      vertex 5.15 -18.7 -72.1
      vertex 5.15 -20.9 -76.1
      vertex 5.15 -20.9 -72.1
    endloop
  endfacet
  facet normal 0 1 -0
    outer loop
      vertex 0 -29 -84.1
      vertex -5.15 -29 -64.1
      vertex 0 -29 -64.1
    endloop
  endfacet
  facet normal 0 1 0
    outer loop
      vertex -5.15 -29 -64.1
      vertex 0 -29 -84.1
      vertex -5.15 -29 -84.1
    endloop
  endfacet
  facet normal 0 -1 0
    outer loop
      vertex -5.15 -18.7 -76.1
      vertex 5.15 -18.7 -72.1
      vertex -5.15 -18.7 -72.1
    endloop
  endfacet
  facet normal 0 -1 -0
    outer loop
      vertex 5.15 -18.7 -72.1
      vertex -5.15 -18.7 -76.1
      vertex 5.15 -18.7 -76.1
    endloop
  endfacet
endsolid OpenSCAD_Model
