solid OpenSCAD_Model
  facet normal 0.595695 0.803211 -0
    outer loop
      vertex 16.177 19.7118 -44
      vertex 14.167 21.2025 -14
      vertex 16.177 19.7118 -14
    endloop
  endfacet
  facet normal 0.595695 0.803211 0
    outer loop
      vertex 14.167 21.2025 -14
      vertex 16.177 19.7118 -44
      vertex 14.167 21.2025 -44
    endloop
  endfacet
  facet normal -0.336907 0.941538 0
    outer loop
      vertex -7.40226 24.402 -44
      vertex -9.75843 23.5589 -14
      vertex -7.40226 24.402 -14
    endloop
  endfacet
  facet normal -0.336907 0.941538 0
    outer loop
      vertex -9.75843 23.5589 -14
      vertex -7.40226 24.402 -44
      vertex -9.75843 23.5589 -44
    endloop
  endfacet
  facet normal -0.903993 0.427546 0
    outer loop
      vertex -23.5589 9.75843 -44
      vertex -22.489 12.0206 -14
      vertex -22.489 12.0206 -44
    endloop
  endfacet
  facet normal -0.903993 0.427546 0
    outer loop
      vertex -22.489 12.0206 -14
      vertex -23.5589 9.75843 -44
      vertex -23.5589 9.75843 -14
    endloop
  endfacet
  facet normal 0.941538 -0.336907 0
    outer loop
      vertex 23.5589 -9.75843 -14
      vertex 24.402 -7.40226 -44
      vertex 24.402 -7.40226 -14
    endloop
  endfacet
  facet normal 0.941538 -0.336907 0
    outer loop
      vertex 24.402 -7.40226 -44
      vertex 23.5589 -9.75843 -14
      vertex 23.5589 -9.75843 -44
    endloop
  endfacet
  facet normal -0.427546 -0.903993 1.49197e-06
    outer loop
      vertex -10.0917 -23.4013 -26.7442
      vertex -9.75843 -23.5589 -14
      vertex -12.0206 -22.489 -14
    endloop
  endfacet
  facet normal -0.4275 -0.904015 -0
    outer loop
      vertex -9.75843 -23.5589 -14
      vertex -10.0917 -23.4013 -26.7442
      vertex -9.75843 -23.5589 -26.7208
    endloop
  endfacet
  facet normal -0.427881 -0.903835 -6.04113e-05
    outer loop
      vertex -12.0206 -22.489 -14
      vertex -10.15 -23.3737 -26.7511
      vertex -10.0917 -23.4013 -26.7442
    endloop
  endfacet
  facet normal -0.427199 -0.904158 6.19017e-05
    outer loop
      vertex -10.17 -23.3643 -27.4765
      vertex -10.15 -23.3737 -26.7511
      vertex -12.0206 -22.489 -14
    endloop
  endfacet
  facet normal -0.425361 -0.905024 -0
    outer loop
      vertex -10.15 -23.3737 -26.7511
      vertex -10.17 -23.3643 -27.4765
      vertex -10.15 -23.3737 -27.4731
    endloop
  endfacet
  facet normal -0.427568 -0.903983 0
    outer loop
      vertex -12.0206 -22.489 -14
      vertex -10.17 -23.3643 -30.5235
      vertex -10.17 -23.3643 -27.4765
    endloop
  endfacet
  facet normal -0.425361 -0.905024 0
    outer loop
      vertex -10.17 -23.3643 -30.5235
      vertex -10.15 -23.3737 -31.2489
      vertex -10.15 -23.3737 -30.5269
    endloop
  endfacet
  facet normal -0.427568 -0.903983 0
    outer loop
      vertex -12.0206 -22.489 -44
      vertex -10.17 -23.3643 -30.5235
      vertex -12.0206 -22.489 -14
    endloop
  endfacet
  facet normal -0.427199 -0.904158 -6.19017e-05
    outer loop
      vertex -10.17 -23.3643 -30.5235
      vertex -12.0206 -22.489 -44
      vertex -10.15 -23.3737 -31.2489
    endloop
  endfacet
  facet normal -0.427881 -0.903835 6.04113e-05
    outer loop
      vertex -12.0206 -22.489 -44
      vertex -10.0917 -23.4013 -31.2558
      vertex -10.15 -23.3737 -31.2489
    endloop
  endfacet
  facet normal -0.427546 -0.903993 -1.49197e-06
    outer loop
      vertex -9.75843 -23.5589 -44
      vertex -10.0917 -23.4013 -31.2558
      vertex -12.0206 -22.489 -44
    endloop
  endfacet
  facet normal -0.4275 -0.904015 0
    outer loop
      vertex -10.0917 -23.4013 -31.2558
      vertex -9.75843 -23.5589 -44
      vertex -9.75843 -23.5589 -31.2792
    endloop
  endfacet
  facet normal 0.903993 0.427546 0
    outer loop
      vertex 23.5589 9.75843 -14
      vertex 22.489 12.0206 -44
      vertex 22.489 12.0206 -14
    endloop
  endfacet
  facet normal 0.903993 0.427546 0
    outer loop
      vertex 22.489 12.0206 -44
      vertex 23.5589 9.75843 -14
      vertex 23.5589 9.75843 -44
    endloop
  endfacet
  facet normal 0.857729 0.514102 0
    outer loop
      vertex 22.489 12.0206 -14
      vertex 21.2025 14.167 -44
      vertex 21.2025 14.167 -14
    endloop
  endfacet
  facet normal 0.857729 0.514102 0
    outer loop
      vertex 21.2025 14.167 -44
      vertex 22.489 12.0206 -14
      vertex 22.489 12.0206 -44
    endloop
  endfacet
  facet normal 0.336907 0.941538 -0
    outer loop
      vertex 9.75843 23.5589 -44
      vertex 7.40226 24.402 -14
      vertex 9.75843 23.5589 -14
    endloop
  endfacet
  facet normal 0.336907 0.941538 0
    outer loop
      vertex 7.40226 24.402 -14
      vertex 9.75843 23.5589 -44
      vertex 7.40226 24.402 -44
    endloop
  endfacet
  facet normal -0.740941 0.67157 0
    outer loop
      vertex -19.7118 16.177 -44
      vertex -18.0312 18.0312 -14
      vertex -18.0312 18.0312 -44
    endloop
  endfacet
  facet normal -0.740941 0.67157 0
    outer loop
      vertex -18.0312 18.0312 -14
      vertex -19.7118 16.177 -44
      vertex -19.7118 16.177 -14
    endloop
  endfacet
  facet normal -0.146736 0.989176 0
    outer loop
      vertex -2.49944 25.3772 -44
      vertex -4.9748 25.01 -14
      vertex -2.49944 25.3772 -14
    endloop
  endfacet
  facet normal -0.146736 0.989176 0
    outer loop
      vertex -4.9748 25.01 -14
      vertex -2.49944 25.3772 -44
      vertex -4.9748 25.01 -44
    endloop
  endfacet
  facet normal 0.998795 -0.0490718 0
    outer loop
      vertex 25.3772 -2.49944 -14
      vertex 25.5 0 -44
      vertex 25.5 0 -14
    endloop
  endfacet
  facet normal 0.998795 -0.0490718 0
    outer loop
      vertex 25.5 0 -44
      vertex 25.3772 -2.49944 -14
      vertex 25.3772 -2.49944 -44
    endloop
  endfacet
  facet normal 0.803211 -0.595695 0
    outer loop
      vertex 19.7118 -16.177 -14
      vertex 21.2025 -14.167 -44
      vertex 21.2025 -14.167 -14
    endloop
  endfacet
  facet normal 0.803211 -0.595695 0
    outer loop
      vertex 21.2025 -14.167 -44
      vertex 19.7118 -16.177 -14
      vertex 19.7118 -16.177 -44
    endloop
  endfacet
  facet normal -0.146736 -0.989176 0
    outer loop
      vertex -4.9748 -25.01 -44
      vertex -2.49944 -25.3772 -39.02
      vertex -4.9748 -25.01 -39.02
    endloop
  endfacet
  facet normal -0.146736 -0.989176 -0
    outer loop
      vertex -2.49944 -25.3772 -39.02
      vertex -4.9748 -25.01 -44
      vertex -2.49944 -25.3772 -44
    endloop
  endfacet
  facet normal -0.146736 -0.989176 0
    outer loop
      vertex -4.9748 -25.01 -18.98
      vertex -2.49944 -25.3772 -14
      vertex -4.9748 -25.01 -14
    endloop
  endfacet
  facet normal -0.146736 -0.989176 -0
    outer loop
      vertex -2.49944 -25.3772 -14
      vertex -4.9748 -25.01 -18.98
      vertex -2.49944 -25.3772 -18.98
    endloop
  endfacet
  facet normal -0.67157 -0.740941 0
    outer loop
      vertex -18.0312 -18.0312 -44
      vertex -16.177 -19.7118 -14
      vertex -18.0312 -18.0312 -14
    endloop
  endfacet
  facet normal -0.67157 -0.740941 -0
    outer loop
      vertex -16.177 -19.7118 -14
      vertex -18.0312 -18.0312 -44
      vertex -16.177 -19.7118 -44
    endloop
  endfacet
  facet normal -0.803211 -0.595695 0
    outer loop
      vertex -19.7118 -16.177 -44
      vertex -21.2025 -14.167 -14
      vertex -21.2025 -14.167 -44
    endloop
  endfacet
  facet normal -0.803211 -0.595695 0
    outer loop
      vertex -21.2025 -14.167 -14
      vertex -19.7118 -16.177 -44
      vertex -19.7118 -16.177 -14
    endloop
  endfacet
  facet normal 0.970036 0.242962 0
    outer loop
      vertex 25.01 4.9748 -14
      vertex 24.402 7.40226 -44
      vertex 24.402 7.40226 -14
    endloop
  endfacet
  facet normal 0.970036 0.242962 0
    outer loop
      vertex 24.402 7.40226 -44
      vertex 25.01 4.9748 -14
      vertex 25.01 4.9748 -44
    endloop
  endfacet
  facet normal 0.941538 0.336907 0
    outer loop
      vertex 24.402 7.40226 -14
      vertex 23.5589 9.75843 -44
      vertex 23.5589 9.75843 -14
    endloop
  endfacet
  facet normal 0.941538 0.336907 0
    outer loop
      vertex 23.5589 9.75843 -44
      vertex 24.402 7.40226 -14
      vertex 24.402 7.40226 -44
    endloop
  endfacet
  facet normal 0.740941 0.67157 0
    outer loop
      vertex 19.7118 16.177 -14
      vertex 18.0312 18.0312 -44
      vertex 18.0312 18.0312 -14
    endloop
  endfacet
  facet normal 0.740941 0.67157 0
    outer loop
      vertex 18.0312 18.0312 -44
      vertex 19.7118 16.177 -14
      vertex 19.7118 16.177 -44
    endloop
  endfacet
  facet normal 0.803211 0.595695 0
    outer loop
      vertex 21.2025 14.167 -14
      vertex 19.7118 16.177 -44
      vertex 19.7118 16.177 -14
    endloop
  endfacet
  facet normal 0.803211 0.595695 0
    outer loop
      vertex 19.7118 16.177 -44
      vertex 21.2025 14.167 -14
      vertex 21.2025 14.167 -44
    endloop
  endfacet
  facet normal 0.67157 0.740941 -0
    outer loop
      vertex 18.0312 18.0312 -44
      vertex 16.177 19.7118 -14
      vertex 18.0312 18.0312 -14
    endloop
  endfacet
  facet normal 0.67157 0.740941 0
    outer loop
      vertex 16.177 19.7118 -14
      vertex 18.0312 18.0312 -44
      vertex 16.177 19.7118 -44
    endloop
  endfacet
  facet normal 0.514102 0.857729 -0
    outer loop
      vertex 14.167 21.2025 -44
      vertex 12.0206 22.489 -14
      vertex 14.167 21.2025 -14
    endloop
  endfacet
  facet normal 0.514102 0.857729 0
    outer loop
      vertex 12.0206 22.489 -14
      vertex 14.167 21.2025 -44
      vertex 12.0206 22.489 -44
    endloop
  endfacet
  facet normal 0.0490718 0.998795 -0
    outer loop
      vertex 2.49944 25.3772 -44
      vertex 0 25.5 -14
      vertex 2.49944 25.3772 -14
    endloop
  endfacet
  facet normal 0.0490718 0.998795 0
    outer loop
      vertex 0 25.5 -14
      vertex 2.49944 25.3772 -44
      vertex 0 25.5 -44
    endloop
  endfacet
  facet normal 0.427546 0.903993 -0
    outer loop
      vertex 12.0206 22.489 -44
      vertex 9.75843 23.5589 -14
      vertex 12.0206 22.489 -14
    endloop
  endfacet
  facet normal 0.427546 0.903993 0
    outer loop
      vertex 9.75843 23.5589 -14
      vertex 12.0206 22.489 -44
      vertex 9.75843 23.5589 -44
    endloop
  endfacet
  facet normal 0.242962 0.970036 -0
    outer loop
      vertex 7.40226 24.402 -44
      vertex 4.9748 25.01 -14
      vertex 7.40226 24.402 -14
    endloop
  endfacet
  facet normal 0.242962 0.970036 0
    outer loop
      vertex 4.9748 25.01 -14
      vertex 7.40226 24.402 -44
      vertex 4.9748 25.01 -44
    endloop
  endfacet
  facet normal -0.998795 0.0490718 0
    outer loop
      vertex -25.5 0 -44
      vertex -25.3772 2.49944 -14
      vertex -25.3772 2.49944 -44
    endloop
  endfacet
  facet normal -0.998795 0.0490718 0
    outer loop
      vertex -25.3772 2.49944 -14
      vertex -25.5 0 -44
      vertex -25.5 0 -14
    endloop
  endfacet
  facet normal -0.941538 0.336907 0
    outer loop
      vertex -24.402 7.40226 -44
      vertex -23.5589 9.75843 -14
      vertex -23.5589 9.75843 -44
    endloop
  endfacet
  facet normal -0.941538 0.336907 0
    outer loop
      vertex -23.5589 9.75843 -14
      vertex -24.402 7.40226 -44
      vertex -24.402 7.40226 -14
    endloop
  endfacet
  facet normal -0.970036 0.242962 0
    outer loop
      vertex -25.01 4.9748 -44
      vertex -24.402 7.40226 -14
      vertex -24.402 7.40226 -44
    endloop
  endfacet
  facet normal -0.970036 0.242962 0
    outer loop
      vertex -24.402 7.40226 -14
      vertex -25.01 4.9748 -44
      vertex -25.01 4.9748 -14
    endloop
  endfacet
  facet normal -0.857729 0.514102 0
    outer loop
      vertex -22.489 12.0206 -44
      vertex -21.2025 14.167 -14
      vertex -21.2025 14.167 -44
    endloop
  endfacet
  facet normal -0.857729 0.514102 0
    outer loop
      vertex -21.2025 14.167 -14
      vertex -22.489 12.0206 -44
      vertex -22.489 12.0206 -14
    endloop
  endfacet
  facet normal -0.803211 0.595695 0
    outer loop
      vertex -21.2025 14.167 -44
      vertex -19.7118 16.177 -14
      vertex -19.7118 16.177 -44
    endloop
  endfacet
  facet normal -0.803211 0.595695 0
    outer loop
      vertex -19.7118 16.177 -14
      vertex -21.2025 14.167 -44
      vertex -21.2025 14.167 -14
    endloop
  endfacet
  facet normal -0.242962 0.970036 0
    outer loop
      vertex -4.9748 25.01 -44
      vertex -7.40226 24.402 -14
      vertex -4.9748 25.01 -14
    endloop
  endfacet
  facet normal -0.242962 0.970036 0
    outer loop
      vertex -7.40226 24.402 -14
      vertex -4.9748 25.01 -44
      vertex -7.40226 24.402 -44
    endloop
  endfacet
  facet normal -0.0490718 0.998795 0
    outer loop
      vertex 0 25.5 -44
      vertex -2.49944 25.3772 -14
      vertex 0 25.5 -14
    endloop
  endfacet
  facet normal -0.0490718 0.998795 0
    outer loop
      vertex -2.49944 25.3772 -14
      vertex 0 25.5 -44
      vertex -2.49944 25.3772 -44
    endloop
  endfacet
  facet normal -0.514102 0.857729 0
    outer loop
      vertex -12.0206 22.489 -44
      vertex -14.167 21.2025 -14
      vertex -12.0206 22.489 -14
    endloop
  endfacet
  facet normal -0.514102 0.857729 0
    outer loop
      vertex -14.167 21.2025 -14
      vertex -12.0206 22.489 -44
      vertex -14.167 21.2025 -44
    endloop
  endfacet
  facet normal -0.595695 0.803211 0
    outer loop
      vertex -14.167 21.2025 -44
      vertex -16.177 19.7118 -14
      vertex -14.167 21.2025 -14
    endloop
  endfacet
  facet normal -0.595695 0.803211 0
    outer loop
      vertex -16.177 19.7118 -14
      vertex -14.167 21.2025 -44
      vertex -16.177 19.7118 -44
    endloop
  endfacet
  facet normal -0.427546 0.903993 0
    outer loop
      vertex -9.75843 23.5589 -44
      vertex -12.0206 22.489 -14
      vertex -9.75843 23.5589 -14
    endloop
  endfacet
  facet normal -0.427546 0.903993 0
    outer loop
      vertex -12.0206 22.489 -14
      vertex -9.75843 23.5589 -44
      vertex -12.0206 22.489 -44
    endloop
  endfacet
  facet normal -0.67157 0.740941 0
    outer loop
      vertex -16.177 19.7118 -44
      vertex -18.0312 18.0312 -14
      vertex -16.177 19.7118 -14
    endloop
  endfacet
  facet normal -0.67157 0.740941 0
    outer loop
      vertex -18.0312 18.0312 -14
      vertex -16.177 19.7118 -44
      vertex -18.0312 18.0312 -44
    endloop
  endfacet
  facet normal 0.998795 0.0490718 0
    outer loop
      vertex 25.5 0 -14
      vertex 25.3772 2.49944 -44
      vertex 25.3772 2.49944 -14
    endloop
  endfacet
  facet normal 0.998795 0.0490718 0
    outer loop
      vertex 25.3772 2.49944 -44
      vertex 25.5 0 -14
      vertex 25.5 0 -44
    endloop
  endfacet
  facet normal 0.243057 -0.970012 0
    outer loop
      vertex 4.9748 -25.01 -39.02
      vertex 4.9748 -25.01 -44
      vertex 5.15 -24.9661 -39.02
    endloop
  endfacet
  facet normal 0.242786 -0.97008 0
    outer loop
      vertex 5.15 -24.9661 -39.02
      vertex 5.27746 -24.9342 -31.0284
      vertex 5.15 -24.9661 -31.0093
    endloop
  endfacet
  facet normal 0.242933 -0.970043 -2.48947e-06
    outer loop
      vertex 5.15 -24.9661 -39.02
      vertex 6.09204 -24.7302 -31.1249
      vertex 5.27746 -24.9342 -31.0284
    endloop
  endfacet
  facet normal 0.242963 -0.970036 -6.24451e-06
    outer loop
      vertex 5.15 -24.9661 -39.02
      vertex 6.94045 -24.5177 -31.201
      vertex 6.09204 -24.7302 -31.1249
    endloop
  endfacet
  facet normal 0.243024 -0.97002 -2.10446e-05
    outer loop
      vertex 5.15 -24.9661 -39.02
      vertex 7.40226 -24.402 -31.2299
      vertex 6.94045 -24.5177 -31.201
    endloop
  endfacet
  facet normal 0.242962 -0.970036 3.52218e-06
    outer loop
      vertex 7.40226 -24.402 -44
      vertex 5.15 -24.9661 -39.02
      vertex 4.9748 -25.01 -44
    endloop
  endfacet
  facet normal 0.242955 -0.970038 0
    outer loop
      vertex 5.15 -24.9661 -39.02
      vertex 7.40226 -24.402 -44
      vertex 7.40226 -24.402 -31.2299
    endloop
  endfacet
  facet normal 0.243057 -0.970012 0
    outer loop
      vertex 5.15 -24.9661 -18.98
      vertex 4.9748 -25.01 -14
      vertex 4.9748 -25.01 -18.98
    endloop
  endfacet
  facet normal 0.242962 -0.970036 -3.52218e-06
    outer loop
      vertex 4.9748 -25.01 -14
      vertex 5.15 -24.9661 -18.98
      vertex 7.40226 -24.402 -14
    endloop
  endfacet
  facet normal 0.242955 -0.970038 0
    outer loop
      vertex 5.15 -24.9661 -18.98
      vertex 7.40226 -24.402 -26.7701
      vertex 7.40226 -24.402 -14
    endloop
  endfacet
  facet normal 0.243024 -0.97002 2.10446e-05
    outer loop
      vertex 5.15 -24.9661 -18.98
      vertex 6.94045 -24.5177 -26.799
      vertex 7.40226 -24.402 -26.7701
    endloop
  endfacet
  facet normal 0.242963 -0.970036 6.24451e-06
    outer loop
      vertex 5.15 -24.9661 -18.98
      vertex 6.09204 -24.7302 -26.8751
      vertex 6.94045 -24.5177 -26.799
    endloop
  endfacet
  facet normal 0.242933 -0.970043 2.48947e-06
    outer loop
      vertex 5.15 -24.9661 -18.98
      vertex 5.27746 -24.9342 -26.9716
      vertex 6.09204 -24.7302 -26.8751
    endloop
  endfacet
  facet normal 0.242786 -0.97008 0
    outer loop
      vertex 5.27746 -24.9342 -26.9716
      vertex 5.15 -24.9661 -18.98
      vertex 5.15 -24.9661 -26.9907
    endloop
  endfacet
  facet normal 0.336838 -0.941563 8.57716e-06
    outer loop
      vertex 8.31488 -24.0754 -31.2889
      vertex 7.40226 -24.402 -44
      vertex 8.94494 -23.85 -31.3
    endloop
  endfacet
  facet normal 0.336929 -0.94153 1.2244e-06
    outer loop
      vertex 7.69088 -24.2987 -31.2558
      vertex 7.40226 -24.402 -44
      vertex 8.31488 -24.0754 -31.2889
    endloop
  endfacet
  facet normal 0.336977 -0.941513 0
    outer loop
      vertex 7.40226 -24.402 -44
      vertex 7.69088 -24.2987 -31.2558
      vertex 7.40226 -24.402 -31.2299
    endloop
  endfacet
  facet normal 0.336907 -0.941538 -8.70573e-07
    outer loop
      vertex 9.75843 -23.5589 -44
      vertex 8.94494 -23.85 -31.3
      vertex 7.40226 -24.402 -44
    endloop
  endfacet
  facet normal 0.336838 -0.941563 -5.85568e-06
    outer loop
      vertex 8.94494 -23.85 -31.3
      vertex 9.75843 -23.5589 -44
      vertex 9.575 -23.6246 -31.2889
    endloop
  endfacet
  facet normal 0.337198 -0.941434 0
    outer loop
      vertex 9.575 -23.6246 -31.2889
      vertex 9.75843 -23.5589 -44
      vertex 9.75843 -23.5589 -31.2792
    endloop
  endfacet
  facet normal 0.336907 -0.941538 8.70573e-07
    outer loop
      vertex 7.40226 -24.402 -14
      vertex 8.94494 -23.85 -26.7
      vertex 9.75843 -23.5589 -14
    endloop
  endfacet
  facet normal 0.336838 -0.941563 -8.57716e-06
    outer loop
      vertex 7.40226 -24.402 -14
      vertex 8.31488 -24.0754 -26.7111
      vertex 8.94494 -23.85 -26.7
    endloop
  endfacet
  facet normal 0.336929 -0.94153 -1.2244e-06
    outer loop
      vertex 7.40226 -24.402 -14
      vertex 7.69088 -24.2987 -26.7442
      vertex 8.31488 -24.0754 -26.7111
    endloop
  endfacet
  facet normal 0.336977 -0.941513 0
    outer loop
      vertex 7.69088 -24.2987 -26.7442
      vertex 7.40226 -24.402 -14
      vertex 7.40226 -24.402 -26.7701
    endloop
  endfacet
  facet normal 0.336838 -0.941563 5.85568e-06
    outer loop
      vertex 9.575 -23.6246 -26.7111
      vertex 9.75843 -23.5589 -14
      vertex 8.94494 -23.85 -26.7
    endloop
  endfacet
  facet normal 0.337198 -0.941434 0
    outer loop
      vertex 9.75843 -23.5589 -14
      vertex 9.575 -23.6246 -26.7111
      vertex 9.75843 -23.5589 -26.7208
    endloop
  endfacet
  facet normal 0.67157 -0.740941 0
    outer loop
      vertex 16.177 -19.7118 -44
      vertex 18.0312 -18.0312 -14
      vertex 16.177 -19.7118 -14
    endloop
  endfacet
  facet normal 0.67157 -0.740941 0
    outer loop
      vertex 18.0312 -18.0312 -14
      vertex 16.177 -19.7118 -44
      vertex 18.0312 -18.0312 -44
    endloop
  endfacet
  facet normal 0.514102 -0.857729 0
    outer loop
      vertex 12.0206 -22.489 -44
      vertex 14.167 -21.2025 -14
      vertex 12.0206 -22.489 -14
    endloop
  endfacet
  facet normal 0.514102 -0.857729 0
    outer loop
      vertex 14.167 -21.2025 -14
      vertex 12.0206 -22.489 -44
      vertex 14.167 -21.2025 -44
    endloop
  endfacet
  facet normal 0.903993 -0.427546 0
    outer loop
      vertex 22.489 -12.0206 -14
      vertex 23.5589 -9.75843 -44
      vertex 23.5589 -9.75843 -14
    endloop
  endfacet
  facet normal 0.903993 -0.427546 0
    outer loop
      vertex 23.5589 -9.75843 -44
      vertex 22.489 -12.0206 -14
      vertex 22.489 -12.0206 -44
    endloop
  endfacet
  facet normal -0.0490718 -0.998795 0
    outer loop
      vertex -2.49944 -25.3772 -44
      vertex 0 -25.5 -39.02
      vertex -2.49944 -25.3772 -39.02
    endloop
  endfacet
  facet normal -0.0490718 -0.998795 -0
    outer loop
      vertex 0 -25.5 -39.02
      vertex -2.49944 -25.3772 -44
      vertex 0 -25.5 -44
    endloop
  endfacet
  facet normal -0.0490718 -0.998795 0
    outer loop
      vertex -2.49944 -25.3772 -18.98
      vertex 0 -25.5 -14
      vertex -2.49944 -25.3772 -14
    endloop
  endfacet
  facet normal -0.0490718 -0.998795 -0
    outer loop
      vertex 0 -25.5 -14
      vertex -2.49944 -25.3772 -18.98
      vertex 0 -25.5 -18.98
    endloop
  endfacet
  facet normal 0 -1 0
    outer loop
      vertex -8.94494 -23.85 -31.3
      vertex -8.94493 -23.85 -39
      vertex -8.94493 -23.85 -31.3
    endloop
  endfacet
  facet normal -0.336838 -0.941563 -4.37452e-07
    outer loop
      vertex -9.575 -23.6246 -31.2889
      vertex -8.94493 -23.85 -39
      vertex -8.94494 -23.85 -31.3
    endloop
  endfacet
  facet normal -0.337199 -0.941433 -3.37425e-05
    outer loop
      vertex -9.75843 -23.5589 -31.2792
      vertex -8.94493 -23.85 -39
      vertex -9.575 -23.6246 -31.2889
    endloop
  endfacet
  facet normal -0.336916 -0.941535 0
    outer loop
      vertex -9.75843 -23.5589 -44
      vertex -8.94493 -23.85 -39
      vertex -9.75843 -23.5589 -31.2792
    endloop
  endfacet
  facet normal -0.336907 -0.941538 -1.53744e-06
    outer loop
      vertex -7.40226 -24.402 -44
      vertex -8.94493 -23.85 -39
      vertex -9.75843 -23.5589 -44
    endloop
  endfacet
  facet normal -0.336903 -0.941539 0
    outer loop
      vertex -8.94493 -23.85 -39
      vertex -7.40226 -24.402 -44
      vertex -7.40226 -24.402 -39
    endloop
  endfacet
  facet normal -0.336907 -0.941538 1.53744e-06
    outer loop
      vertex -9.75843 -23.5589 -14
      vertex -8.94493 -23.85 -19
      vertex -7.40226 -24.402 -14
    endloop
  endfacet
  facet normal -0.336916 -0.941535 0
    outer loop
      vertex -9.75843 -23.5589 -26.7208
      vertex -8.94493 -23.85 -19
      vertex -9.75843 -23.5589 -14
    endloop
  endfacet
  facet normal -0.336838 -0.941563 4.37452e-07
    outer loop
      vertex -8.94493 -23.85 -19
      vertex -9.575 -23.6246 -26.7111
      vertex -8.94494 -23.85 -26.7
    endloop
  endfacet
  facet normal -0.337199 -0.941433 3.37425e-05
    outer loop
      vertex -8.94493 -23.85 -19
      vertex -9.75843 -23.5589 -26.7208
      vertex -9.575 -23.6246 -26.7111
    endloop
  endfacet
  facet normal -0.336903 -0.941539 -0
    outer loop
      vertex -7.40226 -24.402 -14
      vertex -8.94493 -23.85 -19
      vertex -7.40226 -24.402 -19
    endloop
  endfacet
  facet normal 0 -1 -0
    outer loop
      vertex -8.94493 -23.85 -19
      vertex -8.94494 -23.85 -26.7
      vertex -8.94493 -23.85 -26.7
    endloop
  endfacet
  facet normal -0.514102 -0.857729 0
    outer loop
      vertex -14.167 -21.2025 -44
      vertex -12.0206 -22.489 -14
      vertex -14.167 -21.2025 -14
    endloop
  endfacet
  facet normal -0.514102 -0.857729 -0
    outer loop
      vertex -12.0206 -22.489 -14
      vertex -14.167 -21.2025 -44
      vertex -12.0206 -22.489 -44
    endloop
  endfacet
  facet normal -0.998795 -0.0490718 0
    outer loop
      vertex -25.3772 -2.49944 -44
      vertex -25.5 0 -14
      vertex -25.5 0 -44
    endloop
  endfacet
  facet normal -0.998795 -0.0490718 0
    outer loop
      vertex -25.5 0 -14
      vertex -25.3772 -2.49944 -44
      vertex -25.3772 -2.49944 -14
    endloop
  endfacet
  facet normal -0.970036 -0.242962 0
    outer loop
      vertex -24.402 -7.40226 -44
      vertex -25.01 -4.9748 -14
      vertex -25.01 -4.9748 -44
    endloop
  endfacet
  facet normal -0.970036 -0.242962 0
    outer loop
      vertex -25.01 -4.9748 -14
      vertex -24.402 -7.40226 -44
      vertex -24.402 -7.40226 -14
    endloop
  endfacet
  facet normal -0 0 -1
    outer loop
      vertex -1.49278 20.853 -44
      vertex -2.01915 20.5008 -44
      vertex -1.5 21 -44
    endloop
  endfacet
  facet normal -0 0 -1
    outer loop
      vertex -1.47118 20.7074 -44
      vertex -2.01915 20.5008 -44
      vertex -1.49278 20.853 -44
    endloop
  endfacet
  facet normal -0 0 -1
    outer loop
      vertex -1.43541 20.5646 -44
      vertex -2.01915 20.5008 -44
      vertex -1.47118 20.7074 -44
    endloop
  endfacet
  facet normal 0 0 -1
    outer loop
      vertex -2.01915 20.5008 -44
      vertex -1.43541 20.5646 -44
      vertex -1.42307 20.5301 -44
    endloop
  endfacet
  facet normal 0 0 -1
    outer loop
      vertex 2.01915 20.5008 -44
      vertex 1.49278 20.853 -44
      vertex 1.5 21 -44
    endloop
  endfacet
  facet normal 0 0 -1
    outer loop
      vertex 2.01915 20.5008 -44
      vertex 1.47118 20.7074 -44
      vertex 1.49278 20.853 -44
    endloop
  endfacet
  facet normal 0 0 -1
    outer loop
      vertex 2.01915 20.5008 -44
      vertex 1.43541 20.5646 -44
      vertex 1.47118 20.7074 -44
    endloop
  endfacet
  facet normal 0 -0 -1
    outer loop
      vertex 1.43541 20.5646 -44
      vertex 2.01915 20.5008 -44
      vertex 1.42307 20.5301 -44
    endloop
  endfacet
  facet normal 0 0 -1
    outer loop
      vertex 22.489 -12.0206 -44
      vertex 19.6737 -10.6958 -44
      vertex 19.6857 -10.5491 -44
    endloop
  endfacet
  facet normal 0 0 -1
    outer loop
      vertex 21.2025 -14.167 -44
      vertex 19.6473 -10.8406 -44
      vertex 19.6737 -10.6958 -44
    endloop
  endfacet
  facet normal 0 0 -1
    outer loop
      vertex 21.2025 -14.167 -44
      vertex 19.6069 -10.9822 -44
      vertex 19.6473 -10.8406 -44
    endloop
  endfacet
  facet normal 0 0 -1
    outer loop
      vertex 21.2025 -14.167 -44
      vertex 19.5528 -11.1191 -44
      vertex 19.6069 -10.9822 -44
    endloop
  endfacet
  facet normal 0 0 -1
    outer loop
      vertex 21.2025 -14.167 -44
      vertex 19.4856 -11.25 -44
      vertex 19.5528 -11.1191 -44
    endloop
  endfacet
  facet normal 0 0 -1
    outer loop
      vertex 21.2025 -14.167 -44
      vertex 19.4058 -11.3737 -44
      vertex 19.4856 -11.25 -44
    endloop
  endfacet
  facet normal 0 0 -1
    outer loop
      vertex 21.2025 -14.167 -44
      vertex 19.3143 -11.489 -44
      vertex 19.4058 -11.3737 -44
    endloop
  endfacet
  facet normal 0 0 -1
    outer loop
      vertex 21.2025 -14.167 -44
      vertex 19.2119 -11.5948 -44
      vertex 19.3143 -11.489 -44
    endloop
  endfacet
  facet normal 0 0 -1
    outer loop
      vertex 21.2025 -14.167 -44
      vertex 19.0997 -11.69 -44
      vertex 19.2119 -11.5948 -44
    endloop
  endfacet
  facet normal 0 0 -1
    outer loop
      vertex 21.2025 -14.167 -44
      vertex 18.9786 -11.7738 -44
      vertex 19.0997 -11.69 -44
    endloop
  endfacet
  facet normal 0 0 -1
    outer loop
      vertex 21.2025 -14.167 -44
      vertex 18.85 -11.8453 -44
      vertex 18.9786 -11.7738 -44
    endloop
  endfacet
  facet normal 0 0 -1
    outer loop
      vertex 21.2025 -14.167 -44
      vertex 18.7149 -11.9039 -44
      vertex 18.85 -11.8453 -44
    endloop
  endfacet
  facet normal 0 0 -1
    outer loop
      vertex 21.2025 -14.167 -44
      vertex 18.5748 -11.9489 -44
      vertex 18.7149 -11.9039 -44
    endloop
  endfacet
  facet normal 0 0 -1
    outer loop
      vertex 19.7118 -16.177 -44
      vertex 18.4309 -11.98 -44
      vertex 18.5748 -11.9489 -44
    endloop
  endfacet
  facet normal 0 0 -1
    outer loop
      vertex 19.7118 -16.177 -44
      vertex 18.2846 -11.9968 -44
      vertex 18.4309 -11.98 -44
    endloop
  endfacet
  facet normal 0 0 -1
    outer loop
      vertex 19.7118 -16.177 -44
      vertex 18.1375 -11.9992 -44
      vertex 18.2846 -11.9968 -44
    endloop
  endfacet
  facet normal 0 0 -1
    outer loop
      vertex 15.924 -13.0685 -44
      vertex 19.7118 -16.177 -44
      vertex 18.0312 -18.0312 -44
    endloop
  endfacet
  facet normal 0 0 -1
    outer loop
      vertex 19.7118 -16.177 -44
      vertex 15.924 -13.0685 -44
      vertex 18.1375 -11.9992 -44
    endloop
  endfacet
  facet normal -0 0 -1
    outer loop
      vertex 18.1375 -11.9992 -44
      vertex 15.924 -13.0685 -44
      vertex 17.9907 -11.9872 -44
    endloop
  endfacet
  facet normal -0 0 -1
    outer loop
      vertex 17.9907 -11.9872 -44
      vertex 15.924 -13.0685 -44
      vertex 17.8459 -11.9608 -44
    endloop
  endfacet
  facet normal -0 0 -1
    outer loop
      vertex 17.8459 -11.9608 -44
      vertex 15.924 -13.0685 -44
      vertex 17.7044 -11.9204 -44
    endloop
  endfacet
  facet normal -0 0 -1
    outer loop
      vertex 17.7044 -11.9204 -44
      vertex 15.924 -13.0685 -44
      vertex 17.5675 -11.8663 -44
    endloop
  endfacet
  facet normal -0 0 -1
    outer loop
      vertex 17.5675 -11.8663 -44
      vertex 15.924 -13.0685 -44
      vertex 17.4365 -11.799 -44
    endloop
  endfacet
  facet normal -0 0 -1
    outer loop
      vertex 17.4365 -11.799 -44
      vertex 15.924 -13.0685 -44
      vertex 17.3128 -11.7193 -44
    endloop
  endfacet
  facet normal -0 0 -1
    outer loop
      vertex 17.3128 -11.7193 -44
      vertex 15.924 -13.0685 -44
      vertex 17.1975 -11.6278 -44
    endloop
  endfacet
  facet normal -0 0 -1
    outer loop
      vertex 17.1975 -11.6278 -44
      vertex 15.924 -13.0685 -44
      vertex 17.0917 -11.5254 -44
    endloop
  endfacet
  facet normal 0 0 -1
    outer loop
      vertex 14.5664 -14.5664 -44
      vertex 18.0312 -18.0312 -44
      vertex 16.177 -19.7118 -44
    endloop
  endfacet
  facet normal -0 0 -1
    outer loop
      vertex 17.0917 -11.5254 -44
      vertex 15.924 -13.0685 -44
      vertex 17.0793 -11.5108 -44
    endloop
  endfacet
  facet normal 0 0 -1
    outer loop
      vertex 18.0312 -18.0312 -44
      vertex 14.5664 -14.5664 -44
      vertex 15.924 -13.0685 -44
    endloop
  endfacet
  facet normal 0 0 -1
    outer loop
      vertex 13.0685 -15.924 -44
      vertex 16.177 -19.7118 -44
      vertex 14.167 -21.2025 -44
    endloop
  endfacet
  facet normal 0 0 -1
    outer loop
      vertex 16.177 -19.7118 -44
      vertex 13.0685 -15.924 -44
      vertex 14.5664 -14.5664 -44
    endloop
  endfacet
  facet normal 0 0 -1
    outer loop
      vertex 11.4447 -17.1283 -44
      vertex 14.167 -21.2025 -44
      vertex 12.0206 -22.489 -44
    endloop
  endfacet
  facet normal 0 0 -1
    outer loop
      vertex 14.167 -21.2025 -44
      vertex 11.4447 -17.1283 -44
      vertex 13.0685 -15.924 -44
    endloop
  endfacet
  facet normal 0 0 -1
    outer loop
      vertex 9.71077 -18.1676 -44
      vertex 12.0206 -22.489 -44
      vertex 9.75843 -23.5589 -44
    endloop
  endfacet
  facet normal 0 0 -1
    outer loop
      vertex 12.0206 -22.489 -44
      vertex 9.71077 -18.1676 -44
      vertex 11.4447 -17.1283 -44
    endloop
  endfacet
  facet normal 0 0 -1
    outer loop
      vertex 9.75843 -23.5589 -44
      vertex 7.88328 -19.0319 -44
      vertex 9.71077 -18.1676 -44
    endloop
  endfacet
  facet normal 0 0 -1
    outer loop
      vertex 7.40226 -24.402 -44
      vertex 7.88328 -19.0319 -44
      vertex 9.75843 -23.5589 -44
    endloop
  endfacet
  facet normal 0 0 -1
    outer loop
      vertex 7.40226 -24.402 -44
      vertex 5.97986 -19.713 -44
      vertex 7.88328 -19.0319 -44
    endloop
  endfacet
  facet normal 0 0 -1
    outer loop
      vertex 4.9748 -25.01 -44
      vertex 5.97986 -19.713 -44
      vertex 7.40226 -24.402 -44
    endloop
  endfacet
  facet normal 0 0 -1
    outer loop
      vertex 4.9748 -25.01 -44
      vertex 4.01886 -20.2042 -44
      vertex 5.97986 -19.713 -44
    endloop
  endfacet
  facet normal 0 0 -1
    outer loop
      vertex 2.49944 -25.3772 -44
      vertex 4.01886 -20.2042 -44
      vertex 4.9748 -25.01 -44
    endloop
  endfacet
  facet normal 0 0 -1
    outer loop
      vertex 2.49944 -25.3772 -44
      vertex 2.01915 -20.5008 -44
      vertex 4.01886 -20.2042 -44
    endloop
  endfacet
  facet normal 0 0 -1
    outer loop
      vertex 0 -25.5 -44
      vertex 2.01915 -20.5008 -44
      vertex 2.49944 -25.3772 -44
    endloop
  endfacet
  facet normal 0 0 -1
    outer loop
      vertex 0 -25.5 -44
      vertex 0 -20.6 -44
      vertex 2.01915 -20.5008 -44
    endloop
  endfacet
  facet normal 0 0 -1
    outer loop
      vertex 0 -25.5 -44
      vertex -2.01915 -20.5008 -44
      vertex 0 -20.6 -44
    endloop
  endfacet
  facet normal 0 0 -1
    outer loop
      vertex -2.49944 -25.3772 -44
      vertex -2.01915 -20.5008 -44
      vertex 0 -25.5 -44
    endloop
  endfacet
  facet normal 0 0 -1
    outer loop
      vertex -2.49944 -25.3772 -44
      vertex -4.01886 -20.2042 -44
      vertex -2.01915 -20.5008 -44
    endloop
  endfacet
  facet normal 0 0 -1
    outer loop
      vertex -4.9748 -25.01 -44
      vertex -4.01886 -20.2042 -44
      vertex -2.49944 -25.3772 -44
    endloop
  endfacet
  facet normal 0 0 -1
    outer loop
      vertex -4.9748 -25.01 -44
      vertex -5.97986 -19.713 -44
      vertex -4.01886 -20.2042 -44
    endloop
  endfacet
  facet normal 0 0 -1
    outer loop
      vertex -7.40226 -24.402 -44
      vertex -5.97986 -19.713 -44
      vertex -4.9748 -25.01 -44
    endloop
  endfacet
  facet normal 0 0 -1
    outer loop
      vertex -7.40226 -24.402 -44
      vertex -7.88328 -19.0319 -44
      vertex -5.97986 -19.713 -44
    endloop
  endfacet
  facet normal 0 0 -1
    outer loop
      vertex -9.75843 -23.5589 -44
      vertex -7.88328 -19.0319 -44
      vertex -7.40226 -24.402 -44
    endloop
  endfacet
  facet normal -0 0 -1
    outer loop
      vertex -7.88328 -19.0319 -44
      vertex -9.75843 -23.5589 -44
      vertex -9.71077 -18.1676 -44
    endloop
  endfacet
  facet normal 0 0 -1
    outer loop
      vertex -12.0206 -22.489 -44
      vertex -9.71077 -18.1676 -44
      vertex -9.75843 -23.5589 -44
    endloop
  endfacet
  facet normal -0 0 -1
    outer loop
      vertex -9.71077 -18.1676 -44
      vertex -12.0206 -22.489 -44
      vertex -11.4447 -17.1283 -44
    endloop
  endfacet
  facet normal 0 0 -1
    outer loop
      vertex -14.167 -21.2025 -44
      vertex -11.4447 -17.1283 -44
      vertex -12.0206 -22.489 -44
    endloop
  endfacet
  facet normal -0 0 -1
    outer loop
      vertex -11.4447 -17.1283 -44
      vertex -14.167 -21.2025 -44
      vertex -13.0685 -15.924 -44
    endloop
  endfacet
  facet normal 0 0 -1
    outer loop
      vertex -16.177 -19.7118 -44
      vertex -13.0685 -15.924 -44
      vertex -14.167 -21.2025 -44
    endloop
  endfacet
  facet normal -0 0 -1
    outer loop
      vertex -13.0685 -15.924 -44
      vertex -16.177 -19.7118 -44
      vertex -14.5664 -14.5664 -44
    endloop
  endfacet
  facet normal 0 0 -1
    outer loop
      vertex -18.0312 -18.0312 -44
      vertex -14.5664 -14.5664 -44
      vertex -16.177 -19.7118 -44
    endloop
  endfacet
  facet normal -0 0 -1
    outer loop
      vertex -14.5664 -14.5664 -44
      vertex -18.0312 -18.0312 -44
      vertex -15.924 -13.0685 -44
    endloop
  endfacet
  facet normal 0 0 -1
    outer loop
      vertex -15.924 -13.0685 -44
      vertex -17.0917 -11.5254 -44
      vertex -17.0793 -11.5108 -44
    endloop
  endfacet
  facet normal 0 0 -1
    outer loop
      vertex -15.924 -13.0685 -44
      vertex -17.1975 -11.6278 -44
      vertex -17.0917 -11.5254 -44
    endloop
  endfacet
  facet normal 0 0 -1
    outer loop
      vertex -19.7118 -16.177 -44
      vertex -15.924 -13.0685 -44
      vertex -18.0312 -18.0312 -44
    endloop
  endfacet
  facet normal 0 0 -1
    outer loop
      vertex -15.924 -13.0685 -44
      vertex -17.3128 -11.7193 -44
      vertex -17.1975 -11.6278 -44
    endloop
  endfacet
  facet normal 0 0 -1
    outer loop
      vertex -15.924 -13.0685 -44
      vertex -17.4365 -11.799 -44
      vertex -17.3128 -11.7193 -44
    endloop
  endfacet
  facet normal 0 0 -1
    outer loop
      vertex -15.924 -13.0685 -44
      vertex -17.5675 -11.8663 -44
      vertex -17.4365 -11.799 -44
    endloop
  endfacet
  facet normal 0 0 -1
    outer loop
      vertex -15.924 -13.0685 -44
      vertex -17.7044 -11.9204 -44
      vertex -17.5675 -11.8663 -44
    endloop
  endfacet
  facet normal 0 -0 -1
    outer loop
      vertex -18.1375 -11.9992 -44
      vertex -15.924 -13.0685 -44
      vertex -19.7118 -16.177 -44
    endloop
  endfacet
  facet normal 0 0 -1
    outer loop
      vertex -15.924 -13.0685 -44
      vertex -17.8459 -11.9608 -44
      vertex -17.7044 -11.9204 -44
    endloop
  endfacet
  facet normal 0 0 -1
    outer loop
      vertex -15.924 -13.0685 -44
      vertex -17.9907 -11.9872 -44
      vertex -17.8459 -11.9608 -44
    endloop
  endfacet
  facet normal 0 0 -1
    outer loop
      vertex -15.924 -13.0685 -44
      vertex -18.1375 -11.9992 -44
      vertex -17.9907 -11.9872 -44
    endloop
  endfacet
  facet normal -0 0 -1
    outer loop
      vertex -18.1375 -11.9992 -44
      vertex -19.7118 -16.177 -44
      vertex -18.2846 -11.9968 -44
    endloop
  endfacet
  facet normal -0 0 -1
    outer loop
      vertex -18.2846 -11.9968 -44
      vertex -19.7118 -16.177 -44
      vertex -18.4309 -11.98 -44
    endloop
  endfacet
  facet normal -0 0 -1
    outer loop
      vertex -18.4309 -11.98 -44
      vertex -19.7118 -16.177 -44
      vertex -18.5748 -11.9489 -44
    endloop
  endfacet
  facet normal 0 0 -1
    outer loop
      vertex -21.2025 -14.167 -44
      vertex -18.5748 -11.9489 -44
      vertex -19.7118 -16.177 -44
    endloop
  endfacet
  facet normal -0 0 -1
    outer loop
      vertex -18.5748 -11.9489 -44
      vertex -21.2025 -14.167 -44
      vertex -18.7149 -11.9039 -44
    endloop
  endfacet
  facet normal -0 0 -1
    outer loop
      vertex -18.7149 -11.9039 -44
      vertex -21.2025 -14.167 -44
      vertex -18.85 -11.8453 -44
    endloop
  endfacet
  facet normal -0 0 -1
    outer loop
      vertex -18.85 -11.8453 -44
      vertex -21.2025 -14.167 -44
      vertex -18.9786 -11.7738 -44
    endloop
  endfacet
  facet normal -0 0 -1
    outer loop
      vertex -18.9786 -11.7738 -44
      vertex -21.2025 -14.167 -44
      vertex -19.0997 -11.69 -44
    endloop
  endfacet
  facet normal -0 0 -1
    outer loop
      vertex -19.0997 -11.69 -44
      vertex -21.2025 -14.167 -44
      vertex -19.2119 -11.5948 -44
    endloop
  endfacet
  facet normal -0 0 -1
    outer loop
      vertex -19.2119 -11.5948 -44
      vertex -21.2025 -14.167 -44
      vertex -19.3143 -11.489 -44
    endloop
  endfacet
  facet normal -0 0 -1
    outer loop
      vertex -19.3143 -11.489 -44
      vertex -21.2025 -14.167 -44
      vertex -19.4058 -11.3737 -44
    endloop
  endfacet
  facet normal 0 0 -1
    outer loop
      vertex -22.489 -12.0206 -44
      vertex -19.4058 -11.3737 -44
      vertex -21.2025 -14.167 -44
    endloop
  endfacet
  facet normal -0 0 -1
    outer loop
      vertex -19.4058 -11.3737 -44
      vertex -22.489 -12.0206 -44
      vertex -19.4856 -11.25 -44
    endloop
  endfacet
  facet normal -0 0 -1
    outer loop
      vertex -19.6069 -10.9822 -44
      vertex -22.489 -12.0206 -44
      vertex -19.6473 -10.8406 -44
    endloop
  endfacet
  facet normal -0 0 -1
    outer loop
      vertex -19.5528 -11.1191 -44
      vertex -22.489 -12.0206 -44
      vertex -19.6069 -10.9822 -44
    endloop
  endfacet
  facet normal -0 0 -1
    outer loop
      vertex -19.4856 -11.25 -44
      vertex -22.489 -12.0206 -44
      vertex -19.5528 -11.1191 -44
    endloop
  endfacet
  facet normal 0 0 -1
    outer loop
      vertex 20.6 0 -44
      vertex 25.5 0 -44
      vertex 25.3772 -2.49944 -44
    endloop
  endfacet
  facet normal 0 0 -1
    outer loop
      vertex 20.5008 -2.01915 -44
      vertex 25.3772 -2.49944 -44
      vertex 25.01 -4.9748 -44
    endloop
  endfacet
  facet normal 0 0 -1
    outer loop
      vertex 25.5 0 -44
      vertex 20.6 0 -44
      vertex 25.3772 2.49944 -44
    endloop
  endfacet
  facet normal 0 0 -1
    outer loop
      vertex 20.2042 -4.01886 -44
      vertex 25.01 -4.9748 -44
      vertex 24.402 -7.40226 -44
    endloop
  endfacet
  facet normal 0 0 -1
    outer loop
      vertex 20.5008 2.01915 -44
      vertex 25.3772 2.49944 -44
      vertex 20.6 0 -44
    endloop
  endfacet
  facet normal 0 0 -1
    outer loop
      vertex 19.713 -5.97986 -44
      vertex 24.402 -7.40226 -44
      vertex 23.5589 -9.75843 -44
    endloop
  endfacet
  facet normal -0 0 -1
    outer loop
      vertex 25.3772 2.49944 -44
      vertex 20.5008 2.01915 -44
      vertex 25.01 4.9748 -44
    endloop
  endfacet
  facet normal 0 0 -1
    outer loop
      vertex 19.6833 -10.4019 -44
      vertex 23.5589 -9.75843 -44
      vertex 22.489 -12.0206 -44
    endloop
  endfacet
  facet normal 0 0 -1
    outer loop
      vertex 20.2042 4.01886 -44
      vertex 25.01 4.9748 -44
      vertex 20.5008 2.01915 -44
    endloop
  endfacet
  facet normal 0 0 -1
    outer loop
      vertex 19.6737 -10.6958 -44
      vertex 22.489 -12.0206 -44
      vertex 21.2025 -14.167 -44
    endloop
  endfacet
  facet normal -0 0 -1
    outer loop
      vertex 25.01 4.9748 -44
      vertex 20.2042 4.01886 -44
      vertex 24.402 7.40226 -44
    endloop
  endfacet
  facet normal 0 0 -1
    outer loop
      vertex 19.713 5.97986 -44
      vertex 24.402 7.40226 -44
      vertex 20.2042 4.01886 -44
    endloop
  endfacet
  facet normal 0 0 -1
    outer loop
      vertex 25.3772 -2.49944 -44
      vertex 20.5008 -2.01915 -44
      vertex 20.6 0 -44
    endloop
  endfacet
  facet normal 0 0 -1
    outer loop
      vertex 25.01 -4.9748 -44
      vertex 20.2042 -4.01886 -44
      vertex 20.5008 -2.01915 -44
    endloop
  endfacet
  facet normal 0 0 -1
    outer loop
      vertex 24.402 -7.40226 -44
      vertex 19.713 -5.97986 -44
      vertex 20.2042 -4.01886 -44
    endloop
  endfacet
  facet normal 0 0 -1
    outer loop
      vertex 18.5748 -11.9489 -44
      vertex 21.2025 -14.167 -44
      vertex 19.7118 -16.177 -44
    endloop
  endfacet
  facet normal 0 0 -1
    outer loop
      vertex 22.489 -12.0206 -44
      vertex 19.6857 -10.5491 -44
      vertex 19.6833 -10.4019 -44
    endloop
  endfacet
  facet normal 0 0 -1
    outer loop
      vertex 23.5589 -9.75843 -44
      vertex 19.6833 -10.4019 -44
      vertex 19.6665 -10.2557 -44
    endloop
  endfacet
  facet normal 0 0 -1
    outer loop
      vertex 23.5589 -9.75843 -44
      vertex 19.6665 -10.2557 -44
      vertex 19.6354 -10.1118 -44
    endloop
  endfacet
  facet normal 0 0 -1
    outer loop
      vertex 23.5589 -9.75843 -44
      vertex 19.6354 -10.1118 -44
      vertex 19.5904 -9.97162 -44
    endloop
  endfacet
  facet normal 0 0 -1
    outer loop
      vertex 23.5589 -9.75843 -44
      vertex 19.5904 -9.97162 -44
      vertex 19.5318 -9.83657 -44
    endloop
  endfacet
  facet normal 0 0 -1
    outer loop
      vertex 19.4603 -9.7079 -44
      vertex 23.5589 -9.75843 -44
      vertex 19.5318 -9.83657 -44
    endloop
  endfacet
  facet normal 0 0 -1
    outer loop
      vertex 19.0319 -7.88328 -44
      vertex 23.5589 -9.75843 -44
      vertex 19.4603 -9.7079 -44
    endloop
  endfacet
  facet normal 0 0 -1
    outer loop
      vertex 19.0319 -7.88328 -44
      vertex 19.4603 -9.7079 -44
      vertex 19.3766 -9.58686 -44
    endloop
  endfacet
  facet normal 0 0 -1
    outer loop
      vertex 19.0319 -7.88328 -44
      vertex 19.3766 -9.58686 -44
      vertex 19.2813 -9.47461 -44
    endloop
  endfacet
  facet normal 0 0 -1
    outer loop
      vertex 19.0319 -7.88328 -44
      vertex 19.2813 -9.47461 -44
      vertex 19.1756 -9.37224 -44
    endloop
  endfacet
  facet normal 0 0 -1
    outer loop
      vertex 19.0319 -7.88328 -44
      vertex 19.1756 -9.37224 -44
      vertex 19.0602 -9.28073 -44
    endloop
  endfacet
  facet normal 0 0 -1
    outer loop
      vertex 23.5589 -9.75843 -44
      vertex 19.0319 -7.88328 -44
      vertex 19.713 -5.97986 -44
    endloop
  endfacet
  facet normal 0 0 -1
    outer loop
      vertex 18.9365 -9.20096 -44
      vertex 19.0319 -7.88328 -44
      vertex 19.0602 -9.28073 -44
    endloop
  endfacet
  facet normal 0 0 -1
    outer loop
      vertex 18.8056 -9.1337 -44
      vertex 19.0319 -7.88328 -44
      vertex 18.9365 -9.20096 -44
    endloop
  endfacet
  facet normal 0 0 -1
    outer loop
      vertex 18.6687 -9.0796 -44
      vertex 19.0319 -7.88328 -44
      vertex 18.8056 -9.1337 -44
    endloop
  endfacet
  facet normal 0 0 -1
    outer loop
      vertex 18.5271 -9.03918 -44
      vertex 19.0319 -7.88328 -44
      vertex 18.6687 -9.0796 -44
    endloop
  endfacet
  facet normal 0 0 -1
    outer loop
      vertex 19.0319 -7.88328 -44
      vertex 18.5271 -9.03918 -44
      vertex 18.4885 -9.03216 -44
    endloop
  endfacet
  facet normal -0 0 -1
    outer loop
      vertex 24.402 7.40226 -44
      vertex 19.713 5.97986 -44
      vertex 23.5589 9.75843 -44
    endloop
  endfacet
  facet normal 0 0 -1
    outer loop
      vertex 19.0319 7.88328 -44
      vertex 23.5589 9.75843 -44
      vertex 19.713 5.97986 -44
    endloop
  endfacet
  facet normal -0 0 -1
    outer loop
      vertex 23.5589 9.75843 -44
      vertex 19.0319 7.88328 -44
      vertex 22.489 12.0206 -44
    endloop
  endfacet
  facet normal 0 0 -1
    outer loop
      vertex 18.1676 9.71077 -44
      vertex 22.489 12.0206 -44
      vertex 19.0319 7.88328 -44
    endloop
  endfacet
  facet normal -0 0 -1
    outer loop
      vertex 22.489 12.0206 -44
      vertex 18.1676 9.71077 -44
      vertex 21.2025 14.167 -44
    endloop
  endfacet
  facet normal 0 0 -1
    outer loop
      vertex 17.1283 11.4447 -44
      vertex 21.2025 14.167 -44
      vertex 18.1676 9.71077 -44
    endloop
  endfacet
  facet normal -0 0 -1
    outer loop
      vertex 21.2025 14.167 -44
      vertex 17.1283 11.4447 -44
      vertex 19.7118 16.177 -44
    endloop
  endfacet
  facet normal 0 0 -1
    outer loop
      vertex 15.924 13.0685 -44
      vertex 19.7118 16.177 -44
      vertex 17.1283 11.4447 -44
    endloop
  endfacet
  facet normal -0 0 -1
    outer loop
      vertex 19.7118 16.177 -44
      vertex 15.924 13.0685 -44
      vertex 18.0312 18.0312 -44
    endloop
  endfacet
  facet normal 0 0 -1
    outer loop
      vertex 14.5664 14.5664 -44
      vertex 18.0312 18.0312 -44
      vertex 15.924 13.0685 -44
    endloop
  endfacet
  facet normal -0 0 -1
    outer loop
      vertex 18.0312 18.0312 -44
      vertex 14.5664 14.5664 -44
      vertex 16.177 19.7118 -44
    endloop
  endfacet
  facet normal 0 0 -1
    outer loop
      vertex 13.0685 15.924 -44
      vertex 16.177 19.7118 -44
      vertex 14.5664 14.5664 -44
    endloop
  endfacet
  facet normal -0 0 -1
    outer loop
      vertex 16.177 19.7118 -44
      vertex 13.0685 15.924 -44
      vertex 14.167 21.2025 -44
    endloop
  endfacet
  facet normal 0 0 -1
    outer loop
      vertex 11.4447 17.1283 -44
      vertex 14.167 21.2025 -44
      vertex 13.0685 15.924 -44
    endloop
  endfacet
  facet normal -0 0 -1
    outer loop
      vertex 14.167 21.2025 -44
      vertex 11.4447 17.1283 -44
      vertex 12.0206 22.489 -44
    endloop
  endfacet
  facet normal 0 0 -1
    outer loop
      vertex 9.71077 18.1676 -44
      vertex 12.0206 22.489 -44
      vertex 11.4447 17.1283 -44
    endloop
  endfacet
  facet normal -0 0 -1
    outer loop
      vertex 12.0206 22.489 -44
      vertex 9.71077 18.1676 -44
      vertex 9.75843 23.5589 -44
    endloop
  endfacet
  facet normal 0 0 -1
    outer loop
      vertex 7.88328 19.0319 -44
      vertex 9.75843 23.5589 -44
      vertex 9.71077 18.1676 -44
    endloop
  endfacet
  facet normal 0 0 -1
    outer loop
      vertex 7.88328 19.0319 -44
      vertex 7.40226 24.402 -44
      vertex 9.75843 23.5589 -44
    endloop
  endfacet
  facet normal 0 0 -1
    outer loop
      vertex 5.97986 19.713 -44
      vertex 7.40226 24.402 -44
      vertex 7.88328 19.0319 -44
    endloop
  endfacet
  facet normal 0 0 -1
    outer loop
      vertex 5.97986 19.713 -44
      vertex 4.9748 25.01 -44
      vertex 7.40226 24.402 -44
    endloop
  endfacet
  facet normal 0 0 -1
    outer loop
      vertex 4.01886 20.2042 -44
      vertex 4.9748 25.01 -44
      vertex 5.97986 19.713 -44
    endloop
  endfacet
  facet normal 0 0 -1
    outer loop
      vertex 1.32288 21.7071 -44
      vertex 4.9748 25.01 -44
      vertex 4.01886 20.2042 -44
    endloop
  endfacet
  facet normal 0 0 -1
    outer loop
      vertex 1.43541 21.4354 -44
      vertex 4.01886 20.2042 -44
      vertex 2.01915 20.5008 -44
    endloop
  endfacet
  facet normal 0 0 -1
    outer loop
      vertex 1.49278 21.147 -44
      vertex 2.01915 20.5008 -44
      vertex 1.5 21 -44
    endloop
  endfacet
  facet normal 0 0 -1
    outer loop
      vertex 1.47118 21.2926 -44
      vertex 2.01915 20.5008 -44
      vertex 1.49278 21.147 -44
    endloop
  endfacet
  facet normal 0 0 -1
    outer loop
      vertex 1.43541 21.4354 -44
      vertex 2.01915 20.5008 -44
      vertex 1.47118 21.2926 -44
    endloop
  endfacet
  facet normal 0 0 -1
    outer loop
      vertex 4.01886 20.2042 -44
      vertex 1.43541 21.4354 -44
      vertex 1.38582 21.574 -44
    endloop
  endfacet
  facet normal 0 0 -1
    outer loop
      vertex 1.32288 21.7071 -44
      vertex 4.01886 20.2042 -44
      vertex 1.38582 21.574 -44
    endloop
  endfacet
  facet normal -0 0 -1
    outer loop
      vertex 4.9748 25.01 -44
      vertex 1.32288 21.7071 -44
      vertex 2.49944 25.3772 -44
    endloop
  endfacet
  facet normal 0 0 -1
    outer loop
      vertex 1.2472 21.8334 -44
      vertex 2.49944 25.3772 -44
      vertex 1.32288 21.7071 -44
    endloop
  endfacet
  facet normal 0 0 -1
    outer loop
      vertex 1.15952 21.9516 -44
      vertex 2.49944 25.3772 -44
      vertex 1.2472 21.8334 -44
    endloop
  endfacet
  facet normal 0 0 -1
    outer loop
      vertex 1.06066 22.0607 -44
      vertex 2.49944 25.3772 -44
      vertex 1.15952 21.9516 -44
    endloop
  endfacet
  facet normal 0 0 -1
    outer loop
      vertex 0.95159 22.1595 -44
      vertex 2.49944 25.3772 -44
      vertex 1.06066 22.0607 -44
    endloop
  endfacet
  facet normal 0 0 -1
    outer loop
      vertex 0.833355 22.2472 -44
      vertex 2.49944 25.3772 -44
      vertex 0.95159 22.1595 -44
    endloop
  endfacet
  facet normal 0 0 -1
    outer loop
      vertex 0.707094 22.3229 -44
      vertex 2.49944 25.3772 -44
      vertex 0.833355 22.2472 -44
    endloop
  endfacet
  facet normal 0 0 -1
    outer loop
      vertex 0.574024 22.3858 -44
      vertex 2.49944 25.3772 -44
      vertex 0.707094 22.3229 -44
    endloop
  endfacet
  facet normal 0 0 -1
    outer loop
      vertex 0 25.5 -44
      vertex 0.574024 22.3858 -44
      vertex 0.435427 22.4354 -44
    endloop
  endfacet
  facet normal 0 0 -1
    outer loop
      vertex 0 25.5 -44
      vertex 0.435427 22.4354 -44
      vertex 0.292635 22.4712 -44
    endloop
  endfacet
  facet normal 0 0 -1
    outer loop
      vertex 0 25.5 -44
      vertex 0.292635 22.4712 -44
      vertex 0.147025 22.4928 -44
    endloop
  endfacet
  facet normal 0 0 -1
    outer loop
      vertex 0 25.5 -44
      vertex 0.147025 22.4928 -44
      vertex 0 22.5 -44
    endloop
  endfacet
  facet normal 0 0 -1
    outer loop
      vertex 0.574024 22.3858 -44
      vertex 0 25.5 -44
      vertex 2.49944 25.3772 -44
    endloop
  endfacet
  facet normal 0 0 -1
    outer loop
      vertex -0.147025 22.4928 -44
      vertex 0 25.5 -44
      vertex 0 22.5 -44
    endloop
  endfacet
  facet normal 0 0 -1
    outer loop
      vertex -0.292635 22.4712 -44
      vertex 0 25.5 -44
      vertex -0.147025 22.4928 -44
    endloop
  endfacet
  facet normal 0 0 -1
    outer loop
      vertex -0.435427 22.4354 -44
      vertex 0 25.5 -44
      vertex -0.292635 22.4712 -44
    endloop
  endfacet
  facet normal 0 0 -1
    outer loop
      vertex -0.574024 22.3858 -44
      vertex 0 25.5 -44
      vertex -0.435427 22.4354 -44
    endloop
  endfacet
  facet normal 0 0 -1
    outer loop
      vertex -2.49944 25.3772 -44
      vertex -0.574024 22.3858 -44
      vertex -0.707094 22.3229 -44
    endloop
  endfacet
  facet normal 0 0 -1
    outer loop
      vertex -2.49944 25.3772 -44
      vertex -0.707094 22.3229 -44
      vertex -0.833355 22.2472 -44
    endloop
  endfacet
  facet normal 0 0 -1
    outer loop
      vertex -2.49944 25.3772 -44
      vertex -0.833355 22.2472 -44
      vertex -0.95159 22.1595 -44
    endloop
  endfacet
  facet normal 0 0 -1
    outer loop
      vertex -2.49944 25.3772 -44
      vertex -0.95159 22.1595 -44
      vertex -1.06066 22.0607 -44
    endloop
  endfacet
  facet normal 0 0 -1
    outer loop
      vertex -2.49944 25.3772 -44
      vertex -1.06066 22.0607 -44
      vertex -1.15952 21.9516 -44
    endloop
  endfacet
  facet normal 0 0 -1
    outer loop
      vertex -2.49944 25.3772 -44
      vertex -1.15952 21.9516 -44
      vertex -1.2472 21.8334 -44
    endloop
  endfacet
  facet normal 0 0 -1
    outer loop
      vertex -2.49944 25.3772 -44
      vertex -1.2472 21.8334 -44
      vertex -1.32288 21.7071 -44
    endloop
  endfacet
  facet normal 0 0 -1
    outer loop
      vertex -4.01886 20.2042 -44
      vertex -1.32288 21.7071 -44
      vertex -1.38582 21.574 -44
    endloop
  endfacet
  facet normal 0 0 -1
    outer loop
      vertex -4.01886 20.2042 -44
      vertex -1.38582 21.574 -44
      vertex -1.43541 21.4354 -44
    endloop
  endfacet
  facet normal 0 0 -1
    outer loop
      vertex -2.01915 20.5008 -44
      vertex -1.49278 21.147 -44
      vertex -1.5 21 -44
    endloop
  endfacet
  facet normal 0 0 -1
    outer loop
      vertex -2.01915 20.5008 -44
      vertex -1.47118 21.2926 -44
      vertex -1.49278 21.147 -44
    endloop
  endfacet
  facet normal 0 0 -1
    outer loop
      vertex -2.01915 20.5008 -44
      vertex -1.43541 21.4354 -44
      vertex -1.47118 21.2926 -44
    endloop
  endfacet
  facet normal 0 0 -1
    outer loop
      vertex -4.01886 20.2042 -44
      vertex -1.43541 21.4354 -44
      vertex -2.01915 20.5008 -44
    endloop
  endfacet
  facet normal 0 0 -1
    outer loop
      vertex -0.574024 22.3858 -44
      vertex -2.49944 25.3772 -44
      vertex 0 25.5 -44
    endloop
  endfacet
  facet normal -0 0 -1
    outer loop
      vertex -1.32288 21.7071 -44
      vertex -4.01886 20.2042 -44
      vertex -4.9748 25.01 -44
    endloop
  endfacet
  facet normal 0 0 -1
    outer loop
      vertex -1.32288 21.7071 -44
      vertex -4.9748 25.01 -44
      vertex -2.49944 25.3772 -44
    endloop
  endfacet
  facet normal 0 0 -1
    outer loop
      vertex -5.97986 19.713 -44
      vertex -4.9748 25.01 -44
      vertex -4.01886 20.2042 -44
    endloop
  endfacet
  facet normal 0 0 -1
    outer loop
      vertex -5.97986 19.713 -44
      vertex -7.40226 24.402 -44
      vertex -4.9748 25.01 -44
    endloop
  endfacet
  facet normal 0 0 -1
    outer loop
      vertex -7.88328 19.0319 -44
      vertex -7.40226 24.402 -44
      vertex -5.97986 19.713 -44
    endloop
  endfacet
  facet normal 0 0 -1
    outer loop
      vertex -9.75843 23.5589 -44
      vertex -7.88328 19.0319 -44
      vertex -9.71077 18.1676 -44
    endloop
  endfacet
  facet normal 0 0 -1
    outer loop
      vertex -7.88328 19.0319 -44
      vertex -9.75843 23.5589 -44
      vertex -7.40226 24.402 -44
    endloop
  endfacet
  facet normal 0 0 -1
    outer loop
      vertex -12.0206 22.489 -44
      vertex -9.71077 18.1676 -44
      vertex -11.4447 17.1283 -44
    endloop
  endfacet
  facet normal 0 0 -1
    outer loop
      vertex -9.71077 18.1676 -44
      vertex -12.0206 22.489 -44
      vertex -9.75843 23.5589 -44
    endloop
  endfacet
  facet normal 0 0 -1
    outer loop
      vertex -14.167 21.2025 -44
      vertex -11.4447 17.1283 -44
      vertex -13.0685 15.924 -44
    endloop
  endfacet
  facet normal 0 0 -1
    outer loop
      vertex -11.4447 17.1283 -44
      vertex -14.167 21.2025 -44
      vertex -12.0206 22.489 -44
    endloop
  endfacet
  facet normal 0 0 -1
    outer loop
      vertex -16.177 19.7118 -44
      vertex -13.0685 15.924 -44
      vertex -14.5664 14.5664 -44
    endloop
  endfacet
  facet normal 0 0 -1
    outer loop
      vertex -18.0312 18.0312 -44
      vertex -14.5664 14.5664 -44
      vertex -15.924 13.0685 -44
    endloop
  endfacet
  facet normal 0 0 -1
    outer loop
      vertex -13.0685 15.924 -44
      vertex -16.177 19.7118 -44
      vertex -14.167 21.2025 -44
    endloop
  endfacet
  facet normal 0 0 -1
    outer loop
      vertex -19.7118 16.177 -44
      vertex -15.924 13.0685 -44
      vertex -17.1283 11.4447 -44
    endloop
  endfacet
  facet normal 0 0 -1
    outer loop
      vertex -14.5664 14.5664 -44
      vertex -18.0312 18.0312 -44
      vertex -16.177 19.7118 -44
    endloop
  endfacet
  facet normal 0 0 -1
    outer loop
      vertex -21.2025 14.167 -44
      vertex -17.1283 11.4447 -44
      vertex -18.1676 9.71077 -44
    endloop
  endfacet
  facet normal 0 0 -1
    outer loop
      vertex -22.489 12.0206 -44
      vertex -18.1676 9.71077 -44
      vertex -19.0319 7.88328 -44
    endloop
  endfacet
  facet normal 0 0 -1
    outer loop
      vertex -15.924 13.0685 -44
      vertex -19.7118 16.177 -44
      vertex -18.0312 18.0312 -44
    endloop
  endfacet
  facet normal 0 0 -1
    outer loop
      vertex -23.5589 9.75843 -44
      vertex -19.0319 7.88328 -44
      vertex -19.713 5.97986 -44
    endloop
  endfacet
  facet normal 0 0 -1
    outer loop
      vertex -24.402 7.40226 -44
      vertex -19.713 5.97986 -44
      vertex -20.2042 4.01886 -44
    endloop
  endfacet
  facet normal 0 0 -1
    outer loop
      vertex -25.01 4.9748 -44
      vertex -20.2042 4.01886 -44
      vertex -20.5008 2.01915 -44
    endloop
  endfacet
  facet normal 0 0 -1
    outer loop
      vertex -17.1283 11.4447 -44
      vertex -21.2025 14.167 -44
      vertex -19.7118 16.177 -44
    endloop
  endfacet
  facet normal 0 0 -1
    outer loop
      vertex -25.3772 2.49944 -44
      vertex -20.5008 2.01915 -44
      vertex -20.6 0 -44
    endloop
  endfacet
  facet normal -0 0 -1
    outer loop
      vertex -19.713 -5.97986 -44
      vertex -24.402 -7.40226 -44
      vertex -20.2042 -4.01886 -44
    endloop
  endfacet
  facet normal 0 0 -1
    outer loop
      vertex -25.01 -4.9748 -44
      vertex -20.2042 -4.01886 -44
      vertex -24.402 -7.40226 -44
    endloop
  endfacet
  facet normal 0 0 -1
    outer loop
      vertex -18.1676 9.71077 -44
      vertex -22.489 12.0206 -44
      vertex -21.2025 14.167 -44
    endloop
  endfacet
  facet normal -0 0 -1
    outer loop
      vertex -20.2042 -4.01886 -44
      vertex -25.01 -4.9748 -44
      vertex -20.5008 -2.01915 -44
    endloop
  endfacet
  facet normal 0 0 -1
    outer loop
      vertex -19.0319 7.88328 -44
      vertex -23.5589 9.75843 -44
      vertex -22.489 12.0206 -44
    endloop
  endfacet
  facet normal 0 0 -1
    outer loop
      vertex -25.3772 -2.49944 -44
      vertex -20.5008 -2.01915 -44
      vertex -25.01 -4.9748 -44
    endloop
  endfacet
  facet normal 0 0 -1
    outer loop
      vertex -19.713 5.97986 -44
      vertex -24.402 7.40226 -44
      vertex -23.5589 9.75843 -44
    endloop
  endfacet
  facet normal -0 0 -1
    outer loop
      vertex -20.5008 -2.01915 -44
      vertex -25.3772 -2.49944 -44
      vertex -20.6 0 -44
    endloop
  endfacet
  facet normal 0 0 -1
    outer loop
      vertex -20.2042 4.01886 -44
      vertex -25.01 4.9748 -44
      vertex -24.402 7.40226 -44
    endloop
  endfacet
  facet normal 0 0 -1
    outer loop
      vertex -25.5 0 -44
      vertex -20.6 0 -44
      vertex -25.3772 -2.49944 -44
    endloop
  endfacet
  facet normal 0 0 -1
    outer loop
      vertex -20.5008 2.01915 -44
      vertex -25.3772 2.49944 -44
      vertex -25.01 4.9748 -44
    endloop
  endfacet
  facet normal 0 0 -1
    outer loop
      vertex -20.6 0 -44
      vertex -25.5 0 -44
      vertex -25.3772 2.49944 -44
    endloop
  endfacet
  facet normal 0 0 -1
    outer loop
      vertex -18.5271 -9.03918 -44
      vertex -19.0319 -7.88328 -44
      vertex -18.4885 -9.03216 -44
    endloop
  endfacet
  facet normal 0 0 -1
    outer loop
      vertex -18.6687 -9.0796 -44
      vertex -19.0319 -7.88328 -44
      vertex -18.5271 -9.03918 -44
    endloop
  endfacet
  facet normal 0 0 -1
    outer loop
      vertex -18.8056 -9.1337 -44
      vertex -19.0319 -7.88328 -44
      vertex -18.6687 -9.0796 -44
    endloop
  endfacet
  facet normal 0 0 -1
    outer loop
      vertex -18.9365 -9.20096 -44
      vertex -19.0319 -7.88328 -44
      vertex -18.8056 -9.1337 -44
    endloop
  endfacet
  facet normal 0 0 -1
    outer loop
      vertex -19.0602 -9.28073 -44
      vertex -19.0319 -7.88328 -44
      vertex -18.9365 -9.20096 -44
    endloop
  endfacet
  facet normal 0 0 -1
    outer loop
      vertex -19.1756 -9.37224 -44
      vertex -19.0319 -7.88328 -44
      vertex -19.0602 -9.28073 -44
    endloop
  endfacet
  facet normal 0 0 -1
    outer loop
      vertex -19.2813 -9.47461 -44
      vertex -19.0319 -7.88328 -44
      vertex -19.1756 -9.37224 -44
    endloop
  endfacet
  facet normal 0 0 -1
    outer loop
      vertex -19.3766 -9.58686 -44
      vertex -19.0319 -7.88328 -44
      vertex -19.2813 -9.47461 -44
    endloop
  endfacet
  facet normal 0 0 -1
    outer loop
      vertex -19.4603 -9.7079 -44
      vertex -19.0319 -7.88328 -44
      vertex -19.3766 -9.58686 -44
    endloop
  endfacet
  facet normal 0 0 -1
    outer loop
      vertex -23.5589 -9.75843 -44
      vertex -19.4603 -9.7079 -44
      vertex -19.5318 -9.83657 -44
    endloop
  endfacet
  facet normal 0 0 -1
    outer loop
      vertex -19.6354 -10.1118 -44
      vertex -23.5589 -9.75843 -44
      vertex -19.5904 -9.97162 -44
    endloop
  endfacet
  facet normal 0 0 -1
    outer loop
      vertex -19.6665 -10.2557 -44
      vertex -23.5589 -9.75843 -44
      vertex -19.6354 -10.1118 -44
    endloop
  endfacet
  facet normal 0 0 -1
    outer loop
      vertex -23.5589 -9.75843 -44
      vertex -19.0319 -7.88328 -44
      vertex -19.4603 -9.7079 -44
    endloop
  endfacet
  facet normal 0 0 -1
    outer loop
      vertex -19.6833 -10.4019 -44
      vertex -23.5589 -9.75843 -44
      vertex -19.6665 -10.2557 -44
    endloop
  endfacet
  facet normal -0 0 -1
    outer loop
      vertex -19.6857 -10.5491 -44
      vertex -22.489 -12.0206 -44
      vertex -19.6833 -10.4019 -44
    endloop
  endfacet
  facet normal -0 0 -1
    outer loop
      vertex -19.6737 -10.6958 -44
      vertex -22.489 -12.0206 -44
      vertex -19.6857 -10.5491 -44
    endloop
  endfacet
  facet normal -0 0 -1
    outer loop
      vertex -19.6473 -10.8406 -44
      vertex -22.489 -12.0206 -44
      vertex -19.6737 -10.6958 -44
    endloop
  endfacet
  facet normal 0 0 -1
    outer loop
      vertex -23.5589 -9.75843 -44
      vertex -19.6833 -10.4019 -44
      vertex -22.489 -12.0206 -44
    endloop
  endfacet
  facet normal 0 0 -1
    outer loop
      vertex -19.5904 -9.97162 -44
      vertex -23.5589 -9.75843 -44
      vertex -19.5318 -9.83657 -44
    endloop
  endfacet
  facet normal 0 0 -1
    outer loop
      vertex -24.402 -7.40226 -44
      vertex -19.713 -5.97986 -44
      vertex -23.5589 -9.75843 -44
    endloop
  endfacet
  facet normal -0 0 -1
    outer loop
      vertex -19.0319 -7.88328 -44
      vertex -23.5589 -9.75843 -44
      vertex -19.713 -5.97986 -44
    endloop
  endfacet
  facet normal -0.989176 -0.146736 0
    outer loop
      vertex -25.01 -4.9748 -44
      vertex -25.3772 -2.49944 -14
      vertex -25.3772 -2.49944 -44
    endloop
  endfacet
  facet normal -0.989176 -0.146736 0
    outer loop
      vertex -25.3772 -2.49944 -14
      vertex -25.01 -4.9748 -44
      vertex -25.01 -4.9748 -14
    endloop
  endfacet
  facet normal -0.903993 -0.427546 0
    outer loop
      vertex -22.489 -12.0206 -44
      vertex -23.5589 -9.75843 -14
      vertex -23.5589 -9.75843 -44
    endloop
  endfacet
  facet normal -0.903993 -0.427546 0
    outer loop
      vertex -23.5589 -9.75843 -14
      vertex -22.489 -12.0206 -44
      vertex -22.489 -12.0206 -14
    endloop
  endfacet
  facet normal 0.989176 0.146736 0
    outer loop
      vertex 25.3772 2.49944 -14
      vertex 25.01 4.9748 -44
      vertex 25.01 4.9748 -14
    endloop
  endfacet
  facet normal 0.989176 0.146736 0
    outer loop
      vertex 25.01 4.9748 -44
      vertex 25.3772 2.49944 -14
      vertex 25.3772 2.49944 -44
    endloop
  endfacet
  facet normal 0.146736 0.989176 -0
    outer loop
      vertex 4.9748 25.01 -44
      vertex 2.49944 25.3772 -14
      vertex 4.9748 25.01 -14
    endloop
  endfacet
  facet normal 0.146736 0.989176 0
    outer loop
      vertex 2.49944 25.3772 -14
      vertex 4.9748 25.01 -44
      vertex 2.49944 25.3772 -44
    endloop
  endfacet
  facet normal 0 0 1
    outer loop
      vertex 20 0 -14
      vertex 25.5 0 -14
      vertex 25.3772 2.49944 -14
    endloop
  endfacet
  facet normal 0 0 1
    outer loop
      vertex 19.9037 1.96034 -14
      vertex 25.3772 2.49944 -14
      vertex 25.01 4.9748 -14
    endloop
  endfacet
  facet normal 0 0 1
    outer loop
      vertex 25.5 0 -14
      vertex 20 0 -14
      vertex 25.3772 -2.49944 -14
    endloop
  endfacet
  facet normal 0 0 1
    outer loop
      vertex 19.6157 3.90181 -14
      vertex 25.01 4.9748 -14
      vertex 24.402 7.40226 -14
    endloop
  endfacet
  facet normal -0 0 1
    outer loop
      vertex 19.9037 -1.96034 -14
      vertex 25.3772 -2.49944 -14
      vertex 20 0 -14
    endloop
  endfacet
  facet normal 0 0 1
    outer loop
      vertex 19.1388 5.80569 -14
      vertex 24.402 7.40226 -14
      vertex 23.5589 9.75843 -14
    endloop
  endfacet
  facet normal 0 0 1
    outer loop
      vertex 25.3772 -2.49944 -14
      vertex 19.9037 -1.96034 -14
      vertex 25.01 -4.9748 -14
    endloop
  endfacet
  facet normal 0 0 1
    outer loop
      vertex 18.4776 7.65367 -14
      vertex 23.5589 9.75843 -14
      vertex 22.489 12.0206 -14
    endloop
  endfacet
  facet normal -0 0 1
    outer loop
      vertex 19.6157 -3.90181 -14
      vertex 25.01 -4.9748 -14
      vertex 19.9037 -1.96034 -14
    endloop
  endfacet
  facet normal 0 0 1
    outer loop
      vertex 17.6384 9.42793 -14
      vertex 22.489 12.0206 -14
      vertex 21.2025 14.167 -14
    endloop
  endfacet
  facet normal 0 0 1
    outer loop
      vertex 25.01 -4.9748 -14
      vertex 19.6157 -3.90181 -14
      vertex 24.402 -7.40226 -14
    endloop
  endfacet
  facet normal -0 0 1
    outer loop
      vertex 19.1388 -5.80569 -14
      vertex 24.402 -7.40226 -14
      vertex 19.6157 -3.90181 -14
    endloop
  endfacet
  facet normal 0 0 1
    outer loop
      vertex 25.3772 2.49944 -14
      vertex 19.9037 1.96034 -14
      vertex 20 0 -14
    endloop
  endfacet
  facet normal 0 0 1
    outer loop
      vertex 16.6294 11.1114 -14
      vertex 21.2025 14.167 -14
      vertex 19.7118 16.177 -14
    endloop
  endfacet
  facet normal 0 0 1
    outer loop
      vertex 25.01 4.9748 -14
      vertex 19.6157 3.90181 -14
      vertex 19.9037 1.96034 -14
    endloop
  endfacet
  facet normal 0 0 1
    outer loop
      vertex 24.402 7.40226 -14
      vertex 19.1388 5.80569 -14
      vertex 19.6157 3.90181 -14
    endloop
  endfacet
  facet normal 0 0 1
    outer loop
      vertex 23.5589 9.75843 -14
      vertex 18.4776 7.65367 -14
      vertex 19.1388 5.80569 -14
    endloop
  endfacet
  facet normal 0 0 1
    outer loop
      vertex 15.4602 12.6879 -14
      vertex 19.7118 16.177 -14
      vertex 18.0312 18.0312 -14
    endloop
  endfacet
  facet normal 0 0 1
    outer loop
      vertex 22.489 12.0206 -14
      vertex 17.6384 9.42793 -14
      vertex 18.4776 7.65367 -14
    endloop
  endfacet
  facet normal 0 0 1
    outer loop
      vertex 21.2025 14.167 -14
      vertex 16.6294 11.1114 -14
      vertex 17.6384 9.42793 -14
    endloop
  endfacet
  facet normal 0 0 1
    outer loop
      vertex 14.1421 14.1421 -14
      vertex 18.0312 18.0312 -14
      vertex 16.177 19.7118 -14
    endloop
  endfacet
  facet normal 0 0 1
    outer loop
      vertex 19.7118 16.177 -14
      vertex 15.4602 12.6879 -14
      vertex 16.6294 11.1114 -14
    endloop
  endfacet
  facet normal 0 0 1
    outer loop
      vertex 12.6879 15.4602 -14
      vertex 16.177 19.7118 -14
      vertex 14.167 21.2025 -14
    endloop
  endfacet
  facet normal 0 0 1
    outer loop
      vertex 18.0312 18.0312 -14
      vertex 14.1421 14.1421 -14
      vertex 15.4602 12.6879 -14
    endloop
  endfacet
  facet normal 0 0 1
    outer loop
      vertex 16.177 19.7118 -14
      vertex 12.6879 15.4602 -14
      vertex 14.1421 14.1421 -14
    endloop
  endfacet
  facet normal 0 0 1
    outer loop
      vertex 11.1114 16.6294 -14
      vertex 14.167 21.2025 -14
      vertex 12.0206 22.489 -14
    endloop
  endfacet
  facet normal 0 0 1
    outer loop
      vertex 14.167 21.2025 -14
      vertex 11.1114 16.6294 -14
      vertex 12.6879 15.4602 -14
    endloop
  endfacet
  facet normal 0 0 1
    outer loop
      vertex 9.42793 17.6384 -14
      vertex 12.0206 22.489 -14
      vertex 9.75843 23.5589 -14
    endloop
  endfacet
  facet normal 0 0 1
    outer loop
      vertex 12.0206 22.489 -14
      vertex 9.42793 17.6384 -14
      vertex 11.1114 16.6294 -14
    endloop
  endfacet
  facet normal 0 0 1
    outer loop
      vertex 9.75843 23.5589 -14
      vertex 7.65367 18.4776 -14
      vertex 9.42793 17.6384 -14
    endloop
  endfacet
  facet normal 0 0 1
    outer loop
      vertex 7.40226 24.402 -14
      vertex 7.65367 18.4776 -14
      vertex 9.75843 23.5589 -14
    endloop
  endfacet
  facet normal 0 0 1
    outer loop
      vertex 7.40226 24.402 -14
      vertex 5.80569 19.1388 -14
      vertex 7.65367 18.4776 -14
    endloop
  endfacet
  facet normal 0 0 1
    outer loop
      vertex 4.9748 25.01 -14
      vertex 5.80569 19.1388 -14
      vertex 7.40226 24.402 -14
    endloop
  endfacet
  facet normal 0 0 1
    outer loop
      vertex 4.9748 25.01 -14
      vertex 3.90181 19.6157 -14
      vertex 5.80569 19.1388 -14
    endloop
  endfacet
  facet normal 0 0 1
    outer loop
      vertex 2.49944 25.3772 -14
      vertex 3.90181 19.6157 -14
      vertex 4.9748 25.01 -14
    endloop
  endfacet
  facet normal 0 0 1
    outer loop
      vertex 2.49944 25.3772 -14
      vertex 1.96034 19.9037 -14
      vertex 3.90181 19.6157 -14
    endloop
  endfacet
  facet normal 0 0 1
    outer loop
      vertex 0 25.5 -14
      vertex 1.96034 19.9037 -14
      vertex 2.49944 25.3772 -14
    endloop
  endfacet
  facet normal 0 0 1
    outer loop
      vertex 0 25.5 -14
      vertex 0 20 -14
      vertex 1.96034 19.9037 -14
    endloop
  endfacet
  facet normal 0 0 1
    outer loop
      vertex 0 25.5 -14
      vertex -1.96034 19.9037 -14
      vertex 0 20 -14
    endloop
  endfacet
  facet normal -0 0 1
    outer loop
      vertex -2.49944 25.3772 -14
      vertex -1.96034 19.9037 -14
      vertex 0 25.5 -14
    endloop
  endfacet
  facet normal 0 0 1
    outer loop
      vertex -2.49944 25.3772 -14
      vertex -3.90181 19.6157 -14
      vertex -1.96034 19.9037 -14
    endloop
  endfacet
  facet normal -0 0 1
    outer loop
      vertex -4.9748 25.01 -14
      vertex -3.90181 19.6157 -14
      vertex -2.49944 25.3772 -14
    endloop
  endfacet
  facet normal 0 0 1
    outer loop
      vertex -4.9748 25.01 -14
      vertex -5.80569 19.1388 -14
      vertex -3.90181 19.6157 -14
    endloop
  endfacet
  facet normal -0 0 1
    outer loop
      vertex -7.40226 24.402 -14
      vertex -5.80569 19.1388 -14
      vertex -4.9748 25.01 -14
    endloop
  endfacet
  facet normal 0 0 1
    outer loop
      vertex -7.40226 24.402 -14
      vertex -7.65367 18.4776 -14
      vertex -5.80569 19.1388 -14
    endloop
  endfacet
  facet normal -0 0 1
    outer loop
      vertex -9.75843 23.5589 -14
      vertex -7.65367 18.4776 -14
      vertex -7.40226 24.402 -14
    endloop
  endfacet
  facet normal 0 0 1
    outer loop
      vertex -7.65367 18.4776 -14
      vertex -9.75843 23.5589 -14
      vertex -9.42793 17.6384 -14
    endloop
  endfacet
  facet normal -0 0 1
    outer loop
      vertex -12.0206 22.489 -14
      vertex -9.42793 17.6384 -14
      vertex -9.75843 23.5589 -14
    endloop
  endfacet
  facet normal 0 0 1
    outer loop
      vertex -9.42793 17.6384 -14
      vertex -12.0206 22.489 -14
      vertex -11.1114 16.6294 -14
    endloop
  endfacet
  facet normal -0 0 1
    outer loop
      vertex -14.167 21.2025 -14
      vertex -11.1114 16.6294 -14
      vertex -12.0206 22.489 -14
    endloop
  endfacet
  facet normal 0 0 1
    outer loop
      vertex -11.1114 16.6294 -14
      vertex -14.167 21.2025 -14
      vertex -12.6879 15.4602 -14
    endloop
  endfacet
  facet normal -0 0 1
    outer loop
      vertex -16.177 19.7118 -14
      vertex -12.6879 15.4602 -14
      vertex -14.167 21.2025 -14
    endloop
  endfacet
  facet normal 0 0 1
    outer loop
      vertex -12.6879 15.4602 -14
      vertex -16.177 19.7118 -14
      vertex -14.1421 14.1421 -14
    endloop
  endfacet
  facet normal -0 0 1
    outer loop
      vertex -18.0312 18.0312 -14
      vertex -14.1421 14.1421 -14
      vertex -16.177 19.7118 -14
    endloop
  endfacet
  facet normal 0 0 1
    outer loop
      vertex -14.1421 14.1421 -14
      vertex -18.0312 18.0312 -14
      vertex -15.4602 12.6879 -14
    endloop
  endfacet
  facet normal -0 0 1
    outer loop
      vertex -19.7118 16.177 -14
      vertex -15.4602 12.6879 -14
      vertex -18.0312 18.0312 -14
    endloop
  endfacet
  facet normal 0 0 1
    outer loop
      vertex -15.4602 12.6879 -14
      vertex -19.7118 16.177 -14
      vertex -16.6294 11.1114 -14
    endloop
  endfacet
  facet normal -0 0 1
    outer loop
      vertex -21.2025 14.167 -14
      vertex -16.6294 11.1114 -14
      vertex -19.7118 16.177 -14
    endloop
  endfacet
  facet normal 0 0 1
    outer loop
      vertex -16.6294 11.1114 -14
      vertex -21.2025 14.167 -14
      vertex -17.6384 9.42793 -14
    endloop
  endfacet
  facet normal -0 0 1
    outer loop
      vertex -22.489 12.0206 -14
      vertex -17.6384 9.42793 -14
      vertex -21.2025 14.167 -14
    endloop
  endfacet
  facet normal 0 0 1
    outer loop
      vertex -17.6384 9.42793 -14
      vertex -22.489 12.0206 -14
      vertex -18.4776 7.65367 -14
    endloop
  endfacet
  facet normal -0 0 1
    outer loop
      vertex -23.5589 9.75843 -14
      vertex -18.4776 7.65367 -14
      vertex -22.489 12.0206 -14
    endloop
  endfacet
  facet normal 0 0 1
    outer loop
      vertex -18.4776 7.65367 -14
      vertex -23.5589 9.75843 -14
      vertex -19.1388 5.80569 -14
    endloop
  endfacet
  facet normal -0 0 1
    outer loop
      vertex -24.402 7.40226 -14
      vertex -19.1388 5.80569 -14
      vertex -23.5589 9.75843 -14
    endloop
  endfacet
  facet normal 0 0 1
    outer loop
      vertex 24.402 -7.40226 -14
      vertex 19.1388 -5.80569 -14
      vertex 23.5589 -9.75843 -14
    endloop
  endfacet
  facet normal -0 0 1
    outer loop
      vertex 18.4776 -7.65367 -14
      vertex 23.5589 -9.75843 -14
      vertex 19.1388 -5.80569 -14
    endloop
  endfacet
  facet normal 0 0 1
    outer loop
      vertex 23.5589 -9.75843 -14
      vertex 18.4776 -7.65367 -14
      vertex 22.489 -12.0206 -14
    endloop
  endfacet
  facet normal -0 0 1
    outer loop
      vertex 17.6384 -9.42793 -14
      vertex 22.489 -12.0206 -14
      vertex 18.4776 -7.65367 -14
    endloop
  endfacet
  facet normal 0 0 1
    outer loop
      vertex 22.489 -12.0206 -14
      vertex 17.6384 -9.42793 -14
      vertex 21.2025 -14.167 -14
    endloop
  endfacet
  facet normal -0 0 1
    outer loop
      vertex 16.6294 -11.1114 -14
      vertex 21.2025 -14.167 -14
      vertex 17.6384 -9.42793 -14
    endloop
  endfacet
  facet normal 0 0 1
    outer loop
      vertex 21.2025 -14.167 -14
      vertex 16.6294 -11.1114 -14
      vertex 19.7118 -16.177 -14
    endloop
  endfacet
  facet normal -0 0 1
    outer loop
      vertex 15.4602 -12.6879 -14
      vertex 19.7118 -16.177 -14
      vertex 16.6294 -11.1114 -14
    endloop
  endfacet
  facet normal 0 0 1
    outer loop
      vertex 19.7118 -16.177 -14
      vertex 15.4602 -12.6879 -14
      vertex 18.0312 -18.0312 -14
    endloop
  endfacet
  facet normal -0 0 1
    outer loop
      vertex 14.1421 -14.1421 -14
      vertex 18.0312 -18.0312 -14
      vertex 15.4602 -12.6879 -14
    endloop
  endfacet
  facet normal 0 0 1
    outer loop
      vertex 18.0312 -18.0312 -14
      vertex 14.1421 -14.1421 -14
      vertex 16.177 -19.7118 -14
    endloop
  endfacet
  facet normal -0 0 1
    outer loop
      vertex 12.6879 -15.4602 -14
      vertex 16.177 -19.7118 -14
      vertex 14.1421 -14.1421 -14
    endloop
  endfacet
  facet normal 0 0 1
    outer loop
      vertex 16.177 -19.7118 -14
      vertex 12.6879 -15.4602 -14
      vertex 14.167 -21.2025 -14
    endloop
  endfacet
  facet normal -0 0 1
    outer loop
      vertex 11.1114 -16.6294 -14
      vertex 14.167 -21.2025 -14
      vertex 12.6879 -15.4602 -14
    endloop
  endfacet
  facet normal 0 0 1
    outer loop
      vertex 14.167 -21.2025 -14
      vertex 11.1114 -16.6294 -14
      vertex 12.0206 -22.489 -14
    endloop
  endfacet
  facet normal -0 0 1
    outer loop
      vertex 9.42793 -17.6384 -14
      vertex 12.0206 -22.489 -14
      vertex 11.1114 -16.6294 -14
    endloop
  endfacet
  facet normal 0 0 1
    outer loop
      vertex 12.0206 -22.489 -14
      vertex 9.42793 -17.6384 -14
      vertex 9.75843 -23.5589 -14
    endloop
  endfacet
  facet normal -0 0 1
    outer loop
      vertex 7.65367 -18.4776 -14
      vertex 9.75843 -23.5589 -14
      vertex 9.42793 -17.6384 -14
    endloop
  endfacet
  facet normal 0 0 1
    outer loop
      vertex 7.65367 -18.4776 -14
      vertex 7.40226 -24.402 -14
      vertex 9.75843 -23.5589 -14
    endloop
  endfacet
  facet normal -0 0 1
    outer loop
      vertex 5.80569 -19.1388 -14
      vertex 7.40226 -24.402 -14
      vertex 7.65367 -18.4776 -14
    endloop
  endfacet
  facet normal 0 0 1
    outer loop
      vertex 5.80569 -19.1388 -14
      vertex 4.9748 -25.01 -14
      vertex 7.40226 -24.402 -14
    endloop
  endfacet
  facet normal -0 0 1
    outer loop
      vertex 3.90181 -19.6157 -14
      vertex 4.9748 -25.01 -14
      vertex 5.80569 -19.1388 -14
    endloop
  endfacet
  facet normal 0 0 1
    outer loop
      vertex 3.90181 -19.6157 -14
      vertex 2.49944 -25.3772 -14
      vertex 4.9748 -25.01 -14
    endloop
  endfacet
  facet normal -0 0 1
    outer loop
      vertex 1.96034 -19.9037 -14
      vertex 2.49944 -25.3772 -14
      vertex 3.90181 -19.6157 -14
    endloop
  endfacet
  facet normal -0 0 1
    outer loop
      vertex 0 -20 -14
      vertex 2.49944 -25.3772 -14
      vertex 1.96034 -19.9037 -14
    endloop
  endfacet
  facet normal 0 0 1
    outer loop
      vertex 0 -20 -14
      vertex 0 -25.5 -14
      vertex 2.49944 -25.3772 -14
    endloop
  endfacet
  facet normal 0 0 1
    outer loop
      vertex -1.96034 -19.9037 -14
      vertex 0 -25.5 -14
      vertex 0 -20 -14
    endloop
  endfacet
  facet normal 0 0 1
    outer loop
      vertex -1.96034 -19.9037 -14
      vertex -2.49944 -25.3772 -14
      vertex 0 -25.5 -14
    endloop
  endfacet
  facet normal 0 0 1
    outer loop
      vertex -3.90181 -19.6157 -14
      vertex -2.49944 -25.3772 -14
      vertex -1.96034 -19.9037 -14
    endloop
  endfacet
  facet normal 0 0 1
    outer loop
      vertex -3.90181 -19.6157 -14
      vertex -4.9748 -25.01 -14
      vertex -2.49944 -25.3772 -14
    endloop
  endfacet
  facet normal 0 0 1
    outer loop
      vertex -5.80569 -19.1388 -14
      vertex -4.9748 -25.01 -14
      vertex -3.90181 -19.6157 -14
    endloop
  endfacet
  facet normal 0 0 1
    outer loop
      vertex -5.80569 -19.1388 -14
      vertex -7.40226 -24.402 -14
      vertex -4.9748 -25.01 -14
    endloop
  endfacet
  facet normal 0 0 1
    outer loop
      vertex -7.65367 -18.4776 -14
      vertex -7.40226 -24.402 -14
      vertex -5.80569 -19.1388 -14
    endloop
  endfacet
  facet normal 0 0 1
    outer loop
      vertex -9.75843 -23.5589 -14
      vertex -7.65367 -18.4776 -14
      vertex -9.42793 -17.6384 -14
    endloop
  endfacet
  facet normal 0 0 1
    outer loop
      vertex -7.65367 -18.4776 -14
      vertex -9.75843 -23.5589 -14
      vertex -7.40226 -24.402 -14
    endloop
  endfacet
  facet normal 0 0 1
    outer loop
      vertex -12.0206 -22.489 -14
      vertex -9.42793 -17.6384 -14
      vertex -11.1114 -16.6294 -14
    endloop
  endfacet
  facet normal 0 0 1
    outer loop
      vertex -9.42793 -17.6384 -14
      vertex -12.0206 -22.489 -14
      vertex -9.75843 -23.5589 -14
    endloop
  endfacet
  facet normal 0 0 1
    outer loop
      vertex -14.167 -21.2025 -14
      vertex -11.1114 -16.6294 -14
      vertex -12.6879 -15.4602 -14
    endloop
  endfacet
  facet normal 0 0 1
    outer loop
      vertex -16.177 -19.7118 -14
      vertex -12.6879 -15.4602 -14
      vertex -14.1421 -14.1421 -14
    endloop
  endfacet
  facet normal 0 0 1
    outer loop
      vertex -11.1114 -16.6294 -14
      vertex -14.167 -21.2025 -14
      vertex -12.0206 -22.489 -14
    endloop
  endfacet
  facet normal 0 0 1
    outer loop
      vertex -18.0312 -18.0312 -14
      vertex -14.1421 -14.1421 -14
      vertex -15.4602 -12.6879 -14
    endloop
  endfacet
  facet normal 0 0 1
    outer loop
      vertex -12.6879 -15.4602 -14
      vertex -16.177 -19.7118 -14
      vertex -14.167 -21.2025 -14
    endloop
  endfacet
  facet normal 0 0 1
    outer loop
      vertex -19.7118 -16.177 -14
      vertex -15.4602 -12.6879 -14
      vertex -16.6294 -11.1114 -14
    endloop
  endfacet
  facet normal 0 0 1
    outer loop
      vertex -21.2025 -14.167 -14
      vertex -16.6294 -11.1114 -14
      vertex -17.6384 -9.42793 -14
    endloop
  endfacet
  facet normal 0 0 1
    outer loop
      vertex -14.1421 -14.1421 -14
      vertex -18.0312 -18.0312 -14
      vertex -16.177 -19.7118 -14
    endloop
  endfacet
  facet normal 0 0 1
    outer loop
      vertex -22.489 -12.0206 -14
      vertex -17.6384 -9.42793 -14
      vertex -18.4776 -7.65367 -14
    endloop
  endfacet
  facet normal 0 0 1
    outer loop
      vertex -23.5589 -9.75843 -14
      vertex -18.4776 -7.65367 -14
      vertex -19.1388 -5.80569 -14
    endloop
  endfacet
  facet normal 0 0 1
    outer loop
      vertex -24.402 -7.40226 -14
      vertex -19.1388 -5.80569 -14
      vertex -19.6157 -3.90181 -14
    endloop
  endfacet
  facet normal 0 0 1
    outer loop
      vertex -15.4602 -12.6879 -14
      vertex -19.7118 -16.177 -14
      vertex -18.0312 -18.0312 -14
    endloop
  endfacet
  facet normal 0 0 1
    outer loop
      vertex -25.01 -4.9748 -14
      vertex -19.6157 -3.90181 -14
      vertex -19.9037 -1.96034 -14
    endloop
  endfacet
  facet normal 0 0 1
    outer loop
      vertex -25.3772 -2.49944 -14
      vertex -19.9037 -1.96034 -14
      vertex -20 0 -14
    endloop
  endfacet
  facet normal 0 0 1
    outer loop
      vertex -19.1388 5.80569 -14
      vertex -24.402 7.40226 -14
      vertex -19.6157 3.90181 -14
    endloop
  endfacet
  facet normal 0 0 1
    outer loop
      vertex -16.6294 -11.1114 -14
      vertex -21.2025 -14.167 -14
      vertex -19.7118 -16.177 -14
    endloop
  endfacet
  facet normal -0 0 1
    outer loop
      vertex -25.01 4.9748 -14
      vertex -19.6157 3.90181 -14
      vertex -24.402 7.40226 -14
    endloop
  endfacet
  facet normal 0 0 1
    outer loop
      vertex -17.6384 -9.42793 -14
      vertex -22.489 -12.0206 -14
      vertex -21.2025 -14.167 -14
    endloop
  endfacet
  facet normal 0 0 1
    outer loop
      vertex -19.6157 3.90181 -14
      vertex -25.01 4.9748 -14
      vertex -19.9037 1.96034 -14
    endloop
  endfacet
  facet normal 0 0 1
    outer loop
      vertex -18.4776 -7.65367 -14
      vertex -23.5589 -9.75843 -14
      vertex -22.489 -12.0206 -14
    endloop
  endfacet
  facet normal -0 0 1
    outer loop
      vertex -25.3772 2.49944 -14
      vertex -19.9037 1.96034 -14
      vertex -25.01 4.9748 -14
    endloop
  endfacet
  facet normal 0 0 1
    outer loop
      vertex -19.1388 -5.80569 -14
      vertex -24.402 -7.40226 -14
      vertex -23.5589 -9.75843 -14
    endloop
  endfacet
  facet normal 0 0 1
    outer loop
      vertex -19.9037 1.96034 -14
      vertex -25.3772 2.49944 -14
      vertex -20 0 -14
    endloop
  endfacet
  facet normal 0 0 1
    outer loop
      vertex -19.6157 -3.90181 -14
      vertex -25.01 -4.9748 -14
      vertex -24.402 -7.40226 -14
    endloop
  endfacet
  facet normal 0 0 1
    outer loop
      vertex -25.5 0 -14
      vertex -20 0 -14
      vertex -25.3772 2.49944 -14
    endloop
  endfacet
  facet normal 0 0 1
    outer loop
      vertex -19.9037 -1.96034 -14
      vertex -25.3772 -2.49944 -14
      vertex -25.01 -4.9748 -14
    endloop
  endfacet
  facet normal 0 0 1
    outer loop
      vertex -20 0 -14
      vertex -25.5 0 -14
      vertex -25.3772 -2.49944 -14
    endloop
  endfacet
  facet normal -0.989176 0.146736 0
    outer loop
      vertex -25.3772 2.49944 -44
      vertex -25.01 4.9748 -14
      vertex -25.01 4.9748 -44
    endloop
  endfacet
  facet normal -0.989176 0.146736 0
    outer loop
      vertex -25.01 4.9748 -14
      vertex -25.3772 2.49944 -44
      vertex -25.3772 2.49944 -14
    endloop
  endfacet
  facet normal 0.0490718 -0.998795 0
    outer loop
      vertex 0 -25.5 -18.98
      vertex 2.49944 -25.3772 -14
      vertex 0 -25.5 -14
    endloop
  endfacet
  facet normal 0.0490718 -0.998795 0
    outer loop
      vertex 2.49944 -25.3772 -14
      vertex 0 -25.5 -18.98
      vertex 2.49944 -25.3772 -18.98
    endloop
  endfacet
  facet normal 0.0490718 -0.998795 0
    outer loop
      vertex 0 -25.5 -44
      vertex 2.49944 -25.3772 -39.02
      vertex 0 -25.5 -39.02
    endloop
  endfacet
  facet normal 0.0490718 -0.998795 0
    outer loop
      vertex 2.49944 -25.3772 -39.02
      vertex 0 -25.5 -44
      vertex 2.49944 -25.3772 -44
    endloop
  endfacet
  facet normal 0.989176 -0.146736 0
    outer loop
      vertex 25.01 -4.9748 -14
      vertex 25.3772 -2.49944 -44
      vertex 25.3772 -2.49944 -14
    endloop
  endfacet
  facet normal 0.989176 -0.146736 0
    outer loop
      vertex 25.3772 -2.49944 -44
      vertex 25.01 -4.9748 -14
      vertex 25.01 -4.9748 -44
    endloop
  endfacet
  facet normal 0.970036 -0.242962 0
    outer loop
      vertex 24.402 -7.40226 -14
      vertex 25.01 -4.9748 -44
      vertex 25.01 -4.9748 -14
    endloop
  endfacet
  facet normal 0.970036 -0.242962 0
    outer loop
      vertex 25.01 -4.9748 -44
      vertex 24.402 -7.40226 -14
      vertex 24.402 -7.40226 -44
    endloop
  endfacet
  facet normal 0.146736 -0.989176 0
    outer loop
      vertex 2.49944 -25.3772 -44
      vertex 4.9748 -25.01 -39.02
      vertex 2.49944 -25.3772 -39.02
    endloop
  endfacet
  facet normal 0.146736 -0.989176 0
    outer loop
      vertex 4.9748 -25.01 -39.02
      vertex 2.49944 -25.3772 -44
      vertex 4.9748 -25.01 -44
    endloop
  endfacet
  facet normal 0.146736 -0.989176 0
    outer loop
      vertex 2.49944 -25.3772 -18.98
      vertex 4.9748 -25.01 -14
      vertex 2.49944 -25.3772 -14
    endloop
  endfacet
  facet normal 0.146736 -0.989176 0
    outer loop
      vertex 4.9748 -25.01 -14
      vertex 2.49944 -25.3772 -18.98
      vertex 4.9748 -25.01 -18.98
    endloop
  endfacet
  facet normal 0.4275 -0.904015 0
    outer loop
      vertex 10.0917 -23.4013 -26.7442
      vertex 9.75843 -23.5589 -14
      vertex 9.75843 -23.5589 -26.7208
    endloop
  endfacet
  facet normal 0.427546 -0.903993 1.49197e-06
    outer loop
      vertex 9.75843 -23.5589 -14
      vertex 10.0917 -23.4013 -26.7442
      vertex 12.0206 -22.489 -14
    endloop
  endfacet
  facet normal 0.427881 -0.903835 -6.04113e-05
    outer loop
      vertex 10.15 -23.3737 -26.7511
      vertex 12.0206 -22.489 -14
      vertex 10.0917 -23.4013 -26.7442
    endloop
  endfacet
  facet normal 0.425361 -0.905024 0
    outer loop
      vertex 10.17 -23.3643 -27.4765
      vertex 10.15 -23.3737 -26.7511
      vertex 10.15 -23.3737 -27.4731
    endloop
  endfacet
  facet normal 0.427199 -0.904158 6.19017e-05
    outer loop
      vertex 10.15 -23.3737 -26.7511
      vertex 10.17 -23.3643 -27.4765
      vertex 12.0206 -22.489 -14
    endloop
  endfacet
  facet normal 0.427568 -0.903983 0
    outer loop
      vertex 10.17 -23.3643 -30.5235
      vertex 12.0206 -22.489 -14
      vertex 10.17 -23.3643 -27.4765
    endloop
  endfacet
  facet normal 0.425361 -0.905024 0
    outer loop
      vertex 10.15 -23.3737 -31.2489
      vertex 10.17 -23.3643 -30.5235
      vertex 10.15 -23.3737 -30.5269
    endloop
  endfacet
  facet normal 0.427199 -0.904158 -6.19017e-05
    outer loop
      vertex 12.0206 -22.489 -44
      vertex 10.17 -23.3643 -30.5235
      vertex 10.15 -23.3737 -31.2489
    endloop
  endfacet
  facet normal 0.4275 -0.904015 0
    outer loop
      vertex 9.75843 -23.5589 -44
      vertex 10.0917 -23.4013 -31.2558
      vertex 9.75843 -23.5589 -31.2792
    endloop
  endfacet
  facet normal 0.427888 -0.903832 -1.24125e-05
    outer loop
      vertex 9.75843 -23.5589 -44
      vertex 10.15 -23.3737 -31.2489
      vertex 10.0917 -23.4013 -31.2558
    endloop
  endfacet
  facet normal 0.427546 -0.903993 4.11833e-07
    outer loop
      vertex 12.0206 -22.489 -44
      vertex 10.15 -23.3737 -31.2489
      vertex 9.75843 -23.5589 -44
    endloop
  endfacet
  facet normal 0.427568 -0.903983 0
    outer loop
      vertex 10.17 -23.3643 -30.5235
      vertex 12.0206 -22.489 -44
      vertex 12.0206 -22.489 -14
    endloop
  endfacet
  facet normal 0.740941 -0.67157 0
    outer loop
      vertex 18.0312 -18.0312 -14
      vertex 19.7118 -16.177 -44
      vertex 19.7118 -16.177 -14
    endloop
  endfacet
  facet normal 0.740941 -0.67157 0
    outer loop
      vertex 19.7118 -16.177 -44
      vertex 18.0312 -18.0312 -14
      vertex 18.0312 -18.0312 -44
    endloop
  endfacet
  facet normal 0.595695 -0.803211 0
    outer loop
      vertex 14.167 -21.2025 -44
      vertex 16.177 -19.7118 -14
      vertex 14.167 -21.2025 -14
    endloop
  endfacet
  facet normal 0.595695 -0.803211 0
    outer loop
      vertex 16.177 -19.7118 -14
      vertex 14.167 -21.2025 -44
      vertex 16.177 -19.7118 -44
    endloop
  endfacet
  facet normal 0.857729 -0.514102 0
    outer loop
      vertex 21.2025 -14.167 -14
      vertex 22.489 -12.0206 -44
      vertex 22.489 -12.0206 -14
    endloop
  endfacet
  facet normal 0.857729 -0.514102 0
    outer loop
      vertex 22.489 -12.0206 -44
      vertex 21.2025 -14.167 -14
      vertex 21.2025 -14.167 -44
    endloop
  endfacet
  facet normal -0.242955 -0.970038 0
    outer loop
      vertex -7.40226 -24.402 -39
      vertex -5.15 -24.9661 -39.02
      vertex -5.15 -24.9661 -39
    endloop
  endfacet
  facet normal -0.242955 -0.970038 0
    outer loop
      vertex -7.40226 -24.402 -44
      vertex -5.15 -24.9661 -39.02
      vertex -7.40226 -24.402 -39
    endloop
  endfacet
  facet normal -0.242962 -0.970036 3.52218e-06
    outer loop
      vertex -4.9748 -25.01 -44
      vertex -5.15 -24.9661 -39.02
      vertex -7.40226 -24.402 -44
    endloop
  endfacet
  facet normal -0.243057 -0.970012 0
    outer loop
      vertex -5.15 -24.9661 -39.02
      vertex -4.9748 -25.01 -44
      vertex -4.9748 -25.01 -39.02
    endloop
  endfacet
  facet normal -0.242962 -0.970036 -3.52218e-06
    outer loop
      vertex -7.40226 -24.402 -14
      vertex -5.15 -24.9661 -18.98
      vertex -4.9748 -25.01 -14
    endloop
  endfacet
  facet normal -0.242955 -0.970038 0
    outer loop
      vertex -7.40226 -24.402 -19
      vertex -5.15 -24.9661 -18.98
      vertex -7.40226 -24.402 -14
    endloop
  endfacet
  facet normal -0.242955 -0.970038 -0
    outer loop
      vertex -5.15 -24.9661 -18.98
      vertex -7.40226 -24.402 -19
      vertex -5.15 -24.9661 -19
    endloop
  endfacet
  facet normal -0.243057 -0.970012 -0
    outer loop
      vertex -4.9748 -25.01 -14
      vertex -5.15 -24.9661 -18.98
      vertex -4.9748 -25.01 -18.98
    endloop
  endfacet
  facet normal -0.595695 -0.803211 0
    outer loop
      vertex -16.177 -19.7118 -44
      vertex -14.167 -21.2025 -14
      vertex -16.177 -19.7118 -14
    endloop
  endfacet
  facet normal -0.595695 -0.803211 -0
    outer loop
      vertex -14.167 -21.2025 -14
      vertex -16.177 -19.7118 -44
      vertex -14.167 -21.2025 -44
    endloop
  endfacet
  facet normal -0.941538 -0.336907 0
    outer loop
      vertex -23.5589 -9.75843 -44
      vertex -24.402 -7.40226 -14
      vertex -24.402 -7.40226 -44
    endloop
  endfacet
  facet normal -0.941538 -0.336907 0
    outer loop
      vertex -24.402 -7.40226 -14
      vertex -23.5589 -9.75843 -44
      vertex -23.5589 -9.75843 -14
    endloop
  endfacet
  facet normal -0.857729 -0.514102 0
    outer loop
      vertex -21.2025 -14.167 -44
      vertex -22.489 -12.0206 -14
      vertex -22.489 -12.0206 -44
    endloop
  endfacet
  facet normal -0.857729 -0.514102 0
    outer loop
      vertex -22.489 -12.0206 -14
      vertex -21.2025 -14.167 -44
      vertex -21.2025 -14.167 -14
    endloop
  endfacet
  facet normal -0.740941 -0.67157 0
    outer loop
      vertex -18.0312 -18.0312 -44
      vertex -19.7118 -16.177 -14
      vertex -19.7118 -16.177 -44
    endloop
  endfacet
  facet normal -0.740941 -0.67157 0
    outer loop
      vertex -19.7118 -16.177 -14
      vertex -18.0312 -18.0312 -44
      vertex -18.0312 -18.0312 -14
    endloop
  endfacet
  facet normal -0.514196 0.857673 0
    outer loop
      vertex -19.2428 -24.0862 -39
      vertex -19.4111 -24.1871 -19
      vertex -19.2428 -24.0862 -19
    endloop
  endfacet
  facet normal -0.514196 0.857673 0
    outer loop
      vertex -19.4111 -24.1871 -19
      vertex -19.2428 -24.0862 -39
      vertex -19.4111 -24.1871 -39
    endloop
  endfacet
  facet normal 0.998795 -0.0490745 0
    outer loop
      vertex -0.0096302 -42.346 -19
      vertex 0 -42.15 -39
      vertex 0 -42.15 -19
    endloop
  endfacet
  facet normal 0.998795 -0.0490745 0
    outer loop
      vertex 0 -42.15 -39
      vertex -0.0096302 -42.346 -19
      vertex -0.0096302 -42.346 -39
    endloop
  endfacet
  facet normal 0 0 1
    outer loop
      vertex -5.15 -24.9661 -19
      vertex -7.40226 -24.402 -19
      vertex -5.15 -29 -19
    endloop
  endfacet
  facet normal -0 0 1
    outer loop
      vertex -5.15 -29 -19
      vertex 0 -42.15 -19
      vertex 0 -29 -19
    endloop
  endfacet
  facet normal 0 -0 1
    outer loop
      vertex -2 -44.15 -19
      vertex 0 -42.15 -19
      vertex -5.15 -29 -19
    endloop
  endfacet
  facet normal 0 0 1
    outer loop
      vertex 0 -42.15 -19
      vertex -2 -44.15 -19
      vertex -0.0096302 -42.346 -19
    endloop
  endfacet
  facet normal 0 0 1
    outer loop
      vertex -0.0096302 -42.346 -19
      vertex -2 -44.15 -19
      vertex -0.0384293 -42.5402 -19
    endloop
  endfacet
  facet normal 0 0 1
    outer loop
      vertex -0.0384293 -42.5402 -19
      vertex -2 -44.15 -19
      vertex -0.0861197 -42.7306 -19
    endloop
  endfacet
  facet normal 0 0 1
    outer loop
      vertex -0.0861197 -42.7306 -19
      vertex -2 -44.15 -19
      vertex -0.152241 -42.9154 -19
    endloop
  endfacet
  facet normal 0 0 1
    outer loop
      vertex -0.152241 -42.9154 -19
      vertex -2 -44.15 -19
      vertex -0.236157 -43.0928 -19
    endloop
  endfacet
  facet normal 0 0 1
    outer loop
      vertex -0.236157 -43.0928 -19
      vertex -2 -44.15 -19
      vertex -0.337061 -43.2611 -19
    endloop
  endfacet
  facet normal 0 0 1
    outer loop
      vertex -0.337061 -43.2611 -19
      vertex -2 -44.15 -19
      vertex -0.453979 -43.4188 -19
    endloop
  endfacet
  facet normal 0 0 1
    outer loop
      vertex -0.453979 -43.4188 -19
      vertex -2 -44.15 -19
      vertex -0.585787 -43.5642 -19
    endloop
  endfacet
  facet normal 0 0 1
    outer loop
      vertex -0.585787 -43.5642 -19
      vertex -2 -44.15 -19
      vertex -0.731214 -43.696 -19
    endloop
  endfacet
  facet normal 0 0 1
    outer loop
      vertex -0.731214 -43.696 -19
      vertex -2 -44.15 -19
      vertex -0.88886 -43.8129 -19
    endloop
  endfacet
  facet normal 0 0 1
    outer loop
      vertex -0.88886 -43.8129 -19
      vertex -2 -44.15 -19
      vertex -1.05721 -43.9138 -19
    endloop
  endfacet
  facet normal 0 0 1
    outer loop
      vertex -1.05721 -43.9138 -19
      vertex -2 -44.15 -19
      vertex -1.23463 -43.9978 -19
    endloop
  endfacet
  facet normal 0 0 1
    outer loop
      vertex -1.41943 -44.0639 -19
      vertex -2 -44.15 -19
      vertex -1.60982 -44.1116 -19
    endloop
  endfacet
  facet normal 0 0 1
    outer loop
      vertex -1.60982 -44.1116 -19
      vertex -2 -44.15 -19
      vertex -1.80397 -44.1404 -19
    endloop
  endfacet
  facet normal 0 0 1
    outer loop
      vertex -1.23463 -43.9978 -19
      vertex -2 -44.15 -19
      vertex -1.41943 -44.0639 -19
    endloop
  endfacet
  facet normal 0 0 1
    outer loop
      vertex -8.94493 -23.85 -19
      vertex -5.15 -29 -19
      vertex -7.40226 -24.402 -19
    endloop
  endfacet
  facet normal -0 0 1
    outer loop
      vertex -20.3 -25.85 -19
      vertex -5.15 -29 -19
      vertex -8.94493 -23.85 -19
    endloop
  endfacet
  facet normal 0 0 1
    outer loop
      vertex -20.3 -25.85 -19
      vertex -8.94493 -23.85 -19
      vertex -18.3 -23.85 -19
    endloop
  endfacet
  facet normal 0 0 1
    outer loop
      vertex -5.15 -29 -19
      vertex -18.3 -44.15 -19
      vertex -2 -44.15 -19
    endloop
  endfacet
  facet normal 0 0 1
    outer loop
      vertex -20.3 -25.85 -19
      vertex -18.3 -23.85 -19
      vertex -18.496 -23.8596 -19
    endloop
  endfacet
  facet normal 0 0 1
    outer loop
      vertex -5.15 -29 -19
      vertex -20.3 -25.85 -19
      vertex -20.3 -42.15 -19
    endloop
  endfacet
  facet normal 0 0 1
    outer loop
      vertex -20.3 -25.85 -19
      vertex -18.496 -23.8596 -19
      vertex -18.6902 -23.8884 -19
    endloop
  endfacet
  facet normal 0 0 1
    outer loop
      vertex -5.15 -29 -19
      vertex -20.3 -42.15 -19
      vertex -18.3 -44.15 -19
    endloop
  endfacet
  facet normal 0 0 1
    outer loop
      vertex -20.3 -25.85 -19
      vertex -18.6902 -23.8884 -19
      vertex -18.8806 -23.9361 -19
    endloop
  endfacet
  facet normal 0 0 1
    outer loop
      vertex -18.3 -44.15 -19
      vertex -20.3 -42.15 -19
      vertex -18.496 -44.1404 -19
    endloop
  endfacet
  facet normal 0 0 1
    outer loop
      vertex -20.3 -25.85 -19
      vertex -18.8806 -23.9361 -19
      vertex -19.0654 -24.0022 -19
    endloop
  endfacet
  facet normal 0 0 1
    outer loop
      vertex -18.496 -44.1404 -19
      vertex -20.3 -42.15 -19
      vertex -18.6902 -44.1116 -19
    endloop
  endfacet
  facet normal 0 0 1
    outer loop
      vertex -20.3 -25.85 -19
      vertex -19.0654 -24.0022 -19
      vertex -19.2428 -24.0862 -19
    endloop
  endfacet
  facet normal 0 0 1
    outer loop
      vertex -18.6902 -44.1116 -19
      vertex -20.3 -42.15 -19
      vertex -18.8806 -44.0639 -19
    endloop
  endfacet
  facet normal 0 0 1
    outer loop
      vertex -20.3 -25.85 -19
      vertex -19.2428 -24.0862 -19
      vertex -19.4111 -24.1871 -19
    endloop
  endfacet
  facet normal 0 0 1
    outer loop
      vertex -18.8806 -44.0639 -19
      vertex -20.3 -42.15 -19
      vertex -19.0654 -43.9978 -19
    endloop
  endfacet
  facet normal 0 0 1
    outer loop
      vertex -20.3 -25.85 -19
      vertex -19.4111 -24.1871 -19
      vertex -19.5688 -24.304 -19
    endloop
  endfacet
  facet normal 0 0 1
    outer loop
      vertex -19.0654 -43.9978 -19
      vertex -20.3 -42.15 -19
      vertex -19.2428 -43.9138 -19
    endloop
  endfacet
  facet normal 0 0 1
    outer loop
      vertex -20.3 -25.85 -19
      vertex -19.5688 -24.304 -19
      vertex -19.7142 -24.4358 -19
    endloop
  endfacet
  facet normal 0 0 1
    outer loop
      vertex -19.2428 -43.9138 -19
      vertex -20.3 -42.15 -19
      vertex -19.4111 -43.8129 -19
    endloop
  endfacet
  facet normal 0 0 1
    outer loop
      vertex -20.3 -25.85 -19
      vertex -19.7142 -24.4358 -19
      vertex -19.846 -24.5812 -19
    endloop
  endfacet
  facet normal 0 0 1
    outer loop
      vertex -19.4111 -43.8129 -19
      vertex -20.3 -42.15 -19
      vertex -19.5688 -43.696 -19
    endloop
  endfacet
  facet normal 0 0 1
    outer loop
      vertex -20.3 -25.85 -19
      vertex -19.846 -24.5812 -19
      vertex -19.9629 -24.7389 -19
    endloop
  endfacet
  facet normal 0 0 1
    outer loop
      vertex -19.5688 -43.696 -19
      vertex -20.3 -42.15 -19
      vertex -19.7142 -43.5642 -19
    endloop
  endfacet
  facet normal 0 0 1
    outer loop
      vertex -20.3 -25.85 -19
      vertex -19.9629 -24.7389 -19
      vertex -20.0638 -24.9072 -19
    endloop
  endfacet
  facet normal 0 0 1
    outer loop
      vertex -19.7142 -43.5642 -19
      vertex -20.3 -42.15 -19
      vertex -19.846 -43.4188 -19
    endloop
  endfacet
  facet normal 0 0 1
    outer loop
      vertex -20.3 -25.85 -19
      vertex -20.0638 -24.9072 -19
      vertex -20.1478 -25.0846 -19
    endloop
  endfacet
  facet normal 0 0 1
    outer loop
      vertex -19.846 -43.4188 -19
      vertex -20.3 -42.15 -19
      vertex -19.9629 -43.2611 -19
    endloop
  endfacet
  facet normal 0 0 1
    outer loop
      vertex -20.3 -25.85 -19
      vertex -20.1478 -25.0846 -19
      vertex -20.2139 -25.2694 -19
    endloop
  endfacet
  facet normal 0 0 1
    outer loop
      vertex -19.9629 -43.2611 -19
      vertex -20.3 -42.15 -19
      vertex -20.0638 -43.0928 -19
    endloop
  endfacet
  facet normal 0 0 1
    outer loop
      vertex -20.3 -25.85 -19
      vertex -20.2139 -25.2694 -19
      vertex -20.2616 -25.4598 -19
    endloop
  endfacet
  facet normal 0 0 1
    outer loop
      vertex -20.0638 -43.0928 -19
      vertex -20.3 -42.15 -19
      vertex -20.1478 -42.9154 -19
    endloop
  endfacet
  facet normal 0 0 1
    outer loop
      vertex -20.3 -25.85 -19
      vertex -20.2616 -25.4598 -19
      vertex -20.2904 -25.654 -19
    endloop
  endfacet
  facet normal 0 0 1
    outer loop
      vertex -20.1478 -42.9154 -19
      vertex -20.3 -42.15 -19
      vertex -20.2139 -42.7306 -19
    endloop
  endfacet
  facet normal 0 0 1
    outer loop
      vertex -20.2139 -42.7306 -19
      vertex -20.3 -42.15 -19
      vertex -20.2616 -42.5402 -19
    endloop
  endfacet
  facet normal 0 0 1
    outer loop
      vertex -20.2616 -42.5402 -19
      vertex -20.3 -42.15 -19
      vertex -20.2904 -42.346 -19
    endloop
  endfacet
  facet normal -0.671607 0.740908 0
    outer loop
      vertex -19.5688 -24.304 -39
      vertex -19.7142 -24.4358 -19
      vertex -19.5688 -24.304 -19
    endloop
  endfacet
  facet normal -0.671607 0.740908 0
    outer loop
      vertex -19.7142 -24.4358 -19
      vertex -19.5688 -24.304 -39
      vertex -19.7142 -24.4358 -39
    endloop
  endfacet
  facet normal -1 0 0
    outer loop
      vertex -20.3 -42.15 -39
      vertex -20.3 -25.85 -19
      vertex -20.3 -25.85 -39
    endloop
  endfacet
  facet normal -1 -0 0
    outer loop
      vertex -20.3 -25.85 -19
      vertex -20.3 -42.15 -39
      vertex -20.3 -42.15 -19
    endloop
  endfacet
  facet normal 0.941546 -0.336884 0
    outer loop
      vertex -0.152241 -42.9154 -19
      vertex -0.0861197 -42.7306 -39
      vertex -0.0861197 -42.7306 -19
    endloop
  endfacet
  facet normal 0.941546 -0.336884 0
    outer loop
      vertex -0.0861197 -42.7306 -39
      vertex -0.152241 -42.9154 -19
      vertex -0.152241 -42.9154 -39
    endloop
  endfacet
  facet normal 0 1 0
    outer loop
      vertex -8.94493 -23.85 -31.3
      vertex -8.94493 -23.85 -39
      vertex -10.15 -23.85 -31.3
    endloop
  endfacet
  facet normal 0 1 0
    outer loop
      vertex -10.15 -23.85 -30.6
      vertex -10.15 -23.85 -31.3
      vertex -10.17 -23.85 -30.6
    endloop
  endfacet
  facet normal 0 1 0
    outer loop
      vertex -10.15 -23.85 -26.7
      vertex -8.94493 -23.85 -19
      vertex -8.94493 -23.85 -26.7
    endloop
  endfacet
  facet normal 0 1 0
    outer loop
      vertex -8.94493 -23.85 -19
      vertex -10.15 -23.85 -26.7
      vertex -18.3 -23.85 -19
    endloop
  endfacet
  facet normal 0 1 0
    outer loop
      vertex -10.17 -23.85 -27.4
      vertex -10.15 -23.85 -26.7
      vertex -10.15 -23.85 -27.4
    endloop
  endfacet
  facet normal 0 1 0
    outer loop
      vertex -10.15 -23.85 -26.7
      vertex -10.17 -23.85 -27.4
      vertex -18.3 -23.85 -19
    endloop
  endfacet
  facet normal 0 1 -0
    outer loop
      vertex -10.17 -23.85 -30.6
      vertex -18.3 -23.85 -19
      vertex -10.17 -23.85 -27.4
    endloop
  endfacet
  facet normal 0 1 0
    outer loop
      vertex -18.3 -23.85 -39
      vertex -10.17 -23.85 -30.6
      vertex -10.15 -23.85 -31.3
    endloop
  endfacet
  facet normal 0 1 0
    outer loop
      vertex -18.3 -23.85 -39
      vertex -10.15 -23.85 -31.3
      vertex -8.94493 -23.85 -39
    endloop
  endfacet
  facet normal 0 1 0
    outer loop
      vertex -10.17 -23.85 -30.6
      vertex -18.3 -23.85 -39
      vertex -18.3 -23.85 -19
    endloop
  endfacet
  facet normal 1 -0 0
    outer loop
      vertex 0 -42.15 -19
      vertex 0 -29 -39
      vertex 0 -29 -19
    endloop
  endfacet
  facet normal 1 0 0
    outer loop
      vertex 0 -29 -39
      vertex 0 -42.15 -19
      vertex 0 -42.15 -39
    endloop
  endfacet
  facet normal -0.989182 -0.146696 0
    outer loop
      vertex -20.2616 -42.5402 -39
      vertex -20.2904 -42.346 -19
      vertex -20.2904 -42.346 -39
    endloop
  endfacet
  facet normal -0.989182 -0.146696 0
    outer loop
      vertex -20.2904 -42.346 -19
      vertex -20.2616 -42.5402 -39
      vertex -20.2616 -42.5402 -19
    endloop
  endfacet
  facet normal -0.998803 0.0489209 0
    outer loop
      vertex -20.3 -25.85 -39
      vertex -20.2904 -25.654 -19
      vertex -20.2904 -25.654 -39
    endloop
  endfacet
  facet normal -0.998803 0.0489209 0
    outer loop
      vertex -20.2904 -25.654 -19
      vertex -20.3 -25.85 -39
      vertex -20.3 -25.85 -19
    endloop
  endfacet
  facet normal 0 0 -1
    outer loop
      vertex -2 -44.15 -39
      vertex 0 -42.15 -39
      vertex -0.0096302 -42.346 -39
    endloop
  endfacet
  facet normal 0 0 -1
    outer loop
      vertex -2 -44.15 -39
      vertex -0.0096302 -42.346 -39
      vertex -0.0384293 -42.5402 -39
    endloop
  endfacet
  facet normal 0 0 -1
    outer loop
      vertex -2 -44.15 -39
      vertex -0.0384293 -42.5402 -39
      vertex -0.0861197 -42.7306 -39
    endloop
  endfacet
  facet normal 0 0 -1
    outer loop
      vertex -2 -44.15 -39
      vertex -0.0861197 -42.7306 -39
      vertex -0.152241 -42.9154 -39
    endloop
  endfacet
  facet normal 0 0 -1
    outer loop
      vertex -2 -44.15 -39
      vertex -0.152241 -42.9154 -39
      vertex -0.236157 -43.0928 -39
    endloop
  endfacet
  facet normal 0 0 -1
    outer loop
      vertex -2 -44.15 -39
      vertex -0.236157 -43.0928 -39
      vertex -0.337061 -43.2611 -39
    endloop
  endfacet
  facet normal 0 0 -1
    outer loop
      vertex -2 -44.15 -39
      vertex -0.337061 -43.2611 -39
      vertex -0.453979 -43.4188 -39
    endloop
  endfacet
  facet normal 0 0 -1
    outer loop
      vertex -2 -44.15 -39
      vertex -0.453979 -43.4188 -39
      vertex -0.585787 -43.5642 -39
    endloop
  endfacet
  facet normal 0 0 -1
    outer loop
      vertex -2 -44.15 -39
      vertex -0.585787 -43.5642 -39
      vertex -0.731214 -43.696 -39
    endloop
  endfacet
  facet normal 0 0 -1
    outer loop
      vertex -2 -44.15 -39
      vertex -0.731214 -43.696 -39
      vertex -0.88886 -43.8129 -39
    endloop
  endfacet
  facet normal 0 0 -1
    outer loop
      vertex -2 -44.15 -39
      vertex -0.88886 -43.8129 -39
      vertex -1.05721 -43.9138 -39
    endloop
  endfacet
  facet normal 0 0 -1
    outer loop
      vertex -2 -44.15 -39
      vertex -1.05721 -43.9138 -39
      vertex -1.23463 -43.9978 -39
    endloop
  endfacet
  facet normal 0 0 -1
    outer loop
      vertex -2 -44.15 -39
      vertex -1.23463 -43.9978 -39
      vertex -1.41943 -44.0639 -39
    endloop
  endfacet
  facet normal 0 0 -1
    outer loop
      vertex -2 -44.15 -39
      vertex -1.41943 -44.0639 -39
      vertex -1.60982 -44.1116 -39
    endloop
  endfacet
  facet normal 0 0 -1
    outer loop
      vertex -2 -44.15 -39
      vertex -1.60982 -44.1116 -39
      vertex -1.80397 -44.1404 -39
    endloop
  endfacet
  facet normal -0 0 -1
    outer loop
      vertex 0 -42.15 -39
      vertex -2 -44.15 -39
      vertex -5.15 -29 -39
    endloop
  endfacet
  facet normal 0 0 -1
    outer loop
      vertex 0 -42.15 -39
      vertex -5.15 -29 -39
      vertex 0 -29 -39
    endloop
  endfacet
  facet normal 0 0 -1
    outer loop
      vertex -5.15 -29 -39
      vertex -7.40226 -24.402 -39
      vertex -5.15 -24.9661 -39
    endloop
  endfacet
  facet normal 0 0 -1
    outer loop
      vertex -18.3 -44.15 -39
      vertex -5.15 -29 -39
      vertex -2 -44.15 -39
    endloop
  endfacet
  facet normal 0 0 -1
    outer loop
      vertex -20.3 -42.15 -39
      vertex -5.15 -29 -39
      vertex -18.3 -44.15 -39
    endloop
  endfacet
  facet normal 0 0 -1
    outer loop
      vertex -20.3 -25.85 -39
      vertex -5.15 -29 -39
      vertex -20.3 -42.15 -39
    endloop
  endfacet
  facet normal 0 0 -1
    outer loop
      vertex -5.15 -29 -39
      vertex -8.94493 -23.85 -39
      vertex -7.40226 -24.402 -39
    endloop
  endfacet
  facet normal 0 0 -1
    outer loop
      vertex -20.3 -42.15 -39
      vertex -18.3 -44.15 -39
      vertex -18.496 -44.1404 -39
    endloop
  endfacet
  facet normal 0 0 -1
    outer loop
      vertex -5.15 -29 -39
      vertex -20.3 -25.85 -39
      vertex -8.94493 -23.85 -39
    endloop
  endfacet
  facet normal 0 0 -1
    outer loop
      vertex -20.3 -42.15 -39
      vertex -18.496 -44.1404 -39
      vertex -18.6902 -44.1116 -39
    endloop
  endfacet
  facet normal -0 0 -1
    outer loop
      vertex -8.94493 -23.85 -39
      vertex -20.3 -25.85 -39
      vertex -18.3 -23.85 -39
    endloop
  endfacet
  facet normal 0 0 -1
    outer loop
      vertex -20.3 -42.15 -39
      vertex -18.6902 -44.1116 -39
      vertex -18.8806 -44.0639 -39
    endloop
  endfacet
  facet normal 0 0 -1
    outer loop
      vertex -18.3 -23.85 -39
      vertex -20.3 -25.85 -39
      vertex -18.496 -23.8596 -39
    endloop
  endfacet
  facet normal 0 0 -1
    outer loop
      vertex -20.3 -42.15 -39
      vertex -18.8806 -44.0639 -39
      vertex -19.0654 -43.9978 -39
    endloop
  endfacet
  facet normal 0 0 -1
    outer loop
      vertex -18.496 -23.8596 -39
      vertex -20.3 -25.85 -39
      vertex -18.6902 -23.8884 -39
    endloop
  endfacet
  facet normal 0 0 -1
    outer loop
      vertex -20.3 -42.15 -39
      vertex -19.0654 -43.9978 -39
      vertex -19.2428 -43.9138 -39
    endloop
  endfacet
  facet normal 0 0 -1
    outer loop
      vertex -18.6902 -23.8884 -39
      vertex -20.3 -25.85 -39
      vertex -18.8806 -23.9361 -39
    endloop
  endfacet
  facet normal 0 0 -1
    outer loop
      vertex -20.3 -42.15 -39
      vertex -19.2428 -43.9138 -39
      vertex -19.4111 -43.8129 -39
    endloop
  endfacet
  facet normal 0 0 -1
    outer loop
      vertex -18.8806 -23.9361 -39
      vertex -20.3 -25.85 -39
      vertex -19.0654 -24.0022 -39
    endloop
  endfacet
  facet normal 0 0 -1
    outer loop
      vertex -20.3 -42.15 -39
      vertex -19.4111 -43.8129 -39
      vertex -19.5688 -43.696 -39
    endloop
  endfacet
  facet normal 0 0 -1
    outer loop
      vertex -19.0654 -24.0022 -39
      vertex -20.3 -25.85 -39
      vertex -19.2428 -24.0862 -39
    endloop
  endfacet
  facet normal 0 0 -1
    outer loop
      vertex -20.3 -42.15 -39
      vertex -19.5688 -43.696 -39
      vertex -19.7142 -43.5642 -39
    endloop
  endfacet
  facet normal 0 0 -1
    outer loop
      vertex -19.2428 -24.0862 -39
      vertex -20.3 -25.85 -39
      vertex -19.4111 -24.1871 -39
    endloop
  endfacet
  facet normal 0 0 -1
    outer loop
      vertex -20.3 -42.15 -39
      vertex -19.7142 -43.5642 -39
      vertex -19.846 -43.4188 -39
    endloop
  endfacet
  facet normal 0 0 -1
    outer loop
      vertex -19.4111 -24.1871 -39
      vertex -20.3 -25.85 -39
      vertex -19.5688 -24.304 -39
    endloop
  endfacet
  facet normal 0 0 -1
    outer loop
      vertex -20.3 -42.15 -39
      vertex -19.846 -43.4188 -39
      vertex -19.9629 -43.2611 -39
    endloop
  endfacet
  facet normal 0 0 -1
    outer loop
      vertex -19.5688 -24.304 -39
      vertex -20.3 -25.85 -39
      vertex -19.7142 -24.4358 -39
    endloop
  endfacet
  facet normal 0 0 -1
    outer loop
      vertex -20.3 -42.15 -39
      vertex -19.9629 -43.2611 -39
      vertex -20.0638 -43.0928 -39
    endloop
  endfacet
  facet normal 0 0 -1
    outer loop
      vertex -19.7142 -24.4358 -39
      vertex -20.3 -25.85 -39
      vertex -19.846 -24.5812 -39
    endloop
  endfacet
  facet normal 0 0 -1
    outer loop
      vertex -20.3 -42.15 -39
      vertex -20.0638 -43.0928 -39
      vertex -20.1478 -42.9154 -39
    endloop
  endfacet
  facet normal 0 0 -1
    outer loop
      vertex -19.846 -24.5812 -39
      vertex -20.3 -25.85 -39
      vertex -19.9629 -24.7389 -39
    endloop
  endfacet
  facet normal 0 0 -1
    outer loop
      vertex -20.3 -42.15 -39
      vertex -20.1478 -42.9154 -39
      vertex -20.2139 -42.7306 -39
    endloop
  endfacet
  facet normal 0 0 -1
    outer loop
      vertex -19.9629 -24.7389 -39
      vertex -20.3 -25.85 -39
      vertex -20.0638 -24.9072 -39
    endloop
  endfacet
  facet normal 0 0 -1
    outer loop
      vertex -20.3 -42.15 -39
      vertex -20.2139 -42.7306 -39
      vertex -20.2616 -42.5402 -39
    endloop
  endfacet
  facet normal 0 0 -1
    outer loop
      vertex -20.0638 -24.9072 -39
      vertex -20.3 -25.85 -39
      vertex -20.1478 -25.0846 -39
    endloop
  endfacet
  facet normal 0 0 -1
    outer loop
      vertex -20.3 -42.15 -39
      vertex -20.2616 -42.5402 -39
      vertex -20.2904 -42.346 -39
    endloop
  endfacet
  facet normal 0 0 -1
    outer loop
      vertex -20.1478 -25.0846 -39
      vertex -20.3 -25.85 -39
      vertex -20.2139 -25.2694 -39
    endloop
  endfacet
  facet normal 0 0 -1
    outer loop
      vertex -20.2139 -25.2694 -39
      vertex -20.3 -25.85 -39
      vertex -20.2616 -25.4598 -39
    endloop
  endfacet
  facet normal 0 0 -1
    outer loop
      vertex -20.2616 -25.4598 -39
      vertex -20.3 -25.85 -39
      vertex -20.2904 -25.654 -39
    endloop
  endfacet
  facet normal -0.998803 -0.0489209 0
    outer loop
      vertex -20.2904 -42.346 -39
      vertex -20.3 -42.15 -19
      vertex -20.3 -42.15 -39
    endloop
  endfacet
  facet normal -0.998803 -0.0489209 0
    outer loop
      vertex -20.3 -42.15 -19
      vertex -20.2904 -42.346 -39
      vertex -20.2904 -42.346 -19
    endloop
  endfacet
  facet normal 0.0489135 -0.998803 0
    outer loop
      vertex -2 -44.15 -39
      vertex -1.80397 -44.1404 -19
      vertex -2 -44.15 -19
    endloop
  endfacet
  facet normal 0.0489135 -0.998803 0
    outer loop
      vertex -1.80397 -44.1404 -19
      vertex -2 -44.15 -39
      vertex -1.80397 -44.1404 -39
    endloop
  endfacet
  facet normal -0.0489209 -0.998803 0
    outer loop
      vertex -18.496 -44.1404 -39
      vertex -18.3 -44.15 -19
      vertex -18.496 -44.1404 -19
    endloop
  endfacet
  facet normal -0.0489209 -0.998803 -0
    outer loop
      vertex -18.3 -44.15 -19
      vertex -18.496 -44.1404 -39
      vertex -18.3 -44.15 -39
    endloop
  endfacet
  facet normal -0.80335 0.595508 0
    outer loop
      vertex -19.9629 -24.7389 -39
      vertex -19.846 -24.5812 -19
      vertex -19.846 -24.5812 -39
    endloop
  endfacet
  facet normal -0.80335 0.595508 0
    outer loop
      vertex -19.846 -24.5812 -19
      vertex -19.9629 -24.7389 -39
      vertex -19.9629 -24.7389 -19
    endloop
  endfacet
  facet normal -0.740908 0.671607 0
    outer loop
      vertex -19.846 -24.5812 -39
      vertex -19.7142 -24.4358 -19
      vertex -19.7142 -24.4358 -39
    endloop
  endfacet
  facet normal -0.740908 0.671607 0
    outer loop
      vertex -19.7142 -24.4358 -19
      vertex -19.846 -24.5812 -39
      vertex -19.846 -24.5812 -19
    endloop
  endfacet
  facet normal -0.989182 0.146696 0
    outer loop
      vertex -20.2904 -25.654 -39
      vertex -20.2616 -25.4598 -19
      vertex -20.2616 -25.4598 -39
    endloop
  endfacet
  facet normal -0.989182 0.146696 0
    outer loop
      vertex -20.2616 -25.4598 -19
      vertex -20.2904 -25.654 -39
      vertex -20.2904 -25.654 -19
    endloop
  endfacet
  facet normal -0.970023 0.243015 0
    outer loop
      vertex -20.2616 -25.4598 -39
      vertex -20.2139 -25.2694 -19
      vertex -20.2139 -25.2694 -39
    endloop
  endfacet
  facet normal -0.970023 0.243015 0
    outer loop
      vertex -20.2139 -25.2694 -19
      vertex -20.2616 -25.4598 -39
      vertex -20.2616 -25.4598 -19
    endloop
  endfacet
  facet normal 0.671538 -0.74097 0
    outer loop
      vertex -0.731214 -43.696 -39
      vertex -0.585787 -43.5642 -19
      vertex -0.731214 -43.696 -19
    endloop
  endfacet
  facet normal 0.671538 -0.74097 0
    outer loop
      vertex -0.585787 -43.5642 -19
      vertex -0.731214 -43.696 -39
      vertex -0.585787 -43.5642 -39
    endloop
  endfacet
  facet normal 0 -1 0
    outer loop
      vertex -18.3 -44.15 -39
      vertex -2 -44.15 -19
      vertex -18.3 -44.15 -19
    endloop
  endfacet
  facet normal 0 -1 -0
    outer loop
      vertex -2 -44.15 -19
      vertex -18.3 -44.15 -39
      vertex -2 -44.15 -39
    endloop
  endfacet
  facet normal 0.740887 -0.671629 0
    outer loop
      vertex -0.585787 -43.5642 -19
      vertex -0.453979 -43.4188 -39
      vertex -0.453979 -43.4188 -19
    endloop
  endfacet
  facet normal 0.740887 -0.671629 0
    outer loop
      vertex -0.453979 -43.4188 -39
      vertex -0.585787 -43.5642 -19
      vertex -0.585787 -43.5642 -39
    endloop
  endfacet
  facet normal 0.857664 -0.514211 0
    outer loop
      vertex -0.337061 -43.2611 -19
      vertex -0.236157 -43.0928 -39
      vertex -0.236157 -43.0928 -19
    endloop
  endfacet
  facet normal 0.857664 -0.514211 0
    outer loop
      vertex -0.236157 -43.0928 -39
      vertex -0.337061 -43.2611 -19
      vertex -0.337061 -43.2611 -39
    endloop
  endfacet
  facet normal 0.989182 -0.146692 0
    outer loop
      vertex -0.0384293 -42.5402 -19
      vertex -0.0096302 -42.346 -39
      vertex -0.0096302 -42.346 -19
    endloop
  endfacet
  facet normal 0.989182 -0.146692 0
    outer loop
      vertex -0.0096302 -42.346 -39
      vertex -0.0384293 -42.5402 -19
      vertex -0.0384293 -42.5402 -39
    endloop
  endfacet
  facet normal -0.857673 0.514196 0
    outer loop
      vertex -20.0638 -24.9072 -39
      vertex -19.9629 -24.7389 -19
      vertex -19.9629 -24.7389 -39
    endloop
  endfacet
  facet normal -0.857673 0.514196 0
    outer loop
      vertex -19.9629 -24.7389 -19
      vertex -20.0638 -24.9072 -39
      vertex -20.0638 -24.9072 -19
    endloop
  endfacet
  facet normal -0.9038 0.427955 0
    outer loop
      vertex -20.1478 -25.0846 -39
      vertex -20.0638 -24.9072 -19
      vertex -20.0638 -24.9072 -39
    endloop
  endfacet
  facet normal -0.9038 0.427955 0
    outer loop
      vertex -20.0638 -24.9072 -19
      vertex -20.1478 -25.0846 -39
      vertex -20.1478 -25.0846 -19
    endloop
  endfacet
  facet normal 0.595639 -0.803252 0
    outer loop
      vertex -0.88886 -43.8129 -39
      vertex -0.731214 -43.696 -19
      vertex -0.88886 -43.8129 -19
    endloop
  endfacet
  facet normal 0.595639 -0.803252 0
    outer loop
      vertex -0.731214 -43.696 -19
      vertex -0.88886 -43.8129 -39
      vertex -0.731214 -43.696 -39
    endloop
  endfacet
  facet normal -0.595508 -0.80335 0
    outer loop
      vertex -19.5688 -43.696 -39
      vertex -19.4111 -43.8129 -19
      vertex -19.5688 -43.696 -19
    endloop
  endfacet
  facet normal -0.595508 -0.80335 -0
    outer loop
      vertex -19.4111 -43.8129 -19
      vertex -19.5688 -43.696 -39
      vertex -19.4111 -43.8129 -39
    endloop
  endfacet
  facet normal -0.9038 -0.427955 0
    outer loop
      vertex -20.0638 -43.0928 -39
      vertex -20.1478 -42.9154 -19
      vertex -20.1478 -42.9154 -39
    endloop
  endfacet
  facet normal -0.9038 -0.427955 0
    outer loop
      vertex -20.1478 -42.9154 -19
      vertex -20.0638 -43.0928 -39
      vertex -20.0638 -43.0928 -19
    endloop
  endfacet
  facet normal -0.970023 -0.243015 0
    outer loop
      vertex -20.2139 -42.7306 -39
      vertex -20.2616 -42.5402 -19
      vertex -20.2616 -42.5402 -39
    endloop
  endfacet
  facet normal -0.970023 -0.243015 0
    outer loop
      vertex -20.2616 -42.5402 -19
      vertex -20.2139 -42.7306 -39
      vertex -20.2139 -42.7306 -19
    endloop
  endfacet
  facet normal -0.740908 -0.671607 0
    outer loop
      vertex -19.7142 -43.5642 -39
      vertex -19.846 -43.4188 -19
      vertex -19.846 -43.4188 -39
    endloop
  endfacet
  facet normal -0.740908 -0.671607 0
    outer loop
      vertex -19.846 -43.4188 -19
      vertex -19.7142 -43.5642 -39
      vertex -19.7142 -43.5642 -19
    endloop
  endfacet
  facet normal -0.595508 0.80335 0
    outer loop
      vertex -19.4111 -24.1871 -39
      vertex -19.5688 -24.304 -19
      vertex -19.4111 -24.1871 -19
    endloop
  endfacet
  facet normal -0.595508 0.80335 0
    outer loop
      vertex -19.5688 -24.304 -19
      vertex -19.4111 -24.1871 -39
      vertex -19.5688 -24.304 -39
    endloop
  endfacet
  facet normal -0.243015 0.970023 0
    outer loop
      vertex -18.6902 -23.8884 -39
      vertex -18.8806 -23.9361 -19
      vertex -18.6902 -23.8884 -19
    endloop
  endfacet
  facet normal -0.243015 0.970023 0
    outer loop
      vertex -18.8806 -23.9361 -19
      vertex -18.6902 -23.8884 -39
      vertex -18.8806 -23.9361 -39
    endloop
  endfacet
  facet normal -0.427955 0.9038 0
    outer loop
      vertex -19.0654 -24.0022 -39
      vertex -19.2428 -24.0862 -19
      vertex -19.0654 -24.0022 -19
    endloop
  endfacet
  facet normal -0.427955 0.9038 0
    outer loop
      vertex -19.2428 -24.0862 -19
      vertex -19.0654 -24.0022 -39
      vertex -19.2428 -24.0862 -39
    endloop
  endfacet
  facet normal -0.0489209 0.998803 0
    outer loop
      vertex -18.3 -23.85 -39
      vertex -18.496 -23.8596 -19
      vertex -18.3 -23.85 -19
    endloop
  endfacet
  facet normal -0.0489209 0.998803 0
    outer loop
      vertex -18.496 -23.8596 -19
      vertex -18.3 -23.85 -39
      vertex -18.496 -23.8596 -39
    endloop
  endfacet
  facet normal 0.803306 -0.595567 0
    outer loop
      vertex -0.453979 -43.4188 -19
      vertex -0.337061 -43.2611 -39
      vertex -0.337061 -43.2611 -19
    endloop
  endfacet
  facet normal 0.803306 -0.595567 0
    outer loop
      vertex -0.337061 -43.2611 -39
      vertex -0.453979 -43.4188 -19
      vertex -0.453979 -43.4188 -39
    endloop
  endfacet
  facet normal 0.903966 -0.427605 0
    outer loop
      vertex -0.236157 -43.0928 -19
      vertex -0.152241 -42.9154 -39
      vertex -0.152241 -42.9154 -19
    endloop
  endfacet
  facet normal 0.903966 -0.427605 0
    outer loop
      vertex -0.152241 -42.9154 -39
      vertex -0.236157 -43.0928 -19
      vertex -0.236157 -43.0928 -39
    endloop
  endfacet
  facet normal 0.970034 -0.242969 0
    outer loop
      vertex -0.0861197 -42.7306 -19
      vertex -0.0384293 -42.5402 -39
      vertex -0.0384293 -42.5402 -19
    endloop
  endfacet
  facet normal 0.970034 -0.242969 0
    outer loop
      vertex -0.0384293 -42.5402 -39
      vertex -0.0861197 -42.7306 -19
      vertex -0.0861197 -42.7306 -39
    endloop
  endfacet
  facet normal -0.94158 0.336788 0
    outer loop
      vertex -20.2139 -25.2694 -39
      vertex -20.1478 -25.0846 -19
      vertex -20.1478 -25.0846 -39
    endloop
  endfacet
  facet normal -0.94158 0.336788 0
    outer loop
      vertex -20.1478 -25.0846 -19
      vertex -20.2139 -25.2694 -39
      vertex -20.2139 -25.2694 -19
    endloop
  endfacet
  facet normal 0.514084 -0.85774 0
    outer loop
      vertex -1.05721 -43.9138 -39
      vertex -0.88886 -43.8129 -19
      vertex -1.05721 -43.9138 -19
    endloop
  endfacet
  facet normal 0.514084 -0.85774 0
    outer loop
      vertex -0.88886 -43.8129 -19
      vertex -1.05721 -43.9138 -39
      vertex -0.88886 -43.8129 -39
    endloop
  endfacet
  facet normal 0.146733 -0.989176 0
    outer loop
      vertex -1.80397 -44.1404 -39
      vertex -1.60982 -44.1116 -19
      vertex -1.80397 -44.1404 -19
    endloop
  endfacet
  facet normal 0.146733 -0.989176 0
    outer loop
      vertex -1.60982 -44.1116 -19
      vertex -1.80397 -44.1404 -39
      vertex -1.60982 -44.1116 -39
    endloop
  endfacet
  facet normal 0.336788 -0.94158 0
    outer loop
      vertex -1.41943 -44.0639 -39
      vertex -1.23463 -43.9978 -19
      vertex -1.41943 -44.0639 -19
    endloop
  endfacet
  facet normal 0.336788 -0.94158 0
    outer loop
      vertex -1.23463 -43.9978 -19
      vertex -1.41943 -44.0639 -39
      vertex -1.23463 -43.9978 -39
    endloop
  endfacet
  facet normal 0.243027 -0.970019 0
    outer loop
      vertex -1.60982 -44.1116 -39
      vertex -1.41943 -44.0639 -19
      vertex -1.60982 -44.1116 -19
    endloop
  endfacet
  facet normal 0.243027 -0.970019 0
    outer loop
      vertex -1.41943 -44.0639 -19
      vertex -1.60982 -44.1116 -39
      vertex -1.41943 -44.0639 -39
    endloop
  endfacet
  facet normal 0.427916 -0.903819 0
    outer loop
      vertex -1.23463 -43.9978 -39
      vertex -1.05721 -43.9138 -19
      vertex -1.23463 -43.9978 -19
    endloop
  endfacet
  facet normal 0.427916 -0.903819 0
    outer loop
      vertex -1.05721 -43.9138 -19
      vertex -1.23463 -43.9978 -39
      vertex -1.05721 -43.9138 -39
    endloop
  endfacet
  facet normal -0.146696 -0.989182 0
    outer loop
      vertex -18.6902 -44.1116 -39
      vertex -18.496 -44.1404 -19
      vertex -18.6902 -44.1116 -19
    endloop
  endfacet
  facet normal -0.146696 -0.989182 -0
    outer loop
      vertex -18.496 -44.1404 -19
      vertex -18.6902 -44.1116 -39
      vertex -18.496 -44.1404 -39
    endloop
  endfacet
  facet normal -0.336788 -0.94158 0
    outer loop
      vertex -19.0654 -43.9978 -39
      vertex -18.8806 -44.0639 -19
      vertex -19.0654 -43.9978 -19
    endloop
  endfacet
  facet normal -0.336788 -0.94158 -0
    outer loop
      vertex -18.8806 -44.0639 -19
      vertex -19.0654 -43.9978 -39
      vertex -18.8806 -44.0639 -39
    endloop
  endfacet
  facet normal -0.243015 -0.970023 0
    outer loop
      vertex -18.8806 -44.0639 -39
      vertex -18.6902 -44.1116 -19
      vertex -18.8806 -44.0639 -19
    endloop
  endfacet
  facet normal -0.243015 -0.970023 -0
    outer loop
      vertex -18.6902 -44.1116 -19
      vertex -18.8806 -44.0639 -39
      vertex -18.6902 -44.1116 -39
    endloop
  endfacet
  facet normal -0.427955 -0.9038 0
    outer loop
      vertex -19.2428 -43.9138 -39
      vertex -19.0654 -43.9978 -19
      vertex -19.2428 -43.9138 -19
    endloop
  endfacet
  facet normal -0.427955 -0.9038 -0
    outer loop
      vertex -19.0654 -43.9978 -19
      vertex -19.2428 -43.9138 -39
      vertex -19.0654 -43.9978 -39
    endloop
  endfacet
  facet normal -0.857673 -0.514196 0
    outer loop
      vertex -19.9629 -43.2611 -39
      vertex -20.0638 -43.0928 -19
      vertex -20.0638 -43.0928 -39
    endloop
  endfacet
  facet normal -0.857673 -0.514196 0
    outer loop
      vertex -20.0638 -43.0928 -19
      vertex -19.9629 -43.2611 -39
      vertex -19.9629 -43.2611 -19
    endloop
  endfacet
  facet normal -0.146696 0.989182 0
    outer loop
      vertex -18.496 -23.8596 -39
      vertex -18.6902 -23.8884 -19
      vertex -18.496 -23.8596 -19
    endloop
  endfacet
  facet normal -0.146696 0.989182 0
    outer loop
      vertex -18.6902 -23.8884 -19
      vertex -18.496 -23.8596 -39
      vertex -18.6902 -23.8884 -39
    endloop
  endfacet
  facet normal -0.336788 0.94158 0
    outer loop
      vertex -18.8806 -23.9361 -39
      vertex -19.0654 -24.0022 -19
      vertex -18.8806 -23.9361 -19
    endloop
  endfacet
  facet normal -0.336788 0.94158 0
    outer loop
      vertex -19.0654 -24.0022 -19
      vertex -18.8806 -23.9361 -39
      vertex -19.0654 -24.0022 -39
    endloop
  endfacet
  facet normal -0.514196 -0.857673 0
    outer loop
      vertex -19.4111 -43.8129 -39
      vertex -19.2428 -43.9138 -19
      vertex -19.4111 -43.8129 -19
    endloop
  endfacet
  facet normal -0.514196 -0.857673 -0
    outer loop
      vertex -19.2428 -43.9138 -19
      vertex -19.4111 -43.8129 -39
      vertex -19.2428 -43.9138 -39
    endloop
  endfacet
  facet normal -0.94158 -0.336788 0
    outer loop
      vertex -20.1478 -42.9154 -39
      vertex -20.2139 -42.7306 -19
      vertex -20.2139 -42.7306 -39
    endloop
  endfacet
  facet normal -0.94158 -0.336788 0
    outer loop
      vertex -20.2139 -42.7306 -19
      vertex -20.1478 -42.9154 -39
      vertex -20.1478 -42.9154 -19
    endloop
  endfacet
  facet normal -0.80335 -0.595508 0
    outer loop
      vertex -19.846 -43.4188 -39
      vertex -19.9629 -43.2611 -19
      vertex -19.9629 -43.2611 -39
    endloop
  endfacet
  facet normal -0.80335 -0.595508 0
    outer loop
      vertex -19.9629 -43.2611 -19
      vertex -19.846 -43.4188 -39
      vertex -19.846 -43.4188 -19
    endloop
  endfacet
  facet normal -0.671607 -0.740908 0
    outer loop
      vertex -19.7142 -43.5642 -39
      vertex -19.5688 -43.696 -19
      vertex -19.7142 -43.5642 -19
    endloop
  endfacet
  facet normal -0.671607 -0.740908 -0
    outer loop
      vertex -19.5688 -43.696 -19
      vertex -19.7142 -43.5642 -39
      vertex -19.5688 -43.696 -39
    endloop
  endfacet
  facet normal 0.514213 -0.857662 0
    outer loop
      vertex -0.833355 22.2472 -44
      vertex -0.707094 22.3229 -36.02
      vertex -0.833355 22.2472 -36.02
    endloop
  endfacet
  facet normal 0.514213 -0.857662 0
    outer loop
      vertex -0.707094 22.3229 -36.02
      vertex -0.833355 22.2472 -44
      vertex -0.707094 22.3229 -44
    endloop
  endfacet
  facet normal 0.941548 -0.336879 0
    outer loop
      vertex -1.43541 21.4354 -36.02
      vertex -1.38582 21.574 -44
      vertex -1.38582 21.574 -36.02
    endloop
  endfacet
  facet normal 0.941548 -0.336879 0
    outer loop
      vertex -1.38582 21.574 -44
      vertex -1.43541 21.4354 -36.02
      vertex -1.43541 21.4354 -44
    endloop
  endfacet
  facet normal 0.998796 -0.0490565 0
    outer loop
      vertex -1.5 21 -36.02
      vertex -1.49278 21.147 -44
      vertex -1.49278 21.147 -36.02
    endloop
  endfacet
  facet normal 0.998796 -0.0490565 0
    outer loop
      vertex -1.49278 21.147 -44
      vertex -1.5 21 -36.02
      vertex -1.5 21 -44
    endloop
  endfacet
  facet normal 0.857792 -0.513996 0
    outer loop
      vertex -1.32288 21.7071 -36.02
      vertex -1.2472 21.8334 -44
      vertex -1.2472 21.8334 -36.02
    endloop
  endfacet
  facet normal 0.857792 -0.513996 0
    outer loop
      vertex -1.2472 21.8334 -44
      vertex -1.32288 21.7071 -36.02
      vertex -1.32288 21.7071 -44
    endloop
  endfacet
  facet normal -0.336945 -0.941524 0
    outer loop
      vertex 0.435427 22.4354 -44
      vertex 0.574024 22.3858 -36.02
      vertex 0.435427 22.4354 -36.02
    endloop
  endfacet
  facet normal -0.336945 -0.941524 -0
    outer loop
      vertex 0.574024 22.3858 -36.02
      vertex 0.435427 22.4354 -44
      vertex 0.574024 22.3858 -44
    endloop
  endfacet
  facet normal 0.146736 -0.989176 0
    outer loop
      vertex -0.292635 22.4712 -44
      vertex -0.147025 22.4928 -36.02
      vertex -0.292635 22.4712 -36.02
    endloop
  endfacet
  facet normal 0.146736 -0.989176 0
    outer loop
      vertex -0.147025 22.4928 -36.02
      vertex -0.292635 22.4712 -44
      vertex -0.147025 22.4928 -44
    endloop
  endfacet
  facet normal 0.595747 -0.803172 0
    outer loop
      vertex -0.95159 22.1595 -44
      vertex -0.833355 22.2472 -36.02
      vertex -0.95159 22.1595 -36.02
    endloop
  endfacet
  facet normal 0.595747 -0.803172 0
    outer loop
      vertex -0.833355 22.2472 -36.02
      vertex -0.95159 22.1595 -44
      vertex -0.833355 22.2472 -44
    endloop
  endfacet
  facet normal 0.741027 -0.671475 0
    outer loop
      vertex -1.15952 21.9516 -36.02
      vertex -1.06066 22.0607 -44
      vertex -1.06066 22.0607 -36.02
    endloop
  endfacet
  facet normal 0.741027 -0.671475 0
    outer loop
      vertex -1.06066 22.0607 -44
      vertex -1.15952 21.9516 -36.02
      vertex -1.15952 21.9516 -44
    endloop
  endfacet
  facet normal 0.671353 -0.741138 0
    outer loop
      vertex -1.06066 22.0607 -44
      vertex -0.95159 22.1595 -36.02
      vertex -1.06066 22.0607 -36.02
    endloop
  endfacet
  facet normal 0.671353 -0.741138 0
    outer loop
      vertex -0.95159 22.1595 -36.02
      vertex -1.06066 22.0607 -44
      vertex -0.95159 22.1595 -44
    endloop
  endfacet
  facet normal 0 0 -1
    outer loop
      vertex 0 20.6 -36.02
      vertex 1.5 21 -36.02
      vertex 1.49278 20.853 -36.02
    endloop
  endfacet
  facet normal 0 0 -1
    outer loop
      vertex 0 20.6 -36.02
      vertex 1.49278 20.853 -36.02
      vertex 1.47118 20.7074 -36.02
    endloop
  endfacet
  facet normal -0 0 -1
    outer loop
      vertex 1.5 21 -36.02
      vertex 0 20.6 -36.02
      vertex 1.49278 21.147 -36.02
    endloop
  endfacet
  facet normal 0 0 -1
    outer loop
      vertex 0 20.6 -36.02
      vertex 1.47118 20.7074 -36.02
      vertex 1.43541 20.5646 -36.02
    endloop
  endfacet
  facet normal -0 0 -1
    outer loop
      vertex 1.49278 21.147 -36.02
      vertex 0 20.6 -36.02
      vertex 1.47118 21.2926 -36.02
    endloop
  endfacet
  facet normal 0 0 -1
    outer loop
      vertex 0 20.6 -36.02
      vertex 1.43541 20.5646 -36.02
      vertex 1.42307 20.5301 -36.02
    endloop
  endfacet
  facet normal -0 0 -1
    outer loop
      vertex 1.47118 21.2926 -36.02
      vertex 0 20.6 -36.02
      vertex 1.43541 21.4354 -36.02
    endloop
  endfacet
  facet normal -0 0 -1
    outer loop
      vertex 1.43541 21.4354 -36.02
      vertex 0 20.6 -36.02
      vertex 1.38582 21.574 -36.02
    endloop
  endfacet
  facet normal -0 0 -1
    outer loop
      vertex 1.38582 21.574 -36.02
      vertex 0 20.6 -36.02
      vertex 1.32288 21.7071 -36.02
    endloop
  endfacet
  facet normal -0 0 -1
    outer loop
      vertex 1.32288 21.7071 -36.02
      vertex 0 20.6 -36.02
      vertex 1.2472 21.8334 -36.02
    endloop
  endfacet
  facet normal -0 0 -1
    outer loop
      vertex 1.2472 21.8334 -36.02
      vertex 0 20.6 -36.02
      vertex 1.15952 21.9516 -36.02
    endloop
  endfacet
  facet normal -0 0 -1
    outer loop
      vertex 1.15952 21.9516 -36.02
      vertex 0 20.6 -36.02
      vertex 1.06066 22.0607 -36.02
    endloop
  endfacet
  facet normal -0 0 -1
    outer loop
      vertex 1.06066 22.0607 -36.02
      vertex 0 20.6 -36.02
      vertex 0.95159 22.1595 -36.02
    endloop
  endfacet
  facet normal -0 0 -1
    outer loop
      vertex 0.95159 22.1595 -36.02
      vertex 0 20.6 -36.02
      vertex 0.833355 22.2472 -36.02
    endloop
  endfacet
  facet normal -0 0 -1
    outer loop
      vertex 0.833355 22.2472 -36.02
      vertex 0 20.6 -36.02
      vertex 0.707094 22.3229 -36.02
    endloop
  endfacet
  facet normal -0 0 -1
    outer loop
      vertex 0.707094 22.3229 -36.02
      vertex 0 20.6 -36.02
      vertex 0.574024 22.3858 -36.02
    endloop
  endfacet
  facet normal -0 0 -1
    outer loop
      vertex 0.574024 22.3858 -36.02
      vertex 0 20.6 -36.02
      vertex 0.435427 22.4354 -36.02
    endloop
  endfacet
  facet normal -0 0 -1
    outer loop
      vertex 0.435427 22.4354 -36.02
      vertex 0 20.6 -36.02
      vertex 0.292635 22.4712 -36.02
    endloop
  endfacet
  facet normal -0 0 -1
    outer loop
      vertex 0.292635 22.4712 -36.02
      vertex 0 20.6 -36.02
      vertex 0.147025 22.4928 -36.02
    endloop
  endfacet
  facet normal 0 0 -1
    outer loop
      vertex 0 20.6 -36.02
      vertex 0 22.5 -36.02
      vertex 0.147025 22.4928 -36.02
    endloop
  endfacet
  facet normal 0 0 -1
    outer loop
      vertex 0 20.6 -36.02
      vertex -0.147025 22.4928 -36.02
      vertex 0 22.5 -36.02
    endloop
  endfacet
  facet normal 0 0 -1
    outer loop
      vertex 0 20.6 -36.02
      vertex -0.292635 22.4712 -36.02
      vertex -0.147025 22.4928 -36.02
    endloop
  endfacet
  facet normal 0 0 -1
    outer loop
      vertex 0 20.6 -36.02
      vertex -0.435427 22.4354 -36.02
      vertex -0.292635 22.4712 -36.02
    endloop
  endfacet
  facet normal 0 0 -1
    outer loop
      vertex 0 20.6 -36.02
      vertex -0.574024 22.3858 -36.02
      vertex -0.435427 22.4354 -36.02
    endloop
  endfacet
  facet normal 0 0 -1
    outer loop
      vertex 0 20.6 -36.02
      vertex -0.707094 22.3229 -36.02
      vertex -0.574024 22.3858 -36.02
    endloop
  endfacet
  facet normal 0 0 -1
    outer loop
      vertex 0 20.6 -36.02
      vertex -0.833355 22.2472 -36.02
      vertex -0.707094 22.3229 -36.02
    endloop
  endfacet
  facet normal 0 0 -1
    outer loop
      vertex 0 20.6 -36.02
      vertex -0.95159 22.1595 -36.02
      vertex -0.833355 22.2472 -36.02
    endloop
  endfacet
  facet normal 0 0 -1
    outer loop
      vertex 0 20.6 -36.02
      vertex -1.06066 22.0607 -36.02
      vertex -0.95159 22.1595 -36.02
    endloop
  endfacet
  facet normal 0 0 -1
    outer loop
      vertex 0 20.6 -36.02
      vertex -1.15952 21.9516 -36.02
      vertex -1.06066 22.0607 -36.02
    endloop
  endfacet
  facet normal 0 0 -1
    outer loop
      vertex 0 20.6 -36.02
      vertex -1.2472 21.8334 -36.02
      vertex -1.15952 21.9516 -36.02
    endloop
  endfacet
  facet normal 0 0 -1
    outer loop
      vertex 0 20.6 -36.02
      vertex -1.32288 21.7071 -36.02
      vertex -1.2472 21.8334 -36.02
    endloop
  endfacet
  facet normal 0 0 -1
    outer loop
      vertex 0 20.6 -36.02
      vertex -1.38582 21.574 -36.02
      vertex -1.32288 21.7071 -36.02
    endloop
  endfacet
  facet normal 0 0 -1
    outer loop
      vertex -1.43541 20.5646 -36.02
      vertex 0 20.6 -36.02
      vertex -1.42307 20.5301 -36.02
    endloop
  endfacet
  facet normal -0 0 -1
    outer loop
      vertex 0 20.6 -36.02
      vertex -1.43541 20.5646 -36.02
      vertex -1.47118 20.7074 -36.02
    endloop
  endfacet
  facet normal 0 0 -1
    outer loop
      vertex 0 20.6 -36.02
      vertex -1.43541 21.4354 -36.02
      vertex -1.38582 21.574 -36.02
    endloop
  endfacet
  facet normal 0 0 -1
    outer loop
      vertex -1.49278 20.853 -36.02
      vertex 0 20.6 -36.02
      vertex -1.47118 20.7074 -36.02
    endloop
  endfacet
  facet normal 0 0 -1
    outer loop
      vertex 0 20.6 -36.02
      vertex -1.47118 21.2926 -36.02
      vertex -1.43541 21.4354 -36.02
    endloop
  endfacet
  facet normal 0 0 -1
    outer loop
      vertex -1.5 21 -36.02
      vertex 0 20.6 -36.02
      vertex -1.49278 20.853 -36.02
    endloop
  endfacet
  facet normal 0 0 -1
    outer loop
      vertex 0 20.6 -36.02
      vertex -1.49278 21.147 -36.02
      vertex -1.47118 21.2926 -36.02
    endloop
  endfacet
  facet normal 0 0 -1
    outer loop
      vertex 0 20.6 -36.02
      vertex -1.5 21 -36.02
      vertex -1.49278 21.147 -36.02
    endloop
  endfacet
  facet normal 0.970031 -0.242983 0
    outer loop
      vertex -1.47118 21.2926 -36.02
      vertex -1.43541 21.4354 -44
      vertex -1.43541 21.4354 -36.02
    endloop
  endfacet
  facet normal 0.970031 -0.242983 0
    outer loop
      vertex -1.43541 21.4354 -44
      vertex -1.47118 21.2926 -36.02
      vertex -1.47118 21.2926 -44
    endloop
  endfacet
  facet normal 0.989174 -0.146746 0
    outer loop
      vertex -1.49278 21.147 -36.02
      vertex -1.47118 21.2926 -44
      vertex -1.47118 21.2926 -36.02
    endloop
  endfacet
  facet normal 0.989174 -0.146746 0
    outer loop
      vertex -1.47118 21.2926 -44
      vertex -1.49278 21.147 -36.02
      vertex -1.49278 21.147 -44
    endloop
  endfacet
  facet normal 0.90402 -0.427491 0
    outer loop
      vertex -1.38582 21.574 -36.02
      vertex -1.32288 21.7071 -44
      vertex -1.32288 21.7071 -36.02
    endloop
  endfacet
  facet normal 0.90402 -0.427491 0
    outer loop
      vertex -1.32288 21.7071 -44
      vertex -1.38582 21.574 -36.02
      vertex -1.38582 21.574 -44
    endloop
  endfacet
  facet normal 0.803153 -0.595773 0
    outer loop
      vertex -1.2472 21.8334 -36.02
      vertex -1.15952 21.9516 -44
      vertex -1.15952 21.9516 -36.02
    endloop
  endfacet
  facet normal 0.803153 -0.595773 0
    outer loop
      vertex -1.15952 21.9516 -44
      vertex -1.2472 21.8334 -36.02
      vertex -1.2472 21.8334 -44
    endloop
  endfacet
  facet normal 0.941581 0.336786 0
    outer loop
      vertex -1.42307 20.5301 -36.02
      vertex -1.43541 20.5646 -44
      vertex -1.43541 20.5646 -36.02
    endloop
  endfacet
  facet normal 0.941581 0.336786 0
    outer loop
      vertex -1.43541 20.5646 -44
      vertex -1.42307 20.5301 -36.02
      vertex -1.42307 20.5301 -44
    endloop
  endfacet
  facet normal 0.989174 0.146746 0
    outer loop
      vertex -1.47118 20.7074 -36.02
      vertex -1.49278 20.853 -44
      vertex -1.49278 20.853 -36.02
    endloop
  endfacet
  facet normal 0.989174 0.146746 0
    outer loop
      vertex -1.49278 20.853 -44
      vertex -1.47118 20.7074 -36.02
      vertex -1.47118 20.7074 -44
    endloop
  endfacet
  facet normal 0.0489126 -0.998803 0
    outer loop
      vertex -0.147025 22.4928 -44
      vertex 0 22.5 -36.02
      vertex -0.147025 22.4928 -36.02
    endloop
  endfacet
  facet normal 0.0489126 -0.998803 0
    outer loop
      vertex 0 22.5 -36.02
      vertex -0.147025 22.4928 -44
      vertex 0 22.5 -44
    endloop
  endfacet
  facet normal -0.0489126 -0.998803 0
    outer loop
      vertex 0 22.5 -44
      vertex 0.147025 22.4928 -36.02
      vertex 0 22.5 -36.02
    endloop
  endfacet
  facet normal -0.0489126 -0.998803 -0
    outer loop
      vertex 0.147025 22.4928 -36.02
      vertex 0 22.5 -44
      vertex 0.147025 22.4928 -44
    endloop
  endfacet
  facet normal -0.243188 -0.969979 0
    outer loop
      vertex 0.292635 22.4712 -44
      vertex 0.435427 22.4354 -36.02
      vertex 0.292635 22.4712 -36.02
    endloop
  endfacet
  facet normal -0.243188 -0.969979 -0
    outer loop
      vertex 0.435427 22.4354 -36.02
      vertex 0.292635 22.4712 -44
      vertex 0.435427 22.4354 -44
    endloop
  endfacet
  facet normal -0.998796 -0.0490565 0
    outer loop
      vertex 1.5 21 -44
      vertex 1.49278 21.147 -36.02
      vertex 1.49278 21.147 -44
    endloop
  endfacet
  facet normal -0.998796 -0.0490565 0
    outer loop
      vertex 1.49278 21.147 -36.02
      vertex 1.5 21 -44
      vertex 1.5 21 -36.02
    endloop
  endfacet
  facet normal -0.90402 -0.427491 0
    outer loop
      vertex 1.38582 21.574 -44
      vertex 1.32288 21.7071 -36.02
      vertex 1.32288 21.7071 -44
    endloop
  endfacet
  facet normal -0.90402 -0.427491 0
    outer loop
      vertex 1.32288 21.7071 -36.02
      vertex 1.38582 21.574 -44
      vertex 1.38582 21.574 -36.02
    endloop
  endfacet
  facet normal 0.427347 -0.904088 0
    outer loop
      vertex -0.707094 22.3229 -44
      vertex -0.574024 22.3858 -36.02
      vertex -0.707094 22.3229 -36.02
    endloop
  endfacet
  facet normal 0.427347 -0.904088 0
    outer loop
      vertex -0.574024 22.3858 -36.02
      vertex -0.707094 22.3229 -44
      vertex -0.574024 22.3858 -44
    endloop
  endfacet
  facet normal 0.336945 -0.941524 0
    outer loop
      vertex -0.574024 22.3858 -44
      vertex -0.435427 22.4354 -36.02
      vertex -0.574024 22.3858 -36.02
    endloop
  endfacet
  facet normal 0.336945 -0.941524 0
    outer loop
      vertex -0.435427 22.4354 -36.02
      vertex -0.574024 22.3858 -44
      vertex -0.435427 22.4354 -44
    endloop
  endfacet
  facet normal 0.243188 -0.969979 0
    outer loop
      vertex -0.435427 22.4354 -44
      vertex -0.292635 22.4712 -36.02
      vertex -0.435427 22.4354 -36.02
    endloop
  endfacet
  facet normal 0.243188 -0.969979 0
    outer loop
      vertex -0.292635 22.4712 -36.02
      vertex -0.435427 22.4354 -44
      vertex -0.292635 22.4712 -44
    endloop
  endfacet
  facet normal 0.998796 0.0490565 0
    outer loop
      vertex -1.49278 20.853 -36.02
      vertex -1.5 21 -44
      vertex -1.5 21 -36.02
    endloop
  endfacet
  facet normal 0.998796 0.0490565 0
    outer loop
      vertex -1.5 21 -44
      vertex -1.49278 20.853 -36.02
      vertex -1.49278 20.853 -44
    endloop
  endfacet
  facet normal 0.970031 0.242983 0
    outer loop
      vertex -1.43541 20.5646 -36.02
      vertex -1.47118 20.7074 -44
      vertex -1.47118 20.7074 -36.02
    endloop
  endfacet
  facet normal 0.970031 0.242983 0
    outer loop
      vertex -1.47118 20.7074 -44
      vertex -1.43541 20.5646 -36.02
      vertex -1.43541 20.5646 -44
    endloop
  endfacet
  facet normal -0.146736 -0.989176 0
    outer loop
      vertex 0.147025 22.4928 -44
      vertex 0.292635 22.4712 -36.02
      vertex 0.147025 22.4928 -36.02
    endloop
  endfacet
  facet normal -0.146736 -0.989176 -0
    outer loop
      vertex 0.292635 22.4712 -36.02
      vertex 0.147025 22.4928 -44
      vertex 0.292635 22.4712 -44
    endloop
  endfacet
  facet normal -0.671353 -0.741138 0
    outer loop
      vertex 0.95159 22.1595 -44
      vertex 1.06066 22.0607 -36.02
      vertex 0.95159 22.1595 -36.02
    endloop
  endfacet
  facet normal -0.671353 -0.741138 -0
    outer loop
      vertex 1.06066 22.0607 -36.02
      vertex 0.95159 22.1595 -44
      vertex 1.06066 22.0607 -44
    endloop
  endfacet
  facet normal -0.595747 -0.803172 0
    outer loop
      vertex 0.833355 22.2472 -44
      vertex 0.95159 22.1595 -36.02
      vertex 0.833355 22.2472 -36.02
    endloop
  endfacet
  facet normal -0.595747 -0.803172 -0
    outer loop
      vertex 0.95159 22.1595 -36.02
      vertex 0.833355 22.2472 -44
      vertex 0.95159 22.1595 -44
    endloop
  endfacet
  facet normal -0.427347 -0.904088 0
    outer loop
      vertex 0.574024 22.3858 -44
      vertex 0.707094 22.3229 -36.02
      vertex 0.574024 22.3858 -36.02
    endloop
  endfacet
  facet normal -0.427347 -0.904088 -0
    outer loop
      vertex 0.707094 22.3229 -36.02
      vertex 0.574024 22.3858 -44
      vertex 0.707094 22.3229 -44
    endloop
  endfacet
  facet normal -0.514213 -0.857662 0
    outer loop
      vertex 0.707094 22.3229 -44
      vertex 0.833355 22.2472 -36.02
      vertex 0.707094 22.3229 -36.02
    endloop
  endfacet
  facet normal -0.514213 -0.857662 -0
    outer loop
      vertex 0.833355 22.2472 -36.02
      vertex 0.707094 22.3229 -44
      vertex 0.833355 22.2472 -44
    endloop
  endfacet
  facet normal -0.970031 0.242983 0
    outer loop
      vertex 1.43541 20.5646 -44
      vertex 1.47118 20.7074 -36.02
      vertex 1.47118 20.7074 -44
    endloop
  endfacet
  facet normal -0.970031 0.242983 0
    outer loop
      vertex 1.47118 20.7074 -36.02
      vertex 1.43541 20.5646 -44
      vertex 1.43541 20.5646 -36.02
    endloop
  endfacet
  facet normal -0.941548 -0.336879 0
    outer loop
      vertex 1.43541 21.4354 -44
      vertex 1.38582 21.574 -36.02
      vertex 1.38582 21.574 -44
    endloop
  endfacet
  facet normal -0.941548 -0.336879 0
    outer loop
      vertex 1.38582 21.574 -36.02
      vertex 1.43541 21.4354 -44
      vertex 1.43541 21.4354 -36.02
    endloop
  endfacet
  facet normal -0.998796 0.0490565 0
    outer loop
      vertex 1.49278 20.853 -44
      vertex 1.5 21 -36.02
      vertex 1.5 21 -44
    endloop
  endfacet
  facet normal -0.998796 0.0490565 0
    outer loop
      vertex 1.5 21 -36.02
      vertex 1.49278 20.853 -44
      vertex 1.49278 20.853 -36.02
    endloop
  endfacet
  facet normal -0.989174 0.146746 0
    outer loop
      vertex 1.47118 20.7074 -44
      vertex 1.49278 20.853 -36.02
      vertex 1.49278 20.853 -44
    endloop
  endfacet
  facet normal -0.989174 0.146746 0
    outer loop
      vertex 1.49278 20.853 -36.02
      vertex 1.47118 20.7074 -44
      vertex 1.47118 20.7074 -36.02
    endloop
  endfacet
  facet normal -0.970031 -0.242983 0
    outer loop
      vertex 1.47118 21.2926 -44
      vertex 1.43541 21.4354 -36.02
      vertex 1.43541 21.4354 -44
    endloop
  endfacet
  facet normal -0.970031 -0.242983 0
    outer loop
      vertex 1.43541 21.4354 -36.02
      vertex 1.47118 21.2926 -44
      vertex 1.47118 21.2926 -36.02
    endloop
  endfacet
  facet normal -0.989174 -0.146746 0
    outer loop
      vertex 1.49278 21.147 -44
      vertex 1.47118 21.2926 -36.02
      vertex 1.47118 21.2926 -44
    endloop
  endfacet
  facet normal -0.989174 -0.146746 0
    outer loop
      vertex 1.47118 21.2926 -36.02
      vertex 1.49278 21.147 -44
      vertex 1.49278 21.147 -36.02
    endloop
  endfacet
  facet normal -0.741027 -0.671475 0
    outer loop
      vertex 1.15952 21.9516 -44
      vertex 1.06066 22.0607 -36.02
      vertex 1.06066 22.0607 -44
    endloop
  endfacet
  facet normal -0.741027 -0.671475 0
    outer loop
      vertex 1.06066 22.0607 -36.02
      vertex 1.15952 21.9516 -44
      vertex 1.15952 21.9516 -36.02
    endloop
  endfacet
  facet normal -0.803153 -0.595773 0
    outer loop
      vertex 1.2472 21.8334 -44
      vertex 1.15952 21.9516 -36.02
      vertex 1.15952 21.9516 -44
    endloop
  endfacet
  facet normal -0.803153 -0.595773 0
    outer loop
      vertex 1.15952 21.9516 -36.02
      vertex 1.2472 21.8334 -44
      vertex 1.2472 21.8334 -36.02
    endloop
  endfacet
  facet normal -0.857792 -0.513996 0
    outer loop
      vertex 1.32288 21.7071 -44
      vertex 1.2472 21.8334 -36.02
      vertex 1.2472 21.8334 -44
    endloop
  endfacet
  facet normal -0.857792 -0.513996 0
    outer loop
      vertex 1.2472 21.8334 -36.02
      vertex 1.32288 21.7071 -44
      vertex 1.32288 21.7071 -36.02
    endloop
  endfacet
  facet normal -0.941581 0.336786 0
    outer loop
      vertex 1.42307 20.5301 -44
      vertex 1.43541 20.5646 -36.02
      vertex 1.43541 20.5646 -44
    endloop
  endfacet
  facet normal -0.941581 0.336786 0
    outer loop
      vertex 1.43541 20.5646 -36.02
      vertex 1.42307 20.5301 -44
      vertex 1.42307 20.5301 -36.02
    endloop
  endfacet
  facet normal 0.485931 0.873997 -0
    outer loop
      vertex -18.85 -11.8453 -44
      vertex -18.9786 -11.7738 -36.02
      vertex -18.85 -11.8453 -36.02
    endloop
  endfacet
  facet normal 0.485931 0.873997 0
    outer loop
      vertex -18.9786 -11.7738 -36.02
      vertex -18.85 -11.8453 -44
      vertex -18.9786 -11.7738 -44
    endloop
  endfacet
  facet normal -0.179364 0.983783 0
    outer loop
      vertex -17.8459 -11.9608 -44
      vertex -17.9907 -11.9872 -36.02
      vertex -17.8459 -11.9608 -36.02
    endloop
  endfacet
  facet normal -0.179364 0.983783 0
    outer loop
      vertex -17.9907 -11.9872 -36.02
      vertex -17.8459 -11.9608 -44
      vertex -17.9907 -11.9872 -44
    endloop
  endfacet
  facet normal 0.889619 0.456703 0
    outer loop
      vertex -19.4856 -11.25 -36.02
      vertex -19.5528 -11.1191 -44
      vertex -19.5528 -11.1191 -36.02
    endloop
  endfacet
  facet normal 0.889619 0.456703 0
    outer loop
      vertex -19.5528 -11.1191 -44
      vertex -19.4856 -11.25 -36.02
      vertex -19.4856 -11.25 -44
    endloop
  endfacet
  facet normal -0.456964 0.889485 0
    outer loop
      vertex -17.4365 -11.799 -44
      vertex -17.5675 -11.8663 -36.02
      vertex -17.4365 -11.799 -36.02
    endloop
  endfacet
  facet normal -0.456964 0.889485 0
    outer loop
      vertex -17.5675 -11.8663 -36.02
      vertex -17.4365 -11.799 -44
      vertex -17.5675 -11.8663 -44
    endloop
  endfacet
  facet normal 0.783315 0.621625 0
    outer loop
      vertex -19.3143 -11.489 -36.02
      vertex -19.4058 -11.3737 -44
      vertex -19.4058 -11.3737 -36.02
    endloop
  endfacet
  facet normal 0.783315 0.621625 0
    outer loop
      vertex -19.4058 -11.3737 -44
      vertex -19.3143 -11.489 -36.02
      vertex -19.3143 -11.489 -44
    endloop
  endfacet
  facet normal 0.646977 0.762509 -0
    outer loop
      vertex -19.0997 -11.69 -44
      vertex -19.2119 -11.5948 -36.02
      vertex -19.0997 -11.69 -36.02
    endloop
  endfacet
  facet normal 0.646977 0.762509 0
    outer loop
      vertex -19.2119 -11.5948 -36.02
      vertex -19.0997 -11.69 -44
      vertex -19.2119 -11.5948 -44
    endloop
  endfacet
  facet normal 0.305811 0.952092 -0
    outer loop
      vertex -18.5748 -11.9489 -44
      vertex -18.7149 -11.9039 -36.02
      vertex -18.5748 -11.9489 -36.02
    endloop
  endfacet
  facet normal 0.305811 0.952092 0
    outer loop
      vertex -18.7149 -11.9039 -36.02
      vertex -18.5748 -11.9489 -44
      vertex -18.7149 -11.9039 -44
    endloop
  endfacet
  facet normal 0.211245 0.977433 -0
    outer loop
      vertex -18.4309 -11.98 -44
      vertex -18.5748 -11.9489 -36.02
      vertex -18.4309 -11.98 -36.02
    endloop
  endfacet
  facet normal 0.211245 0.977433 0
    outer loop
      vertex -18.5748 -11.9489 -36.02
      vertex -18.4309 -11.98 -44
      vertex -18.5748 -11.9489 -44
    endloop
  endfacet
  facet normal -0.274542 0.961575 0
    outer loop
      vertex -17.7044 -11.9204 -44
      vertex -17.8459 -11.9608 -36.02
      vertex -17.7044 -11.9204 -36.02
    endloop
  endfacet
  facet normal -0.274542 0.961575 0
    outer loop
      vertex -17.8459 -11.9608 -36.02
      vertex -17.7044 -11.9204 -44
      vertex -17.8459 -11.9608 -44
    endloop
  endfacet
  facet normal -0.0814721 0.996676 0
    outer loop
      vertex -17.9907 -11.9872 -44
      vertex -18.1375 -11.9992 -36.02
      vertex -17.9907 -11.9872 -36.02
    endloop
  endfacet
  facet normal -0.0814721 0.996676 0
    outer loop
      vertex -18.1375 -11.9992 -36.02
      vertex -17.9907 -11.9872 -44
      vertex -18.1375 -11.9992 -44
    endloop
  endfacet
  facet normal 0.114083 0.993471 -0
    outer loop
      vertex -18.2846 -11.9968 -44
      vertex -18.4309 -11.98 -36.02
      vertex -18.2846 -11.9968 -36.02
    endloop
  endfacet
  facet normal 0.114083 0.993471 0
    outer loop
      vertex -18.4309 -11.98 -36.02
      vertex -18.2846 -11.9968 -44
      vertex -18.4309 -11.98 -44
    endloop
  endfacet
  facet normal -0.762197 0.647345 0
    outer loop
      vertex -17.0917 -11.5254 -44
      vertex -17.0793 -11.5108 -36.02
      vertex -17.0793 -11.5108 -44
    endloop
  endfacet
  facet normal -0.762197 0.647345 0
    outer loop
      vertex -17.0793 -11.5108 -36.02
      vertex -17.0917 -11.5254 -44
      vertex -17.0917 -11.5254 -36.02
    endloop
  endfacet
  facet normal -0.621625 0.783315 0
    outer loop
      vertex -17.1975 -11.6278 -44
      vertex -17.3128 -11.7193 -36.02
      vertex -17.1975 -11.6278 -36.02
    endloop
  endfacet
  facet normal -0.621625 0.783315 0
    outer loop
      vertex -17.3128 -11.7193 -36.02
      vertex -17.1975 -11.6278 -44
      vertex -17.3128 -11.7193 -44
    endloop
  endfacet
  facet normal 0.840317 0.542096 0
    outer loop
      vertex -19.4058 -11.3737 -36.02
      vertex -19.4856 -11.25 -44
      vertex -19.4856 -11.25 -36.02
    endloop
  endfacet
  facet normal 0.840317 0.542096 0
    outer loop
      vertex -19.4856 -11.25 -44
      vertex -19.4058 -11.3737 -36.02
      vertex -19.4058 -11.3737 -44
    endloop
  endfacet
  facet normal 0.961626 0.274362 0
    outer loop
      vertex -19.6069 -10.9822 -36.02
      vertex -19.6473 -10.8406 -44
      vertex -19.6473 -10.8406 -36.02
    endloop
  endfacet
  facet normal 0.961626 0.274362 0
    outer loop
      vertex -19.6473 -10.8406 -44
      vertex -19.6069 -10.9822 -36.02
      vertex -19.6069 -10.9822 -44
    endloop
  endfacet
  facet normal 0 0 -1
    outer loop
      vertex -17.0917 -11.5254 -36.02
      vertex -17.1283 -11.4447 -36.02
      vertex -17.0793 -11.5108 -36.02
    endloop
  endfacet
  facet normal 0 0 -1
    outer loop
      vertex -17.1975 -11.6278 -36.02
      vertex -17.1283 -11.4447 -36.02
      vertex -17.0917 -11.5254 -36.02
    endloop
  endfacet
  facet normal 0 0 -1
    outer loop
      vertex -17.3128 -11.7193 -36.02
      vertex -17.1283 -11.4447 -36.02
      vertex -17.1975 -11.6278 -36.02
    endloop
  endfacet
  facet normal 0 0 -1
    outer loop
      vertex -17.4365 -11.799 -36.02
      vertex -17.1283 -11.4447 -36.02
      vertex -17.3128 -11.7193 -36.02
    endloop
  endfacet
  facet normal 0 0 -1
    outer loop
      vertex -17.5675 -11.8663 -36.02
      vertex -17.1283 -11.4447 -36.02
      vertex -17.4365 -11.799 -36.02
    endloop
  endfacet
  facet normal 0 0 -1
    outer loop
      vertex -17.7044 -11.9204 -36.02
      vertex -17.1283 -11.4447 -36.02
      vertex -17.5675 -11.8663 -36.02
    endloop
  endfacet
  facet normal 0 0 -1
    outer loop
      vertex -17.8459 -11.9608 -36.02
      vertex -17.1283 -11.4447 -36.02
      vertex -17.7044 -11.9204 -36.02
    endloop
  endfacet
  facet normal 0 0 -1
    outer loop
      vertex -18.1676 -9.71077 -36.02
      vertex -17.8459 -11.9608 -36.02
      vertex -17.9907 -11.9872 -36.02
    endloop
  endfacet
  facet normal 0 0 -1
    outer loop
      vertex -18.1676 -9.71077 -36.02
      vertex -17.9907 -11.9872 -36.02
      vertex -18.1375 -11.9992 -36.02
    endloop
  endfacet
  facet normal 0 0 -1
    outer loop
      vertex -17.8459 -11.9608 -36.02
      vertex -18.1676 -9.71077 -36.02
      vertex -17.1283 -11.4447 -36.02
    endloop
  endfacet
  facet normal 0 0 -1
    outer loop
      vertex -18.2846 -11.9968 -36.02
      vertex -18.1676 -9.71077 -36.02
      vertex -18.1375 -11.9992 -36.02
    endloop
  endfacet
  facet normal 0 0 -1
    outer loop
      vertex -18.4309 -11.98 -36.02
      vertex -18.1676 -9.71077 -36.02
      vertex -18.2846 -11.9968 -36.02
    endloop
  endfacet
  facet normal 0 0 -1
    outer loop
      vertex -18.5748 -11.9489 -36.02
      vertex -18.1676 -9.71077 -36.02
      vertex -18.4309 -11.98 -36.02
    endloop
  endfacet
  facet normal 0 0 -1
    outer loop
      vertex -18.7149 -11.9039 -36.02
      vertex -18.1676 -9.71077 -36.02
      vertex -18.5748 -11.9489 -36.02
    endloop
  endfacet
  facet normal 0 -0 -1
    outer loop
      vertex -18.5271 -9.03918 -36.02
      vertex -18.1676 -9.71077 -36.02
      vertex -18.6687 -9.0796 -36.02
    endloop
  endfacet
  facet normal 0 0 -1
    outer loop
      vertex -18.1676 -9.71077 -36.02
      vertex -18.5271 -9.03918 -36.02
      vertex -18.4885 -9.03216 -36.02
    endloop
  endfacet
  facet normal 0 0 -1
    outer loop
      vertex -18.85 -11.8453 -36.02
      vertex -18.1676 -9.71077 -36.02
      vertex -18.7149 -11.9039 -36.02
    endloop
  endfacet
  facet normal 0 0 -1
    outer loop
      vertex -18.1676 -9.71077 -36.02
      vertex -18.8056 -9.1337 -36.02
      vertex -18.6687 -9.0796 -36.02
    endloop
  endfacet
  facet normal 0 0 -1
    outer loop
      vertex -18.9786 -11.7738 -36.02
      vertex -18.1676 -9.71077 -36.02
      vertex -18.85 -11.8453 -36.02
    endloop
  endfacet
  facet normal 0 0 -1
    outer loop
      vertex -18.1676 -9.71077 -36.02
      vertex -18.9365 -9.20096 -36.02
      vertex -18.8056 -9.1337 -36.02
    endloop
  endfacet
  facet normal 0 0 -1
    outer loop
      vertex -19.0997 -11.69 -36.02
      vertex -18.1676 -9.71077 -36.02
      vertex -18.9786 -11.7738 -36.02
    endloop
  endfacet
  facet normal 0 0 -1
    outer loop
      vertex -18.1676 -9.71077 -36.02
      vertex -19.0602 -9.28073 -36.02
      vertex -18.9365 -9.20096 -36.02
    endloop
  endfacet
  facet normal 0 0 -1
    outer loop
      vertex -19.2119 -11.5948 -36.02
      vertex -18.1676 -9.71077 -36.02
      vertex -19.0997 -11.69 -36.02
    endloop
  endfacet
  facet normal 0 0 -1
    outer loop
      vertex -18.1676 -9.71077 -36.02
      vertex -19.1756 -9.37224 -36.02
      vertex -19.0602 -9.28073 -36.02
    endloop
  endfacet
  facet normal 0 0 -1
    outer loop
      vertex -19.3143 -11.489 -36.02
      vertex -18.1676 -9.71077 -36.02
      vertex -19.2119 -11.5948 -36.02
    endloop
  endfacet
  facet normal 0 0 -1
    outer loop
      vertex -18.1676 -9.71077 -36.02
      vertex -19.2813 -9.47461 -36.02
      vertex -19.1756 -9.37224 -36.02
    endloop
  endfacet
  facet normal 0 0 -1
    outer loop
      vertex -19.4058 -11.3737 -36.02
      vertex -18.1676 -9.71077 -36.02
      vertex -19.3143 -11.489 -36.02
    endloop
  endfacet
  facet normal 0 0 -1
    outer loop
      vertex -18.1676 -9.71077 -36.02
      vertex -19.3766 -9.58686 -36.02
      vertex -19.2813 -9.47461 -36.02
    endloop
  endfacet
  facet normal 0 0 -1
    outer loop
      vertex -19.4856 -11.25 -36.02
      vertex -18.1676 -9.71077 -36.02
      vertex -19.4058 -11.3737 -36.02
    endloop
  endfacet
  facet normal 0 0 -1
    outer loop
      vertex -18.1676 -9.71077 -36.02
      vertex -19.4603 -9.7079 -36.02
      vertex -19.3766 -9.58686 -36.02
    endloop
  endfacet
  facet normal 0 0 -1
    outer loop
      vertex -19.5528 -11.1191 -36.02
      vertex -18.1676 -9.71077 -36.02
      vertex -19.4856 -11.25 -36.02
    endloop
  endfacet
  facet normal -0 0 -1
    outer loop
      vertex -18.1676 -9.71077 -36.02
      vertex -19.5318 -9.83657 -36.02
      vertex -19.4603 -9.7079 -36.02
    endloop
  endfacet
  facet normal 0 0 -1
    outer loop
      vertex -19.6069 -10.9822 -36.02
      vertex -18.1676 -9.71077 -36.02
      vertex -19.5528 -11.1191 -36.02
    endloop
  endfacet
  facet normal 0 0 -1
    outer loop
      vertex -18.1676 -9.71077 -36.02
      vertex -19.5904 -9.97162 -36.02
      vertex -19.5318 -9.83657 -36.02
    endloop
  endfacet
  facet normal 0 0 -1
    outer loop
      vertex -19.6473 -10.8406 -36.02
      vertex -18.1676 -9.71077 -36.02
      vertex -19.6069 -10.9822 -36.02
    endloop
  endfacet
  facet normal 0 0 -1
    outer loop
      vertex -18.1676 -9.71077 -36.02
      vertex -19.6354 -10.1118 -36.02
      vertex -19.5904 -9.97162 -36.02
    endloop
  endfacet
  facet normal 0 0 -1
    outer loop
      vertex -19.6737 -10.6958 -36.02
      vertex -18.1676 -9.71077 -36.02
      vertex -19.6473 -10.8406 -36.02
    endloop
  endfacet
  facet normal 0 0 -1
    outer loop
      vertex -18.1676 -9.71077 -36.02
      vertex -19.6665 -10.2557 -36.02
      vertex -19.6354 -10.1118 -36.02
    endloop
  endfacet
  facet normal 0 0 -1
    outer loop
      vertex -19.6857 -10.5491 -36.02
      vertex -18.1676 -9.71077 -36.02
      vertex -19.6737 -10.6958 -36.02
    endloop
  endfacet
  facet normal 0 0 -1
    outer loop
      vertex -18.1676 -9.71077 -36.02
      vertex -19.6833 -10.4019 -36.02
      vertex -19.6665 -10.2557 -36.02
    endloop
  endfacet
  facet normal 0 0 -1
    outer loop
      vertex -18.1676 -9.71077 -36.02
      vertex -19.6857 -10.5491 -36.02
      vertex -19.6833 -10.4019 -36.02
    endloop
  endfacet
  facet normal 0.541952 -0.840409 0
    outer loop
      vertex -19.0602 -9.28073 -44
      vertex -18.9365 -9.20096 -36.02
      vertex -19.0602 -9.28073 -36.02
    endloop
  endfacet
  facet normal 0.541952 -0.840409 0
    outer loop
      vertex -18.9365 -9.20096 -36.02
      vertex -19.0602 -9.28073 -44
      vertex -18.9365 -9.20096 -44
    endloop
  endfacet
  facet normal 0.8225 -0.568765 0
    outer loop
      vertex -19.4603 -9.7079 -36.02
      vertex -19.3766 -9.58686 -44
      vertex -19.3766 -9.58686 -36.02
    endloop
  endfacet
  facet normal 0.8225 -0.568765 0
    outer loop
      vertex -19.3766 -9.58686 -44
      vertex -19.4603 -9.7079 -36.02
      vertex -19.4603 -9.7079 -44
    endloop
  endfacet
  facet normal 0.569033 0.822314 -0
    outer loop
      vertex -18.9786 -11.7738 -44
      vertex -19.0997 -11.69 -36.02
      vertex -18.9786 -11.7738 -36.02
    endloop
  endfacet
  facet normal 0.569033 0.822314 0
    outer loop
      vertex -19.0997 -11.69 -36.02
      vertex -18.9786 -11.7738 -44
      vertex -19.0997 -11.69 -44
    endloop
  endfacet
  facet normal 0.718558 0.695467 0
    outer loop
      vertex -19.2119 -11.5948 -36.02
      vertex -19.3143 -11.489 -44
      vertex -19.3143 -11.489 -36.02
    endloop
  endfacet
  facet normal 0.718558 0.695467 0
    outer loop
      vertex -19.3143 -11.489 -44
      vertex -19.2119 -11.5948 -36.02
      vertex -19.2119 -11.5948 -44
    endloop
  endfacet
  facet normal 0.397931 0.917415 -0
    outer loop
      vertex -18.7149 -11.9039 -44
      vertex -18.85 -11.8453 -36.02
      vertex -18.7149 -11.9039 -36.02
    endloop
  endfacet
  facet normal 0.397931 0.917415 0
    outer loop
      vertex -18.85 -11.8453 -36.02
      vertex -18.7149 -11.9039 -44
      vertex -18.85 -11.8453 -44
    endloop
  endfacet
  facet normal -0.541616 0.840626 0
    outer loop
      vertex -17.3128 -11.7193 -44
      vertex -17.4365 -11.799 -36.02
      vertex -17.3128 -11.7193 -36.02
    endloop
  endfacet
  facet normal -0.541616 0.840626 0
    outer loop
      vertex -17.4365 -11.799 -36.02
      vertex -17.3128 -11.7193 -44
      vertex -17.4365 -11.799 -44
    endloop
  endfacet
  facet normal -0.367522 0.930015 0
    outer loop
      vertex -17.5675 -11.8663 -44
      vertex -17.7044 -11.9204 -36.02
      vertex -17.5675 -11.8663 -36.02
    endloop
  endfacet
  facet normal -0.367522 0.930015 0
    outer loop
      vertex -17.7044 -11.9204 -36.02
      vertex -17.5675 -11.8663 -44
      vertex -17.7044 -11.9204 -44
    endloop
  endfacet
  facet normal 0.0163133 0.999867 -0
    outer loop
      vertex -18.1375 -11.9992 -44
      vertex -18.2846 -11.9968 -36.02
      vertex -18.1375 -11.9992 -36.02
    endloop
  endfacet
  facet normal 0.0163133 0.999867 0
    outer loop
      vertex -18.2846 -11.9968 -36.02
      vertex -18.1375 -11.9992 -44
      vertex -18.2846 -11.9968 -44
    endloop
  endfacet
  facet normal -0.695467 0.718558 0
    outer loop
      vertex -17.0917 -11.5254 -44
      vertex -17.1975 -11.6278 -36.02
      vertex -17.0917 -11.5254 -36.02
    endloop
  endfacet
  facet normal -0.695467 0.718558 0
    outer loop
      vertex -17.1975 -11.6278 -36.02
      vertex -17.0917 -11.5254 -44
      vertex -17.1975 -11.6278 -44
    endloop
  endfacet
  facet normal 0.977433 -0.211245 0
    outer loop
      vertex -19.6665 -10.2557 -36.02
      vertex -19.6354 -10.1118 -44
      vertex -19.6354 -10.1118 -36.02
    endloop
  endfacet
  facet normal 0.977433 -0.211245 0
    outer loop
      vertex -19.6354 -10.1118 -44
      vertex -19.6665 -10.2557 -36.02
      vertex -19.6665 -10.2557 -44
    endloop
  endfacet
  facet normal 0.993462 -0.11416 0
    outer loop
      vertex -19.6833 -10.4019 -36.02
      vertex -19.6665 -10.2557 -44
      vertex -19.6665 -10.2557 -36.02
    endloop
  endfacet
  facet normal 0.993462 -0.11416 0
    outer loop
      vertex -19.6665 -10.2557 -44
      vertex -19.6833 -10.4019 -36.02
      vertex -19.6833 -10.4019 -44
    endloop
  endfacet
  facet normal 0.996671 0.0815273 0
    outer loop
      vertex -19.6737 -10.6958 -36.02
      vertex -19.6857 -10.5491 -44
      vertex -19.6857 -10.5491 -36.02
    endloop
  endfacet
  facet normal 0.996671 0.0815273 0
    outer loop
      vertex -19.6857 -10.5491 -44
      vertex -19.6737 -10.6958 -36.02
      vertex -19.6737 -10.6958 -44
    endloop
  endfacet
  facet normal 0.999867 -0.0163022 0
    outer loop
      vertex -19.6857 -10.5491 -36.02
      vertex -19.6833 -10.4019 -44
      vertex -19.6833 -10.4019 -36.02
    endloop
  endfacet
  facet normal 0.999867 -0.0163022 0
    outer loop
      vertex -19.6833 -10.4019 -44
      vertex -19.6857 -10.5491 -36.02
      vertex -19.6857 -10.5491 -44
    endloop
  endfacet
  facet normal 0.17893 -0.983862 0
    outer loop
      vertex -18.5271 -9.03918 -44
      vertex -18.4885 -9.03216 -36.02
      vertex -18.5271 -9.03918 -36.02
    endloop
  endfacet
  facet normal 0.17893 -0.983862 0
    outer loop
      vertex -18.4885 -9.03216 -36.02
      vertex -18.5271 -9.03918 -44
      vertex -18.4885 -9.03216 -44
    endloop
  endfacet
  facet normal 0.762316 -0.647205 0
    outer loop
      vertex -19.3766 -9.58686 -36.02
      vertex -19.2813 -9.47461 -44
      vertex -19.2813 -9.47461 -36.02
    endloop
  endfacet
  facet normal 0.762316 -0.647205 0
    outer loop
      vertex -19.2813 -9.47461 -44
      vertex -19.3766 -9.58686 -36.02
      vertex -19.3766 -9.58686 -44
    endloop
  endfacet
  facet normal 0.930015 0.367522 0
    outer loop
      vertex -19.5528 -11.1191 -36.02
      vertex -19.6069 -10.9822 -44
      vertex -19.6069 -10.9822 -36.02
    endloop
  endfacet
  facet normal 0.930015 0.367522 0
    outer loop
      vertex -19.6069 -10.9822 -44
      vertex -19.5528 -11.1191 -36.02
      vertex -19.5528 -11.1191 -44
    endloop
  endfacet
  facet normal 0.983783 0.179364 0
    outer loop
      vertex -19.6473 -10.8406 -36.02
      vertex -19.6737 -10.6958 -44
      vertex -19.6737 -10.6958 -36.02
    endloop
  endfacet
  facet normal 0.983783 0.179364 0
    outer loop
      vertex -19.6737 -10.6958 -44
      vertex -19.6473 -10.8406 -36.02
      vertex -19.6473 -10.8406 -44
    endloop
  endfacet
  facet normal 0.457026 -0.889454 0
    outer loop
      vertex -18.9365 -9.20096 -44
      vertex -18.8056 -9.1337 -36.02
      vertex -18.9365 -9.20096 -36.02
    endloop
  endfacet
  facet normal 0.457026 -0.889454 0
    outer loop
      vertex -18.8056 -9.1337 -36.02
      vertex -18.9365 -9.20096 -44
      vertex -18.8056 -9.1337 -44
    endloop
  endfacet
  facet normal 0.695701 -0.718331 0
    outer loop
      vertex -19.2813 -9.47461 -44
      vertex -19.1756 -9.37224 -36.02
      vertex -19.2813 -9.47461 -36.02
    endloop
  endfacet
  facet normal 0.695701 -0.718331 0
    outer loop
      vertex -19.1756 -9.37224 -36.02
      vertex -19.2813 -9.47461 -44
      vertex -19.1756 -9.37224 -44
    endloop
  endfacet
  facet normal 0.621336 -0.783544 0
    outer loop
      vertex -19.1756 -9.37224 -44
      vertex -19.0602 -9.28073 -36.02
      vertex -19.1756 -9.37224 -36.02
    endloop
  endfacet
  facet normal 0.621336 -0.783544 0
    outer loop
      vertex -19.0602 -9.28073 -36.02
      vertex -19.1756 -9.37224 -44
      vertex -19.0602 -9.28073 -44
    endloop
  endfacet
  facet normal 0.952143 -0.305653 0
    outer loop
      vertex -19.6354 -10.1118 -36.02
      vertex -19.5904 -9.97162 -44
      vertex -19.5904 -9.97162 -36.02
    endloop
  endfacet
  facet normal 0.952143 -0.305653 0
    outer loop
      vertex -19.5904 -9.97162 -44
      vertex -19.6354 -10.1118 -36.02
      vertex -19.6354 -10.1118 -44
    endloop
  endfacet
  facet normal 0.917361 -0.398055 0
    outer loop
      vertex -19.5904 -9.97162 -36.02
      vertex -19.5318 -9.83657 -44
      vertex -19.5318 -9.83657 -36.02
    endloop
  endfacet
  facet normal 0.917361 -0.398055 0
    outer loop
      vertex -19.5318 -9.83657 -44
      vertex -19.5904 -9.97162 -36.02
      vertex -19.5904 -9.97162 -44
    endloop
  endfacet
  facet normal 0.874109 -0.485729 0
    outer loop
      vertex -19.5318 -9.83657 -36.02
      vertex -19.4603 -9.7079 -44
      vertex -19.4603 -9.7079 -36.02
    endloop
  endfacet
  facet normal 0.874109 -0.485729 0
    outer loop
      vertex -19.4603 -9.7079 -44
      vertex -19.5318 -9.83657 -36.02
      vertex -19.5318 -9.83657 -44
    endloop
  endfacet
  facet normal 0.367522 -0.930015 0
    outer loop
      vertex -18.8056 -9.1337 -44
      vertex -18.6687 -9.0796 -36.02
      vertex -18.8056 -9.1337 -36.02
    endloop
  endfacet
  facet normal 0.367522 -0.930015 0
    outer loop
      vertex -18.6687 -9.0796 -36.02
      vertex -18.8056 -9.1337 -44
      vertex -18.6687 -9.0796 -44
    endloop
  endfacet
  facet normal 0.274488 -0.961591 0
    outer loop
      vertex -18.6687 -9.0796 -44
      vertex -18.5271 -9.03918 -36.02
      vertex -18.6687 -9.0796 -36.02
    endloop
  endfacet
  facet normal 0.274488 -0.961591 0
    outer loop
      vertex -18.5271 -9.03918 -36.02
      vertex -18.6687 -9.0796 -44
      vertex -18.5271 -9.03918 -44
    endloop
  endfacet
  facet normal -0.999867 -0.0163022 0
    outer loop
      vertex 19.6857 -10.5491 -44
      vertex 19.6833 -10.4019 -36.02
      vertex 19.6833 -10.4019 -44
    endloop
  endfacet
  facet normal -0.999867 -0.0163022 0
    outer loop
      vertex 19.6833 -10.4019 -36.02
      vertex 19.6857 -10.5491 -44
      vertex 19.6857 -10.5491 -36.02
    endloop
  endfacet
  facet normal -0.762316 -0.647205 0
    outer loop
      vertex 19.3766 -9.58686 -44
      vertex 19.2813 -9.47461 -36.02
      vertex 19.2813 -9.47461 -44
    endloop
  endfacet
  facet normal -0.762316 -0.647205 0
    outer loop
      vertex 19.2813 -9.47461 -36.02
      vertex 19.3766 -9.58686 -44
      vertex 19.3766 -9.58686 -36.02
    endloop
  endfacet
  facet normal -0.840317 0.542096 0
    outer loop
      vertex 19.4058 -11.3737 -44
      vertex 19.4856 -11.25 -36.02
      vertex 19.4856 -11.25 -44
    endloop
  endfacet
  facet normal -0.840317 0.542096 0
    outer loop
      vertex 19.4856 -11.25 -36.02
      vertex 19.4058 -11.3737 -44
      vertex 19.4058 -11.3737 -36.02
    endloop
  endfacet
  facet normal -0.874109 -0.485729 0
    outer loop
      vertex 19.5318 -9.83657 -44
      vertex 19.4603 -9.7079 -36.02
      vertex 19.4603 -9.7079 -44
    endloop
  endfacet
  facet normal -0.874109 -0.485729 0
    outer loop
      vertex 19.4603 -9.7079 -36.02
      vertex 19.5318 -9.83657 -44
      vertex 19.5318 -9.83657 -36.02
    endloop
  endfacet
  facet normal -0.274488 -0.961591 0
    outer loop
      vertex 18.5271 -9.03918 -44
      vertex 18.6687 -9.0796 -36.02
      vertex 18.5271 -9.03918 -36.02
    endloop
  endfacet
  facet normal -0.274488 -0.961591 -0
    outer loop
      vertex 18.6687 -9.0796 -36.02
      vertex 18.5271 -9.03918 -44
      vertex 18.6687 -9.0796 -44
    endloop
  endfacet
  facet normal 0.367522 0.930015 -0
    outer loop
      vertex 17.7044 -11.9204 -44
      vertex 17.5675 -11.8663 -36.02
      vertex 17.7044 -11.9204 -36.02
    endloop
  endfacet
  facet normal 0.367522 0.930015 0
    outer loop
      vertex 17.5675 -11.8663 -36.02
      vertex 17.7044 -11.9204 -44
      vertex 17.5675 -11.8663 -44
    endloop
  endfacet
  facet normal -0.930015 0.367522 0
    outer loop
      vertex 19.5528 -11.1191 -44
      vertex 19.6069 -10.9822 -36.02
      vertex 19.6069 -10.9822 -44
    endloop
  endfacet
  facet normal -0.930015 0.367522 0
    outer loop
      vertex 19.6069 -10.9822 -36.02
      vertex 19.5528 -11.1191 -44
      vertex 19.5528 -11.1191 -36.02
    endloop
  endfacet
  facet normal -0.983783 0.179364 0
    outer loop
      vertex 19.6473 -10.8406 -44
      vertex 19.6737 -10.6958 -36.02
      vertex 19.6737 -10.6958 -44
    endloop
  endfacet
  facet normal -0.983783 0.179364 0
    outer loop
      vertex 19.6737 -10.6958 -36.02
      vertex 19.6473 -10.8406 -44
      vertex 19.6473 -10.8406 -36.02
    endloop
  endfacet
  facet normal -0.993462 -0.11416 0
    outer loop
      vertex 19.6833 -10.4019 -44
      vertex 19.6665 -10.2557 -36.02
      vertex 19.6665 -10.2557 -44
    endloop
  endfacet
  facet normal -0.993462 -0.11416 0
    outer loop
      vertex 19.6665 -10.2557 -36.02
      vertex 19.6833 -10.4019 -44
      vertex 19.6833 -10.4019 -36.02
    endloop
  endfacet
  facet normal -0.952143 -0.305653 0
    outer loop
      vertex 19.6354 -10.1118 -44
      vertex 19.5904 -9.97162 -36.02
      vertex 19.5904 -9.97162 -44
    endloop
  endfacet
  facet normal -0.952143 -0.305653 0
    outer loop
      vertex 19.5904 -9.97162 -36.02
      vertex 19.6354 -10.1118 -44
      vertex 19.6354 -10.1118 -36.02
    endloop
  endfacet
  facet normal -0.457026 -0.889454 0
    outer loop
      vertex 18.8056 -9.1337 -44
      vertex 18.9365 -9.20096 -36.02
      vertex 18.8056 -9.1337 -36.02
    endloop
  endfacet
  facet normal -0.457026 -0.889454 -0
    outer loop
      vertex 18.9365 -9.20096 -36.02
      vertex 18.8056 -9.1337 -44
      vertex 18.9365 -9.20096 -44
    endloop
  endfacet
  facet normal -0.695701 -0.718331 0
    outer loop
      vertex 19.1756 -9.37224 -44
      vertex 19.2813 -9.47461 -36.02
      vertex 19.1756 -9.37224 -36.02
    endloop
  endfacet
  facet normal -0.695701 -0.718331 -0
    outer loop
      vertex 19.2813 -9.47461 -36.02
      vertex 19.1756 -9.37224 -44
      vertex 19.2813 -9.47461 -44
    endloop
  endfacet
  facet normal -0.621336 -0.783544 0
    outer loop
      vertex 19.0602 -9.28073 -44
      vertex 19.1756 -9.37224 -36.02
      vertex 19.0602 -9.28073 -36.02
    endloop
  endfacet
  facet normal -0.621336 -0.783544 -0
    outer loop
      vertex 19.1756 -9.37224 -36.02
      vertex 19.0602 -9.28073 -44
      vertex 19.1756 -9.37224 -44
    endloop
  endfacet
  facet normal -0.8225 -0.568765 0
    outer loop
      vertex 19.4603 -9.7079 -44
      vertex 19.3766 -9.58686 -36.02
      vertex 19.3766 -9.58686 -44
    endloop
  endfacet
  facet normal -0.8225 -0.568765 0
    outer loop
      vertex 19.3766 -9.58686 -36.02
      vertex 19.4603 -9.7079 -44
      vertex 19.4603 -9.7079 -36.02
    endloop
  endfacet
  facet normal -0.917361 -0.398055 0
    outer loop
      vertex 19.5904 -9.97162 -44
      vertex 19.5318 -9.83657 -36.02
      vertex 19.5318 -9.83657 -44
    endloop
  endfacet
  facet normal -0.917361 -0.398055 0
    outer loop
      vertex 19.5318 -9.83657 -36.02
      vertex 19.5904 -9.97162 -44
      vertex 19.5904 -9.97162 -36.02
    endloop
  endfacet
  facet normal -0.17893 -0.983862 0
    outer loop
      vertex 18.4885 -9.03216 -44
      vertex 18.5271 -9.03918 -36.02
      vertex 18.4885 -9.03216 -36.02
    endloop
  endfacet
  facet normal -0.17893 -0.983862 -0
    outer loop
      vertex 18.5271 -9.03918 -36.02
      vertex 18.4885 -9.03216 -44
      vertex 18.5271 -9.03918 -44
    endloop
  endfacet
  facet normal -0.367522 -0.930015 0
    outer loop
      vertex 18.6687 -9.0796 -44
      vertex 18.8056 -9.1337 -36.02
      vertex 18.6687 -9.0796 -36.02
    endloop
  endfacet
  facet normal -0.367522 -0.930015 -0
    outer loop
      vertex 18.8056 -9.1337 -36.02
      vertex 18.6687 -9.0796 -44
      vertex 18.8056 -9.1337 -44
    endloop
  endfacet
  facet normal -0.889619 0.456703 0
    outer loop
      vertex 19.4856 -11.25 -44
      vertex 19.5528 -11.1191 -36.02
      vertex 19.5528 -11.1191 -44
    endloop
  endfacet
  facet normal -0.889619 0.456703 0
    outer loop
      vertex 19.5528 -11.1191 -36.02
      vertex 19.4856 -11.25 -44
      vertex 19.4856 -11.25 -36.02
    endloop
  endfacet
  facet normal -0.718558 0.695467 0
    outer loop
      vertex 19.2119 -11.5948 -44
      vertex 19.3143 -11.489 -36.02
      vertex 19.3143 -11.489 -44
    endloop
  endfacet
  facet normal -0.718558 0.695467 0
    outer loop
      vertex 19.3143 -11.489 -36.02
      vertex 19.2119 -11.5948 -44
      vertex 19.2119 -11.5948 -36.02
    endloop
  endfacet
  facet normal 0.274542 0.961575 -0
    outer loop
      vertex 17.8459 -11.9608 -44
      vertex 17.7044 -11.9204 -36.02
      vertex 17.8459 -11.9608 -36.02
    endloop
  endfacet
  facet normal 0.274542 0.961575 0
    outer loop
      vertex 17.7044 -11.9204 -36.02
      vertex 17.8459 -11.9608 -44
      vertex 17.7044 -11.9204 -44
    endloop
  endfacet
  facet normal 0.0814721 0.996676 -0
    outer loop
      vertex 18.1375 -11.9992 -44
      vertex 17.9907 -11.9872 -36.02
      vertex 18.1375 -11.9992 -36.02
    endloop
  endfacet
  facet normal 0.0814721 0.996676 0
    outer loop
      vertex 17.9907 -11.9872 -36.02
      vertex 18.1375 -11.9992 -44
      vertex 17.9907 -11.9872 -44
    endloop
  endfacet
  facet normal -0.996671 0.0815273 0
    outer loop
      vertex 19.6737 -10.6958 -44
      vertex 19.6857 -10.5491 -36.02
      vertex 19.6857 -10.5491 -44
    endloop
  endfacet
  facet normal -0.996671 0.0815273 0
    outer loop
      vertex 19.6857 -10.5491 -36.02
      vertex 19.6737 -10.6958 -44
      vertex 19.6737 -10.6958 -36.02
    endloop
  endfacet
  facet normal -0.961626 0.274362 0
    outer loop
      vertex 19.6069 -10.9822 -44
      vertex 19.6473 -10.8406 -36.02
      vertex 19.6473 -10.8406 -44
    endloop
  endfacet
  facet normal -0.961626 0.274362 0
    outer loop
      vertex 19.6473 -10.8406 -36.02
      vertex 19.6069 -10.9822 -44
      vertex 19.6069 -10.9822 -36.02
    endloop
  endfacet
  facet normal -0.977433 -0.211245 0
    outer loop
      vertex 19.6665 -10.2557 -44
      vertex 19.6354 -10.1118 -36.02
      vertex 19.6354 -10.1118 -44
    endloop
  endfacet
  facet normal -0.977433 -0.211245 0
    outer loop
      vertex 19.6354 -10.1118 -36.02
      vertex 19.6665 -10.2557 -44
      vertex 19.6665 -10.2557 -36.02
    endloop
  endfacet
  facet normal -0.541952 -0.840409 0
    outer loop
      vertex 18.9365 -9.20096 -44
      vertex 19.0602 -9.28073 -36.02
      vertex 18.9365 -9.20096 -36.02
    endloop
  endfacet
  facet normal -0.541952 -0.840409 -0
    outer loop
      vertex 19.0602 -9.28073 -36.02
      vertex 18.9365 -9.20096 -44
      vertex 19.0602 -9.28073 -44
    endloop
  endfacet
  facet normal -0.783315 0.621625 0
    outer loop
      vertex 19.3143 -11.489 -44
      vertex 19.4058 -11.3737 -36.02
      vertex 19.4058 -11.3737 -44
    endloop
  endfacet
  facet normal -0.783315 0.621625 0
    outer loop
      vertex 19.4058 -11.3737 -36.02
      vertex 19.3143 -11.489 -44
      vertex 19.3143 -11.489 -36.02
    endloop
  endfacet
  facet normal -0.211245 0.977433 0
    outer loop
      vertex 18.5748 -11.9489 -44
      vertex 18.4309 -11.98 -36.02
      vertex 18.5748 -11.9489 -36.02
    endloop
  endfacet
  facet normal -0.211245 0.977433 0
    outer loop
      vertex 18.4309 -11.98 -36.02
      vertex 18.5748 -11.9489 -44
      vertex 18.4309 -11.98 -44
    endloop
  endfacet
  facet normal -0.397931 0.917415 0
    outer loop
      vertex 18.85 -11.8453 -44
      vertex 18.7149 -11.9039 -36.02
      vertex 18.85 -11.8453 -36.02
    endloop
  endfacet
  facet normal -0.397931 0.917415 0
    outer loop
      vertex 18.7149 -11.9039 -36.02
      vertex 18.85 -11.8453 -44
      vertex 18.7149 -11.9039 -44
    endloop
  endfacet
  facet normal -0.569033 0.822314 0
    outer loop
      vertex 19.0997 -11.69 -44
      vertex 18.9786 -11.7738 -36.02
      vertex 19.0997 -11.69 -36.02
    endloop
  endfacet
  facet normal -0.569033 0.822314 0
    outer loop
      vertex 18.9786 -11.7738 -36.02
      vertex 19.0997 -11.69 -44
      vertex 18.9786 -11.7738 -44
    endloop
  endfacet
  facet normal -0.485931 0.873997 0
    outer loop
      vertex 18.9786 -11.7738 -44
      vertex 18.85 -11.8453 -36.02
      vertex 18.9786 -11.7738 -36.02
    endloop
  endfacet
  facet normal -0.485931 0.873997 0
    outer loop
      vertex 18.85 -11.8453 -36.02
      vertex 18.9786 -11.7738 -44
      vertex 18.85 -11.8453 -44
    endloop
  endfacet
  facet normal 0.762197 0.647345 0
    outer loop
      vertex 17.0917 -11.5254 -36.02
      vertex 17.0793 -11.5108 -44
      vertex 17.0793 -11.5108 -36.02
    endloop
  endfacet
  facet normal 0.762197 0.647345 0
    outer loop
      vertex 17.0793 -11.5108 -44
      vertex 17.0917 -11.5254 -36.02
      vertex 17.0917 -11.5254 -44
    endloop
  endfacet
  facet normal 0.541616 0.840626 -0
    outer loop
      vertex 17.4365 -11.799 -44
      vertex 17.3128 -11.7193 -36.02
      vertex 17.4365 -11.799 -36.02
    endloop
  endfacet
  facet normal 0.541616 0.840626 0
    outer loop
      vertex 17.3128 -11.7193 -36.02
      vertex 17.4365 -11.799 -44
      vertex 17.3128 -11.7193 -44
    endloop
  endfacet
  facet normal 0 0 -1
    outer loop
      vertex 18.1676 -9.71077 -36.02
      vertex 19.6857 -10.5491 -36.02
      vertex 19.6737 -10.6958 -36.02
    endloop
  endfacet
  facet normal 0 0 -1
    outer loop
      vertex 19.6857 -10.5491 -36.02
      vertex 18.1676 -9.71077 -36.02
      vertex 19.6833 -10.4019 -36.02
    endloop
  endfacet
  facet normal 0 0 -1
    outer loop
      vertex 18.1676 -9.71077 -36.02
      vertex 19.6737 -10.6958 -36.02
      vertex 19.6473 -10.8406 -36.02
    endloop
  endfacet
  facet normal 0 0 -1
    outer loop
      vertex 19.6833 -10.4019 -36.02
      vertex 18.1676 -9.71077 -36.02
      vertex 19.6665 -10.2557 -36.02
    endloop
  endfacet
  facet normal 0 0 -1
    outer loop
      vertex 18.1676 -9.71077 -36.02
      vertex 19.6473 -10.8406 -36.02
      vertex 19.6069 -10.9822 -36.02
    endloop
  endfacet
  facet normal 0 0 -1
    outer loop
      vertex 19.6665 -10.2557 -36.02
      vertex 18.1676 -9.71077 -36.02
      vertex 19.6354 -10.1118 -36.02
    endloop
  endfacet
  facet normal 0 0 -1
    outer loop
      vertex 18.1676 -9.71077 -36.02
      vertex 19.6069 -10.9822 -36.02
      vertex 19.5528 -11.1191 -36.02
    endloop
  endfacet
  facet normal 0 0 -1
    outer loop
      vertex 19.6354 -10.1118 -36.02
      vertex 18.1676 -9.71077 -36.02
      vertex 19.5904 -9.97162 -36.02
    endloop
  endfacet
  facet normal 0 0 -1
    outer loop
      vertex 18.1676 -9.71077 -36.02
      vertex 19.5528 -11.1191 -36.02
      vertex 19.4856 -11.25 -36.02
    endloop
  endfacet
  facet normal 0 0 -1
    outer loop
      vertex 19.5904 -9.97162 -36.02
      vertex 18.1676 -9.71077 -36.02
      vertex 19.5318 -9.83657 -36.02
    endloop
  endfacet
  facet normal 0 0 -1
    outer loop
      vertex 18.1676 -9.71077 -36.02
      vertex 19.4856 -11.25 -36.02
      vertex 19.4058 -11.3737 -36.02
    endloop
  endfacet
  facet normal 0 0 -1
    outer loop
      vertex 19.5318 -9.83657 -36.02
      vertex 18.1676 -9.71077 -36.02
      vertex 19.4603 -9.7079 -36.02
    endloop
  endfacet
  facet normal 0 0 -1
    outer loop
      vertex 18.1676 -9.71077 -36.02
      vertex 19.4058 -11.3737 -36.02
      vertex 19.3143 -11.489 -36.02
    endloop
  endfacet
  facet normal -0 0 -1
    outer loop
      vertex 19.4603 -9.7079 -36.02
      vertex 18.1676 -9.71077 -36.02
      vertex 19.3766 -9.58686 -36.02
    endloop
  endfacet
  facet normal 0 0 -1
    outer loop
      vertex 18.1676 -9.71077 -36.02
      vertex 19.3143 -11.489 -36.02
      vertex 19.2119 -11.5948 -36.02
    endloop
  endfacet
  facet normal -0 0 -1
    outer loop
      vertex 19.3766 -9.58686 -36.02
      vertex 18.1676 -9.71077 -36.02
      vertex 19.2813 -9.47461 -36.02
    endloop
  endfacet
  facet normal 0 0 -1
    outer loop
      vertex 18.1676 -9.71077 -36.02
      vertex 19.2119 -11.5948 -36.02
      vertex 19.0997 -11.69 -36.02
    endloop
  endfacet
  facet normal -0 0 -1
    outer loop
      vertex 19.2813 -9.47461 -36.02
      vertex 18.1676 -9.71077 -36.02
      vertex 19.1756 -9.37224 -36.02
    endloop
  endfacet
  facet normal 0 0 -1
    outer loop
      vertex 18.1676 -9.71077 -36.02
      vertex 19.0997 -11.69 -36.02
      vertex 18.9786 -11.7738 -36.02
    endloop
  endfacet
  facet normal -0 0 -1
    outer loop
      vertex 19.1756 -9.37224 -36.02
      vertex 18.1676 -9.71077 -36.02
      vertex 19.0602 -9.28073 -36.02
    endloop
  endfacet
  facet normal 0 0 -1
    outer loop
      vertex 18.1676 -9.71077 -36.02
      vertex 18.9786 -11.7738 -36.02
      vertex 18.85 -11.8453 -36.02
    endloop
  endfacet
  facet normal -0 0 -1
    outer loop
      vertex 19.0602 -9.28073 -36.02
      vertex 18.1676 -9.71077 -36.02
      vertex 18.9365 -9.20096 -36.02
    endloop
  endfacet
  facet normal 0 0 -1
    outer loop
      vertex 18.1676 -9.71077 -36.02
      vertex 18.85 -11.8453 -36.02
      vertex 18.7149 -11.9039 -36.02
    endloop
  endfacet
  facet normal -0 0 -1
    outer loop
      vertex 18.9365 -9.20096 -36.02
      vertex 18.1676 -9.71077 -36.02
      vertex 18.8056 -9.1337 -36.02
    endloop
  endfacet
  facet normal 0 0 -1
    outer loop
      vertex 18.1676 -9.71077 -36.02
      vertex 18.7149 -11.9039 -36.02
      vertex 18.5748 -11.9489 -36.02
    endloop
  endfacet
  facet normal -0 0 -1
    outer loop
      vertex 18.8056 -9.1337 -36.02
      vertex 18.1676 -9.71077 -36.02
      vertex 18.6687 -9.0796 -36.02
    endloop
  endfacet
  facet normal -0 0 -1
    outer loop
      vertex 18.6687 -9.0796 -36.02
      vertex 18.1676 -9.71077 -36.02
      vertex 18.5271 -9.03918 -36.02
    endloop
  endfacet
  facet normal 0 0 -1
    outer loop
      vertex 18.1676 -9.71077 -36.02
      vertex 18.5748 -11.9489 -36.02
      vertex 18.4309 -11.98 -36.02
    endloop
  endfacet
  facet normal 0 0 -1
    outer loop
      vertex 18.1676 -9.71077 -36.02
      vertex 18.4309 -11.98 -36.02
      vertex 18.2846 -11.9968 -36.02
    endloop
  endfacet
  facet normal -0 0 -1
    outer loop
      vertex 18.5271 -9.03918 -36.02
      vertex 18.1676 -9.71077 -36.02
      vertex 18.4885 -9.03216 -36.02
    endloop
  endfacet
  facet normal 0 0 -1
    outer loop
      vertex 18.1375 -11.9992 -36.02
      vertex 18.1676 -9.71077 -36.02
      vertex 18.2846 -11.9968 -36.02
    endloop
  endfacet
  facet normal 0 0 -1
    outer loop
      vertex 17.9907 -11.9872 -36.02
      vertex 18.1676 -9.71077 -36.02
      vertex 18.1375 -11.9992 -36.02
    endloop
  endfacet
  facet normal 0 0 -1
    outer loop
      vertex 17.8459 -11.9608 -36.02
      vertex 18.1676 -9.71077 -36.02
      vertex 17.9907 -11.9872 -36.02
    endloop
  endfacet
  facet normal 0 0 -1
    outer loop
      vertex 17.1283 -11.4447 -36.02
      vertex 17.8459 -11.9608 -36.02
      vertex 17.7044 -11.9204 -36.02
    endloop
  endfacet
  facet normal 0 0 -1
    outer loop
      vertex 17.1283 -11.4447 -36.02
      vertex 17.7044 -11.9204 -36.02
      vertex 17.5675 -11.8663 -36.02
    endloop
  endfacet
  facet normal 0 0 -1
    outer loop
      vertex 17.1283 -11.4447 -36.02
      vertex 17.5675 -11.8663 -36.02
      vertex 17.4365 -11.799 -36.02
    endloop
  endfacet
  facet normal 0 0 -1
    outer loop
      vertex 17.1283 -11.4447 -36.02
      vertex 17.4365 -11.799 -36.02
      vertex 17.3128 -11.7193 -36.02
    endloop
  endfacet
  facet normal 0 0 -1
    outer loop
      vertex 17.1283 -11.4447 -36.02
      vertex 17.3128 -11.7193 -36.02
      vertex 17.1975 -11.6278 -36.02
    endloop
  endfacet
  facet normal 0 0 -1
    outer loop
      vertex 17.8459 -11.9608 -36.02
      vertex 17.1283 -11.4447 -36.02
      vertex 18.1676 -9.71077 -36.02
    endloop
  endfacet
  facet normal 0 0 -1
    outer loop
      vertex 17.0917 -11.5254 -36.02
      vertex 17.1283 -11.4447 -36.02
      vertex 17.1975 -11.6278 -36.02
    endloop
  endfacet
  facet normal 0 0 -1
    outer loop
      vertex 17.1283 -11.4447 -36.02
      vertex 17.0917 -11.5254 -36.02
      vertex 17.0793 -11.5108 -36.02
    endloop
  endfacet
  facet normal -0.646977 0.762509 0
    outer loop
      vertex 19.2119 -11.5948 -44
      vertex 19.0997 -11.69 -36.02
      vertex 19.2119 -11.5948 -36.02
    endloop
  endfacet
  facet normal -0.646977 0.762509 0
    outer loop
      vertex 19.0997 -11.69 -36.02
      vertex 19.2119 -11.5948 -44
      vertex 19.0997 -11.69 -44
    endloop
  endfacet
  facet normal 0.456964 0.889485 -0
    outer loop
      vertex 17.5675 -11.8663 -44
      vertex 17.4365 -11.799 -36.02
      vertex 17.5675 -11.8663 -36.02
    endloop
  endfacet
  facet normal 0.456964 0.889485 0
    outer loop
      vertex 17.4365 -11.799 -36.02
      vertex 17.5675 -11.8663 -44
      vertex 17.4365 -11.799 -44
    endloop
  endfacet
  facet normal 0.179364 0.983783 -0
    outer loop
      vertex 17.9907 -11.9872 -44
      vertex 17.8459 -11.9608 -36.02
      vertex 17.9907 -11.9872 -36.02
    endloop
  endfacet
  facet normal 0.179364 0.983783 0
    outer loop
      vertex 17.8459 -11.9608 -36.02
      vertex 17.9907 -11.9872 -44
      vertex 17.8459 -11.9608 -44
    endloop
  endfacet
  facet normal -0.305811 0.952092 0
    outer loop
      vertex 18.7149 -11.9039 -44
      vertex 18.5748 -11.9489 -36.02
      vertex 18.7149 -11.9039 -36.02
    endloop
  endfacet
  facet normal -0.305811 0.952092 0
    outer loop
      vertex 18.5748 -11.9489 -36.02
      vertex 18.7149 -11.9039 -44
      vertex 18.5748 -11.9489 -44
    endloop
  endfacet
  facet normal -0.114083 0.993471 0
    outer loop
      vertex 18.4309 -11.98 -44
      vertex 18.2846 -11.9968 -36.02
      vertex 18.4309 -11.98 -36.02
    endloop
  endfacet
  facet normal -0.114083 0.993471 0
    outer loop
      vertex 18.2846 -11.9968 -36.02
      vertex 18.4309 -11.98 -44
      vertex 18.2846 -11.9968 -44
    endloop
  endfacet
  facet normal -0.0163133 0.999867 0
    outer loop
      vertex 18.2846 -11.9968 -44
      vertex 18.1375 -11.9992 -36.02
      vertex 18.2846 -11.9968 -36.02
    endloop
  endfacet
  facet normal -0.0163133 0.999867 0
    outer loop
      vertex 18.1375 -11.9992 -36.02
      vertex 18.2846 -11.9968 -44
      vertex 18.1375 -11.9992 -44
    endloop
  endfacet
  facet normal 0.621625 0.783315 -0
    outer loop
      vertex 17.3128 -11.7193 -44
      vertex 17.1975 -11.6278 -36.02
      vertex 17.3128 -11.7193 -36.02
    endloop
  endfacet
  facet normal 0.621625 0.783315 0
    outer loop
      vertex 17.1975 -11.6278 -36.02
      vertex 17.3128 -11.7193 -44
      vertex 17.1975 -11.6278 -44
    endloop
  endfacet
  facet normal 0.695467 0.718558 -0
    outer loop
      vertex 17.1975 -11.6278 -44
      vertex 17.0917 -11.5254 -36.02
      vertex 17.1975 -11.6278 -36.02
    endloop
  endfacet
  facet normal 0.695467 0.718558 0
    outer loop
      vertex 17.0917 -11.5254 -36.02
      vertex 17.1975 -11.6278 -44
      vertex 17.0917 -11.5254 -44
    endloop
  endfacet
  facet normal 0 -0.513974 0.857806
    outer loop
      vertex -10.15 -22.5722 -30.9124
      vertex -5.15 -22.7658 -31.0284
      vertex -5.15 -22.5722 -30.9124
    endloop
  endfacet
  facet normal 0 -0.513974 0.857806
    outer loop
      vertex -5.15 -22.7658 -31.0284
      vertex -10.15 -22.5722 -30.9124
      vertex -10.15 -22.7658 -31.0284
    endloop
  endfacet
  facet normal 0 -0.903963 -0.42761
    outer loop
      vertex -10.15 -21.7251 -28.1198
      vertex -5.15 -21.8216 -27.9158
      vertex -10.15 -21.8216 -27.9158
    endloop
  endfacet
  facet normal 0 -0.903963 -0.42761
    outer loop
      vertex -5.15 -21.8216 -27.9158
      vertex -10.15 -21.7251 -28.1198
      vertex -5.15 -21.7251 -28.1198
    endloop
  endfacet
  facet normal 0 -0.42761 -0.903963
    outer loop
      vertex -10.15 -22.9698 -26.8751
      vertex -5.15 -22.7658 -26.9716
      vertex -5.15 -22.9698 -26.8751
    endloop
  endfacet
  facet normal -0 -0.42761 -0.903963
    outer loop
      vertex -5.15 -22.7658 -26.9716
      vertex -10.15 -22.9698 -26.8751
      vertex -10.15 -22.7658 -26.9716
    endloop
  endfacet
  facet normal 0 0.903963 0.42761
    outer loop
      vertex -5.15 -25.8784 -30.0842
      vertex -10.15 -25.9749 -29.8802
      vertex -5.15 -25.9749 -29.8802
    endloop
  endfacet
  facet normal 0 0.903963 0.42761
    outer loop
      vertex -10.15 -25.9749 -29.8802
      vertex -5.15 -25.8784 -30.0842
      vertex -10.15 -25.8784 -30.0842
    endloop
  endfacet
  facet normal 0 -0.941451 0.33715
    outer loop
      vertex -10.15 -21.7251 -29.8802
      vertex -5.15 -21.649 -29.6677
      vertex -10.15 -21.649 -29.6677
    endloop
  endfacet
  facet normal 0 -0.941451 0.33715
    outer loop
      vertex -5.15 -21.649 -29.6677
      vertex -10.15 -21.7251 -29.8802
      vertex -5.15 -21.7251 -29.8802
    endloop
  endfacet
  facet normal 0 -0.59581 -0.803125
    outer loop
      vertex -10.15 -22.5722 -27.0876
      vertex -5.15 -22.3909 -27.2221
      vertex -5.15 -22.5722 -27.0876
    endloop
  endfacet
  facet normal -0 -0.59581 -0.803125
    outer loop
      vertex -5.15 -22.3909 -27.2221
      vertex -10.15 -22.5722 -27.0876
      vertex -10.15 -22.3909 -27.2221
    endloop
  endfacet
  facet normal 0 -0.740822 -0.671702
    outer loop
      vertex -10.15 -22.0721 -27.5409
      vertex -5.15 -22.2237 -27.3737
      vertex -10.15 -22.2237 -27.3737
    endloop
  endfacet
  facet normal 0 -0.740822 -0.671702
    outer loop
      vertex -5.15 -22.2237 -27.3737
      vertex -10.15 -22.0721 -27.5409
      vertex -5.15 -22.0721 -27.5409
    endloop
  endfacet
  facet normal -0 0.42761 0.903963
    outer loop
      vertex -10.15 -24.7302 -31.1249
      vertex -5.15 -24.9342 -31.0284
      vertex -5.15 -24.7302 -31.1249
    endloop
  endfacet
  facet normal 0 0.42761 0.903963
    outer loop
      vertex -5.15 -24.9342 -31.0284
      vertex -10.15 -24.7302 -31.1249
      vertex -10.15 -24.9342 -31.0284
    endloop
  endfacet
  facet normal 0 0.146629 -0.989192
    outer loop
      vertex -10.15 -24.2987 -26.7442
      vertex -5.15 -24.0754 -26.7111
      vertex -5.15 -24.2987 -26.7442
    endloop
  endfacet
  facet normal 0 0.146629 -0.989192
    outer loop
      vertex -5.15 -24.0754 -26.7111
      vertex -10.15 -24.2987 -26.7442
      vertex -10.15 -24.0754 -26.7111
    endloop
  endfacet
  facet normal 0 0.941451 0.33715
    outer loop
      vertex -5.15 -25.9749 -29.8802
      vertex -10.15 -26.051 -29.6677
      vertex -5.15 -26.051 -29.6677
    endloop
  endfacet
  facet normal 0 0.941451 0.33715
    outer loop
      vertex -10.15 -26.051 -29.6677
      vertex -5.15 -25.9749 -29.8802
      vertex -10.15 -25.9749 -29.8802
    endloop
  endfacet
  facet normal 0 -0.146629 0.989192
    outer loop
      vertex -5.15 -23.4013 -31.2558
      vertex -9.575 -23.6246 -31.2889
      vertex -5.15 -23.6246 -31.2889
    endloop
  endfacet
  facet normal 0 -0.146629 0.989192
    outer loop
      vertex -10.0917 -23.4013 -31.2558
      vertex -9.575 -23.6246 -31.2889
      vertex -5.15 -23.4013 -31.2558
    endloop
  endfacet
  facet normal -0.00122104 -0.149393 0.988777
    outer loop
      vertex -9.575 -23.6246 -31.2889
      vertex -10.0917 -23.4013 -31.2558
      vertex -9.75843 -23.5589 -31.2792
    endloop
  endfacet
  facet normal 0 -0.671702 0.740822
    outer loop
      vertex -10.15 -22.2237 -30.6263
      vertex -5.15 -22.3909 -30.7779
      vertex -5.15 -22.2237 -30.6263
    endloop
  endfacet
  facet normal 0 -0.671702 0.740822
    outer loop
      vertex -5.15 -22.3909 -30.7779
      vertex -10.15 -22.2237 -30.6263
      vertex -10.15 -22.3909 -30.7779
    endloop
  endfacet
  facet normal 0 -0.740822 0.671702
    outer loop
      vertex -10.15 -22.2237 -30.6263
      vertex -5.15 -22.0721 -30.4591
      vertex -10.15 -22.0721 -30.4591
    endloop
  endfacet
  facet normal 0 -0.740822 0.671702
    outer loop
      vertex -5.15 -22.0721 -30.4591
      vertex -10.15 -22.2237 -30.6263
      vertex -5.15 -22.2237 -30.6263
    endloop
  endfacet
  facet normal 0 -0.99879 -0.0491862
    outer loop
      vertex -10.15 -21.55 -29
      vertex -5.15 -21.5611 -28.7746
      vertex -10.15 -21.5611 -28.7746
    endloop
  endfacet
  facet normal 0 -0.99879 -0.0491862
    outer loop
      vertex -5.15 -21.5611 -28.7746
      vertex -10.15 -21.55 -29
      vertex -5.15 -21.55 -29
    endloop
  endfacet
  facet normal 0 -0.989192 0.146629
    outer loop
      vertex -10.15 -21.5942 -29.4487
      vertex -5.15 -21.5611 -29.2254
      vertex -10.15 -21.5611 -29.2254
    endloop
  endfacet
  facet normal 0 -0.989192 0.146629
    outer loop
      vertex -5.15 -21.5611 -29.2254
      vertex -10.15 -21.5942 -29.4487
      vertex -5.15 -21.5942 -29.4487
    endloop
  endfacet
  facet normal 0 -0.97009 0.242744
    outer loop
      vertex -10.15 -21.649 -29.6677
      vertex -5.15 -21.5942 -29.4487
      vertex -10.15 -21.5942 -29.4487
    endloop
  endfacet
  facet normal 0 -0.97009 0.242744
    outer loop
      vertex -5.15 -21.5942 -29.4487
      vertex -10.15 -21.649 -29.6677
      vertex -5.15 -21.649 -29.6677
    endloop
  endfacet
  facet normal 0 -0.99879 0.0491862
    outer loop
      vertex -10.15 -21.5611 -29.2254
      vertex -5.15 -21.55 -29
      vertex -10.15 -21.55 -29
    endloop
  endfacet
  facet normal 0 -0.99879 0.0491862
    outer loop
      vertex -5.15 -21.55 -29
      vertex -10.15 -21.5611 -29.2254
      vertex -5.15 -21.5611 -29.2254
    endloop
  endfacet
  facet normal 0 -0.803125 0.59581
    outer loop
      vertex -10.15 -22.0721 -30.4591
      vertex -5.15 -21.9376 -30.2778
      vertex -10.15 -21.9376 -30.2778
    endloop
  endfacet
  facet normal 0 -0.803125 0.59581
    outer loop
      vertex -5.15 -21.9376 -30.2778
      vertex -10.15 -22.0721 -30.4591
      vertex -5.15 -22.0721 -30.4591
    endloop
  endfacet
  facet normal 0 -0.903963 0.42761
    outer loop
      vertex -10.15 -21.8216 -30.0842
      vertex -5.15 -21.7251 -29.8802
      vertex -10.15 -21.7251 -29.8802
    endloop
  endfacet
  facet normal 0 -0.903963 0.42761
    outer loop
      vertex -5.15 -21.7251 -29.8802
      vertex -10.15 -21.8216 -30.0842
      vertex -5.15 -21.8216 -30.0842
    endloop
  endfacet
  facet normal 0 -0.857806 0.513974
    outer loop
      vertex -10.15 -21.9376 -30.2778
      vertex -5.15 -21.8216 -30.0842
      vertex -10.15 -21.8216 -30.0842
    endloop
  endfacet
  facet normal 0 -0.857806 0.513974
    outer loop
      vertex -5.15 -21.8216 -30.0842
      vertex -10.15 -21.9376 -30.2778
      vertex -5.15 -21.9376 -30.2778
    endloop
  endfacet
  facet normal 0 -0.0491862 -0.99879
    outer loop
      vertex -8.94494 -23.85 -26.7
      vertex -5.15 -23.6246 -26.7111
      vertex -5.15 -23.85 -26.7
    endloop
  endfacet
  facet normal -0 -0.0491862 -0.99879
    outer loop
      vertex -5.15 -23.6246 -26.7111
      vertex -8.94494 -23.85 -26.7
      vertex -9.575 -23.6246 -26.7111
    endloop
  endfacet
  facet normal 0 -0.33715 -0.941451
    outer loop
      vertex -10.15 -23.1823 -26.799
      vertex -5.15 -22.9698 -26.8751
      vertex -5.15 -23.1823 -26.799
    endloop
  endfacet
  facet normal -0 -0.33715 -0.941451
    outer loop
      vertex -5.15 -22.9698 -26.8751
      vertex -10.15 -23.1823 -26.799
      vertex -10.15 -22.9698 -26.8751
    endloop
  endfacet
  facet normal 0 -0.242744 -0.97009
    outer loop
      vertex -10.0917 -23.4013 -26.7442
      vertex -5.15 -23.1823 -26.799
      vertex -5.15 -23.4013 -26.7442
    endloop
  endfacet
  facet normal -0.000119971 -0.242774 -0.970083
    outer loop
      vertex -10.15 -23.1823 -26.799
      vertex -10.0917 -23.4013 -26.7442
      vertex -10.15 -23.3737 -26.7511
    endloop
  endfacet
  facet normal 0 -0.242744 -0.97009
    outer loop
      vertex -10.0917 -23.4013 -26.7442
      vertex -10.15 -23.1823 -26.799
      vertex -5.15 -23.1823 -26.799
    endloop
  endfacet
  facet normal 0 -0.513974 -0.857806
    outer loop
      vertex -10.15 -22.7658 -26.9716
      vertex -5.15 -22.5722 -27.0876
      vertex -5.15 -22.7658 -26.9716
    endloop
  endfacet
  facet normal -0 -0.513974 -0.857806
    outer loop
      vertex -5.15 -22.5722 -27.0876
      vertex -10.15 -22.7658 -26.9716
      vertex -10.15 -22.5722 -27.0876
    endloop
  endfacet
  facet normal 0 -0.989192 -0.146629
    outer loop
      vertex -10.15 -21.5611 -28.7746
      vertex -5.15 -21.5942 -28.5513
      vertex -10.15 -21.5942 -28.5513
    endloop
  endfacet
  facet normal 0 -0.989192 -0.146629
    outer loop
      vertex -5.15 -21.5942 -28.5513
      vertex -10.15 -21.5611 -28.7746
      vertex -5.15 -21.5611 -28.7746
    endloop
  endfacet
  facet normal 0 -0.97009 -0.242744
    outer loop
      vertex -10.15 -21.5942 -28.5513
      vertex -5.15 -21.649 -28.3323
      vertex -10.15 -21.649 -28.3323
    endloop
  endfacet
  facet normal 0 -0.97009 -0.242744
    outer loop
      vertex -5.15 -21.649 -28.3323
      vertex -10.15 -21.5942 -28.5513
      vertex -5.15 -21.5942 -28.5513
    endloop
  endfacet
  facet normal 0 -0.857806 -0.513974
    outer loop
      vertex -10.15 -21.8216 -27.9158
      vertex -5.15 -21.9376 -27.7222
      vertex -10.15 -21.9376 -27.7222
    endloop
  endfacet
  facet normal 0 -0.857806 -0.513974
    outer loop
      vertex -5.15 -21.9376 -27.7222
      vertex -10.15 -21.8216 -27.9158
      vertex -5.15 -21.8216 -27.9158
    endloop
  endfacet
  facet normal 0 -0.803125 -0.59581
    outer loop
      vertex -10.15 -21.9376 -27.7222
      vertex -5.15 -22.0721 -27.5409
      vertex -10.15 -22.0721 -27.5409
    endloop
  endfacet
  facet normal 0 -0.803125 -0.59581
    outer loop
      vertex -5.15 -22.0721 -27.5409
      vertex -10.15 -21.9376 -27.7222
      vertex -5.15 -21.9376 -27.7222
    endloop
  endfacet
  facet normal 0 -0.671702 -0.740822
    outer loop
      vertex -10.15 -22.3909 -27.2221
      vertex -5.15 -22.2237 -27.3737
      vertex -5.15 -22.3909 -27.2221
    endloop
  endfacet
  facet normal -0 -0.671702 -0.740822
    outer loop
      vertex -5.15 -22.2237 -27.3737
      vertex -10.15 -22.3909 -27.2221
      vertex -10.15 -22.2237 -27.3737
    endloop
  endfacet
  facet normal 0 -0.0491862 0.99879
    outer loop
      vertex -5.15 -23.6246 -31.2889
      vertex -8.94494 -23.85 -31.3
      vertex -5.15 -23.85 -31.3
    endloop
  endfacet
  facet normal 0 -0.0491862 0.99879
    outer loop
      vertex -8.94494 -23.85 -31.3
      vertex -5.15 -23.6246 -31.2889
      vertex -9.575 -23.6246 -31.2889
    endloop
  endfacet
  facet normal 0 0.989192 0.146629
    outer loop
      vertex -5.15 -26.1058 -29.4487
      vertex -10.15 -26.1389 -29.2254
      vertex -5.15 -26.1389 -29.2254
    endloop
  endfacet
  facet normal 0 0.989192 0.146629
    outer loop
      vertex -10.15 -26.1389 -29.2254
      vertex -5.15 -26.1058 -29.4487
      vertex -10.15 -26.1058 -29.4487
    endloop
  endfacet
  facet normal 0 -0.42761 0.903963
    outer loop
      vertex -10.15 -22.7658 -31.0284
      vertex -5.15 -22.9698 -31.1249
      vertex -5.15 -22.7658 -31.0284
    endloop
  endfacet
  facet normal 0 -0.42761 0.903963
    outer loop
      vertex -5.15 -22.9698 -31.1249
      vertex -10.15 -22.7658 -31.0284
      vertex -10.15 -22.9698 -31.1249
    endloop
  endfacet
  facet normal 0 -0.242744 0.97009
    outer loop
      vertex -5.15 -23.1823 -31.201
      vertex -10.0917 -23.4013 -31.2558
      vertex -5.15 -23.4013 -31.2558
    endloop
  endfacet
  facet normal 0 -0.242744 0.97009
    outer loop
      vertex -10.15 -23.1823 -31.201
      vertex -10.0917 -23.4013 -31.2558
      vertex -5.15 -23.1823 -31.201
    endloop
  endfacet
  facet normal -0.000119971 -0.242774 0.970083
    outer loop
      vertex -10.0917 -23.4013 -31.2558
      vertex -10.15 -23.1823 -31.201
      vertex -10.15 -23.3737 -31.2489
    endloop
  endfacet
  facet normal 0 -0.59581 0.803125
    outer loop
      vertex -10.15 -22.3909 -30.7779
      vertex -5.15 -22.5722 -30.9124
      vertex -5.15 -22.3909 -30.7779
    endloop
  endfacet
  facet normal 0 -0.59581 0.803125
    outer loop
      vertex -5.15 -22.5722 -30.9124
      vertex -10.15 -22.3909 -30.7779
      vertex -10.15 -22.5722 -30.9124
    endloop
  endfacet
  facet normal 0 -0.146629 -0.989192
    outer loop
      vertex -9.575 -23.6246 -26.7111
      vertex -5.15 -23.4013 -26.7442
      vertex -5.15 -23.6246 -26.7111
    endloop
  endfacet
  facet normal -0.00122104 -0.149393 -0.988777
    outer loop
      vertex -10.0917 -23.4013 -26.7442
      vertex -9.575 -23.6246 -26.7111
      vertex -9.75843 -23.5589 -26.7208
    endloop
  endfacet
  facet normal 0 -0.146629 -0.989192
    outer loop
      vertex -9.575 -23.6246 -26.7111
      vertex -10.0917 -23.4013 -26.7442
      vertex -5.15 -23.4013 -26.7442
    endloop
  endfacet
  facet normal 0 -0.941451 -0.33715
    outer loop
      vertex -10.15 -21.649 -28.3323
      vertex -5.15 -21.7251 -28.1198
      vertex -10.15 -21.7251 -28.1198
    endloop
  endfacet
  facet normal 0 -0.941451 -0.33715
    outer loop
      vertex -5.15 -21.7251 -28.1198
      vertex -10.15 -21.649 -28.3323
      vertex -5.15 -21.649 -28.3323
    endloop
  endfacet
  facet normal -0 0.146629 0.989192
    outer loop
      vertex -10.15 -24.0754 -31.2889
      vertex -5.15 -24.2987 -31.2558
      vertex -5.15 -24.0754 -31.2889
    endloop
  endfacet
  facet normal 0 0.146629 0.989192
    outer loop
      vertex -5.15 -24.2987 -31.2558
      vertex -10.15 -24.0754 -31.2889
      vertex -10.15 -24.2987 -31.2558
    endloop
  endfacet
  facet normal 0 0.0491862 0.99879
    outer loop
      vertex -5.15 -23.85 -31.3
      vertex -8.94493 -23.85 -31.3
      vertex -5.15 -24.0754 -31.2889
    endloop
  endfacet
  facet normal 0 -0 0
    outer loop
      vertex -8.94493 -23.85 -31.3
      vertex -5.15 -23.85 -31.3
      vertex -8.94494 -23.85 -31.3
    endloop
  endfacet
  facet normal 0 0.0491862 0.99879
    outer loop
      vertex -10.15 -24.0754 -31.2889
      vertex -8.94493 -23.85 -31.3
      vertex -10.15 -23.85 -31.3
    endloop
  endfacet
  facet normal 0 0.0491862 0.99879
    outer loop
      vertex -8.94493 -23.85 -31.3
      vertex -10.15 -24.0754 -31.2889
      vertex -5.15 -24.0754 -31.2889
    endloop
  endfacet
  facet normal 0 0.740822 0.671702
    outer loop
      vertex -5.15 -25.4763 -30.6263
      vertex -10.15 -25.6279 -30.4591
      vertex -5.15 -25.6279 -30.4591
    endloop
  endfacet
  facet normal 0 0.740822 0.671702
    outer loop
      vertex -10.15 -25.6279 -30.4591
      vertex -5.15 -25.4763 -30.6263
      vertex -10.15 -25.4763 -30.6263
    endloop
  endfacet
  facet normal -0 0.59581 0.803125
    outer loop
      vertex -10.15 -25.1278 -30.9124
      vertex -5.15 -25.3091 -30.7779
      vertex -5.15 -25.1278 -30.9124
    endloop
  endfacet
  facet normal 0 0.59581 0.803125
    outer loop
      vertex -5.15 -25.3091 -30.7779
      vertex -10.15 -25.1278 -30.9124
      vertex -10.15 -25.3091 -30.7779
    endloop
  endfacet
  facet normal 1 0 0
    outer loop
      vertex -10.15 -22.25 -29
      vertex -10.15 -21.55 -29
      vertex -10.15 -21.5611 -28.7746
    endloop
  endfacet
  facet normal 1 0 0
    outer loop
      vertex -10.15 -22.2577 -28.8432
      vertex -10.15 -21.5611 -28.7746
      vertex -10.15 -21.5942 -28.5513
    endloop
  endfacet
  facet normal 1 0 0
    outer loop
      vertex -10.15 -21.55 -29
      vertex -10.15 -22.25 -29
      vertex -10.15 -21.5611 -29.2254
    endloop
  endfacet
  facet normal 1 0 0
    outer loop
      vertex -10.15 -22.2807 -28.6879
      vertex -10.15 -21.5942 -28.5513
      vertex -10.15 -21.649 -28.3323
    endloop
  endfacet
  facet normal 1 -0 0
    outer loop
      vertex -10.15 -22.2577 -29.1568
      vertex -10.15 -21.5611 -29.2254
      vertex -10.15 -22.25 -29
    endloop
  endfacet
  facet normal 1 0 0
    outer loop
      vertex -10.15 -22.3189 -28.5355
      vertex -10.15 -21.649 -28.3323
      vertex -10.15 -21.7251 -28.1198
    endloop
  endfacet
  facet normal 1 0 0
    outer loop
      vertex -10.15 -21.5611 -29.2254
      vertex -10.15 -22.2577 -29.1568
      vertex -10.15 -21.5942 -29.4487
    endloop
  endfacet
  facet normal 1 0 0
    outer loop
      vertex -10.15 -22.3718 -28.3877
      vertex -10.15 -21.7251 -28.1198
      vertex -10.15 -21.8216 -27.9158
    endloop
  endfacet
  facet normal 1 -0 0
    outer loop
      vertex -10.15 -22.2807 -29.3121
      vertex -10.15 -21.5942 -29.4487
      vertex -10.15 -22.2577 -29.1568
    endloop
  endfacet
  facet normal 1 0 0
    outer loop
      vertex -10.15 -22.4389 -28.2458
      vertex -10.15 -21.8216 -27.9158
      vertex -10.15 -21.9376 -27.7222
    endloop
  endfacet
  facet normal 1 0 0
    outer loop
      vertex -10.15 -21.5942 -29.4487
      vertex -10.15 -22.2807 -29.3121
      vertex -10.15 -21.649 -29.6677
    endloop
  endfacet
  facet normal 1 0 0
    outer loop
      vertex -10.15 -22.5196 -28.1111
      vertex -10.15 -21.9376 -27.7222
      vertex -10.15 -22.0721 -27.5409
    endloop
  endfacet
  facet normal 1 -0 0
    outer loop
      vertex -10.15 -22.3189 -29.4645
      vertex -10.15 -21.649 -29.6677
      vertex -10.15 -22.2807 -29.3121
    endloop
  endfacet
  facet normal 1 0 0
    outer loop
      vertex -10.15 -22.6132 -27.985
      vertex -10.15 -22.0721 -27.5409
      vertex -10.15 -22.2237 -27.3737
    endloop
  endfacet
  facet normal 1 0 0
    outer loop
      vertex -10.15 -21.649 -29.6677
      vertex -10.15 -22.3189 -29.4645
      vertex -10.15 -21.7251 -29.8802
    endloop
  endfacet
  facet normal 1 -0 0
    outer loop
      vertex -10.15 -22.3718 -29.6123
      vertex -10.15 -21.7251 -29.8802
      vertex -10.15 -22.3189 -29.4645
    endloop
  endfacet
  facet normal 1 0 0
    outer loop
      vertex -10.15 -21.5611 -28.7746
      vertex -10.15 -22.2577 -28.8432
      vertex -10.15 -22.25 -29
    endloop
  endfacet
  facet normal 1 0 0
    outer loop
      vertex -10.15 -21.5942 -28.5513
      vertex -10.15 -22.2807 -28.6879
      vertex -10.15 -22.2577 -28.8432
    endloop
  endfacet
  facet normal 1 0 0
    outer loop
      vertex -10.15 -21.649 -28.3323
      vertex -10.15 -22.3189 -28.5355
      vertex -10.15 -22.2807 -28.6879
    endloop
  endfacet
  facet normal 1 0 0
    outer loop
      vertex -10.15 -21.7251 -28.1198
      vertex -10.15 -22.3718 -28.3877
      vertex -10.15 -22.3189 -28.5355
    endloop
  endfacet
  facet normal 1 0 0
    outer loop
      vertex -10.15 -22.7186 -27.8686
      vertex -10.15 -22.2237 -27.3737
      vertex -10.15 -22.3909 -27.2221
    endloop
  endfacet
  facet normal 1 0 0
    outer loop
      vertex -10.15 -21.8216 -27.9158
      vertex -10.15 -22.4389 -28.2458
      vertex -10.15 -22.3718 -28.3877
    endloop
  endfacet
  facet normal 1 0 0
    outer loop
      vertex -10.15 -21.9376 -27.7222
      vertex -10.15 -22.5196 -28.1111
      vertex -10.15 -22.4389 -28.2458
    endloop
  endfacet
  facet normal 1 0 0
    outer loop
      vertex -10.15 -22.835 -27.7632
      vertex -10.15 -22.3909 -27.2221
      vertex -10.15 -22.5722 -27.0876
    endloop
  endfacet
  facet normal 1 0 0
    outer loop
      vertex -10.15 -22.0721 -27.5409
      vertex -10.15 -22.6132 -27.985
      vertex -10.15 -22.5196 -28.1111
    endloop
  endfacet
  facet normal 1 0 0
    outer loop
      vertex -10.15 -22.2237 -27.3737
      vertex -10.15 -22.7186 -27.8686
      vertex -10.15 -22.6132 -27.985
    endloop
  endfacet
  facet normal 1 0 0
    outer loop
      vertex -10.15 -22.9611 -27.6696
      vertex -10.15 -22.5722 -27.0876
      vertex -10.15 -22.7658 -26.9716
    endloop
  endfacet
  facet normal 1 0 0
    outer loop
      vertex -10.15 -22.3909 -27.2221
      vertex -10.15 -22.835 -27.7632
      vertex -10.15 -22.7186 -27.8686
    endloop
  endfacet
  facet normal 1 0 0
    outer loop
      vertex -10.15 -22.5722 -27.0876
      vertex -10.15 -22.9611 -27.6696
      vertex -10.15 -22.835 -27.7632
    endloop
  endfacet
  facet normal 1 0 0
    outer loop
      vertex -10.15 -23.0958 -27.5889
      vertex -10.15 -22.7658 -26.9716
      vertex -10.15 -22.9698 -26.8751
    endloop
  endfacet
  facet normal 1 0 0
    outer loop
      vertex -10.15 -22.7658 -26.9716
      vertex -10.15 -23.0958 -27.5889
      vertex -10.15 -22.9611 -27.6696
    endloop
  endfacet
  facet normal 1 0 0
    outer loop
      vertex -10.15 -23.3737 -27.4731
      vertex -10.15 -22.9698 -26.8751
      vertex -10.15 -23.1823 -26.799
    endloop
  endfacet
  facet normal 1 0 0
    outer loop
      vertex -10.15 -22.9698 -26.8751
      vertex -10.15 -23.2377 -27.5218
      vertex -10.15 -23.0958 -27.5889
    endloop
  endfacet
  facet normal 1 0 0
    outer loop
      vertex -10.15 -23.3737 -27.4731
      vertex -10.15 -23.1823 -26.799
      vertex -10.15 -23.3737 -26.7511
    endloop
  endfacet
  facet normal 1 0 0
    outer loop
      vertex -10.15 -22.9698 -26.8751
      vertex -10.15 -23.3737 -27.4731
      vertex -10.15 -23.2377 -27.5218
    endloop
  endfacet
  facet normal 1 0 0
    outer loop
      vertex -10.15 -21.7251 -29.8802
      vertex -10.15 -22.3718 -29.6123
      vertex -10.15 -21.8216 -30.0842
    endloop
  endfacet
  facet normal 1 -0 0
    outer loop
      vertex -10.15 -22.4389 -29.7542
      vertex -10.15 -21.8216 -30.0842
      vertex -10.15 -22.3718 -29.6123
    endloop
  endfacet
  facet normal 1 0 0
    outer loop
      vertex -10.15 -21.8216 -30.0842
      vertex -10.15 -22.4389 -29.7542
      vertex -10.15 -21.9376 -30.2778
    endloop
  endfacet
  facet normal 1 -0 0
    outer loop
      vertex -10.15 -22.5196 -29.8889
      vertex -10.15 -21.9376 -30.2778
      vertex -10.15 -22.4389 -29.7542
    endloop
  endfacet
  facet normal 1 0 0
    outer loop
      vertex -10.15 -21.9376 -30.2778
      vertex -10.15 -22.5196 -29.8889
      vertex -10.15 -22.0721 -30.4591
    endloop
  endfacet
  facet normal 1 -0 0
    outer loop
      vertex -10.15 -22.6132 -30.015
      vertex -10.15 -22.0721 -30.4591
      vertex -10.15 -22.5196 -29.8889
    endloop
  endfacet
  facet normal 1 0 0
    outer loop
      vertex -10.15 -22.0721 -30.4591
      vertex -10.15 -22.6132 -30.015
      vertex -10.15 -22.2237 -30.6263
    endloop
  endfacet
  facet normal 1 -0 0
    outer loop
      vertex -10.15 -22.7186 -30.1314
      vertex -10.15 -22.2237 -30.6263
      vertex -10.15 -22.6132 -30.015
    endloop
  endfacet
  facet normal 1 0 0
    outer loop
      vertex -10.15 -22.2237 -30.6263
      vertex -10.15 -22.7186 -30.1314
      vertex -10.15 -22.3909 -30.7779
    endloop
  endfacet
  facet normal 1 -0 0
    outer loop
      vertex -10.15 -22.835 -30.2368
      vertex -10.15 -22.3909 -30.7779
      vertex -10.15 -22.7186 -30.1314
    endloop
  endfacet
  facet normal 1 0 0
    outer loop
      vertex -10.15 -22.3909 -30.7779
      vertex -10.15 -22.835 -30.2368
      vertex -10.15 -22.5722 -30.9124
    endloop
  endfacet
  facet normal 1 -0 0
    outer loop
      vertex -10.15 -22.9611 -30.3304
      vertex -10.15 -22.5722 -30.9124
      vertex -10.15 -22.835 -30.2368
    endloop
  endfacet
  facet normal 1 0 0
    outer loop
      vertex -10.15 -22.5722 -30.9124
      vertex -10.15 -22.9611 -30.3304
      vertex -10.15 -22.7658 -31.0284
    endloop
  endfacet
  facet normal 1 -0 0
    outer loop
      vertex -10.15 -23.0958 -30.4111
      vertex -10.15 -22.7658 -31.0284
      vertex -10.15 -22.9611 -30.3304
    endloop
  endfacet
  facet normal 1 0 0
    outer loop
      vertex -10.15 -22.7658 -31.0284
      vertex -10.15 -23.0958 -30.4111
      vertex -10.15 -22.9698 -31.1249
    endloop
  endfacet
  facet normal 1 -0 0
    outer loop
      vertex -10.15 -23.2377 -30.4782
      vertex -10.15 -22.9698 -31.1249
      vertex -10.15 -23.0958 -30.4111
    endloop
  endfacet
  facet normal 1 -0 0
    outer loop
      vertex -10.15 -23.3737 -30.5269
      vertex -10.15 -22.9698 -31.1249
      vertex -10.15 -23.2377 -30.4782
    endloop
  endfacet
  facet normal 1 0 0
    outer loop
      vertex -10.15 -22.9698 -31.1249
      vertex -10.15 -23.3737 -30.5269
      vertex -10.15 -23.1823 -31.201
    endloop
  endfacet
  facet normal 1 0 0
    outer loop
      vertex -10.15 -23.1823 -31.201
      vertex -10.15 -23.3737 -30.5269
      vertex -10.15 -23.3737 -31.2489
    endloop
  endfacet
  facet normal 1 0 0
    outer loop
      vertex -10.15 -23.85 -26.7
      vertex -10.15 -24.0068 -27.4077
      vertex -10.15 -23.85 -27.4
    endloop
  endfacet
  facet normal 1 -0 0
    outer loop
      vertex -10.15 -24.0754 -26.7111
      vertex -10.15 -24.0068 -27.4077
      vertex -10.15 -23.85 -26.7
    endloop
  endfacet
  facet normal 1 0 0
    outer loop
      vertex -10.15 -24.0754 -26.7111
      vertex -10.15 -24.1621 -27.4307
      vertex -10.15 -24.0068 -27.4077
    endloop
  endfacet
  facet normal 1 -0 0
    outer loop
      vertex -10.15 -24.2987 -26.7442
      vertex -10.15 -24.1621 -27.4307
      vertex -10.15 -24.0754 -26.7111
    endloop
  endfacet
  facet normal 1 0 0
    outer loop
      vertex -10.15 -24.2987 -26.7442
      vertex -10.15 -24.3145 -27.4689
      vertex -10.15 -24.1621 -27.4307
    endloop
  endfacet
  facet normal 1 -0 0
    outer loop
      vertex -10.15 -24.5177 -26.799
      vertex -10.15 -24.3145 -27.4689
      vertex -10.15 -24.2987 -26.7442
    endloop
  endfacet
  facet normal 1 0 0
    outer loop
      vertex -10.15 -24.3145 -27.4689
      vertex -10.15 -24.5177 -26.799
      vertex -10.15 -24.4623 -27.5218
    endloop
  endfacet
  facet normal 1 -0 0
    outer loop
      vertex -10.15 -24.7302 -26.8751
      vertex -10.15 -24.4623 -27.5218
      vertex -10.15 -24.5177 -26.799
    endloop
  endfacet
  facet normal 1 0 0
    outer loop
      vertex -10.15 -24.4623 -27.5218
      vertex -10.15 -24.7302 -26.8751
      vertex -10.15 -24.6042 -27.5889
    endloop
  endfacet
  facet normal 1 -0 0
    outer loop
      vertex -10.15 -24.9342 -26.9716
      vertex -10.15 -24.6042 -27.5889
      vertex -10.15 -24.7302 -26.8751
    endloop
  endfacet
  facet normal 1 0 0
    outer loop
      vertex -10.15 -24.6042 -27.5889
      vertex -10.15 -24.9342 -26.9716
      vertex -10.15 -24.7389 -27.6696
    endloop
  endfacet
  facet normal 1 -0 0
    outer loop
      vertex -10.15 -25.1278 -27.0876
      vertex -10.15 -24.7389 -27.6696
      vertex -10.15 -24.9342 -26.9716
    endloop
  endfacet
  facet normal 1 0 0
    outer loop
      vertex -10.15 -24.7389 -27.6696
      vertex -10.15 -25.1278 -27.0876
      vertex -10.15 -24.865 -27.7632
    endloop
  endfacet
  facet normal 1 -0 0
    outer loop
      vertex -10.15 -25.3091 -27.2221
      vertex -10.15 -24.865 -27.7632
      vertex -10.15 -25.1278 -27.0876
    endloop
  endfacet
  facet normal 1 0 0
    outer loop
      vertex -10.15 -24.865 -27.7632
      vertex -10.15 -25.3091 -27.2221
      vertex -10.15 -24.9814 -27.8686
    endloop
  endfacet
  facet normal 1 -0 0
    outer loop
      vertex -10.15 -25.4763 -27.3737
      vertex -10.15 -24.9814 -27.8686
      vertex -10.15 -25.3091 -27.2221
    endloop
  endfacet
  facet normal 1 0 0
    outer loop
      vertex -10.15 -24.9814 -27.8686
      vertex -10.15 -25.4763 -27.3737
      vertex -10.15 -25.0868 -27.985
    endloop
  endfacet
  facet normal 1 -0 0
    outer loop
      vertex -10.15 -25.6279 -27.5409
      vertex -10.15 -25.0868 -27.985
      vertex -10.15 -25.4763 -27.3737
    endloop
  endfacet
  facet normal 1 0 0
    outer loop
      vertex -10.15 -25.0868 -27.985
      vertex -10.15 -25.6279 -27.5409
      vertex -10.15 -25.1804 -28.1111
    endloop
  endfacet
  facet normal 1 -0 0
    outer loop
      vertex -10.15 -25.7624 -27.7222
      vertex -10.15 -25.1804 -28.1111
      vertex -10.15 -25.6279 -27.5409
    endloop
  endfacet
  facet normal 1 0 0
    outer loop
      vertex -10.15 -25.1804 -28.1111
      vertex -10.15 -25.7624 -27.7222
      vertex -10.15 -25.2611 -28.2458
    endloop
  endfacet
  facet normal 1 -0 0
    outer loop
      vertex -10.15 -25.8784 -27.9158
      vertex -10.15 -25.2611 -28.2458
      vertex -10.15 -25.7624 -27.7222
    endloop
  endfacet
  facet normal 1 -0 0
    outer loop
      vertex -10.15 -25.9749 -28.1198
      vertex -10.15 -25.3282 -28.3877
      vertex -10.15 -25.8784 -27.9158
    endloop
  endfacet
  facet normal 1 0 0
    outer loop
      vertex -10.15 -25.2611 -28.2458
      vertex -10.15 -25.8784 -27.9158
      vertex -10.15 -25.3282 -28.3877
    endloop
  endfacet
  facet normal 1 0 0
    outer loop
      vertex -10.15 -24.0068 -30.5923
      vertex -10.15 -23.85 -31.3
      vertex -10.15 -23.85 -30.6
    endloop
  endfacet
  facet normal 1 0 0
    outer loop
      vertex -10.15 -24.0068 -30.5923
      vertex -10.15 -24.0754 -31.2889
      vertex -10.15 -23.85 -31.3
    endloop
  endfacet
  facet normal 1 0 0
    outer loop
      vertex -10.15 -24.1621 -30.5693
      vertex -10.15 -24.0754 -31.2889
      vertex -10.15 -24.0068 -30.5923
    endloop
  endfacet
  facet normal 1 0 0
    outer loop
      vertex -10.15 -24.1621 -30.5693
      vertex -10.15 -24.2987 -31.2558
      vertex -10.15 -24.0754 -31.2889
    endloop
  endfacet
  facet normal 1 0 0
    outer loop
      vertex -10.15 -24.3145 -30.5311
      vertex -10.15 -24.2987 -31.2558
      vertex -10.15 -24.1621 -30.5693
    endloop
  endfacet
  facet normal 1 0 0
    outer loop
      vertex -10.15 -24.5177 -31.201
      vertex -10.15 -24.3145 -30.5311
      vertex -10.15 -24.4623 -30.4782
    endloop
  endfacet
  facet normal 1 0 0
    outer loop
      vertex -10.15 -24.3145 -30.5311
      vertex -10.15 -24.5177 -31.201
      vertex -10.15 -24.2987 -31.2558
    endloop
  endfacet
  facet normal 1 0 0
    outer loop
      vertex -10.15 -24.7302 -31.1249
      vertex -10.15 -24.4623 -30.4782
      vertex -10.15 -24.6042 -30.4111
    endloop
  endfacet
  facet normal 1 0 0
    outer loop
      vertex -10.15 -24.4623 -30.4782
      vertex -10.15 -24.7302 -31.1249
      vertex -10.15 -24.5177 -31.201
    endloop
  endfacet
  facet normal 1 0 0
    outer loop
      vertex -10.15 -24.9342 -31.0284
      vertex -10.15 -24.6042 -30.4111
      vertex -10.15 -24.7389 -30.3304
    endloop
  endfacet
  facet normal 1 0 0
    outer loop
      vertex -10.15 -25.1278 -30.9124
      vertex -10.15 -24.7389 -30.3304
      vertex -10.15 -24.865 -30.2368
    endloop
  endfacet
  facet normal 1 0 0
    outer loop
      vertex -10.15 -24.6042 -30.4111
      vertex -10.15 -24.9342 -31.0284
      vertex -10.15 -24.7302 -31.1249
    endloop
  endfacet
  facet normal 1 0 0
    outer loop
      vertex -10.15 -25.3091 -30.7779
      vertex -10.15 -24.865 -30.2368
      vertex -10.15 -24.9814 -30.1314
    endloop
  endfacet
  facet normal 1 0 0
    outer loop
      vertex -10.15 -25.4763 -30.6263
      vertex -10.15 -24.9814 -30.1314
      vertex -10.15 -25.0868 -30.015
    endloop
  endfacet
  facet normal 1 0 0
    outer loop
      vertex -10.15 -24.7389 -30.3304
      vertex -10.15 -25.1278 -30.9124
      vertex -10.15 -24.9342 -31.0284
    endloop
  endfacet
  facet normal 1 0 0
    outer loop
      vertex -10.15 -25.6279 -30.4591
      vertex -10.15 -25.0868 -30.015
      vertex -10.15 -25.1804 -29.8889
    endloop
  endfacet
  facet normal 1 0 0
    outer loop
      vertex -10.15 -25.7624 -30.2778
      vertex -10.15 -25.1804 -29.8889
      vertex -10.15 -25.2611 -29.7542
    endloop
  endfacet
  facet normal 1 0 0
    outer loop
      vertex -10.15 -24.865 -30.2368
      vertex -10.15 -25.3091 -30.7779
      vertex -10.15 -25.1278 -30.9124
    endloop
  endfacet
  facet normal 1 0 0
    outer loop
      vertex -10.15 -25.8784 -30.0842
      vertex -10.15 -25.2611 -29.7542
      vertex -10.15 -25.3282 -29.6123
    endloop
  endfacet
  facet normal 1 0 0
    outer loop
      vertex -10.15 -25.9749 -29.8802
      vertex -10.15 -25.3282 -29.6123
      vertex -10.15 -25.3811 -29.4645
    endloop
  endfacet
  facet normal 1 0 0
    outer loop
      vertex -10.15 -26.051 -29.6677
      vertex -10.15 -25.3811 -29.4645
      vertex -10.15 -25.4193 -29.3121
    endloop
  endfacet
  facet normal 1 0 0
    outer loop
      vertex -10.15 -26.1058 -29.4487
      vertex -10.15 -25.4193 -29.3121
      vertex -10.15 -25.4423 -29.1568
    endloop
  endfacet
  facet normal 1 0 0
    outer loop
      vertex -10.15 -24.9814 -30.1314
      vertex -10.15 -25.4763 -30.6263
      vertex -10.15 -25.3091 -30.7779
    endloop
  endfacet
  facet normal 1 0 0
    outer loop
      vertex -10.15 -26.1389 -29.2254
      vertex -10.15 -25.4423 -29.1568
      vertex -10.15 -25.45 -29
    endloop
  endfacet
  facet normal 1 0 0
    outer loop
      vertex -10.15 -25.3282 -28.3877
      vertex -10.15 -25.9749 -28.1198
      vertex -10.15 -25.3811 -28.5355
    endloop
  endfacet
  facet normal 1 -0 0
    outer loop
      vertex -10.15 -26.051 -28.3323
      vertex -10.15 -25.3811 -28.5355
      vertex -10.15 -25.9749 -28.1198
    endloop
  endfacet
  facet normal 1 0 0
    outer loop
      vertex -10.15 -25.0868 -30.015
      vertex -10.15 -25.6279 -30.4591
      vertex -10.15 -25.4763 -30.6263
    endloop
  endfacet
  facet normal 1 0 0
    outer loop
      vertex -10.15 -25.3811 -28.5355
      vertex -10.15 -26.051 -28.3323
      vertex -10.15 -25.4193 -28.6879
    endloop
  endfacet
  facet normal 1 0 0
    outer loop
      vertex -10.15 -25.1804 -29.8889
      vertex -10.15 -25.7624 -30.2778
      vertex -10.15 -25.6279 -30.4591
    endloop
  endfacet
  facet normal 1 -0 0
    outer loop
      vertex -10.15 -26.1058 -28.5513
      vertex -10.15 -25.4193 -28.6879
      vertex -10.15 -26.051 -28.3323
    endloop
  endfacet
  facet normal 1 0 0
    outer loop
      vertex -10.15 -25.2611 -29.7542
      vertex -10.15 -25.8784 -30.0842
      vertex -10.15 -25.7624 -30.2778
    endloop
  endfacet
  facet normal 1 0 0
    outer loop
      vertex -10.15 -25.4193 -28.6879
      vertex -10.15 -26.1058 -28.5513
      vertex -10.15 -25.4423 -28.8432
    endloop
  endfacet
  facet normal 1 0 0
    outer loop
      vertex -10.15 -25.3282 -29.6123
      vertex -10.15 -25.9749 -29.8802
      vertex -10.15 -25.8784 -30.0842
    endloop
  endfacet
  facet normal 1 -0 0
    outer loop
      vertex -10.15 -26.1389 -28.7746
      vertex -10.15 -25.4423 -28.8432
      vertex -10.15 -26.1058 -28.5513
    endloop
  endfacet
  facet normal 1 0 0
    outer loop
      vertex -10.15 -25.3811 -29.4645
      vertex -10.15 -26.051 -29.6677
      vertex -10.15 -25.9749 -29.8802
    endloop
  endfacet
  facet normal 1 0 0
    outer loop
      vertex -10.15 -25.4423 -28.8432
      vertex -10.15 -26.1389 -28.7746
      vertex -10.15 -25.45 -29
    endloop
  endfacet
  facet normal 1 0 0
    outer loop
      vertex -10.15 -25.4193 -29.3121
      vertex -10.15 -26.1058 -29.4487
      vertex -10.15 -26.051 -29.6677
    endloop
  endfacet
  facet normal 1 0 0
    outer loop
      vertex -10.15 -26.15 -29
      vertex -10.15 -25.45 -29
      vertex -10.15 -26.1389 -28.7746
    endloop
  endfacet
  facet normal 1 0 0
    outer loop
      vertex -10.15 -25.4423 -29.1568
      vertex -10.15 -26.1389 -29.2254
      vertex -10.15 -26.1058 -29.4487
    endloop
  endfacet
  facet normal 1 0 0
    outer loop
      vertex -10.15 -25.45 -29
      vertex -10.15 -26.15 -29
      vertex -10.15 -26.1389 -29.2254
    endloop
  endfacet
  facet normal 0 0.0491862 -0.99879
    outer loop
      vertex -5.15 -24.0754 -26.7111
      vertex -8.94493 -23.85 -26.7
      vertex -5.15 -23.85 -26.7
    endloop
  endfacet
  facet normal 0 0.0491862 -0.99879
    outer loop
      vertex -10.15 -24.0754 -26.7111
      vertex -8.94493 -23.85 -26.7
      vertex -5.15 -24.0754 -26.7111
    endloop
  endfacet
  facet normal 0 0.0491862 -0.99879
    outer loop
      vertex -8.94493 -23.85 -26.7
      vertex -10.15 -24.0754 -26.7111
      vertex -10.15 -23.85 -26.7
    endloop
  endfacet
  facet normal 0 0 0
    outer loop
      vertex -5.15 -23.85 -26.7
      vertex -8.94493 -23.85 -26.7
      vertex -8.94494 -23.85 -26.7
    endloop
  endfacet
  facet normal 0 0.33715 -0.941451
    outer loop
      vertex -10.15 -24.7302 -26.8751
      vertex -5.15 -24.5177 -26.799
      vertex -5.15 -24.7302 -26.8751
    endloop
  endfacet
  facet normal 0 0.33715 -0.941451
    outer loop
      vertex -5.15 -24.5177 -26.799
      vertex -10.15 -24.7302 -26.8751
      vertex -10.15 -24.5177 -26.799
    endloop
  endfacet
  facet normal 0 0.59581 -0.803125
    outer loop
      vertex -10.15 -25.3091 -27.2221
      vertex -5.15 -25.1278 -27.0876
      vertex -5.15 -25.3091 -27.2221
    endloop
  endfacet
  facet normal 0 0.59581 -0.803125
    outer loop
      vertex -5.15 -25.1278 -27.0876
      vertex -10.15 -25.3091 -27.2221
      vertex -10.15 -25.1278 -27.0876
    endloop
  endfacet
  facet normal 0 -0.33715 0.941451
    outer loop
      vertex -10.15 -22.9698 -31.1249
      vertex -5.15 -23.1823 -31.201
      vertex -5.15 -22.9698 -31.1249
    endloop
  endfacet
  facet normal 0 -0.33715 0.941451
    outer loop
      vertex -5.15 -23.1823 -31.201
      vertex -10.15 -22.9698 -31.1249
      vertex -10.15 -23.1823 -31.201
    endloop
  endfacet
  facet normal -0 0.33715 0.941451
    outer loop
      vertex -10.15 -24.5177 -31.201
      vertex -5.15 -24.7302 -31.1249
      vertex -5.15 -24.5177 -31.201
    endloop
  endfacet
  facet normal 0 0.33715 0.941451
    outer loop
      vertex -5.15 -24.7302 -31.1249
      vertex -10.15 -24.5177 -31.201
      vertex -10.15 -24.7302 -31.1249
    endloop
  endfacet
  facet normal -0 0.242744 0.97009
    outer loop
      vertex -10.15 -24.2987 -31.2558
      vertex -5.15 -24.5177 -31.201
      vertex -5.15 -24.2987 -31.2558
    endloop
  endfacet
  facet normal 0 0.242744 0.97009
    outer loop
      vertex -5.15 -24.5177 -31.201
      vertex -10.15 -24.2987 -31.2558
      vertex -10.15 -24.5177 -31.201
    endloop
  endfacet
  facet normal 0 0.857806 0.513974
    outer loop
      vertex -5.15 -25.7624 -30.2778
      vertex -10.15 -25.8784 -30.0842
      vertex -5.15 -25.8784 -30.0842
    endloop
  endfacet
  facet normal 0 0.857806 0.513974
    outer loop
      vertex -10.15 -25.8784 -30.0842
      vertex -5.15 -25.7624 -30.2778
      vertex -10.15 -25.7624 -30.2778
    endloop
  endfacet
  facet normal -0 0.513974 0.857806
    outer loop
      vertex -10.15 -24.9342 -31.0284
      vertex -5.15 -25.1278 -30.9124
      vertex -5.15 -24.9342 -31.0284
    endloop
  endfacet
  facet normal 0 0.513974 0.857806
    outer loop
      vertex -5.15 -25.1278 -30.9124
      vertex -10.15 -24.9342 -31.0284
      vertex -10.15 -25.1278 -30.9124
    endloop
  endfacet
  facet normal 0 0.99879 0.0491862
    outer loop
      vertex -5.15 -26.1389 -29.2254
      vertex -10.15 -26.15 -29
      vertex -5.15 -26.15 -29
    endloop
  endfacet
  facet normal 0 0.99879 0.0491862
    outer loop
      vertex -10.15 -26.15 -29
      vertex -5.15 -26.1389 -29.2254
      vertex -10.15 -26.1389 -29.2254
    endloop
  endfacet
  facet normal 0 0.99879 -0.0491862
    outer loop
      vertex -5.15 -26.15 -29
      vertex -10.15 -26.1389 -28.7746
      vertex -5.15 -26.1389 -28.7746
    endloop
  endfacet
  facet normal 0 0.99879 -0.0491862
    outer loop
      vertex -10.15 -26.1389 -28.7746
      vertex -5.15 -26.15 -29
      vertex -10.15 -26.15 -29
    endloop
  endfacet
  facet normal 0 0.513974 -0.857806
    outer loop
      vertex -10.15 -25.1278 -27.0876
      vertex -5.15 -24.9342 -26.9716
      vertex -5.15 -25.1278 -27.0876
    endloop
  endfacet
  facet normal 0 0.513974 -0.857806
    outer loop
      vertex -5.15 -24.9342 -26.9716
      vertex -10.15 -25.1278 -27.0876
      vertex -10.15 -24.9342 -26.9716
    endloop
  endfacet
  facet normal 0 0.42761 -0.903963
    outer loop
      vertex -10.15 -24.9342 -26.9716
      vertex -5.15 -24.7302 -26.8751
      vertex -5.15 -24.9342 -26.9716
    endloop
  endfacet
  facet normal 0 0.42761 -0.903963
    outer loop
      vertex -5.15 -24.7302 -26.8751
      vertex -10.15 -24.9342 -26.9716
      vertex -10.15 -24.7302 -26.8751
    endloop
  endfacet
  facet normal 0 0.242744 -0.97009
    outer loop
      vertex -10.15 -24.5177 -26.799
      vertex -5.15 -24.2987 -26.7442
      vertex -5.15 -24.5177 -26.799
    endloop
  endfacet
  facet normal 0 0.242744 -0.97009
    outer loop
      vertex -5.15 -24.2987 -26.7442
      vertex -10.15 -24.5177 -26.799
      vertex -10.15 -24.2987 -26.7442
    endloop
  endfacet
  facet normal 0 0.97009 0.242744
    outer loop
      vertex -5.15 -26.051 -29.6677
      vertex -10.15 -26.1058 -29.4487
      vertex -5.15 -26.1058 -29.4487
    endloop
  endfacet
  facet normal 0 0.97009 0.242744
    outer loop
      vertex -10.15 -26.1058 -29.4487
      vertex -5.15 -26.051 -29.6677
      vertex -10.15 -26.051 -29.6677
    endloop
  endfacet
  facet normal 0 0.803125 0.59581
    outer loop
      vertex -5.15 -25.6279 -30.4591
      vertex -10.15 -25.7624 -30.2778
      vertex -5.15 -25.7624 -30.2778
    endloop
  endfacet
  facet normal 0 0.803125 0.59581
    outer loop
      vertex -10.15 -25.7624 -30.2778
      vertex -5.15 -25.6279 -30.4591
      vertex -10.15 -25.6279 -30.4591
    endloop
  endfacet
  facet normal -0 0.671702 0.740822
    outer loop
      vertex -10.15 -25.3091 -30.7779
      vertex -5.15 -25.4763 -30.6263
      vertex -5.15 -25.3091 -30.7779
    endloop
  endfacet
  facet normal 0 0.671702 0.740822
    outer loop
      vertex -5.15 -25.4763 -30.6263
      vertex -10.15 -25.3091 -30.7779
      vertex -10.15 -25.4763 -30.6263
    endloop
  endfacet
  facet normal 0 0.941451 -0.33715
    outer loop
      vertex -5.15 -26.051 -28.3323
      vertex -10.15 -25.9749 -28.1198
      vertex -5.15 -25.9749 -28.1198
    endloop
  endfacet
  facet normal 0 0.941451 -0.33715
    outer loop
      vertex -10.15 -25.9749 -28.1198
      vertex -5.15 -26.051 -28.3323
      vertex -10.15 -26.051 -28.3323
    endloop
  endfacet
  facet normal 0 0.857806 -0.513974
    outer loop
      vertex -5.15 -25.8784 -27.9158
      vertex -10.15 -25.7624 -27.7222
      vertex -5.15 -25.7624 -27.7222
    endloop
  endfacet
  facet normal 0 0.857806 -0.513974
    outer loop
      vertex -10.15 -25.7624 -27.7222
      vertex -5.15 -25.8784 -27.9158
      vertex -10.15 -25.8784 -27.9158
    endloop
  endfacet
  facet normal 0 0.740822 -0.671702
    outer loop
      vertex -5.15 -25.6279 -27.5409
      vertex -10.15 -25.4763 -27.3737
      vertex -5.15 -25.4763 -27.3737
    endloop
  endfacet
  facet normal 0 0.740822 -0.671702
    outer loop
      vertex -10.15 -25.4763 -27.3737
      vertex -5.15 -25.6279 -27.5409
      vertex -10.15 -25.6279 -27.5409
    endloop
  endfacet
  facet normal 0 0.671702 -0.740822
    outer loop
      vertex -10.15 -25.4763 -27.3737
      vertex -5.15 -25.3091 -27.2221
      vertex -5.15 -25.4763 -27.3737
    endloop
  endfacet
  facet normal 0 0.671702 -0.740822
    outer loop
      vertex -5.15 -25.3091 -27.2221
      vertex -10.15 -25.4763 -27.3737
      vertex -10.15 -25.3091 -27.2221
    endloop
  endfacet
  facet normal 0 0.989192 -0.146629
    outer loop
      vertex -5.15 -26.1389 -28.7746
      vertex -10.15 -26.1058 -28.5513
      vertex -5.15 -26.1058 -28.5513
    endloop
  endfacet
  facet normal 0 0.989192 -0.146629
    outer loop
      vertex -10.15 -26.1058 -28.5513
      vertex -5.15 -26.1389 -28.7746
      vertex -10.15 -26.1389 -28.7746
    endloop
  endfacet
  facet normal 0 0.97009 -0.242744
    outer loop
      vertex -5.15 -26.1058 -28.5513
      vertex -10.15 -26.051 -28.3323
      vertex -5.15 -26.051 -28.3323
    endloop
  endfacet
  facet normal 0 0.97009 -0.242744
    outer loop
      vertex -10.15 -26.051 -28.3323
      vertex -5.15 -26.1058 -28.5513
      vertex -10.15 -26.1058 -28.5513
    endloop
  endfacet
  facet normal 0 0.903963 -0.42761
    outer loop
      vertex -5.15 -25.9749 -28.1198
      vertex -10.15 -25.8784 -27.9158
      vertex -5.15 -25.8784 -27.9158
    endloop
  endfacet
  facet normal 0 0.903963 -0.42761
    outer loop
      vertex -10.15 -25.8784 -27.9158
      vertex -5.15 -25.9749 -28.1198
      vertex -10.15 -25.9749 -28.1198
    endloop
  endfacet
  facet normal 0 0.803125 -0.59581
    outer loop
      vertex -5.15 -25.7624 -27.7222
      vertex -10.15 -25.6279 -27.5409
      vertex -5.15 -25.6279 -27.5409
    endloop
  endfacet
  facet normal 0 0.803125 -0.59581
    outer loop
      vertex -10.15 -25.6279 -27.5409
      vertex -5.15 -25.7624 -27.7222
      vertex -10.15 -25.7624 -27.7222
    endloop
  endfacet
  facet normal 0 -0.0491862 -0.99879
    outer loop
      vertex 5.15 -23.6246 -26.7111
      vertex 8.94494 -23.85 -26.7
      vertex 5.15 -23.85 -26.7
    endloop
  endfacet
  facet normal 0 -0.0491862 -0.99879
    outer loop
      vertex 8.94494 -23.85 -26.7
      vertex 5.15 -23.6246 -26.7111
      vertex 9.575 -23.6246 -26.7111
    endloop
  endfacet
  facet normal 0.00122104 -0.149393 -0.988777
    outer loop
      vertex 9.575 -23.6246 -26.7111
      vertex 10.0917 -23.4013 -26.7442
      vertex 9.75843 -23.5589 -26.7208
    endloop
  endfacet
  facet normal 0 -0.146629 -0.989192
    outer loop
      vertex 5.15 -23.4013 -26.7442
      vertex 9.575 -23.6246 -26.7111
      vertex 5.15 -23.6246 -26.7111
    endloop
  endfacet
  facet normal 0 -0.146629 -0.989192
    outer loop
      vertex 9.575 -23.6246 -26.7111
      vertex 5.15 -23.4013 -26.7442
      vertex 10.0917 -23.4013 -26.7442
    endloop
  endfacet
  facet normal 0 -0.0491862 0.99879
    outer loop
      vertex 5.15 -23.6246 -31.2889
      vertex 8.94494 -23.85 -31.3
      vertex 9.575 -23.6246 -31.2889
    endloop
  endfacet
  facet normal 0 -0.0491862 0.99879
    outer loop
      vertex 8.94494 -23.85 -31.3
      vertex 5.15 -23.6246 -31.2889
      vertex 5.15 -23.85 -31.3
    endloop
  endfacet
  facet normal 0 -0.99879 0.0491862
    outer loop
      vertex 5.15 -21.5611 -29.2254
      vertex 10.15 -21.55 -29
      vertex 5.15 -21.55 -29
    endloop
  endfacet
  facet normal 0 -0.99879 0.0491862
    outer loop
      vertex 10.15 -21.55 -29
      vertex 5.15 -21.5611 -29.2254
      vertex 10.15 -21.5611 -29.2254
    endloop
  endfacet
  facet normal 0 -0.671702 0.740822
    outer loop
      vertex 5.15 -22.2237 -30.6263
      vertex 10.15 -22.3909 -30.7779
      vertex 10.15 -22.2237 -30.6263
    endloop
  endfacet
  facet normal 0 -0.671702 0.740822
    outer loop
      vertex 10.15 -22.3909 -30.7779
      vertex 5.15 -22.2237 -30.6263
      vertex 5.15 -22.3909 -30.7779
    endloop
  endfacet
  facet normal 0 -0.903963 0.42761
    outer loop
      vertex 5.15 -21.8216 -30.0842
      vertex 10.15 -21.7251 -29.8802
      vertex 5.15 -21.7251 -29.8802
    endloop
  endfacet
  facet normal 0 -0.903963 0.42761
    outer loop
      vertex 10.15 -21.7251 -29.8802
      vertex 5.15 -21.8216 -30.0842
      vertex 10.15 -21.8216 -30.0842
    endloop
  endfacet
  facet normal 0 -0.941451 -0.33715
    outer loop
      vertex 5.15 -21.649 -28.3323
      vertex 10.15 -21.7251 -28.1198
      vertex 5.15 -21.7251 -28.1198
    endloop
  endfacet
  facet normal 0 -0.941451 -0.33715
    outer loop
      vertex 10.15 -21.7251 -28.1198
      vertex 5.15 -21.649 -28.3323
      vertex 10.15 -21.649 -28.3323
    endloop
  endfacet
  facet normal 0 -0.42761 0.903963
    outer loop
      vertex 5.15 -22.7658 -31.0284
      vertex 10.15 -22.9698 -31.1249
      vertex 10.15 -22.7658 -31.0284
    endloop
  endfacet
  facet normal 0 -0.42761 0.903963
    outer loop
      vertex 10.15 -22.9698 -31.1249
      vertex 5.15 -22.7658 -31.0284
      vertex 5.15 -22.9698 -31.1249
    endloop
  endfacet
  facet normal 0 -0.513974 0.857806
    outer loop
      vertex 5.15 -22.5722 -30.9124
      vertex 10.15 -22.7658 -31.0284
      vertex 10.15 -22.5722 -30.9124
    endloop
  endfacet
  facet normal 0 -0.513974 0.857806
    outer loop
      vertex 10.15 -22.7658 -31.0284
      vertex 5.15 -22.5722 -30.9124
      vertex 5.15 -22.7658 -31.0284
    endloop
  endfacet
  facet normal -0 0.33715 0.941451
    outer loop
      vertex 5.15 -24.5177 -31.201
      vertex 6.09204 -24.7302 -31.1249
      vertex 6.94045 -24.5177 -31.201
    endloop
  endfacet
  facet normal 0 0.33715 0.941451
    outer loop
      vertex 6.09204 -24.7302 -31.1249
      vertex 5.15 -24.5177 -31.201
      vertex 5.15 -24.7302 -31.1249
    endloop
  endfacet
  facet normal 0 -0.59581 -0.803125
    outer loop
      vertex 5.15 -22.5722 -27.0876
      vertex 10.15 -22.3909 -27.2221
      vertex 10.15 -22.5722 -27.0876
    endloop
  endfacet
  facet normal -0 -0.59581 -0.803125
    outer loop
      vertex 10.15 -22.3909 -27.2221
      vertex 5.15 -22.5722 -27.0876
      vertex 5.15 -22.3909 -27.2221
    endloop
  endfacet
  facet normal 0 -0.989192 -0.146629
    outer loop
      vertex 5.15 -21.5611 -28.7746
      vertex 10.15 -21.5942 -28.5513
      vertex 5.15 -21.5942 -28.5513
    endloop
  endfacet
  facet normal 0 -0.989192 -0.146629
    outer loop
      vertex 10.15 -21.5942 -28.5513
      vertex 5.15 -21.5611 -28.7746
      vertex 10.15 -21.5611 -28.7746
    endloop
  endfacet
  facet normal 0 -0.97009 -0.242744
    outer loop
      vertex 5.15 -21.5942 -28.5513
      vertex 10.15 -21.649 -28.3323
      vertex 5.15 -21.649 -28.3323
    endloop
  endfacet
  facet normal 0 -0.97009 -0.242744
    outer loop
      vertex 10.15 -21.649 -28.3323
      vertex 5.15 -21.5942 -28.5513
      vertex 10.15 -21.5942 -28.5513
    endloop
  endfacet
  facet normal 0 -0.99879 -0.0491862
    outer loop
      vertex 5.15 -21.55 -29
      vertex 10.15 -21.5611 -28.7746
      vertex 5.15 -21.5611 -28.7746
    endloop
  endfacet
  facet normal 0 -0.99879 -0.0491862
    outer loop
      vertex 10.15 -21.5611 -28.7746
      vertex 5.15 -21.55 -29
      vertex 10.15 -21.55 -29
    endloop
  endfacet
  facet normal 0.000119971 -0.242774 0.970083
    outer loop
      vertex 10.15 -23.1823 -31.201
      vertex 10.0917 -23.4013 -31.2558
      vertex 10.15 -23.3737 -31.2489
    endloop
  endfacet
  facet normal 0 -0.242744 0.97009
    outer loop
      vertex 5.15 -23.1823 -31.201
      vertex 10.0917 -23.4013 -31.2558
      vertex 10.15 -23.1823 -31.201
    endloop
  endfacet
  facet normal 0 -0.242744 0.97009
    outer loop
      vertex 10.0917 -23.4013 -31.2558
      vertex 5.15 -23.1823 -31.201
      vertex 5.15 -23.4013 -31.2558
    endloop
  endfacet
  facet normal 0 -0.803125 0.59581
    outer loop
      vertex 5.15 -22.0721 -30.4591
      vertex 10.15 -21.9376 -30.2778
      vertex 5.15 -21.9376 -30.2778
    endloop
  endfacet
  facet normal 0 -0.803125 0.59581
    outer loop
      vertex 10.15 -21.9376 -30.2778
      vertex 5.15 -22.0721 -30.4591
      vertex 10.15 -22.0721 -30.4591
    endloop
  endfacet
  facet normal 0 0.146629 -0.989192
    outer loop
      vertex 5.15 -24.0754 -26.7111
      vertex 7.69088 -24.2987 -26.7442
      vertex 5.15 -24.2987 -26.7442
    endloop
  endfacet
  facet normal 0 0.146629 -0.989192
    outer loop
      vertex 7.69088 -24.2987 -26.7442
      vertex 5.15 -24.0754 -26.7111
      vertex 8.31488 -24.0754 -26.7111
    endloop
  endfacet
  facet normal 0 0.42761 -0.903963
    outer loop
      vertex 5.15 -24.7302 -26.8751
      vertex 5.27746 -24.9342 -26.9716
      vertex 5.15 -24.9342 -26.9716
    endloop
  endfacet
  facet normal 0 0.42761 -0.903963
    outer loop
      vertex 5.27746 -24.9342 -26.9716
      vertex 5.15 -24.7302 -26.8751
      vertex 6.09204 -24.7302 -26.8751
    endloop
  endfacet
  facet normal 0.000119971 -0.242774 -0.970083
    outer loop
      vertex 10.0917 -23.4013 -26.7442
      vertex 10.15 -23.1823 -26.799
      vertex 10.15 -23.3737 -26.7511
    endloop
  endfacet
  facet normal 0 -0.242744 -0.97009
    outer loop
      vertex 5.15 -23.1823 -26.799
      vertex 10.0917 -23.4013 -26.7442
      vertex 5.15 -23.4013 -26.7442
    endloop
  endfacet
  facet normal 0 -0.242744 -0.97009
    outer loop
      vertex 10.0917 -23.4013 -26.7442
      vertex 5.15 -23.1823 -26.799
      vertex 10.15 -23.1823 -26.799
    endloop
  endfacet
  facet normal 0 -0.33715 -0.941451
    outer loop
      vertex 5.15 -23.1823 -26.799
      vertex 10.15 -22.9698 -26.8751
      vertex 10.15 -23.1823 -26.799
    endloop
  endfacet
  facet normal -0 -0.33715 -0.941451
    outer loop
      vertex 10.15 -22.9698 -26.8751
      vertex 5.15 -23.1823 -26.799
      vertex 5.15 -22.9698 -26.8751
    endloop
  endfacet
  facet normal 0 -0.42761 -0.903963
    outer loop
      vertex 5.15 -22.9698 -26.8751
      vertex 10.15 -22.7658 -26.9716
      vertex 10.15 -22.9698 -26.8751
    endloop
  endfacet
  facet normal -0 -0.42761 -0.903963
    outer loop
      vertex 10.15 -22.7658 -26.9716
      vertex 5.15 -22.9698 -26.8751
      vertex 5.15 -22.7658 -26.9716
    endloop
  endfacet
  facet normal 0 -0.671702 -0.740822
    outer loop
      vertex 5.15 -22.3909 -27.2221
      vertex 10.15 -22.2237 -27.3737
      vertex 10.15 -22.3909 -27.2221
    endloop
  endfacet
  facet normal -0 -0.671702 -0.740822
    outer loop
      vertex 10.15 -22.2237 -27.3737
      vertex 5.15 -22.3909 -27.2221
      vertex 5.15 -22.2237 -27.3737
    endloop
  endfacet
  facet normal 0 -0.740822 -0.671702
    outer loop
      vertex 5.15 -22.0721 -27.5409
      vertex 10.15 -22.2237 -27.3737
      vertex 5.15 -22.2237 -27.3737
    endloop
  endfacet
  facet normal 0 -0.740822 -0.671702
    outer loop
      vertex 10.15 -22.2237 -27.3737
      vertex 5.15 -22.0721 -27.5409
      vertex 10.15 -22.0721 -27.5409
    endloop
  endfacet
  facet normal 0 -0.513974 -0.857806
    outer loop
      vertex 5.15 -22.7658 -26.9716
      vertex 10.15 -22.5722 -27.0876
      vertex 10.15 -22.7658 -26.9716
    endloop
  endfacet
  facet normal -0 -0.513974 -0.857806
    outer loop
      vertex 10.15 -22.5722 -27.0876
      vertex 5.15 -22.7658 -26.9716
      vertex 5.15 -22.5722 -27.0876
    endloop
  endfacet
  facet normal 0 -0.903963 -0.42761
    outer loop
      vertex 5.15 -21.7251 -28.1198
      vertex 10.15 -21.8216 -27.9158
      vertex 5.15 -21.8216 -27.9158
    endloop
  endfacet
  facet normal 0 -0.903963 -0.42761
    outer loop
      vertex 10.15 -21.8216 -27.9158
      vertex 5.15 -21.7251 -28.1198
      vertex 10.15 -21.7251 -28.1198
    endloop
  endfacet
  facet normal 0 -0.803125 -0.59581
    outer loop
      vertex 5.15 -21.9376 -27.7222
      vertex 10.15 -22.0721 -27.5409
      vertex 5.15 -22.0721 -27.5409
    endloop
  endfacet
  facet normal 0 -0.803125 -0.59581
    outer loop
      vertex 10.15 -22.0721 -27.5409
      vertex 5.15 -21.9376 -27.7222
      vertex 10.15 -21.9376 -27.7222
    endloop
  endfacet
  facet normal 0 -0.857806 -0.513974
    outer loop
      vertex 5.15 -21.8216 -27.9158
      vertex 10.15 -21.9376 -27.7222
      vertex 5.15 -21.9376 -27.7222
    endloop
  endfacet
  facet normal 0 -0.857806 -0.513974
    outer loop
      vertex 10.15 -21.9376 -27.7222
      vertex 5.15 -21.8216 -27.9158
      vertex 10.15 -21.8216 -27.9158
    endloop
  endfacet
  facet normal 0 -0.59581 0.803125
    outer loop
      vertex 5.15 -22.3909 -30.7779
      vertex 10.15 -22.5722 -30.9124
      vertex 10.15 -22.3909 -30.7779
    endloop
  endfacet
  facet normal 0 -0.59581 0.803125
    outer loop
      vertex 10.15 -22.5722 -30.9124
      vertex 5.15 -22.3909 -30.7779
      vertex 5.15 -22.5722 -30.9124
    endloop
  endfacet
  facet normal 0.00122104 -0.149393 0.988777
    outer loop
      vertex 10.0917 -23.4013 -31.2558
      vertex 9.575 -23.6246 -31.2889
      vertex 9.75843 -23.5589 -31.2792
    endloop
  endfacet
  facet normal 0 -0.146629 0.989192
    outer loop
      vertex 5.15 -23.4013 -31.2558
      vertex 9.575 -23.6246 -31.2889
      vertex 10.0917 -23.4013 -31.2558
    endloop
  endfacet
  facet normal 0 -0.146629 0.989192
    outer loop
      vertex 9.575 -23.6246 -31.2889
      vertex 5.15 -23.4013 -31.2558
      vertex 5.15 -23.6246 -31.2889
    endloop
  endfacet
  facet normal 0 -0.33715 0.941451
    outer loop
      vertex 5.15 -22.9698 -31.1249
      vertex 10.15 -23.1823 -31.201
      vertex 10.15 -22.9698 -31.1249
    endloop
  endfacet
  facet normal 0 -0.33715 0.941451
    outer loop
      vertex 10.15 -23.1823 -31.201
      vertex 5.15 -22.9698 -31.1249
      vertex 5.15 -23.1823 -31.201
    endloop
  endfacet
  facet normal 0 -0.740822 0.671702
    outer loop
      vertex 5.15 -22.2237 -30.6263
      vertex 10.15 -22.0721 -30.4591
      vertex 5.15 -22.0721 -30.4591
    endloop
  endfacet
  facet normal 0 -0.740822 0.671702
    outer loop
      vertex 10.15 -22.0721 -30.4591
      vertex 5.15 -22.2237 -30.6263
      vertex 10.15 -22.2237 -30.6263
    endloop
  endfacet
  facet normal 0 -0.857806 0.513974
    outer loop
      vertex 5.15 -21.9376 -30.2778
      vertex 10.15 -21.8216 -30.0842
      vertex 5.15 -21.8216 -30.0842
    endloop
  endfacet
  facet normal 0 -0.857806 0.513974
    outer loop
      vertex 10.15 -21.8216 -30.0842
      vertex 5.15 -21.9376 -30.2778
      vertex 10.15 -21.9376 -30.2778
    endloop
  endfacet
  facet normal 0 -0.941451 0.33715
    outer loop
      vertex 5.15 -21.7251 -29.8802
      vertex 10.15 -21.649 -29.6677
      vertex 5.15 -21.649 -29.6677
    endloop
  endfacet
  facet normal 0 -0.941451 0.33715
    outer loop
      vertex 10.15 -21.649 -29.6677
      vertex 5.15 -21.7251 -29.8802
      vertex 10.15 -21.7251 -29.8802
    endloop
  endfacet
  facet normal 0 -0.989192 0.146629
    outer loop
      vertex 5.15 -21.5942 -29.4487
      vertex 10.15 -21.5611 -29.2254
      vertex 5.15 -21.5611 -29.2254
    endloop
  endfacet
  facet normal 0 -0.989192 0.146629
    outer loop
      vertex 10.15 -21.5611 -29.2254
      vertex 5.15 -21.5942 -29.4487
      vertex 10.15 -21.5942 -29.4487
    endloop
  endfacet
  facet normal 0 -0.97009 0.242744
    outer loop
      vertex 5.15 -21.649 -29.6677
      vertex 10.15 -21.5942 -29.4487
      vertex 5.15 -21.5942 -29.4487
    endloop
  endfacet
  facet normal 0 -0.97009 0.242744
    outer loop
      vertex 10.15 -21.5942 -29.4487
      vertex 5.15 -21.649 -29.6677
      vertex 10.15 -21.649 -29.6677
    endloop
  endfacet
  facet normal 0 0.0491862 -0.99879
    outer loop
      vertex 5.15 -23.85 -26.7
      vertex 8.31488 -24.0754 -26.7111
      vertex 5.15 -24.0754 -26.7111
    endloop
  endfacet
  facet normal 0 0.0491862 -0.99879
    outer loop
      vertex 8.31488 -24.0754 -26.7111
      vertex 5.15 -23.85 -26.7
      vertex 8.94494 -23.85 -26.7
    endloop
  endfacet
  facet normal -1 0 0
    outer loop
      vertex 10.15 -22.25 -29
      vertex 10.15 -21.55 -29
      vertex 10.15 -21.5611 -29.2254
    endloop
  endfacet
  facet normal -1 0 0
    outer loop
      vertex 10.15 -22.2577 -29.1568
      vertex 10.15 -21.5611 -29.2254
      vertex 10.15 -21.5942 -29.4487
    endloop
  endfacet
  facet normal -1 0 0
    outer loop
      vertex 10.15 -21.55 -29
      vertex 10.15 -22.25 -29
      vertex 10.15 -21.5611 -28.7746
    endloop
  endfacet
  facet normal -1 0 0
    outer loop
      vertex 10.15 -22.2807 -29.3121
      vertex 10.15 -21.5942 -29.4487
      vertex 10.15 -21.649 -29.6677
    endloop
  endfacet
  facet normal -1 0 0
    outer loop
      vertex 10.15 -22.2577 -28.8432
      vertex 10.15 -21.5611 -28.7746
      vertex 10.15 -22.25 -29
    endloop
  endfacet
  facet normal -1 0 0
    outer loop
      vertex 10.15 -22.3189 -29.4645
      vertex 10.15 -21.649 -29.6677
      vertex 10.15 -21.7251 -29.8802
    endloop
  endfacet
  facet normal -1 -0 0
    outer loop
      vertex 10.15 -21.5611 -28.7746
      vertex 10.15 -22.2577 -28.8432
      vertex 10.15 -21.5942 -28.5513
    endloop
  endfacet
  facet normal -1 0 0
    outer loop
      vertex 10.15 -22.3718 -29.6123
      vertex 10.15 -21.7251 -29.8802
      vertex 10.15 -21.8216 -30.0842
    endloop
  endfacet
  facet normal -1 0 0
    outer loop
      vertex 10.15 -22.2807 -28.6879
      vertex 10.15 -21.5942 -28.5513
      vertex 10.15 -22.2577 -28.8432
    endloop
  endfacet
  facet normal -1 0 0
    outer loop
      vertex 10.15 -22.4389 -29.7542
      vertex 10.15 -21.8216 -30.0842
      vertex 10.15 -21.9376 -30.2778
    endloop
  endfacet
  facet normal -1 -0 0
    outer loop
      vertex 10.15 -21.5942 -28.5513
      vertex 10.15 -22.2807 -28.6879
      vertex 10.15 -21.649 -28.3323
    endloop
  endfacet
  facet normal -1 0 0
    outer loop
      vertex 10.15 -22.5196 -29.8889
      vertex 10.15 -21.9376 -30.2778
      vertex 10.15 -22.0721 -30.4591
    endloop
  endfacet
  facet normal -1 0 0
    outer loop
      vertex 10.15 -22.3189 -28.5355
      vertex 10.15 -21.649 -28.3323
      vertex 10.15 -22.2807 -28.6879
    endloop
  endfacet
  facet normal -1 0 0
    outer loop
      vertex 10.15 -22.6132 -30.015
      vertex 10.15 -22.0721 -30.4591
      vertex 10.15 -22.2237 -30.6263
    endloop
  endfacet
  facet normal -1 -0 0
    outer loop
      vertex 10.15 -21.649 -28.3323
      vertex 10.15 -22.3189 -28.5355
      vertex 10.15 -21.7251 -28.1198
    endloop
  endfacet
  facet normal -1 0 0
    outer loop
      vertex 10.15 -22.3718 -28.3877
      vertex 10.15 -21.7251 -28.1198
      vertex 10.15 -22.3189 -28.5355
    endloop
  endfacet
  facet normal -1 0 0
    outer loop
      vertex 10.15 -21.5611 -29.2254
      vertex 10.15 -22.2577 -29.1568
      vertex 10.15 -22.25 -29
    endloop
  endfacet
  facet normal -1 0 0
    outer loop
      vertex 10.15 -21.5942 -29.4487
      vertex 10.15 -22.2807 -29.3121
      vertex 10.15 -22.2577 -29.1568
    endloop
  endfacet
  facet normal -1 0 0
    outer loop
      vertex 10.15 -21.649 -29.6677
      vertex 10.15 -22.3189 -29.4645
      vertex 10.15 -22.2807 -29.3121
    endloop
  endfacet
  facet normal -1 0 0
    outer loop
      vertex 10.15 -21.7251 -29.8802
      vertex 10.15 -22.3718 -29.6123
      vertex 10.15 -22.3189 -29.4645
    endloop
  endfacet
  facet normal -1 0 0
    outer loop
      vertex 10.15 -22.7186 -30.1314
      vertex 10.15 -22.2237 -30.6263
      vertex 10.15 -22.3909 -30.7779
    endloop
  endfacet
  facet normal -1 0 0
    outer loop
      vertex 10.15 -21.8216 -30.0842
      vertex 10.15 -22.4389 -29.7542
      vertex 10.15 -22.3718 -29.6123
    endloop
  endfacet
  facet normal -1 0 0
    outer loop
      vertex 10.15 -21.9376 -30.2778
      vertex 10.15 -22.5196 -29.8889
      vertex 10.15 -22.4389 -29.7542
    endloop
  endfacet
  facet normal -1 0 0
    outer loop
      vertex 10.15 -22.835 -30.2368
      vertex 10.15 -22.3909 -30.7779
      vertex 10.15 -22.5722 -30.9124
    endloop
  endfacet
  facet normal -1 0 0
    outer loop
      vertex 10.15 -22.0721 -30.4591
      vertex 10.15 -22.6132 -30.015
      vertex 10.15 -22.5196 -29.8889
    endloop
  endfacet
  facet normal -1 0 0
    outer loop
      vertex 10.15 -22.2237 -30.6263
      vertex 10.15 -22.7186 -30.1314
      vertex 10.15 -22.6132 -30.015
    endloop
  endfacet
  facet normal -1 0 0
    outer loop
      vertex 10.15 -22.9611 -30.3304
      vertex 10.15 -22.5722 -30.9124
      vertex 10.15 -22.7658 -31.0284
    endloop
  endfacet
  facet normal -1 0 0
    outer loop
      vertex 10.15 -22.3909 -30.7779
      vertex 10.15 -22.835 -30.2368
      vertex 10.15 -22.7186 -30.1314
    endloop
  endfacet
  facet normal -1 0 0
    outer loop
      vertex 10.15 -22.5722 -30.9124
      vertex 10.15 -22.9611 -30.3304
      vertex 10.15 -22.835 -30.2368
    endloop
  endfacet
  facet normal -1 0 0
    outer loop
      vertex 10.15 -23.0958 -30.4111
      vertex 10.15 -22.7658 -31.0284
      vertex 10.15 -22.9698 -31.1249
    endloop
  endfacet
  facet normal -1 0 0
    outer loop
      vertex 10.15 -22.7658 -31.0284
      vertex 10.15 -23.0958 -30.4111
      vertex 10.15 -22.9611 -30.3304
    endloop
  endfacet
  facet normal -1 0 0
    outer loop
      vertex 10.15 -23.3737 -30.5269
      vertex 10.15 -22.9698 -31.1249
      vertex 10.15 -23.1823 -31.201
    endloop
  endfacet
  facet normal -1 0 0
    outer loop
      vertex 10.15 -22.9698 -31.1249
      vertex 10.15 -23.2377 -30.4782
      vertex 10.15 -23.0958 -30.4111
    endloop
  endfacet
  facet normal -1 0 0
    outer loop
      vertex 10.15 -23.3737 -30.5269
      vertex 10.15 -23.1823 -31.201
      vertex 10.15 -23.3737 -31.2489
    endloop
  endfacet
  facet normal -1 0 0
    outer loop
      vertex 10.15 -22.9698 -31.1249
      vertex 10.15 -23.3737 -30.5269
      vertex 10.15 -23.2377 -30.4782
    endloop
  endfacet
  facet normal -1 -0 0
    outer loop
      vertex 10.15 -21.7251 -28.1198
      vertex 10.15 -22.3718 -28.3877
      vertex 10.15 -21.8216 -27.9158
    endloop
  endfacet
  facet normal -1 0 0
    outer loop
      vertex 10.15 -22.4389 -28.2458
      vertex 10.15 -21.8216 -27.9158
      vertex 10.15 -22.3718 -28.3877
    endloop
  endfacet
  facet normal -1 -0 0
    outer loop
      vertex 10.15 -21.8216 -27.9158
      vertex 10.15 -22.4389 -28.2458
      vertex 10.15 -21.9376 -27.7222
    endloop
  endfacet
  facet normal -1 0 0
    outer loop
      vertex 10.15 -22.5196 -28.1111
      vertex 10.15 -21.9376 -27.7222
      vertex 10.15 -22.4389 -28.2458
    endloop
  endfacet
  facet normal -1 -0 0
    outer loop
      vertex 10.15 -21.9376 -27.7222
      vertex 10.15 -22.5196 -28.1111
      vertex 10.15 -22.0721 -27.5409
    endloop
  endfacet
  facet normal -1 0 0
    outer loop
      vertex 10.15 -22.6132 -27.985
      vertex 10.15 -22.0721 -27.5409
      vertex 10.15 -22.5196 -28.1111
    endloop
  endfacet
  facet normal -1 -0 0
    outer loop
      vertex 10.15 -22.0721 -27.5409
      vertex 10.15 -22.6132 -27.985
      vertex 10.15 -22.2237 -27.3737
    endloop
  endfacet
  facet normal -1 0 0
    outer loop
      vertex 10.15 -22.7186 -27.8686
      vertex 10.15 -22.2237 -27.3737
      vertex 10.15 -22.6132 -27.985
    endloop
  endfacet
  facet normal -1 -0 0
    outer loop
      vertex 10.15 -22.2237 -27.3737
      vertex 10.15 -22.7186 -27.8686
      vertex 10.15 -22.3909 -27.2221
    endloop
  endfacet
  facet normal -1 0 0
    outer loop
      vertex 10.15 -22.835 -27.7632
      vertex 10.15 -22.3909 -27.2221
      vertex 10.15 -22.7186 -27.8686
    endloop
  endfacet
  facet normal -1 -0 0
    outer loop
      vertex 10.15 -22.3909 -27.2221
      vertex 10.15 -22.835 -27.7632
      vertex 10.15 -22.5722 -27.0876
    endloop
  endfacet
  facet normal -1 0 0
    outer loop
      vertex 10.15 -22.9611 -27.6696
      vertex 10.15 -22.5722 -27.0876
      vertex 10.15 -22.835 -27.7632
    endloop
  endfacet
  facet normal -1 -0 0
    outer loop
      vertex 10.15 -22.5722 -27.0876
      vertex 10.15 -22.9611 -27.6696
      vertex 10.15 -22.7658 -26.9716
    endloop
  endfacet
  facet normal -1 0 0
    outer loop
      vertex 10.15 -23.0958 -27.5889
      vertex 10.15 -22.7658 -26.9716
      vertex 10.15 -22.9611 -27.6696
    endloop
  endfacet
  facet normal -1 -0 0
    outer loop
      vertex 10.15 -22.7658 -26.9716
      vertex 10.15 -23.0958 -27.5889
      vertex 10.15 -22.9698 -26.8751
    endloop
  endfacet
  facet normal -1 0 0
    outer loop
      vertex 10.15 -23.2377 -27.5218
      vertex 10.15 -22.9698 -26.8751
      vertex 10.15 -23.0958 -27.5889
    endloop
  endfacet
  facet normal -1 0 0
    outer loop
      vertex 10.15 -23.3737 -27.4731
      vertex 10.15 -22.9698 -26.8751
      vertex 10.15 -23.2377 -27.5218
    endloop
  endfacet
  facet normal -1 -0 0
    outer loop
      vertex 10.15 -22.9698 -26.8751
      vertex 10.15 -23.3737 -27.4731
      vertex 10.15 -23.1823 -26.799
    endloop
  endfacet
  facet normal -1 -0 0
    outer loop
      vertex 10.15 -23.1823 -26.799
      vertex 10.15 -23.3737 -27.4731
      vertex 10.15 -23.3737 -26.7511
    endloop
  endfacet
  facet normal -0 0.146629 0.989192
    outer loop
      vertex 5.15 -24.0754 -31.2889
      vertex 7.69088 -24.2987 -31.2558
      vertex 8.31488 -24.0754 -31.2889
    endloop
  endfacet
  facet normal 0 0.146629 0.989192
    outer loop
      vertex 7.69088 -24.2987 -31.2558
      vertex 5.15 -24.0754 -31.2889
      vertex 5.15 -24.2987 -31.2558
    endloop
  endfacet
  facet normal -0 0.0491862 0.99879
    outer loop
      vertex 5.15 -23.85 -31.3
      vertex 8.31488 -24.0754 -31.2889
      vertex 8.94494 -23.85 -31.3
    endloop
  endfacet
  facet normal 0 0.0491862 0.99879
    outer loop
      vertex 8.31488 -24.0754 -31.2889
      vertex 5.15 -23.85 -31.3
      vertex 5.15 -24.0754 -31.2889
    endloop
  endfacet
  facet normal 0 0.33715 -0.941451
    outer loop
      vertex 5.15 -24.5177 -26.799
      vertex 6.09204 -24.7302 -26.8751
      vertex 5.15 -24.7302 -26.8751
    endloop
  endfacet
  facet normal 0 0.33715 -0.941451
    outer loop
      vertex 6.09204 -24.7302 -26.8751
      vertex 5.15 -24.5177 -26.799
      vertex 6.94045 -24.5177 -26.799
    endloop
  endfacet
  facet normal -3.5434e-05 0.242471 -0.970159
    outer loop
      vertex 5.15 -24.2987 -26.7442
      vertex 7.40226 -24.402 -26.7701
      vertex 6.94045 -24.5177 -26.799
    endloop
  endfacet
  facet normal 0 0.242744 -0.97009
    outer loop
      vertex 5.15 -24.2987 -26.7442
      vertex 6.94045 -24.5177 -26.799
      vertex 5.15 -24.5177 -26.799
    endloop
  endfacet
  facet normal 0 0.243198 -0.969977
    outer loop
      vertex 7.40226 -24.402 -26.7701
      vertex 5.15 -24.2987 -26.7442
      vertex 7.69088 -24.2987 -26.7442
    endloop
  endfacet
  facet normal 0 0.513704 -0.857967
    outer loop
      vertex 5.15 -24.9342 -26.9716
      vertex 5.27746 -24.9342 -26.9716
      vertex 5.15 -24.9661 -26.9907
    endloop
  endfacet
  facet normal -0 0.243198 0.969977
    outer loop
      vertex 5.15 -24.2987 -31.2558
      vertex 7.40226 -24.402 -31.2299
      vertex 7.69088 -24.2987 -31.2558
    endloop
  endfacet
  facet normal -3.5434e-05 0.242471 0.970159
    outer loop
      vertex 7.40226 -24.402 -31.2299
      vertex 5.15 -24.2987 -31.2558
      vertex 6.94045 -24.5177 -31.201
    endloop
  endfacet
  facet normal 0 0.242744 0.97009
    outer loop
      vertex 6.94045 -24.5177 -31.201
      vertex 5.15 -24.2987 -31.2558
      vertex 5.15 -24.5177 -31.201
    endloop
  endfacet
  facet normal -0 0.42761 0.903963
    outer loop
      vertex 5.15 -24.7302 -31.1249
      vertex 5.27746 -24.9342 -31.0284
      vertex 6.09204 -24.7302 -31.1249
    endloop
  endfacet
  facet normal 0 0.42761 0.903963
    outer loop
      vertex 5.27746 -24.9342 -31.0284
      vertex 5.15 -24.7302 -31.1249
      vertex 5.15 -24.9342 -31.0284
    endloop
  endfacet
  facet normal 0 0.513704 0.857967
    outer loop
      vertex 5.27746 -24.9342 -31.0284
      vertex 5.15 -24.9342 -31.0284
      vertex 5.15 -24.9661 -31.0093
    endloop
  endfacet
  facet normal 0 -0.513934 0.85783
    outer loop
      vertex 10.15 -22.9611 -30.3304
      vertex 10.17 -23.0958 -30.4111
      vertex 10.17 -22.9611 -30.3304
    endloop
  endfacet
  facet normal 0 -0.513934 0.85783
    outer loop
      vertex 10.17 -23.0958 -30.4111
      vertex 10.15 -22.9611 -30.3304
      vertex 10.15 -23.0958 -30.4111
    endloop
  endfacet
  facet normal 0 -0.513934 0.85783
    outer loop
      vertex -10.17 -22.9611 -30.3304
      vertex -10.15 -23.0958 -30.4111
      vertex -10.15 -22.9611 -30.3304
    endloop
  endfacet
  facet normal 0 -0.513934 0.85783
    outer loop
      vertex -10.15 -23.0958 -30.4111
      vertex -10.17 -22.9611 -30.3304
      vertex -10.17 -23.0958 -30.4111
    endloop
  endfacet
  facet normal 0 -0.941511 0.336982
    outer loop
      vertex -10.17 -22.3718 -29.6123
      vertex -10.15 -22.3189 -29.4645
      vertex -10.17 -22.3189 -29.4645
    endloop
  endfacet
  facet normal 0 -0.941511 0.336982
    outer loop
      vertex -10.15 -22.3189 -29.4645
      vertex -10.17 -22.3718 -29.6123
      vertex -10.15 -22.3718 -29.6123
    endloop
  endfacet
  facet normal 0 -0.941511 0.336982
    outer loop
      vertex 10.15 -22.3718 -29.6123
      vertex 10.17 -22.3189 -29.4645
      vertex 10.15 -22.3189 -29.4645
    endloop
  endfacet
  facet normal 0 -0.941511 0.336982
    outer loop
      vertex 10.17 -22.3189 -29.4645
      vertex 10.15 -22.3718 -29.6123
      vertex 10.17 -22.3718 -29.6123
    endloop
  endfacet
  facet normal 0 -0.904023 -0.427484
    outer loop
      vertex -10.17 -22.3718 -28.3877
      vertex -10.15 -22.4389 -28.2458
      vertex -10.17 -22.4389 -28.2458
    endloop
  endfacet
  facet normal 0 -0.904023 -0.427484
    outer loop
      vertex -10.15 -22.4389 -28.2458
      vertex -10.17 -22.3718 -28.3877
      vertex -10.15 -22.3718 -28.3877
    endloop
  endfacet
  facet normal 0 -0.904023 -0.427484
    outer loop
      vertex 10.15 -22.3718 -28.3877
      vertex 10.17 -22.4389 -28.2458
      vertex 10.15 -22.4389 -28.2458
    endloop
  endfacet
  facet normal 0 -0.904023 -0.427484
    outer loop
      vertex 10.17 -22.4389 -28.2458
      vertex 10.15 -22.3718 -28.3877
      vertex 10.17 -22.3718 -28.3877
    endloop
  endfacet
  facet normal -0.00159909 -0.337125 -0.941458
    outer loop
      vertex 10.15 -23.2377 -27.5218
      vertex 10.17 -23.3643 -27.4765
      vertex 10.15 -23.3737 -27.4731
    endloop
  endfacet
  facet normal 0 -0.336902 -0.94154
    outer loop
      vertex 10.17 -23.3643 -27.4765
      vertex 10.15 -23.2377 -27.5218
      vertex 10.17 -23.2377 -27.5218
    endloop
  endfacet
  facet normal 0.00159909 -0.337125 -0.941458
    outer loop
      vertex -10.17 -23.3643 -27.4765
      vertex -10.15 -23.2377 -27.5218
      vertex -10.15 -23.3737 -27.4731
    endloop
  endfacet
  facet normal -0 -0.336902 -0.94154
    outer loop
      vertex -10.15 -23.2377 -27.5218
      vertex -10.17 -23.3643 -27.4765
      vertex -10.17 -23.2377 -27.5218
    endloop
  endfacet
  facet normal -0 0.049048 0.998796
    outer loop
      vertex -10.17 -23.85 -30.6
      vertex -10.15 -24.0068 -30.5923
      vertex -10.15 -23.85 -30.6
    endloop
  endfacet
  facet normal 0 0.049048 0.998796
    outer loop
      vertex -10.15 -24.0068 -30.5923
      vertex -10.17 -23.85 -30.6
      vertex -10.17 -24.0068 -30.5923
    endloop
  endfacet
  facet normal 0 -0.998796 0.049048
    outer loop
      vertex -10.17 -22.2577 -29.1568
      vertex -10.15 -22.25 -29
      vertex -10.17 -22.25 -29
    endloop
  endfacet
  facet normal 0 -0.998796 0.049048
    outer loop
      vertex -10.15 -22.25 -29
      vertex -10.17 -22.2577 -29.1568
      vertex -10.15 -22.2577 -29.1568
    endloop
  endfacet
  facet normal 0 -0.998796 0.049048
    outer loop
      vertex 10.15 -22.2577 -29.1568
      vertex 10.17 -22.25 -29
      vertex 10.15 -22.25 -29
    endloop
  endfacet
  facet normal 0 -0.998796 0.049048
    outer loop
      vertex 10.17 -22.25 -29
      vertex 10.15 -22.2577 -29.1568
      vertex 10.17 -22.2577 -29.1568
    endloop
  endfacet
  facet normal 0 -0.596019 -0.80297
    outer loop
      vertex 10.15 -22.9611 -27.6696
      vertex 10.17 -22.835 -27.7632
      vertex 10.17 -22.9611 -27.6696
    endloop
  endfacet
  facet normal -0 -0.596019 -0.80297
    outer loop
      vertex 10.17 -22.835 -27.7632
      vertex 10.15 -22.9611 -27.6696
      vertex 10.15 -22.835 -27.7632
    endloop
  endfacet
  facet normal 0 -0.596019 -0.80297
    outer loop
      vertex -10.17 -22.9611 -27.6696
      vertex -10.15 -22.835 -27.7632
      vertex -10.15 -22.9611 -27.6696
    endloop
  endfacet
  facet normal -0 -0.596019 -0.80297
    outer loop
      vertex -10.15 -22.835 -27.7632
      vertex -10.17 -22.9611 -27.6696
      vertex -10.17 -22.835 -27.7632
    endloop
  endfacet
  facet normal 0 -0.969993 -0.243135
    outer loop
      vertex -10.17 -22.2807 -28.6879
      vertex -10.15 -22.3189 -28.5355
      vertex -10.17 -22.3189 -28.5355
    endloop
  endfacet
  facet normal 0 -0.969993 -0.243135
    outer loop
      vertex -10.15 -22.3189 -28.5355
      vertex -10.17 -22.2807 -28.6879
      vertex -10.15 -22.2807 -28.6879
    endloop
  endfacet
  facet normal 0 -0.969993 -0.243135
    outer loop
      vertex 10.15 -22.2807 -28.6879
      vertex 10.17 -22.3189 -28.5355
      vertex 10.15 -22.3189 -28.5355
    endloop
  endfacet
  facet normal 0 -0.969993 -0.243135
    outer loop
      vertex 10.17 -22.3189 -28.5355
      vertex 10.15 -22.2807 -28.6879
      vertex 10.17 -22.2807 -28.6879
    endloop
  endfacet
  facet normal 0 0.80297 -0.596019
    outer loop
      vertex -10.15 -25.1804 -28.1111
      vertex -10.17 -25.0868 -27.985
      vertex -10.15 -25.0868 -27.985
    endloop
  endfacet
  facet normal 0 0.80297 -0.596019
    outer loop
      vertex -10.17 -25.0868 -27.985
      vertex -10.15 -25.1804 -28.1111
      vertex -10.17 -25.1804 -28.1111
    endloop
  endfacet
  facet normal 0 -0.336902 0.94154
    outer loop
      vertex -10.17 -23.3643 -30.5235
      vertex -10.15 -23.2377 -30.4782
      vertex -10.17 -23.2377 -30.4782
    endloop
  endfacet
  facet normal 0.00159909 -0.337125 0.941458
    outer loop
      vertex -10.15 -23.2377 -30.4782
      vertex -10.17 -23.3643 -30.5235
      vertex -10.15 -23.3737 -30.5269
    endloop
  endfacet
  facet normal 0 -0.336902 0.94154
    outer loop
      vertex 10.15 -23.2377 -30.4782
      vertex 10.17 -23.3643 -30.5235
      vertex 10.17 -23.2377 -30.4782
    endloop
  endfacet
  facet normal -0.00159909 -0.337125 0.941458
    outer loop
      vertex 10.17 -23.3643 -30.5235
      vertex 10.15 -23.2377 -30.4782
      vertex 10.15 -23.3737 -30.5269
    endloop
  endfacet
  facet normal 0 -0.671213 0.741264
    outer loop
      vertex -10.17 -22.7186 -30.1314
      vertex -10.15 -22.835 -30.2368
      vertex -10.15 -22.7186 -30.1314
    endloop
  endfacet
  facet normal 0 -0.671213 0.741264
    outer loop
      vertex -10.15 -22.835 -30.2368
      vertex -10.17 -22.7186 -30.1314
      vertex -10.17 -22.835 -30.2368
    endloop
  endfacet
  facet normal 0 -0.671213 0.741264
    outer loop
      vertex 10.15 -22.7186 -30.1314
      vertex 10.17 -22.835 -30.2368
      vertex 10.17 -22.7186 -30.1314
    endloop
  endfacet
  facet normal 0 -0.671213 0.741264
    outer loop
      vertex 10.17 -22.835 -30.2368
      vertex 10.15 -22.7186 -30.1314
      vertex 10.15 -22.835 -30.2368
    endloop
  endfacet
  facet normal 0 -0.741264 0.671213
    outer loop
      vertex -10.17 -22.7186 -30.1314
      vertex -10.15 -22.6132 -30.015
      vertex -10.17 -22.6132 -30.015
    endloop
  endfacet
  facet normal 0 -0.741264 0.671213
    outer loop
      vertex -10.15 -22.6132 -30.015
      vertex -10.17 -22.7186 -30.1314
      vertex -10.15 -22.7186 -30.1314
    endloop
  endfacet
  facet normal 0 -0.741264 0.671213
    outer loop
      vertex 10.15 -22.7186 -30.1314
      vertex 10.17 -22.6132 -30.015
      vertex 10.15 -22.6132 -30.015
    endloop
  endfacet
  facet normal 0 -0.741264 0.671213
    outer loop
      vertex 10.17 -22.6132 -30.015
      vertex 10.15 -22.7186 -30.1314
      vertex 10.17 -22.7186 -30.1314
    endloop
  endfacet
  facet normal 0 -0.998796 -0.049048
    outer loop
      vertex -10.17 -22.25 -29
      vertex -10.15 -22.2577 -28.8432
      vertex -10.17 -22.2577 -28.8432
    endloop
  endfacet
  facet normal 0 -0.998796 -0.049048
    outer loop
      vertex -10.15 -22.2577 -28.8432
      vertex -10.17 -22.25 -29
      vertex -10.15 -22.25 -29
    endloop
  endfacet
  facet normal 0 -0.998796 -0.049048
    outer loop
      vertex 10.15 -22.25 -29
      vertex 10.17 -22.2577 -28.8432
      vertex 10.15 -22.2577 -28.8432
    endloop
  endfacet
  facet normal 0 -0.998796 -0.049048
    outer loop
      vertex 10.17 -22.2577 -28.8432
      vertex 10.15 -22.25 -29
      vertex 10.17 -22.25 -29
    endloop
  endfacet
  facet normal 0 -0.969993 0.243135
    outer loop
      vertex -10.17 -22.3189 -29.4645
      vertex -10.15 -22.2807 -29.3121
      vertex -10.17 -22.2807 -29.3121
    endloop
  endfacet
  facet normal 0 -0.969993 0.243135
    outer loop
      vertex -10.15 -22.2807 -29.3121
      vertex -10.17 -22.3189 -29.4645
      vertex -10.15 -22.3189 -29.4645
    endloop
  endfacet
  facet normal 0 -0.969993 0.243135
    outer loop
      vertex 10.15 -22.3189 -29.4645
      vertex 10.17 -22.2807 -29.3121
      vertex 10.15 -22.2807 -29.3121
    endloop
  endfacet
  facet normal 0 -0.969993 0.243135
    outer loop
      vertex 10.17 -22.2807 -29.3121
      vertex 10.15 -22.3189 -29.4645
      vertex 10.17 -22.3189 -29.4645
    endloop
  endfacet
  facet normal 0 -0.904023 0.427484
    outer loop
      vertex -10.17 -22.4389 -29.7542
      vertex -10.15 -22.3718 -29.6123
      vertex -10.17 -22.3718 -29.6123
    endloop
  endfacet
  facet normal 0 -0.904023 0.427484
    outer loop
      vertex -10.15 -22.3718 -29.6123
      vertex -10.17 -22.4389 -29.7542
      vertex -10.15 -22.4389 -29.7542
    endloop
  endfacet
  facet normal 0 -0.904023 0.427484
    outer loop
      vertex 10.15 -22.4389 -29.7542
      vertex 10.17 -22.3718 -29.6123
      vertex 10.15 -22.3718 -29.6123
    endloop
  endfacet
  facet normal 0 -0.904023 0.427484
    outer loop
      vertex 10.17 -22.3718 -29.6123
      vertex 10.15 -22.4389 -29.7542
      vertex 10.17 -22.4389 -29.7542
    endloop
  endfacet
  facet normal 0 -0.80297 0.596019
    outer loop
      vertex -10.17 -22.6132 -30.015
      vertex -10.15 -22.5196 -29.8889
      vertex -10.17 -22.5196 -29.8889
    endloop
  endfacet
  facet normal 0 -0.80297 0.596019
    outer loop
      vertex -10.15 -22.5196 -29.8889
      vertex -10.17 -22.6132 -30.015
      vertex -10.15 -22.6132 -30.015
    endloop
  endfacet
  facet normal 0 -0.80297 0.596019
    outer loop
      vertex 10.15 -22.6132 -30.015
      vertex 10.17 -22.5196 -29.8889
      vertex 10.15 -22.5196 -29.8889
    endloop
  endfacet
  facet normal 0 -0.80297 0.596019
    outer loop
      vertex 10.17 -22.5196 -29.8889
      vertex 10.15 -22.6132 -30.015
      vertex 10.17 -22.6132 -30.015
    endloop
  endfacet
  facet normal 0 0.049048 -0.998796
    outer loop
      vertex -10.17 -24.0068 -27.4077
      vertex -10.15 -23.85 -27.4
      vertex -10.15 -24.0068 -27.4077
    endloop
  endfacet
  facet normal 0 0.049048 -0.998796
    outer loop
      vertex -10.15 -23.85 -27.4
      vertex -10.17 -24.0068 -27.4077
      vertex -10.17 -23.85 -27.4
    endloop
  endfacet
  facet normal 0 -0.427484 -0.904023
    outer loop
      vertex -10.17 -23.2377 -27.5218
      vertex -10.15 -23.0958 -27.5889
      vertex -10.15 -23.2377 -27.5218
    endloop
  endfacet
  facet normal -0 -0.427484 -0.904023
    outer loop
      vertex -10.15 -23.0958 -27.5889
      vertex -10.17 -23.2377 -27.5218
      vertex -10.17 -23.0958 -27.5889
    endloop
  endfacet
  facet normal 0 -0.427484 -0.904023
    outer loop
      vertex 10.15 -23.2377 -27.5218
      vertex 10.17 -23.0958 -27.5889
      vertex 10.17 -23.2377 -27.5218
    endloop
  endfacet
  facet normal -0 -0.427484 -0.904023
    outer loop
      vertex 10.17 -23.0958 -27.5889
      vertex 10.15 -23.2377 -27.5218
      vertex 10.15 -23.0958 -27.5889
    endloop
  endfacet
  facet normal 0 -0.513934 -0.85783
    outer loop
      vertex -10.17 -23.0958 -27.5889
      vertex -10.15 -22.9611 -27.6696
      vertex -10.15 -23.0958 -27.5889
    endloop
  endfacet
  facet normal -0 -0.513934 -0.85783
    outer loop
      vertex -10.15 -22.9611 -27.6696
      vertex -10.17 -23.0958 -27.5889
      vertex -10.17 -22.9611 -27.6696
    endloop
  endfacet
  facet normal 0 -0.513934 -0.85783
    outer loop
      vertex 10.15 -23.0958 -27.5889
      vertex 10.17 -22.9611 -27.6696
      vertex 10.17 -23.0958 -27.5889
    endloop
  endfacet
  facet normal -0 -0.513934 -0.85783
    outer loop
      vertex 10.17 -22.9611 -27.6696
      vertex 10.15 -23.0958 -27.5889
      vertex 10.15 -22.9611 -27.6696
    endloop
  endfacet
  facet normal 0 -0.941511 -0.336982
    outer loop
      vertex -10.17 -22.3189 -28.5355
      vertex -10.15 -22.3718 -28.3877
      vertex -10.17 -22.3718 -28.3877
    endloop
  endfacet
  facet normal 0 -0.941511 -0.336982
    outer loop
      vertex -10.15 -22.3718 -28.3877
      vertex -10.17 -22.3189 -28.5355
      vertex -10.15 -22.3189 -28.5355
    endloop
  endfacet
  facet normal 0 -0.941511 -0.336982
    outer loop
      vertex 10.15 -22.3189 -28.5355
      vertex 10.17 -22.3718 -28.3877
      vertex 10.15 -22.3718 -28.3877
    endloop
  endfacet
  facet normal 0 -0.941511 -0.336982
    outer loop
      vertex 10.17 -22.3718 -28.3877
      vertex 10.15 -22.3189 -28.5355
      vertex 10.17 -22.3189 -28.5355
    endloop
  endfacet
  facet normal 0 -0.98921 -0.146502
    outer loop
      vertex -10.17 -22.2577 -28.8432
      vertex -10.15 -22.2807 -28.6879
      vertex -10.17 -22.2807 -28.6879
    endloop
  endfacet
  facet normal 0 -0.98921 -0.146502
    outer loop
      vertex -10.15 -22.2807 -28.6879
      vertex -10.17 -22.2577 -28.8432
      vertex -10.15 -22.2577 -28.8432
    endloop
  endfacet
  facet normal 0 -0.98921 -0.146502
    outer loop
      vertex 10.15 -22.2577 -28.8432
      vertex 10.17 -22.2807 -28.6879
      vertex 10.15 -22.2807 -28.6879
    endloop
  endfacet
  facet normal 0 -0.98921 -0.146502
    outer loop
      vertex 10.17 -22.2807 -28.6879
      vertex 10.15 -22.2577 -28.8432
      vertex 10.17 -22.2577 -28.8432
    endloop
  endfacet
  facet normal 0 -0.80297 -0.596019
    outer loop
      vertex -10.17 -22.5196 -28.1111
      vertex -10.15 -22.6132 -27.985
      vertex -10.17 -22.6132 -27.985
    endloop
  endfacet
  facet normal 0 -0.80297 -0.596019
    outer loop
      vertex -10.15 -22.6132 -27.985
      vertex -10.17 -22.5196 -28.1111
      vertex -10.15 -22.5196 -28.1111
    endloop
  endfacet
  facet normal 0 -0.80297 -0.596019
    outer loop
      vertex 10.15 -22.5196 -28.1111
      vertex 10.17 -22.6132 -27.985
      vertex 10.15 -22.6132 -27.985
    endloop
  endfacet
  facet normal 0 -0.80297 -0.596019
    outer loop
      vertex 10.17 -22.6132 -27.985
      vertex 10.15 -22.5196 -28.1111
      vertex 10.17 -22.5196 -28.1111
    endloop
  endfacet
  facet normal 0 -0.741264 -0.671213
    outer loop
      vertex -10.17 -22.6132 -27.985
      vertex -10.15 -22.7186 -27.8686
      vertex -10.17 -22.7186 -27.8686
    endloop
  endfacet
  facet normal 0 -0.741264 -0.671213
    outer loop
      vertex -10.15 -22.7186 -27.8686
      vertex -10.17 -22.6132 -27.985
      vertex -10.15 -22.6132 -27.985
    endloop
  endfacet
  facet normal 0 -0.741264 -0.671213
    outer loop
      vertex 10.15 -22.6132 -27.985
      vertex 10.17 -22.7186 -27.8686
      vertex 10.15 -22.7186 -27.8686
    endloop
  endfacet
  facet normal 0 -0.741264 -0.671213
    outer loop
      vertex 10.17 -22.7186 -27.8686
      vertex 10.15 -22.6132 -27.985
      vertex 10.17 -22.6132 -27.985
    endloop
  endfacet
  facet normal 0 -0.85783 -0.513934
    outer loop
      vertex -10.17 -22.4389 -28.2458
      vertex -10.15 -22.5196 -28.1111
      vertex -10.17 -22.5196 -28.1111
    endloop
  endfacet
  facet normal 0 -0.85783 -0.513934
    outer loop
      vertex -10.15 -22.5196 -28.1111
      vertex -10.17 -22.4389 -28.2458
      vertex -10.15 -22.4389 -28.2458
    endloop
  endfacet
  facet normal 0 -0.85783 -0.513934
    outer loop
      vertex 10.15 -22.4389 -28.2458
      vertex 10.17 -22.5196 -28.1111
      vertex 10.15 -22.5196 -28.1111
    endloop
  endfacet
  facet normal 0 -0.85783 -0.513934
    outer loop
      vertex 10.17 -22.5196 -28.1111
      vertex 10.15 -22.4389 -28.2458
      vertex 10.17 -22.4389 -28.2458
    endloop
  endfacet
  facet normal 0 -0.671213 -0.741264
    outer loop
      vertex 10.15 -22.835 -27.7632
      vertex 10.17 -22.7186 -27.8686
      vertex 10.17 -22.835 -27.7632
    endloop
  endfacet
  facet normal -0 -0.671213 -0.741264
    outer loop
      vertex 10.17 -22.7186 -27.8686
      vertex 10.15 -22.835 -27.7632
      vertex 10.15 -22.7186 -27.8686
    endloop
  endfacet
  facet normal 0 -0.671213 -0.741264
    outer loop
      vertex -10.17 -22.835 -27.7632
      vertex -10.15 -22.7186 -27.8686
      vertex -10.15 -22.835 -27.7632
    endloop
  endfacet
  facet normal -0 -0.671213 -0.741264
    outer loop
      vertex -10.15 -22.7186 -27.8686
      vertex -10.17 -22.835 -27.7632
      vertex -10.17 -22.7186 -27.8686
    endloop
  endfacet
  facet normal -0 0.243135 0.969993
    outer loop
      vertex -10.17 -24.1621 -30.5693
      vertex -10.15 -24.3145 -30.5311
      vertex -10.15 -24.1621 -30.5693
    endloop
  endfacet
  facet normal 0 0.243135 0.969993
    outer loop
      vertex -10.15 -24.3145 -30.5311
      vertex -10.17 -24.1621 -30.5693
      vertex -10.17 -24.3145 -30.5311
    endloop
  endfacet
  facet normal 1 0 0
    outer loop
      vertex -10.17 -22.2577 -28.8432
      vertex -10.17 -22.2577 -29.1568
      vertex -10.17 -22.25 -29
    endloop
  endfacet
  facet normal 1 0 0
    outer loop
      vertex -10.17 -22.2807 -28.6879
      vertex -10.17 -22.2577 -29.1568
      vertex -10.17 -22.2577 -28.8432
    endloop
  endfacet
  facet normal 1 0 0
    outer loop
      vertex -10.17 -22.2807 -28.6879
      vertex -10.17 -22.2807 -29.3121
      vertex -10.17 -22.2577 -29.1568
    endloop
  endfacet
  facet normal 1 0 0
    outer loop
      vertex -10.17 -22.3189 -28.5355
      vertex -10.17 -22.2807 -29.3121
      vertex -10.17 -22.2807 -28.6879
    endloop
  endfacet
  facet normal 1 0 0
    outer loop
      vertex -10.17 -22.3189 -28.5355
      vertex -10.17 -22.3189 -29.4645
      vertex -10.17 -22.2807 -29.3121
    endloop
  endfacet
  facet normal 1 0 0
    outer loop
      vertex -10.17 -22.3718 -28.3877
      vertex -10.17 -22.3189 -29.4645
      vertex -10.17 -22.3189 -28.5355
    endloop
  endfacet
  facet normal 1 0 0
    outer loop
      vertex -10.17 -22.3718 -28.3877
      vertex -10.17 -22.3718 -29.6123
      vertex -10.17 -22.3189 -29.4645
    endloop
  endfacet
  facet normal 1 0 0
    outer loop
      vertex -10.17 -22.4389 -28.2458
      vertex -10.17 -22.3718 -29.6123
      vertex -10.17 -22.3718 -28.3877
    endloop
  endfacet
  facet normal 1 0 0
    outer loop
      vertex -10.17 -22.4389 -28.2458
      vertex -10.17 -22.4389 -29.7542
      vertex -10.17 -22.3718 -29.6123
    endloop
  endfacet
  facet normal 1 0 0
    outer loop
      vertex -10.17 -22.5196 -28.1111
      vertex -10.17 -22.4389 -29.7542
      vertex -10.17 -22.4389 -28.2458
    endloop
  endfacet
  facet normal 1 0 0
    outer loop
      vertex -10.17 -22.5196 -28.1111
      vertex -10.17 -22.5196 -29.8889
      vertex -10.17 -22.4389 -29.7542
    endloop
  endfacet
  facet normal 1 0 0
    outer loop
      vertex -10.17 -22.6132 -27.985
      vertex -10.17 -22.5196 -29.8889
      vertex -10.17 -22.5196 -28.1111
    endloop
  endfacet
  facet normal 1 0 0
    outer loop
      vertex -10.17 -22.6132 -27.985
      vertex -10.17 -22.6132 -30.015
      vertex -10.17 -22.5196 -29.8889
    endloop
  endfacet
  facet normal 1 0 0
    outer loop
      vertex -10.17 -22.7186 -27.8686
      vertex -10.17 -22.6132 -30.015
      vertex -10.17 -22.6132 -27.985
    endloop
  endfacet
  facet normal 1 0 0
    outer loop
      vertex -10.17 -22.7186 -27.8686
      vertex -10.17 -22.7186 -30.1314
      vertex -10.17 -22.6132 -30.015
    endloop
  endfacet
  facet normal 1 0 0
    outer loop
      vertex -10.17 -22.835 -27.7632
      vertex -10.17 -22.7186 -30.1314
      vertex -10.17 -22.7186 -27.8686
    endloop
  endfacet
  facet normal 1 0 0
    outer loop
      vertex -10.17 -22.835 -27.7632
      vertex -10.17 -22.835 -30.2368
      vertex -10.17 -22.7186 -30.1314
    endloop
  endfacet
  facet normal 1 0 0
    outer loop
      vertex -10.17 -22.9611 -27.6696
      vertex -10.17 -22.835 -30.2368
      vertex -10.17 -22.835 -27.7632
    endloop
  endfacet
  facet normal 1 0 0
    outer loop
      vertex -10.17 -22.9611 -27.6696
      vertex -10.17 -22.9611 -30.3304
      vertex -10.17 -22.835 -30.2368
    endloop
  endfacet
  facet normal 1 0 0
    outer loop
      vertex -10.17 -23.0958 -27.5889
      vertex -10.17 -22.9611 -30.3304
      vertex -10.17 -22.9611 -27.6696
    endloop
  endfacet
  facet normal 1 0 0
    outer loop
      vertex -10.17 -23.0958 -27.5889
      vertex -10.17 -23.0958 -30.4111
      vertex -10.17 -22.9611 -30.3304
    endloop
  endfacet
  facet normal 1 0 0
    outer loop
      vertex -10.17 -23.2377 -27.5218
      vertex -10.17 -23.0958 -30.4111
      vertex -10.17 -23.0958 -27.5889
    endloop
  endfacet
  facet normal 1 0 0
    outer loop
      vertex -10.17 -23.2377 -27.5218
      vertex -10.17 -23.2377 -30.4782
      vertex -10.17 -23.0958 -30.4111
    endloop
  endfacet
  facet normal 1 0 0
    outer loop
      vertex -10.17 -23.3643 -27.4765
      vertex -10.17 -23.2377 -30.4782
      vertex -10.17 -23.2377 -27.5218
    endloop
  endfacet
  facet normal 1 0 0
    outer loop
      vertex -10.17 -23.2377 -30.4782
      vertex -10.17 -23.3643 -27.4765
      vertex -10.17 -23.3643 -30.5235
    endloop
  endfacet
  facet normal 1 -0 0
    outer loop
      vertex -10.17 -24.0068 -27.4077
      vertex -10.17 -23.85 -30.6
      vertex -10.17 -23.85 -27.4
    endloop
  endfacet
  facet normal 1 0 0
    outer loop
      vertex -10.17 -24.0068 -27.4077
      vertex -10.17 -24.0068 -30.5923
      vertex -10.17 -23.85 -30.6
    endloop
  endfacet
  facet normal 1 -0 0
    outer loop
      vertex -10.17 -24.1621 -27.4307
      vertex -10.17 -24.0068 -30.5923
      vertex -10.17 -24.0068 -27.4077
    endloop
  endfacet
  facet normal 1 0 0
    outer loop
      vertex -10.17 -24.1621 -27.4307
      vertex -10.17 -24.1621 -30.5693
      vertex -10.17 -24.0068 -30.5923
    endloop
  endfacet
  facet normal 1 -0 0
    outer loop
      vertex -10.17 -24.3145 -27.4689
      vertex -10.17 -24.1621 -30.5693
      vertex -10.17 -24.1621 -27.4307
    endloop
  endfacet
  facet normal 1 0 0
    outer loop
      vertex -10.17 -24.3145 -27.4689
      vertex -10.17 -24.3145 -30.5311
      vertex -10.17 -24.1621 -30.5693
    endloop
  endfacet
  facet normal 1 -0 0
    outer loop
      vertex -10.17 -24.4623 -27.5218
      vertex -10.17 -24.3145 -30.5311
      vertex -10.17 -24.3145 -27.4689
    endloop
  endfacet
  facet normal 1 0 0
    outer loop
      vertex -10.17 -24.4623 -27.5218
      vertex -10.17 -24.4623 -30.4782
      vertex -10.17 -24.3145 -30.5311
    endloop
  endfacet
  facet normal 1 -0 0
    outer loop
      vertex -10.17 -24.6042 -27.5889
      vertex -10.17 -24.4623 -30.4782
      vertex -10.17 -24.4623 -27.5218
    endloop
  endfacet
  facet normal 1 0 0
    outer loop
      vertex -10.17 -24.6042 -27.5889
      vertex -10.17 -24.6042 -30.4111
      vertex -10.17 -24.4623 -30.4782
    endloop
  endfacet
  facet normal 1 -0 0
    outer loop
      vertex -10.17 -24.7389 -27.6696
      vertex -10.17 -24.6042 -30.4111
      vertex -10.17 -24.6042 -27.5889
    endloop
  endfacet
  facet normal 1 0 0
    outer loop
      vertex -10.17 -24.7389 -27.6696
      vertex -10.17 -24.7389 -30.3304
      vertex -10.17 -24.6042 -30.4111
    endloop
  endfacet
  facet normal 1 -0 0
    outer loop
      vertex -10.17 -24.865 -27.7632
      vertex -10.17 -24.7389 -30.3304
      vertex -10.17 -24.7389 -27.6696
    endloop
  endfacet
  facet normal 1 0 0
    outer loop
      vertex -10.17 -24.865 -27.7632
      vertex -10.17 -24.865 -30.2368
      vertex -10.17 -24.7389 -30.3304
    endloop
  endfacet
  facet normal 1 -0 0
    outer loop
      vertex -10.17 -24.9814 -27.8686
      vertex -10.17 -24.865 -30.2368
      vertex -10.17 -24.865 -27.7632
    endloop
  endfacet
  facet normal 1 0 0
    outer loop
      vertex -10.17 -24.9814 -27.8686
      vertex -10.17 -24.9814 -30.1314
      vertex -10.17 -24.865 -30.2368
    endloop
  endfacet
  facet normal 1 -0 0
    outer loop
      vertex -10.17 -25.0868 -27.985
      vertex -10.17 -24.9814 -30.1314
      vertex -10.17 -24.9814 -27.8686
    endloop
  endfacet
  facet normal 1 0 0
    outer loop
      vertex -10.17 -25.0868 -27.985
      vertex -10.17 -25.0868 -30.015
      vertex -10.17 -24.9814 -30.1314
    endloop
  endfacet
  facet normal 1 -0 0
    outer loop
      vertex -10.17 -25.1804 -28.1111
      vertex -10.17 -25.0868 -30.015
      vertex -10.17 -25.0868 -27.985
    endloop
  endfacet
  facet normal 1 0 0
    outer loop
      vertex -10.17 -25.1804 -28.1111
      vertex -10.17 -25.1804 -29.8889
      vertex -10.17 -25.0868 -30.015
    endloop
  endfacet
  facet normal 1 -0 0
    outer loop
      vertex -10.17 -25.2611 -28.2458
      vertex -10.17 -25.1804 -29.8889
      vertex -10.17 -25.1804 -28.1111
    endloop
  endfacet
  facet normal 1 0 0
    outer loop
      vertex -10.17 -25.2611 -28.2458
      vertex -10.17 -25.2611 -29.7542
      vertex -10.17 -25.1804 -29.8889
    endloop
  endfacet
  facet normal 1 -0 0
    outer loop
      vertex -10.17 -25.3282 -28.3877
      vertex -10.17 -25.2611 -29.7542
      vertex -10.17 -25.2611 -28.2458
    endloop
  endfacet
  facet normal 1 0 0
    outer loop
      vertex -10.17 -25.3282 -28.3877
      vertex -10.17 -25.3282 -29.6123
      vertex -10.17 -25.2611 -29.7542
    endloop
  endfacet
  facet normal 1 -0 0
    outer loop
      vertex -10.17 -25.3811 -28.5355
      vertex -10.17 -25.3282 -29.6123
      vertex -10.17 -25.3282 -28.3877
    endloop
  endfacet
  facet normal 1 0 0
    outer loop
      vertex -10.17 -25.3811 -28.5355
      vertex -10.17 -25.3811 -29.4645
      vertex -10.17 -25.3282 -29.6123
    endloop
  endfacet
  facet normal 1 -0 0
    outer loop
      vertex -10.17 -25.4193 -28.6879
      vertex -10.17 -25.3811 -29.4645
      vertex -10.17 -25.3811 -28.5355
    endloop
  endfacet
  facet normal 1 0 0
    outer loop
      vertex -10.17 -25.4193 -28.6879
      vertex -10.17 -25.4193 -29.3121
      vertex -10.17 -25.3811 -29.4645
    endloop
  endfacet
  facet normal 1 -0 0
    outer loop
      vertex -10.17 -25.4423 -28.8432
      vertex -10.17 -25.4193 -29.3121
      vertex -10.17 -25.4193 -28.6879
    endloop
  endfacet
  facet normal 1 0 0
    outer loop
      vertex -10.17 -25.4423 -28.8432
      vertex -10.17 -25.4423 -29.1568
      vertex -10.17 -25.4193 -29.3121
    endloop
  endfacet
  facet normal 1 0 -0
    outer loop
      vertex -10.17 -25.4423 -29.1568
      vertex -10.17 -25.4423 -28.8432
      vertex -10.17 -25.45 -29
    endloop
  endfacet
  facet normal 0 0.336982 -0.941511
    outer loop
      vertex -10.17 -24.4623 -27.5218
      vertex -10.15 -24.3145 -27.4689
      vertex -10.15 -24.4623 -27.5218
    endloop
  endfacet
  facet normal 0 0.336982 -0.941511
    outer loop
      vertex -10.15 -24.3145 -27.4689
      vertex -10.17 -24.4623 -27.5218
      vertex -10.17 -24.3145 -27.4689
    endloop
  endfacet
  facet normal 0 0.146502 -0.98921
    outer loop
      vertex -10.17 -24.1621 -27.4307
      vertex -10.15 -24.0068 -27.4077
      vertex -10.15 -24.1621 -27.4307
    endloop
  endfacet
  facet normal 0 0.146502 -0.98921
    outer loop
      vertex -10.15 -24.0068 -27.4077
      vertex -10.17 -24.1621 -27.4307
      vertex -10.17 -24.0068 -27.4077
    endloop
  endfacet
  facet normal 0 0.98921 0.146502
    outer loop
      vertex -10.15 -25.4193 -29.3121
      vertex -10.17 -25.4423 -29.1568
      vertex -10.15 -25.4423 -29.1568
    endloop
  endfacet
  facet normal 0 0.98921 0.146502
    outer loop
      vertex -10.17 -25.4423 -29.1568
      vertex -10.15 -25.4193 -29.3121
      vertex -10.17 -25.4193 -29.3121
    endloop
  endfacet
  facet normal 0 0.969993 0.243135
    outer loop
      vertex -10.15 -25.3811 -29.4645
      vertex -10.17 -25.4193 -29.3121
      vertex -10.15 -25.4193 -29.3121
    endloop
  endfacet
  facet normal 0 0.969993 0.243135
    outer loop
      vertex -10.17 -25.4193 -29.3121
      vertex -10.15 -25.3811 -29.4645
      vertex -10.17 -25.3811 -29.4645
    endloop
  endfacet
  facet normal 0 -0.427484 0.904023
    outer loop
      vertex -10.17 -23.0958 -30.4111
      vertex -10.15 -23.2377 -30.4782
      vertex -10.15 -23.0958 -30.4111
    endloop
  endfacet
  facet normal 0 -0.427484 0.904023
    outer loop
      vertex -10.15 -23.2377 -30.4782
      vertex -10.17 -23.0958 -30.4111
      vertex -10.17 -23.2377 -30.4782
    endloop
  endfacet
  facet normal 0 -0.427484 0.904023
    outer loop
      vertex 10.15 -23.0958 -30.4111
      vertex 10.17 -23.2377 -30.4782
      vertex 10.17 -23.0958 -30.4111
    endloop
  endfacet
  facet normal 0 -0.427484 0.904023
    outer loop
      vertex 10.17 -23.2377 -30.4782
      vertex 10.15 -23.0958 -30.4111
      vertex 10.15 -23.2377 -30.4782
    endloop
  endfacet
  facet normal 0 -0.596019 0.80297
    outer loop
      vertex -10.17 -22.835 -30.2368
      vertex -10.15 -22.9611 -30.3304
      vertex -10.15 -22.835 -30.2368
    endloop
  endfacet
  facet normal 0 -0.596019 0.80297
    outer loop
      vertex -10.15 -22.9611 -30.3304
      vertex -10.17 -22.835 -30.2368
      vertex -10.17 -22.9611 -30.3304
    endloop
  endfacet
  facet normal 0 -0.596019 0.80297
    outer loop
      vertex 10.15 -22.835 -30.2368
      vertex 10.17 -22.9611 -30.3304
      vertex 10.17 -22.835 -30.2368
    endloop
  endfacet
  facet normal 0 -0.596019 0.80297
    outer loop
      vertex 10.17 -22.9611 -30.3304
      vertex 10.15 -22.835 -30.2368
      vertex 10.15 -22.9611 -30.3304
    endloop
  endfacet
  facet normal 0 -0.98921 0.146502
    outer loop
      vertex -10.17 -22.2807 -29.3121
      vertex -10.15 -22.2577 -29.1568
      vertex -10.17 -22.2577 -29.1568
    endloop
  endfacet
  facet normal 0 -0.98921 0.146502
    outer loop
      vertex -10.15 -22.2577 -29.1568
      vertex -10.17 -22.2807 -29.3121
      vertex -10.15 -22.2807 -29.3121
    endloop
  endfacet
  facet normal 0 -0.98921 0.146502
    outer loop
      vertex 10.15 -22.2807 -29.3121
      vertex 10.17 -22.2577 -29.1568
      vertex 10.15 -22.2577 -29.1568
    endloop
  endfacet
  facet normal 0 -0.98921 0.146502
    outer loop
      vertex 10.17 -22.2577 -29.1568
      vertex 10.15 -22.2807 -29.3121
      vertex 10.17 -22.2807 -29.3121
    endloop
  endfacet
  facet normal 0 -0.85783 0.513934
    outer loop
      vertex -10.17 -22.5196 -29.8889
      vertex -10.15 -22.4389 -29.7542
      vertex -10.17 -22.4389 -29.7542
    endloop
  endfacet
  facet normal 0 -0.85783 0.513934
    outer loop
      vertex -10.15 -22.4389 -29.7542
      vertex -10.17 -22.5196 -29.8889
      vertex -10.15 -22.5196 -29.8889
    endloop
  endfacet
  facet normal 0 -0.85783 0.513934
    outer loop
      vertex 10.15 -22.5196 -29.8889
      vertex 10.17 -22.4389 -29.7542
      vertex 10.15 -22.4389 -29.7542
    endloop
  endfacet
  facet normal 0 -0.85783 0.513934
    outer loop
      vertex 10.17 -22.4389 -29.7542
      vertex 10.15 -22.5196 -29.8889
      vertex 10.17 -22.5196 -29.8889
    endloop
  endfacet
  facet normal -0 0.146502 0.98921
    outer loop
      vertex -10.17 -24.0068 -30.5923
      vertex -10.15 -24.1621 -30.5693
      vertex -10.15 -24.0068 -30.5923
    endloop
  endfacet
  facet normal 0 0.146502 0.98921
    outer loop
      vertex -10.15 -24.1621 -30.5693
      vertex -10.17 -24.0068 -30.5923
      vertex -10.17 -24.1621 -30.5693
    endloop
  endfacet
  facet normal -0 0.596019 0.80297
    outer loop
      vertex -10.17 -24.7389 -30.3304
      vertex -10.15 -24.865 -30.2368
      vertex -10.15 -24.7389 -30.3304
    endloop
  endfacet
  facet normal 0 0.596019 0.80297
    outer loop
      vertex -10.15 -24.865 -30.2368
      vertex -10.17 -24.7389 -30.3304
      vertex -10.17 -24.865 -30.2368
    endloop
  endfacet
  facet normal -0 0.427484 0.904023
    outer loop
      vertex -10.17 -24.4623 -30.4782
      vertex -10.15 -24.6042 -30.4111
      vertex -10.15 -24.4623 -30.4782
    endloop
  endfacet
  facet normal 0 0.427484 0.904023
    outer loop
      vertex -10.15 -24.6042 -30.4111
      vertex -10.17 -24.4623 -30.4782
      vertex -10.17 -24.6042 -30.4111
    endloop
  endfacet
  facet normal 0 0.427484 -0.904023
    outer loop
      vertex -10.17 -24.6042 -27.5889
      vertex -10.15 -24.4623 -27.5218
      vertex -10.15 -24.6042 -27.5889
    endloop
  endfacet
  facet normal 0 0.427484 -0.904023
    outer loop
      vertex -10.15 -24.4623 -27.5218
      vertex -10.17 -24.6042 -27.5889
      vertex -10.17 -24.4623 -27.5218
    endloop
  endfacet
  facet normal 0 0.243135 -0.969993
    outer loop
      vertex -10.17 -24.3145 -27.4689
      vertex -10.15 -24.1621 -27.4307
      vertex -10.15 -24.3145 -27.4689
    endloop
  endfacet
  facet normal 0 0.243135 -0.969993
    outer loop
      vertex -10.15 -24.1621 -27.4307
      vertex -10.17 -24.3145 -27.4689
      vertex -10.17 -24.1621 -27.4307
    endloop
  endfacet
  facet normal 0 0.596019 -0.80297
    outer loop
      vertex -10.17 -24.865 -27.7632
      vertex -10.15 -24.7389 -27.6696
      vertex -10.15 -24.865 -27.7632
    endloop
  endfacet
  facet normal 0 0.596019 -0.80297
    outer loop
      vertex -10.15 -24.7389 -27.6696
      vertex -10.17 -24.865 -27.7632
      vertex -10.17 -24.7389 -27.6696
    endloop
  endfacet
  facet normal 0 0.513934 -0.85783
    outer loop
      vertex -10.17 -24.7389 -27.6696
      vertex -10.15 -24.6042 -27.5889
      vertex -10.15 -24.7389 -27.6696
    endloop
  endfacet
  facet normal 0 0.513934 -0.85783
    outer loop
      vertex -10.15 -24.6042 -27.5889
      vertex -10.17 -24.7389 -27.6696
      vertex -10.17 -24.6042 -27.5889
    endloop
  endfacet
  facet normal 0 0.741264 -0.671213
    outer loop
      vertex -10.15 -25.0868 -27.985
      vertex -10.17 -24.9814 -27.8686
      vertex -10.15 -24.9814 -27.8686
    endloop
  endfacet
  facet normal 0 0.741264 -0.671213
    outer loop
      vertex -10.17 -24.9814 -27.8686
      vertex -10.15 -25.0868 -27.985
      vertex -10.17 -25.0868 -27.985
    endloop
  endfacet
  facet normal 0 0.904023 0.427484
    outer loop
      vertex -10.15 -25.2611 -29.7542
      vertex -10.17 -25.3282 -29.6123
      vertex -10.15 -25.3282 -29.6123
    endloop
  endfacet
  facet normal 0 0.904023 0.427484
    outer loop
      vertex -10.17 -25.3282 -29.6123
      vertex -10.15 -25.2611 -29.7542
      vertex -10.17 -25.2611 -29.7542
    endloop
  endfacet
  facet normal 0 0.941511 0.336982
    outer loop
      vertex -10.15 -25.3282 -29.6123
      vertex -10.17 -25.3811 -29.4645
      vertex -10.15 -25.3811 -29.4645
    endloop
  endfacet
  facet normal 0 0.941511 0.336982
    outer loop
      vertex -10.17 -25.3811 -29.4645
      vertex -10.15 -25.3282 -29.6123
      vertex -10.17 -25.3282 -29.6123
    endloop
  endfacet
  facet normal -0 0.336982 0.941511
    outer loop
      vertex -10.17 -24.3145 -30.5311
      vertex -10.15 -24.4623 -30.4782
      vertex -10.15 -24.3145 -30.5311
    endloop
  endfacet
  facet normal 0 0.336982 0.941511
    outer loop
      vertex -10.15 -24.4623 -30.4782
      vertex -10.17 -24.3145 -30.5311
      vertex -10.17 -24.4623 -30.4782
    endloop
  endfacet
  facet normal -0 0.513934 0.85783
    outer loop
      vertex -10.17 -24.6042 -30.4111
      vertex -10.15 -24.7389 -30.3304
      vertex -10.15 -24.6042 -30.4111
    endloop
  endfacet
  facet normal 0 0.513934 0.85783
    outer loop
      vertex -10.15 -24.7389 -30.3304
      vertex -10.17 -24.6042 -30.4111
      vertex -10.17 -24.7389 -30.3304
    endloop
  endfacet
  facet normal 0 0.85783 -0.513934
    outer loop
      vertex -10.15 -25.2611 -28.2458
      vertex -10.17 -25.1804 -28.1111
      vertex -10.15 -25.1804 -28.1111
    endloop
  endfacet
  facet normal 0 0.85783 -0.513934
    outer loop
      vertex -10.17 -25.1804 -28.1111
      vertex -10.15 -25.2611 -28.2458
      vertex -10.17 -25.2611 -28.2458
    endloop
  endfacet
  facet normal 0 0.998796 0.049048
    outer loop
      vertex -10.15 -25.4423 -29.1568
      vertex -10.17 -25.45 -29
      vertex -10.15 -25.45 -29
    endloop
  endfacet
  facet normal 0 0.998796 0.049048
    outer loop
      vertex -10.17 -25.45 -29
      vertex -10.15 -25.4423 -29.1568
      vertex -10.17 -25.4423 -29.1568
    endloop
  endfacet
  facet normal 0 0.998796 -0.049048
    outer loop
      vertex -10.15 -25.45 -29
      vertex -10.17 -25.4423 -28.8432
      vertex -10.15 -25.4423 -28.8432
    endloop
  endfacet
  facet normal 0 0.998796 -0.049048
    outer loop
      vertex -10.17 -25.4423 -28.8432
      vertex -10.15 -25.45 -29
      vertex -10.17 -25.45 -29
    endloop
  endfacet
  facet normal 0 0.941511 -0.336982
    outer loop
      vertex -10.15 -25.3811 -28.5355
      vertex -10.17 -25.3282 -28.3877
      vertex -10.15 -25.3282 -28.3877
    endloop
  endfacet
  facet normal 0 0.941511 -0.336982
    outer loop
      vertex -10.17 -25.3282 -28.3877
      vertex -10.15 -25.3811 -28.5355
      vertex -10.17 -25.3811 -28.5355
    endloop
  endfacet
  facet normal 0 0.904023 -0.427484
    outer loop
      vertex -10.15 -25.3282 -28.3877
      vertex -10.17 -25.2611 -28.2458
      vertex -10.15 -25.2611 -28.2458
    endloop
  endfacet
  facet normal 0 0.904023 -0.427484
    outer loop
      vertex -10.17 -25.2611 -28.2458
      vertex -10.15 -25.3282 -28.3877
      vertex -10.17 -25.3282 -28.3877
    endloop
  endfacet
  facet normal 0 0.98921 -0.146502
    outer loop
      vertex -10.15 -25.4423 -28.8432
      vertex -10.17 -25.4193 -28.6879
      vertex -10.15 -25.4193 -28.6879
    endloop
  endfacet
  facet normal 0 0.98921 -0.146502
    outer loop
      vertex -10.17 -25.4193 -28.6879
      vertex -10.15 -25.4423 -28.8432
      vertex -10.17 -25.4423 -28.8432
    endloop
  endfacet
  facet normal 0 0.671213 -0.741264
    outer loop
      vertex -10.17 -24.9814 -27.8686
      vertex -10.15 -24.865 -27.7632
      vertex -10.15 -24.9814 -27.8686
    endloop
  endfacet
  facet normal 0 0.671213 -0.741264
    outer loop
      vertex -10.15 -24.865 -27.7632
      vertex -10.17 -24.9814 -27.8686
      vertex -10.17 -24.865 -27.7632
    endloop
  endfacet
  facet normal -0 0.671213 0.741264
    outer loop
      vertex -10.17 -24.865 -30.2368
      vertex -10.15 -24.9814 -30.1314
      vertex -10.15 -24.865 -30.2368
    endloop
  endfacet
  facet normal 0 0.671213 0.741264
    outer loop
      vertex -10.15 -24.9814 -30.1314
      vertex -10.17 -24.865 -30.2368
      vertex -10.17 -24.9814 -30.1314
    endloop
  endfacet
  facet normal 0 0.741264 0.671213
    outer loop
      vertex -10.15 -24.9814 -30.1314
      vertex -10.17 -25.0868 -30.015
      vertex -10.15 -25.0868 -30.015
    endloop
  endfacet
  facet normal 0 0.741264 0.671213
    outer loop
      vertex -10.17 -25.0868 -30.015
      vertex -10.15 -24.9814 -30.1314
      vertex -10.17 -24.9814 -30.1314
    endloop
  endfacet
  facet normal 0 0.80297 0.596019
    outer loop
      vertex -10.15 -25.0868 -30.015
      vertex -10.17 -25.1804 -29.8889
      vertex -10.15 -25.1804 -29.8889
    endloop
  endfacet
  facet normal 0 0.80297 0.596019
    outer loop
      vertex -10.17 -25.1804 -29.8889
      vertex -10.15 -25.0868 -30.015
      vertex -10.17 -25.0868 -30.015
    endloop
  endfacet
  facet normal 0 0.85783 0.513934
    outer loop
      vertex -10.15 -25.1804 -29.8889
      vertex -10.17 -25.2611 -29.7542
      vertex -10.15 -25.2611 -29.7542
    endloop
  endfacet
  facet normal 0 0.85783 0.513934
    outer loop
      vertex -10.17 -25.2611 -29.7542
      vertex -10.15 -25.1804 -29.8889
      vertex -10.17 -25.1804 -29.8889
    endloop
  endfacet
  facet normal -1 0 0
    outer loop
      vertex 10.17 -22.2577 -29.1568
      vertex 10.17 -22.2577 -28.8432
      vertex 10.17 -22.25 -29
    endloop
  endfacet
  facet normal -1 0 0
    outer loop
      vertex 10.17 -22.2807 -29.3121
      vertex 10.17 -22.2577 -28.8432
      vertex 10.17 -22.2577 -29.1568
    endloop
  endfacet
  facet normal -1 0 0
    outer loop
      vertex 10.17 -22.2807 -29.3121
      vertex 10.17 -22.2807 -28.6879
      vertex 10.17 -22.2577 -28.8432
    endloop
  endfacet
  facet normal -1 0 0
    outer loop
      vertex 10.17 -22.3189 -29.4645
      vertex 10.17 -22.2807 -28.6879
      vertex 10.17 -22.2807 -29.3121
    endloop
  endfacet
  facet normal -1 0 0
    outer loop
      vertex 10.17 -22.3189 -29.4645
      vertex 10.17 -22.3189 -28.5355
      vertex 10.17 -22.2807 -28.6879
    endloop
  endfacet
  facet normal -1 0 0
    outer loop
      vertex 10.17 -22.3718 -29.6123
      vertex 10.17 -22.3189 -28.5355
      vertex 10.17 -22.3189 -29.4645
    endloop
  endfacet
  facet normal -1 0 0
    outer loop
      vertex 10.17 -22.3718 -29.6123
      vertex 10.17 -22.3718 -28.3877
      vertex 10.17 -22.3189 -28.5355
    endloop
  endfacet
  facet normal -1 0 0
    outer loop
      vertex 10.17 -22.4389 -29.7542
      vertex 10.17 -22.3718 -28.3877
      vertex 10.17 -22.3718 -29.6123
    endloop
  endfacet
  facet normal -1 0 0
    outer loop
      vertex 10.17 -22.4389 -29.7542
      vertex 10.17 -22.4389 -28.2458
      vertex 10.17 -22.3718 -28.3877
    endloop
  endfacet
  facet normal -1 0 0
    outer loop
      vertex 10.17 -22.5196 -29.8889
      vertex 10.17 -22.4389 -28.2458
      vertex 10.17 -22.4389 -29.7542
    endloop
  endfacet
  facet normal -1 0 0
    outer loop
      vertex 10.17 -22.5196 -29.8889
      vertex 10.17 -22.5196 -28.1111
      vertex 10.17 -22.4389 -28.2458
    endloop
  endfacet
  facet normal -1 0 0
    outer loop
      vertex 10.17 -22.6132 -30.015
      vertex 10.17 -22.5196 -28.1111
      vertex 10.17 -22.5196 -29.8889
    endloop
  endfacet
  facet normal -1 0 0
    outer loop
      vertex 10.17 -22.6132 -30.015
      vertex 10.17 -22.6132 -27.985
      vertex 10.17 -22.5196 -28.1111
    endloop
  endfacet
  facet normal -1 0 0
    outer loop
      vertex 10.17 -22.7186 -30.1314
      vertex 10.17 -22.6132 -27.985
      vertex 10.17 -22.6132 -30.015
    endloop
  endfacet
  facet normal -1 0 0
    outer loop
      vertex 10.17 -22.7186 -30.1314
      vertex 10.17 -22.7186 -27.8686
      vertex 10.17 -22.6132 -27.985
    endloop
  endfacet
  facet normal -1 0 0
    outer loop
      vertex 10.17 -22.835 -30.2368
      vertex 10.17 -22.7186 -27.8686
      vertex 10.17 -22.7186 -30.1314
    endloop
  endfacet
  facet normal -1 0 0
    outer loop
      vertex 10.17 -22.835 -30.2368
      vertex 10.17 -22.835 -27.7632
      vertex 10.17 -22.7186 -27.8686
    endloop
  endfacet
  facet normal -1 0 0
    outer loop
      vertex 10.17 -22.9611 -30.3304
      vertex 10.17 -22.835 -27.7632
      vertex 10.17 -22.835 -30.2368
    endloop
  endfacet
  facet normal -1 0 0
    outer loop
      vertex 10.17 -22.9611 -30.3304
      vertex 10.17 -22.9611 -27.6696
      vertex 10.17 -22.835 -27.7632
    endloop
  endfacet
  facet normal -1 0 0
    outer loop
      vertex 10.17 -23.0958 -30.4111
      vertex 10.17 -22.9611 -27.6696
      vertex 10.17 -22.9611 -30.3304
    endloop
  endfacet
  facet normal -1 0 0
    outer loop
      vertex 10.17 -23.0958 -30.4111
      vertex 10.17 -23.0958 -27.5889
      vertex 10.17 -22.9611 -27.6696
    endloop
  endfacet
  facet normal -1 0 0
    outer loop
      vertex 10.17 -23.2377 -30.4782
      vertex 10.17 -23.0958 -27.5889
      vertex 10.17 -23.0958 -30.4111
    endloop
  endfacet
  facet normal -1 0 0
    outer loop
      vertex 10.17 -23.2377 -30.4782
      vertex 10.17 -23.2377 -27.5218
      vertex 10.17 -23.0958 -27.5889
    endloop
  endfacet
  facet normal -1 0 0
    outer loop
      vertex 10.17 -23.3643 -30.5235
      vertex 10.17 -23.2377 -27.5218
      vertex 10.17 -23.2377 -30.4782
    endloop
  endfacet
  facet normal -1 -0 0
    outer loop
      vertex 10.17 -23.2377 -27.5218
      vertex 10.17 -23.3643 -30.5235
      vertex 10.17 -23.3643 -27.4765
    endloop
  endfacet
  facet normal 0 0.969993 -0.243135
    outer loop
      vertex -10.15 -25.4193 -28.6879
      vertex -10.17 -25.3811 -28.5355
      vertex -10.15 -25.3811 -28.5355
    endloop
  endfacet
  facet normal 0 0.969993 -0.243135
    outer loop
      vertex -10.17 -25.3811 -28.5355
      vertex -10.15 -25.4193 -28.6879
      vertex -10.17 -25.4193 -28.6879
    endloop
  endfacet
  facet normal -0.671584 -0.740928 0
    outer loop
      vertex 12.6879 15.4602 -19.98
      vertex 14.1421 14.1421 -14
      vertex 12.6879 15.4602 -14
    endloop
  endfacet
  facet normal -0.671584 -0.740928 -0
    outer loop
      vertex 14.1421 14.1421 -14
      vertex 12.6879 15.4602 -19.98
      vertex 14.1421 14.1421 -19.98
    endloop
  endfacet
  facet normal 0.336882 -0.941547 0
    outer loop
      vertex -7.65367 18.4776 -19.98
      vertex -5.80569 19.1388 -14
      vertex -7.65367 18.4776 -14
    endloop
  endfacet
  facet normal 0.336882 -0.941547 0
    outer loop
      vertex -5.80569 19.1388 -14
      vertex -7.65367 18.4776 -19.98
      vertex -5.80569 19.1388 -19.98
    endloop
  endfacet
  facet normal 0.903982 -0.427571 0
    outer loop
      vertex -18.4776 7.65367 -14
      vertex -17.6384 9.42793 -19.98
      vertex -17.6384 9.42793 -14
    endloop
  endfacet
  facet normal 0.903982 -0.427571 0
    outer loop
      vertex -17.6384 9.42793 -19.98
      vertex -18.4776 7.65367 -14
      vertex -18.4776 7.65367 -19.98
    endloop
  endfacet
  facet normal -0.941547 -0.336882 0
    outer loop
      vertex 19.1388 5.80569 -19.98
      vertex 18.4776 7.65367 -14
      vertex 18.4776 7.65367 -19.98
    endloop
  endfacet
  facet normal -0.941547 -0.336882 0
    outer loop
      vertex 18.4776 7.65367 -14
      vertex 19.1388 5.80569 -19.98
      vertex 19.1388 5.80569 -14
    endloop
  endfacet
  facet normal -0.989176 -0.146736 0
    outer loop
      vertex 19.9037 1.96034 -19.98
      vertex 19.6157 3.90181 -14
      vertex 19.6157 3.90181 -19.98
    endloop
  endfacet
  facet normal -0.989176 -0.146736 0
    outer loop
      vertex 19.6157 3.90181 -14
      vertex 19.9037 1.96034 -19.98
      vertex 19.9037 1.96034 -14
    endloop
  endfacet
  facet normal -0.903982 -0.427571 0
    outer loop
      vertex 18.4776 7.65367 -19.98
      vertex 17.6384 9.42793 -14
      vertex 17.6384 9.42793 -19.98
    endloop
  endfacet
  facet normal -0.903982 -0.427571 0
    outer loop
      vertex 17.6384 9.42793 -14
      vertex 18.4776 7.65367 -19.98
      vertex 18.4776 7.65367 -14
    endloop
  endfacet
  facet normal -0.427571 -0.903982 0
    outer loop
      vertex 7.65367 18.4776 -19.98
      vertex 9.42793 17.6384 -14
      vertex 7.65367 18.4776 -14
    endloop
  endfacet
  facet normal -0.427571 -0.903982 -0
    outer loop
      vertex 9.42793 17.6384 -14
      vertex 7.65367 18.4776 -19.98
      vertex 9.42793 17.6384 -19.98
    endloop
  endfacet
  facet normal -0.146736 -0.989176 0
    outer loop
      vertex 1.96034 19.9037 -19.98
      vertex 3.90181 19.6157 -14
      vertex 1.96034 19.9037 -14
    endloop
  endfacet
  facet normal -0.146736 -0.989176 -0
    outer loop
      vertex 3.90181 19.6157 -14
      vertex 1.96034 19.9037 -19.98
      vertex 3.90181 19.6157 -19.98
    endloop
  endfacet
  facet normal 0.989176 -0.146736 0
    outer loop
      vertex -19.9037 1.96034 -14
      vertex -19.6157 3.90181 -19.98
      vertex -19.6157 3.90181 -14
    endloop
  endfacet
  facet normal 0.989176 -0.146736 0
    outer loop
      vertex -19.6157 3.90181 -19.98
      vertex -19.9037 1.96034 -14
      vertex -19.9037 1.96034 -19.98
    endloop
  endfacet
  facet normal 0.740928 -0.671584 0
    outer loop
      vertex -15.4602 12.6879 -14
      vertex -14.1421 14.1421 -19.98
      vertex -14.1421 14.1421 -14
    endloop
  endfacet
  facet normal 0.740928 -0.671584 0
    outer loop
      vertex -14.1421 14.1421 -19.98
      vertex -15.4602 12.6879 -14
      vertex -15.4602 12.6879 -19.98
    endloop
  endfacet
  facet normal 0.146736 -0.989176 0
    outer loop
      vertex -3.90181 19.6157 -19.98
      vertex -1.96034 19.9037 -14
      vertex -3.90181 19.6157 -14
    endloop
  endfacet
  facet normal 0.146736 -0.989176 0
    outer loop
      vertex -1.96034 19.9037 -14
      vertex -3.90181 19.6157 -19.98
      vertex -1.96034 19.9037 -19.98
    endloop
  endfacet
  facet normal -0.989176 0.146736 0
    outer loop
      vertex 19.6157 -3.90181 -19.98
      vertex 19.9037 -1.96034 -14
      vertex 19.9037 -1.96034 -19.98
    endloop
  endfacet
  facet normal -0.989176 0.146736 0
    outer loop
      vertex 19.9037 -1.96034 -14
      vertex 19.6157 -3.90181 -19.98
      vertex 19.6157 -3.90181 -14
    endloop
  endfacet
  facet normal -0.740928 0.671584 0
    outer loop
      vertex 14.1421 -14.1421 -19.98
      vertex 15.4602 -12.6879 -14
      vertex 15.4602 -12.6879 -19.98
    endloop
  endfacet
  facet normal -0.740928 0.671584 0
    outer loop
      vertex 15.4602 -12.6879 -14
      vertex 14.1421 -14.1421 -19.98
      vertex 14.1421 -14.1421 -14
    endloop
  endfacet
  facet normal 0.146736 0.989176 -0
    outer loop
      vertex -1.96034 -19.9037 -18.98
      vertex -3.90181 -19.6157 -14
      vertex -1.96034 -19.9037 -14
    endloop
  endfacet
  facet normal 0.146736 0.989176 0
    outer loop
      vertex -3.90181 -19.6157 -14
      vertex -1.96034 -19.9037 -18.98
      vertex -3.90181 -19.6157 -18.98
    endloop
  endfacet
  facet normal 0.671584 0.740928 -0
    outer loop
      vertex -12.6879 -15.4602 -19.98
      vertex -14.1421 -14.1421 -14
      vertex -12.6879 -15.4602 -14
    endloop
  endfacet
  facet normal 0.671584 0.740928 0
    outer loop
      vertex -14.1421 -14.1421 -14
      vertex -12.6879 -15.4602 -19.98
      vertex -14.1421 -14.1421 -19.98
    endloop
  endfacet
  facet normal -0.970031 -0.242982 0
    outer loop
      vertex 19.6157 3.90181 -19.98
      vertex 19.1388 5.80569 -14
      vertex 19.1388 5.80569 -19.98
    endloop
  endfacet
  facet normal -0.970031 -0.242982 0
    outer loop
      vertex 19.1388 5.80569 -14
      vertex 19.6157 3.90181 -19.98
      vertex 19.6157 3.90181 -14
    endloop
  endfacet
  facet normal -0.80321 -0.595695 0
    outer loop
      vertex 16.6294 11.1114 -19.98
      vertex 15.4602 12.6879 -14
      vertex 15.4602 12.6879 -19.98
    endloop
  endfacet
  facet normal -0.80321 -0.595695 0
    outer loop
      vertex 15.4602 12.6879 -14
      vertex 16.6294 11.1114 -19.98
      vertex 16.6294 11.1114 -14
    endloop
  endfacet
  facet normal -0.857736 -0.51409 0
    outer loop
      vertex 17.6384 9.42793 -19.98
      vertex 16.6294 11.1114 -14
      vertex 16.6294 11.1114 -19.98
    endloop
  endfacet
  facet normal -0.857736 -0.51409 0
    outer loop
      vertex 16.6294 11.1114 -14
      vertex 17.6384 9.42793 -19.98
      vertex 17.6384 9.42793 -14
    endloop
  endfacet
  facet normal -0.740928 -0.671584 0
    outer loop
      vertex 15.4602 12.6879 -19.98
      vertex 14.1421 14.1421 -14
      vertex 14.1421 14.1421 -19.98
    endloop
  endfacet
  facet normal -0.740928 -0.671584 0
    outer loop
      vertex 14.1421 14.1421 -14
      vertex 15.4602 12.6879 -19.98
      vertex 15.4602 12.6879 -14
    endloop
  endfacet
  facet normal -0.595695 -0.80321 0
    outer loop
      vertex 11.1114 16.6294 -19.98
      vertex 12.6879 15.4602 -14
      vertex 11.1114 16.6294 -14
    endloop
  endfacet
  facet normal -0.595695 -0.80321 -0
    outer loop
      vertex 12.6879 15.4602 -14
      vertex 11.1114 16.6294 -19.98
      vertex 12.6879 15.4602 -19.98
    endloop
  endfacet
  facet normal -0.049065 -0.998796 0
    outer loop
      vertex 0 20 -19.98
      vertex 1.96034 19.9037 -14
      vertex 0 20 -14
    endloop
  endfacet
  facet normal -0.049065 -0.998796 -0
    outer loop
      vertex 1.96034 19.9037 -14
      vertex 0 20 -19.98
      vertex 1.96034 19.9037 -19.98
    endloop
  endfacet
  facet normal -0.51409 -0.857736 0
    outer loop
      vertex 9.42793 17.6384 -19.98
      vertex 11.1114 16.6294 -14
      vertex 9.42793 17.6384 -14
    endloop
  endfacet
  facet normal -0.51409 -0.857736 -0
    outer loop
      vertex 11.1114 16.6294 -14
      vertex 9.42793 17.6384 -19.98
      vertex 11.1114 16.6294 -19.98
    endloop
  endfacet
  facet normal -0.336882 -0.941547 0
    outer loop
      vertex 5.80569 19.1388 -19.98
      vertex 7.65367 18.4776 -14
      vertex 5.80569 19.1388 -14
    endloop
  endfacet
  facet normal -0.336882 -0.941547 -0
    outer loop
      vertex 7.65367 18.4776 -14
      vertex 5.80569 19.1388 -19.98
      vertex 7.65367 18.4776 -19.98
    endloop
  endfacet
  facet normal -0.242982 -0.970031 0
    outer loop
      vertex 3.90181 19.6157 -19.98
      vertex 5.80569 19.1388 -14
      vertex 3.90181 19.6157 -14
    endloop
  endfacet
  facet normal -0.242982 -0.970031 -0
    outer loop
      vertex 5.80569 19.1388 -14
      vertex 3.90181 19.6157 -19.98
      vertex 5.80569 19.1388 -19.98
    endloop
  endfacet
  facet normal 0.998796 -0.049065 0
    outer loop
      vertex -20 0 -14
      vertex -19.9037 1.96034 -19.98
      vertex -19.9037 1.96034 -14
    endloop
  endfacet
  facet normal 0.998796 -0.049065 0
    outer loop
      vertex -19.9037 1.96034 -19.98
      vertex -20 0 -14
      vertex -20 0 -19.98
    endloop
  endfacet
  facet normal 0.941547 -0.336882 0
    outer loop
      vertex -19.1388 5.80569 -14
      vertex -18.4776 7.65367 -19.98
      vertex -18.4776 7.65367 -14
    endloop
  endfacet
  facet normal 0.941547 -0.336882 0
    outer loop
      vertex -18.4776 7.65367 -19.98
      vertex -19.1388 5.80569 -14
      vertex -19.1388 5.80569 -19.98
    endloop
  endfacet
  facet normal 0.970031 -0.242982 0
    outer loop
      vertex -19.6157 3.90181 -14
      vertex -19.1388 5.80569 -19.98
      vertex -19.1388 5.80569 -14
    endloop
  endfacet
  facet normal 0.970031 -0.242982 0
    outer loop
      vertex -19.1388 5.80569 -19.98
      vertex -19.6157 3.90181 -14
      vertex -19.6157 3.90181 -19.98
    endloop
  endfacet
  facet normal 0.857736 -0.51409 0
    outer loop
      vertex -17.6384 9.42793 -14
      vertex -16.6294 11.1114 -19.98
      vertex -16.6294 11.1114 -14
    endloop
  endfacet
  facet normal 0.857736 -0.51409 0
    outer loop
      vertex -16.6294 11.1114 -19.98
      vertex -17.6384 9.42793 -14
      vertex -17.6384 9.42793 -19.98
    endloop
  endfacet
  facet normal 0.80321 -0.595695 0
    outer loop
      vertex -16.6294 11.1114 -14
      vertex -15.4602 12.6879 -19.98
      vertex -15.4602 12.6879 -14
    endloop
  endfacet
  facet normal 0.80321 -0.595695 0
    outer loop
      vertex -15.4602 12.6879 -19.98
      vertex -16.6294 11.1114 -14
      vertex -16.6294 11.1114 -19.98
    endloop
  endfacet
  facet normal 0.242982 -0.970031 0
    outer loop
      vertex -5.80569 19.1388 -19.98
      vertex -3.90181 19.6157 -14
      vertex -5.80569 19.1388 -14
    endloop
  endfacet
  facet normal 0.242982 -0.970031 0
    outer loop
      vertex -3.90181 19.6157 -14
      vertex -5.80569 19.1388 -19.98
      vertex -3.90181 19.6157 -19.98
    endloop
  endfacet
  facet normal 0.049065 -0.998796 0
    outer loop
      vertex -1.96034 19.9037 -19.98
      vertex 0 20 -14
      vertex -1.96034 19.9037 -14
    endloop
  endfacet
  facet normal 0.049065 -0.998796 0
    outer loop
      vertex 0 20 -14
      vertex -1.96034 19.9037 -19.98
      vertex 0 20 -19.98
    endloop
  endfacet
  facet normal 0.51409 -0.857736 0
    outer loop
      vertex -11.1114 16.6294 -19.98
      vertex -9.42793 17.6384 -14
      vertex -11.1114 16.6294 -14
    endloop
  endfacet
  facet normal 0.51409 -0.857736 0
    outer loop
      vertex -9.42793 17.6384 -14
      vertex -11.1114 16.6294 -19.98
      vertex -9.42793 17.6384 -19.98
    endloop
  endfacet
  facet normal 0.595695 -0.80321 0
    outer loop
      vertex -12.6879 15.4602 -19.98
      vertex -11.1114 16.6294 -14
      vertex -12.6879 15.4602 -14
    endloop
  endfacet
  facet normal 0.595695 -0.80321 0
    outer loop
      vertex -11.1114 16.6294 -14
      vertex -12.6879 15.4602 -19.98
      vertex -11.1114 16.6294 -19.98
    endloop
  endfacet
  facet normal 0.427571 -0.903982 0
    outer loop
      vertex -9.42793 17.6384 -19.98
      vertex -7.65367 18.4776 -14
      vertex -9.42793 17.6384 -14
    endloop
  endfacet
  facet normal 0.427571 -0.903982 0
    outer loop
      vertex -7.65367 18.4776 -14
      vertex -9.42793 17.6384 -19.98
      vertex -7.65367 18.4776 -19.98
    endloop
  endfacet
  facet normal 0.671584 -0.740928 0
    outer loop
      vertex -14.1421 14.1421 -19.98
      vertex -12.6879 15.4602 -14
      vertex -14.1421 14.1421 -14
    endloop
  endfacet
  facet normal 0.671584 -0.740928 0
    outer loop
      vertex -12.6879 15.4602 -14
      vertex -14.1421 14.1421 -19.98
      vertex -12.6879 15.4602 -19.98
    endloop
  endfacet
  facet normal -0.998796 -0.049065 0
    outer loop
      vertex 20 0 -19.98
      vertex 19.9037 1.96034 -14
      vertex 19.9037 1.96034 -19.98
    endloop
  endfacet
  facet normal -0.998796 -0.049065 0
    outer loop
      vertex 19.9037 1.96034 -14
      vertex 20 0 -19.98
      vertex 20 0 -14
    endloop
  endfacet
  facet normal -0.049065 0.998796 0
    outer loop
      vertex 1.96034 -19.9037 -18.98
      vertex 0 -20 -14
      vertex 1.96034 -19.9037 -14
    endloop
  endfacet
  facet normal -0.049065 0.998796 0
    outer loop
      vertex 0 -20 -14
      vertex 1.96034 -19.9037 -18.98
      vertex 0 -20 -18.98
    endloop
  endfacet
  facet normal -0.242982 0.970031 8.33466e-06
    outer loop
      vertex 5.80569 -19.1388 -14
      vertex 5.15 -19.303 -18.98
      vertex 3.90181 -19.6157 -14
    endloop
  endfacet
  facet normal -0.242922 0.970046 0
    outer loop
      vertex 5.80569 -19.1388 -19.98
      vertex 5.15 -19.303 -18.98
      vertex 5.80569 -19.1388 -14
    endloop
  endfacet
  facet normal -0.242922 0.970046 0
    outer loop
      vertex 5.15 -19.303 -18.98
      vertex 5.80569 -19.1388 -19.98
      vertex 5.15 -19.303 -19.98
    endloop
  endfacet
  facet normal -0.243013 0.970023 0
    outer loop
      vertex 3.90181 -19.6157 -14
      vertex 5.15 -19.303 -18.98
      vertex 3.90181 -19.6157 -18.98
    endloop
  endfacet
  facet normal -0.595695 0.80321 0
    outer loop
      vertex 12.6879 -15.4602 -19.98
      vertex 11.1114 -16.6294 -14
      vertex 12.6879 -15.4602 -14
    endloop
  endfacet
  facet normal -0.595695 0.80321 0
    outer loop
      vertex 11.1114 -16.6294 -14
      vertex 12.6879 -15.4602 -19.98
      vertex 11.1114 -16.6294 -19.98
    endloop
  endfacet
  facet normal -0.427571 0.903982 0
    outer loop
      vertex 9.42793 -17.6384 -19.98
      vertex 7.65367 -18.4776 -14
      vertex 9.42793 -17.6384 -14
    endloop
  endfacet
  facet normal -0.427571 0.903982 0
    outer loop
      vertex 7.65367 -18.4776 -14
      vertex 9.42793 -17.6384 -19.98
      vertex 7.65367 -18.4776 -19.98
    endloop
  endfacet
  facet normal -0.857736 0.51409 0
    outer loop
      vertex 16.6294 -11.1114 -19.98
      vertex 17.6384 -9.42793 -14
      vertex 17.6384 -9.42793 -19.98
    endloop
  endfacet
  facet normal -0.857736 0.51409 0
    outer loop
      vertex 17.6384 -9.42793 -14
      vertex 16.6294 -11.1114 -19.98
      vertex 16.6294 -11.1114 -14
    endloop
  endfacet
  facet normal 0.336882 0.941547 -0
    outer loop
      vertex -5.80569 -19.1388 -19.98
      vertex -7.65367 -18.4776 -14
      vertex -5.80569 -19.1388 -14
    endloop
  endfacet
  facet normal 0.336882 0.941547 0
    outer loop
      vertex -7.65367 -18.4776 -14
      vertex -5.80569 -19.1388 -19.98
      vertex -7.65367 -18.4776 -19.98
    endloop
  endfacet
  facet normal 0.51409 0.857736 -0
    outer loop
      vertex -9.42793 -17.6384 -19.98
      vertex -11.1114 -16.6294 -14
      vertex -9.42793 -17.6384 -14
    endloop
  endfacet
  facet normal 0.51409 0.857736 0
    outer loop
      vertex -11.1114 -16.6294 -14
      vertex -9.42793 -17.6384 -19.98
      vertex -11.1114 -16.6294 -19.98
    endloop
  endfacet
  facet normal 0.970031 0.242982 0
    outer loop
      vertex -19.1388 -5.80569 -14
      vertex -19.6157 -3.90181 -19.98
      vertex -19.6157 -3.90181 -14
    endloop
  endfacet
  facet normal 0.970031 0.242982 0
    outer loop
      vertex -19.6157 -3.90181 -19.98
      vertex -19.1388 -5.80569 -14
      vertex -19.1388 -5.80569 -19.98
    endloop
  endfacet
  facet normal 0.998796 0.049065 0
    outer loop
      vertex -19.9037 -1.96034 -14
      vertex -20 0 -19.98
      vertex -20 0 -14
    endloop
  endfacet
  facet normal 0.998796 0.049065 0
    outer loop
      vertex -20 0 -19.98
      vertex -19.9037 -1.96034 -14
      vertex -19.9037 -1.96034 -19.98
    endloop
  endfacet
  facet normal 0.80321 0.595695 0
    outer loop
      vertex -15.4602 -12.6879 -14
      vertex -16.6294 -11.1114 -19.98
      vertex -16.6294 -11.1114 -14
    endloop
  endfacet
  facet normal 0.80321 0.595695 0
    outer loop
      vertex -16.6294 -11.1114 -19.98
      vertex -15.4602 -12.6879 -14
      vertex -15.4602 -12.6879 -19.98
    endloop
  endfacet
  facet normal 0.903982 0.427571 0
    outer loop
      vertex -17.6384 -9.42793 -14
      vertex -18.4776 -7.65367 -19.98
      vertex -18.4776 -7.65367 -14
    endloop
  endfacet
  facet normal 0.903982 0.427571 0
    outer loop
      vertex -18.4776 -7.65367 -19.98
      vertex -17.6384 -9.42793 -14
      vertex -17.6384 -9.42793 -19.98
    endloop
  endfacet
  facet normal 0.740928 0.671584 0
    outer loop
      vertex -14.1421 -14.1421 -14
      vertex -15.4602 -12.6879 -19.98
      vertex -15.4602 -12.6879 -14
    endloop
  endfacet
  facet normal 0.740928 0.671584 0
    outer loop
      vertex -15.4602 -12.6879 -19.98
      vertex -14.1421 -14.1421 -14
      vertex -14.1421 -14.1421 -19.98
    endloop
  endfacet
  facet normal -0.970031 0.242982 0
    outer loop
      vertex 19.1388 -5.80569 -19.98
      vertex 19.6157 -3.90181 -14
      vertex 19.6157 -3.90181 -19.98
    endloop
  endfacet
  facet normal -0.970031 0.242982 0
    outer loop
      vertex 19.6157 -3.90181 -14
      vertex 19.1388 -5.80569 -19.98
      vertex 19.1388 -5.80569 -14
    endloop
  endfacet
  facet normal -0.941547 0.336882 0
    outer loop
      vertex 18.4776 -7.65367 -19.98
      vertex 19.1388 -5.80569 -14
      vertex 19.1388 -5.80569 -19.98
    endloop
  endfacet
  facet normal -0.941547 0.336882 0
    outer loop
      vertex 19.1388 -5.80569 -14
      vertex 18.4776 -7.65367 -19.98
      vertex 18.4776 -7.65367 -14
    endloop
  endfacet
  facet normal -0.146736 0.989176 0
    outer loop
      vertex 3.90181 -19.6157 -18.98
      vertex 1.96034 -19.9037 -14
      vertex 3.90181 -19.6157 -14
    endloop
  endfacet
  facet normal -0.146736 0.989176 0
    outer loop
      vertex 1.96034 -19.9037 -14
      vertex 3.90181 -19.6157 -18.98
      vertex 1.96034 -19.9037 -18.98
    endloop
  endfacet
  facet normal -0.336882 0.941547 0
    outer loop
      vertex 7.65367 -18.4776 -19.98
      vertex 5.80569 -19.1388 -14
      vertex 7.65367 -18.4776 -14
    endloop
  endfacet
  facet normal -0.336882 0.941547 0
    outer loop
      vertex 5.80569 -19.1388 -14
      vertex 7.65367 -18.4776 -19.98
      vertex 5.80569 -19.1388 -19.98
    endloop
  endfacet
  facet normal -0.671584 0.740928 0
    outer loop
      vertex 14.1421 -14.1421 -19.98
      vertex 12.6879 -15.4602 -14
      vertex 14.1421 -14.1421 -14
    endloop
  endfacet
  facet normal -0.671584 0.740928 0
    outer loop
      vertex 12.6879 -15.4602 -14
      vertex 14.1421 -14.1421 -19.98
      vertex 12.6879 -15.4602 -19.98
    endloop
  endfacet
  facet normal -0.51409 0.857736 0
    outer loop
      vertex 11.1114 -16.6294 -19.98
      vertex 9.42793 -17.6384 -14
      vertex 11.1114 -16.6294 -14
    endloop
  endfacet
  facet normal -0.51409 0.857736 0
    outer loop
      vertex 9.42793 -17.6384 -14
      vertex 11.1114 -16.6294 -19.98
      vertex 9.42793 -17.6384 -19.98
    endloop
  endfacet
  facet normal -0.903982 0.427571 0
    outer loop
      vertex 17.6384 -9.42793 -19.98
      vertex 18.4776 -7.65367 -14
      vertex 18.4776 -7.65367 -19.98
    endloop
  endfacet
  facet normal -0.903982 0.427571 0
    outer loop
      vertex 18.4776 -7.65367 -14
      vertex 17.6384 -9.42793 -19.98
      vertex 17.6384 -9.42793 -14
    endloop
  endfacet
  facet normal -0.80321 0.595695 0
    outer loop
      vertex 15.4602 -12.6879 -19.98
      vertex 16.6294 -11.1114 -14
      vertex 16.6294 -11.1114 -19.98
    endloop
  endfacet
  facet normal -0.80321 0.595695 0
    outer loop
      vertex 16.6294 -11.1114 -14
      vertex 15.4602 -12.6879 -19.98
      vertex 15.4602 -12.6879 -14
    endloop
  endfacet
  facet normal 0.049065 0.998796 -0
    outer loop
      vertex 0 -20 -18.98
      vertex -1.96034 -19.9037 -14
      vertex 0 -20 -14
    endloop
  endfacet
  facet normal 0.049065 0.998796 0
    outer loop
      vertex -1.96034 -19.9037 -14
      vertex 0 -20 -18.98
      vertex -1.96034 -19.9037 -18.98
    endloop
  endfacet
  facet normal 0.243013 0.970023 0
    outer loop
      vertex -5.15 -19.303 -18.98
      vertex -3.90181 -19.6157 -14
      vertex -3.90181 -19.6157 -18.98
    endloop
  endfacet
  facet normal 0.242982 0.970031 8.33466e-06
    outer loop
      vertex -3.90181 -19.6157 -14
      vertex -5.15 -19.303 -18.98
      vertex -5.80569 -19.1388 -14
    endloop
  endfacet
  facet normal 0.242922 0.970046 0
    outer loop
      vertex -5.80569 -19.1388 -19.98
      vertex -5.15 -19.303 -18.98
      vertex -5.15 -19.303 -19.98
    endloop
  endfacet
  facet normal 0.242922 0.970046 0
    outer loop
      vertex -5.15 -19.303 -18.98
      vertex -5.80569 -19.1388 -19.98
      vertex -5.80569 -19.1388 -14
    endloop
  endfacet
  facet normal 0.427571 0.903982 -0
    outer loop
      vertex -7.65367 -18.4776 -19.98
      vertex -9.42793 -17.6384 -14
      vertex -7.65367 -18.4776 -14
    endloop
  endfacet
  facet normal 0.427571 0.903982 0
    outer loop
      vertex -9.42793 -17.6384 -14
      vertex -7.65367 -18.4776 -19.98
      vertex -9.42793 -17.6384 -19.98
    endloop
  endfacet
  facet normal 0.595695 0.80321 -0
    outer loop
      vertex -11.1114 -16.6294 -19.98
      vertex -12.6879 -15.4602 -14
      vertex -11.1114 -16.6294 -14
    endloop
  endfacet
  facet normal 0.595695 0.80321 0
    outer loop
      vertex -12.6879 -15.4602 -14
      vertex -11.1114 -16.6294 -19.98
      vertex -12.6879 -15.4602 -19.98
    endloop
  endfacet
  facet normal 0.941547 0.336882 0
    outer loop
      vertex -18.4776 -7.65367 -14
      vertex -19.1388 -5.80569 -19.98
      vertex -19.1388 -5.80569 -14
    endloop
  endfacet
  facet normal 0.941547 0.336882 0
    outer loop
      vertex -19.1388 -5.80569 -19.98
      vertex -18.4776 -7.65367 -14
      vertex -18.4776 -7.65367 -19.98
    endloop
  endfacet
  facet normal 0.989176 0.146736 0
    outer loop
      vertex -19.6157 -3.90181 -14
      vertex -19.9037 -1.96034 -19.98
      vertex -19.9037 -1.96034 -14
    endloop
  endfacet
  facet normal 0.989176 0.146736 0
    outer loop
      vertex -19.9037 -1.96034 -19.98
      vertex -19.6157 -3.90181 -14
      vertex -19.6157 -3.90181 -19.98
    endloop
  endfacet
  facet normal 0.857736 0.51409 0
    outer loop
      vertex -16.6294 -11.1114 -14
      vertex -17.6384 -9.42793 -19.98
      vertex -17.6384 -9.42793 -14
    endloop
  endfacet
  facet normal 0.857736 0.51409 0
    outer loop
      vertex -17.6384 -9.42793 -19.98
      vertex -16.6294 -11.1114 -14
      vertex -16.6294 -11.1114 -19.98
    endloop
  endfacet
  facet normal -0.998796 0.049065 0
    outer loop
      vertex 19.9037 -1.96034 -19.98
      vertex 20 0 -14
      vertex 20 0 -19.98
    endloop
  endfacet
  facet normal -0.998796 0.049065 0
    outer loop
      vertex 20 0 -14
      vertex 19.9037 -1.96034 -19.98
      vertex 19.9037 -1.96034 -14
    endloop
  endfacet
  facet normal -0.857724 -0.514111 0
    outer loop
      vertex 18.1676 9.71077 -44
      vertex 17.1283 11.4447 -19.98
      vertex 17.1283 11.4447 -44
    endloop
  endfacet
  facet normal -0.857724 -0.514111 0
    outer loop
      vertex 17.1283 11.4447 -19.98
      vertex 18.1676 9.71077 -44
      vertex 18.1676 9.71077 -19.98
    endloop
  endfacet
  facet normal -0.33691 -0.941537 0
    outer loop
      vertex 5.97986 19.713 -44
      vertex 7.88328 19.0319 -19.98
      vertex 5.97986 19.713 -19.98
    endloop
  endfacet
  facet normal -0.33691 -0.941537 -0
    outer loop
      vertex 7.88328 19.0319 -19.98
      vertex 5.97986 19.713 -44
      vertex 7.88328 19.0319 -44
    endloop
  endfacet
  facet normal 0.42754 -0.903997 0
    outer loop
      vertex -9.71077 18.1676 -44
      vertex -7.88328 19.0319 -19.98
      vertex -9.71077 18.1676 -19.98
    endloop
  endfacet
  facet normal 0.42754 -0.903997 0
    outer loop
      vertex -7.88328 19.0319 -19.98
      vertex -9.71077 18.1676 -44
      vertex -7.88328 19.0319 -44
    endloop
  endfacet
  facet normal 0.903997 -0.42754 0
    outer loop
      vertex -19.0319 7.88328 -19.98
      vertex -18.1676 9.71077 -44
      vertex -18.1676 9.71077 -19.98
    endloop
  endfacet
  facet normal 0.903997 -0.42754 0
    outer loop
      vertex -18.1676 9.71077 -44
      vertex -19.0319 7.88328 -19.98
      vertex -19.0319 7.88328 -44
    endloop
  endfacet
  facet normal -0.998795 0.0490704 0
    outer loop
      vertex 20.5008 -2.01915 -44
      vertex 20.6 0 -19.98
      vertex 20.6 0 -44
    endloop
  endfacet
  facet normal -0.998795 0.0490704 0
    outer loop
      vertex 20.6 0 -19.98
      vertex 20.5008 -2.01915 -44
      vertex 20.5008 -2.01915 -19.98
    endloop
  endfacet
  facet normal -0.42754 0.903997 0
    outer loop
      vertex 9.71077 -18.1676 -44
      vertex 7.88328 -19.0319 -19.98
      vertex 9.71077 -18.1676 -19.98
    endloop
  endfacet
  facet normal -0.42754 0.903997 0
    outer loop
      vertex 7.88328 -19.0319 -19.98
      vertex 9.71077 -18.1676 -44
      vertex 7.88328 -19.0319 -44
    endloop
  endfacet
  facet normal 0.671554 -0.740955 0
    outer loop
      vertex -14.5664 14.5664 -44
      vertex -13.0685 15.924 -19.98
      vertex -14.5664 14.5664 -19.98
    endloop
  endfacet
  facet normal 0.671554 -0.740955 0
    outer loop
      vertex -13.0685 15.924 -19.98
      vertex -14.5664 14.5664 -44
      vertex -13.0685 15.924 -44
    endloop
  endfacet
  facet normal -0.941537 0.33691 0
    outer loop
      vertex 19.0319 -7.88328 -44
      vertex 19.713 -5.97986 -19.98
      vertex 19.713 -5.97986 -44
    endloop
  endfacet
  facet normal -0.941537 0.33691 0
    outer loop
      vertex 19.713 -5.97986 -19.98
      vertex 19.0319 -7.88328 -44
      vertex 19.0319 -7.88328 -19.98
    endloop
  endfacet
  facet normal -0.33691 0.941537 0
    outer loop
      vertex 7.88328 -19.0319 -44
      vertex 5.97986 -19.713 -19.98
      vertex 7.88328 -19.0319 -19.98
    endloop
  endfacet
  facet normal -0.33691 0.941537 0
    outer loop
      vertex 5.97986 -19.713 -19.98
      vertex 7.88328 -19.0319 -44
      vertex 5.97986 -19.713 -44
    endloop
  endfacet
  facet normal -0.989179 -0.146716 0
    outer loop
      vertex 20.5008 2.01915 -44
      vertex 20.2042 4.01886 -19.98
      vertex 20.2042 4.01886 -44
    endloop
  endfacet
  facet normal -0.989179 -0.146716 0
    outer loop
      vertex 20.2042 4.01886 -19.98
      vertex 20.5008 2.01915 -44
      vertex 20.5008 2.01915 -19.98
    endloop
  endfacet
  facet normal -0.803206 -0.595702 0
    outer loop
      vertex 17.1283 11.4447 -44
      vertex 15.924 13.0685 -19.98
      vertex 15.924 13.0685 -44
    endloop
  endfacet
  facet normal -0.803206 -0.595702 0
    outer loop
      vertex 15.924 13.0685 -19.98
      vertex 17.1283 11.4447 -44
      vertex 17.1283 11.4447 -19.98
    endloop
  endfacet
  facet normal -0.671554 -0.740955 0
    outer loop
      vertex 13.0685 15.924 -44
      vertex 14.5664 14.5664 -19.98
      vertex 13.0685 15.924 -19.98
    endloop
  endfacet
  facet normal -0.671554 -0.740955 -0
    outer loop
      vertex 14.5664 14.5664 -19.98
      vertex 13.0685 15.924 -44
      vertex 14.5664 14.5664 -44
    endloop
  endfacet
  facet normal -0.740955 -0.671554 0
    outer loop
      vertex 15.924 13.0685 -44
      vertex 14.5664 14.5664 -19.98
      vertex 14.5664 14.5664 -44
    endloop
  endfacet
  facet normal -0.740955 -0.671554 0
    outer loop
      vertex 14.5664 14.5664 -19.98
      vertex 15.924 13.0685 -44
      vertex 15.924 13.0685 -19.98
    endloop
  endfacet
  facet normal 0.0490704 -0.998795 -9.23913e-07
    outer loop
      vertex -2.01915 20.5008 -19.98
      vertex -1.42307 20.5301 -36.02
      vertex 0 20.6 -19.98
    endloop
  endfacet
  facet normal 0.0490952 -0.998794 0
    outer loop
      vertex -2.01915 20.5008 -44
      vertex -1.42307 20.5301 -36.02
      vertex -2.01915 20.5008 -19.98
    endloop
  endfacet
  facet normal 0.0490952 -0.998794 0
    outer loop
      vertex -1.42307 20.5301 -36.02
      vertex -2.01915 20.5008 -44
      vertex -1.42307 20.5301 -44
    endloop
  endfacet
  facet normal 0.04906 -0.998796 0
    outer loop
      vertex 0 20.6 -19.98
      vertex -1.42307 20.5301 -36.02
      vertex 0 20.6 -36.02
    endloop
  endfacet
  facet normal -0.242978 -0.970032 0
    outer loop
      vertex 4.01886 20.2042 -44
      vertex 5.97986 19.713 -19.98
      vertex 4.01886 20.2042 -19.98
    endloop
  endfacet
  facet normal -0.242978 -0.970032 -0
    outer loop
      vertex 5.97986 19.713 -19.98
      vertex 4.01886 20.2042 -44
      vertex 5.97986 19.713 -44
    endloop
  endfacet
  facet normal -0.146716 -0.989179 0
    outer loop
      vertex 2.01915 20.5008 -44
      vertex 4.01886 20.2042 -19.98
      vertex 2.01915 20.5008 -19.98
    endloop
  endfacet
  facet normal -0.146716 -0.989179 -0
    outer loop
      vertex 4.01886 20.2042 -19.98
      vertex 2.01915 20.5008 -44
      vertex 4.01886 20.2042 -44
    endloop
  endfacet
  facet normal -0.595702 -0.803206 0
    outer loop
      vertex 11.4447 17.1283 -44
      vertex 13.0685 15.924 -19.98
      vertex 11.4447 17.1283 -19.98
    endloop
  endfacet
  facet normal -0.595702 -0.803206 -0
    outer loop
      vertex 13.0685 15.924 -19.98
      vertex 11.4447 17.1283 -44
      vertex 13.0685 15.924 -44
    endloop
  endfacet
  facet normal -0.514111 -0.857724 0
    outer loop
      vertex 9.71077 18.1676 -44
      vertex 11.4447 17.1283 -19.98
      vertex 9.71077 18.1676 -19.98
    endloop
  endfacet
  facet normal -0.514111 -0.857724 -0
    outer loop
      vertex 11.4447 17.1283 -19.98
      vertex 9.71077 18.1676 -44
      vertex 11.4447 17.1283 -44
    endloop
  endfacet
  facet normal 0.998795 -0.0490704 0
    outer loop
      vertex -20.6 0 -19.98
      vertex -20.5008 2.01915 -44
      vertex -20.5008 2.01915 -19.98
    endloop
  endfacet
  facet normal 0.998795 -0.0490704 0
    outer loop
      vertex -20.5008 2.01915 -44
      vertex -20.6 0 -19.98
      vertex -20.6 0 -44
    endloop
  endfacet
  facet normal 0.941537 -0.33691 0
    outer loop
      vertex -19.713 5.97986 -19.98
      vertex -19.0319 7.88328 -44
      vertex -19.0319 7.88328 -19.98
    endloop
  endfacet
  facet normal 0.941537 -0.33691 0
    outer loop
      vertex -19.0319 7.88328 -44
      vertex -19.713 5.97986 -19.98
      vertex -19.713 5.97986 -44
    endloop
  endfacet
  facet normal 0.970032 -0.242978 0
    outer loop
      vertex -20.2042 4.01886 -19.98
      vertex -19.713 5.97986 -44
      vertex -19.713 5.97986 -19.98
    endloop
  endfacet
  facet normal 0.970032 -0.242978 0
    outer loop
      vertex -19.713 5.97986 -44
      vertex -20.2042 4.01886 -19.98
      vertex -20.2042 4.01886 -44
    endloop
  endfacet
  facet normal 0.989179 -0.146716 0
    outer loop
      vertex -20.5008 2.01915 -19.98
      vertex -20.2042 4.01886 -44
      vertex -20.2042 4.01886 -19.98
    endloop
  endfacet
  facet normal 0.989179 -0.146716 0
    outer loop
      vertex -20.2042 4.01886 -44
      vertex -20.5008 2.01915 -19.98
      vertex -20.5008 2.01915 -44
    endloop
  endfacet
  facet normal 0.740955 -0.671554 0
    outer loop
      vertex -15.924 13.0685 -19.98
      vertex -14.5664 14.5664 -44
      vertex -14.5664 14.5664 -19.98
    endloop
  endfacet
  facet normal 0.740955 -0.671554 0
    outer loop
      vertex -14.5664 14.5664 -44
      vertex -15.924 13.0685 -19.98
      vertex -15.924 13.0685 -44
    endloop
  endfacet
  facet normal 0.803206 -0.595702 0
    outer loop
      vertex -17.1283 11.4447 -19.98
      vertex -15.924 13.0685 -44
      vertex -15.924 13.0685 -19.98
    endloop
  endfacet
  facet normal 0.803206 -0.595702 0
    outer loop
      vertex -15.924 13.0685 -44
      vertex -17.1283 11.4447 -19.98
      vertex -17.1283 11.4447 -44
    endloop
  endfacet
  facet normal 0.146716 -0.989179 0
    outer loop
      vertex -4.01886 20.2042 -44
      vertex -2.01915 20.5008 -19.98
      vertex -4.01886 20.2042 -19.98
    endloop
  endfacet
  facet normal 0.146716 -0.989179 0
    outer loop
      vertex -2.01915 20.5008 -19.98
      vertex -4.01886 20.2042 -44
      vertex -2.01915 20.5008 -44
    endloop
  endfacet
  facet normal 0.242978 -0.970032 0
    outer loop
      vertex -5.97986 19.713 -44
      vertex -4.01886 20.2042 -19.98
      vertex -5.97986 19.713 -19.98
    endloop
  endfacet
  facet normal 0.242978 -0.970032 0
    outer loop
      vertex -4.01886 20.2042 -19.98
      vertex -5.97986 19.713 -44
      vertex -4.01886 20.2042 -44
    endloop
  endfacet
  facet normal 0.514111 -0.857724 0
    outer loop
      vertex -11.4447 17.1283 -44
      vertex -9.71077 18.1676 -19.98
      vertex -11.4447 17.1283 -19.98
    endloop
  endfacet
  facet normal 0.514111 -0.857724 0
    outer loop
      vertex -9.71077 18.1676 -19.98
      vertex -11.4447 17.1283 -44
      vertex -9.71077 18.1676 -44
    endloop
  endfacet
  facet normal 0.595702 -0.803206 0
    outer loop
      vertex -13.0685 15.924 -44
      vertex -11.4447 17.1283 -19.98
      vertex -13.0685 15.924 -19.98
    endloop
  endfacet
  facet normal 0.595702 -0.803206 0
    outer loop
      vertex -11.4447 17.1283 -19.98
      vertex -13.0685 15.924 -44
      vertex -11.4447 17.1283 -44
    endloop
  endfacet
  facet normal -0.998795 -0.0490704 0
    outer loop
      vertex 20.6 0 -44
      vertex 20.5008 2.01915 -19.98
      vertex 20.5008 2.01915 -44
    endloop
  endfacet
  facet normal -0.998795 -0.0490704 0
    outer loop
      vertex 20.5008 2.01915 -19.98
      vertex 20.6 0 -44
      vertex 20.6 0 -19.98
    endloop
  endfacet
  facet normal 0.803342 0.595518 0
    outer loop
      vertex -17.1283 -11.4447 -19.98
      vertex -17.0793 -11.5108 -36.02
      vertex -17.1283 -11.4447 -36.02
    endloop
  endfacet
  facet normal 0.803206 0.595702 -1.17278e-06
    outer loop
      vertex -15.924 -13.0685 -19.98
      vertex -17.0793 -11.5108 -36.02
      vertex -17.1283 -11.4447 -19.98
    endloop
  endfacet
  facet normal 0.8032 0.59571 -0
    outer loop
      vertex -15.924 -13.0685 -44
      vertex -17.0793 -11.5108 -36.02
      vertex -15.924 -13.0685 -19.98
    endloop
  endfacet
  facet normal 0.8032 0.59571 0
    outer loop
      vertex -17.0793 -11.5108 -36.02
      vertex -15.924 -13.0685 -44
      vertex -17.0793 -11.5108 -44
    endloop
  endfacet
  facet normal 0.970032 0.242978 0
    outer loop
      vertex -19.713 -5.97986 -19.98
      vertex -20.2042 -4.01886 -44
      vertex -20.2042 -4.01886 -19.98
    endloop
  endfacet
  facet normal 0.970032 0.242978 0
    outer loop
      vertex -20.2042 -4.01886 -44
      vertex -19.713 -5.97986 -19.98
      vertex -19.713 -5.97986 -44
    endloop
  endfacet
  facet normal -0.903997 -0.42754 0
    outer loop
      vertex 19.0319 7.88328 -44
      vertex 18.1676 9.71077 -19.98
      vertex 18.1676 9.71077 -44
    endloop
  endfacet
  facet normal -0.903997 -0.42754 0
    outer loop
      vertex 18.1676 9.71077 -19.98
      vertex 19.0319 7.88328 -44
      vertex 19.0319 7.88328 -19.98
    endloop
  endfacet
  facet normal -0.941537 -0.33691 0
    outer loop
      vertex 19.713 5.97986 -44
      vertex 19.0319 7.88328 -19.98
      vertex 19.0319 7.88328 -44
    endloop
  endfacet
  facet normal -0.941537 -0.33691 0
    outer loop
      vertex 19.0319 7.88328 -19.98
      vertex 19.713 5.97986 -44
      vertex 19.713 5.97986 -19.98
    endloop
  endfacet
  facet normal -0.970032 -0.242978 0
    outer loop
      vertex 20.2042 4.01886 -44
      vertex 19.713 5.97986 -19.98
      vertex 19.713 5.97986 -44
    endloop
  endfacet
  facet normal -0.970032 -0.242978 0
    outer loop
      vertex 19.713 5.97986 -19.98
      vertex 20.2042 4.01886 -44
      vertex 20.2042 4.01886 -19.98
    endloop
  endfacet
  facet normal -0.04906 -0.998796 0
    outer loop
      vertex 1.42307 20.5301 -36.02
      vertex 0 20.6 -19.98
      vertex 0 20.6 -36.02
    endloop
  endfacet
  facet normal -0.0490704 -0.998795 -9.23913e-07
    outer loop
      vertex 0 20.6 -19.98
      vertex 1.42307 20.5301 -36.02
      vertex 2.01915 20.5008 -19.98
    endloop
  endfacet
  facet normal -0.0490952 -0.998794 0
    outer loop
      vertex 2.01915 20.5008 -44
      vertex 1.42307 20.5301 -36.02
      vertex 1.42307 20.5301 -44
    endloop
  endfacet
  facet normal -0.0490952 -0.998794 0
    outer loop
      vertex 1.42307 20.5301 -36.02
      vertex 2.01915 20.5008 -44
      vertex 2.01915 20.5008 -19.98
    endloop
  endfacet
  facet normal -0.42754 -0.903997 0
    outer loop
      vertex 7.88328 19.0319 -44
      vertex 9.71077 18.1676 -19.98
      vertex 7.88328 19.0319 -19.98
    endloop
  endfacet
  facet normal -0.42754 -0.903997 -0
    outer loop
      vertex 9.71077 18.1676 -19.98
      vertex 7.88328 19.0319 -44
      vertex 9.71077 18.1676 -44
    endloop
  endfacet
  facet normal 0 0 -1
    outer loop
      vertex -5.97986 -19.713 -19.98
      vertex -5.15 -19.303 -19.98
      vertex -5.15 -19.9208 -19.98
    endloop
  endfacet
  facet normal -0 0 -1
    outer loop
      vertex -5.15 -19.303 -19.98
      vertex -5.97986 -19.713 -19.98
      vertex -5.80569 -19.1388 -19.98
    endloop
  endfacet
  facet normal 0 0 -1
    outer loop
      vertex -5.97986 -19.713 -19.98
      vertex -7.65367 -18.4776 -19.98
      vertex -5.80569 -19.1388 -19.98
    endloop
  endfacet
  facet normal 0 0 -1
    outer loop
      vertex -7.88328 -19.0319 -19.98
      vertex -7.65367 -18.4776 -19.98
      vertex -5.97986 -19.713 -19.98
    endloop
  endfacet
  facet normal 0 0 -1
    outer loop
      vertex -7.88328 -19.0319 -19.98
      vertex -9.42793 -17.6384 -19.98
      vertex -7.65367 -18.4776 -19.98
    endloop
  endfacet
  facet normal 0 0 -1
    outer loop
      vertex -9.71077 -18.1676 -19.98
      vertex -9.42793 -17.6384 -19.98
      vertex -7.88328 -19.0319 -19.98
    endloop
  endfacet
  facet normal 0 0 -1
    outer loop
      vertex -9.71077 -18.1676 -19.98
      vertex -11.1114 -16.6294 -19.98
      vertex -9.42793 -17.6384 -19.98
    endloop
  endfacet
  facet normal 0 0 -1
    outer loop
      vertex -11.4447 -17.1283 -19.98
      vertex -11.1114 -16.6294 -19.98
      vertex -9.71077 -18.1676 -19.98
    endloop
  endfacet
  facet normal 0 0 -1
    outer loop
      vertex -11.4447 -17.1283 -19.98
      vertex -12.6879 -15.4602 -19.98
      vertex -11.1114 -16.6294 -19.98
    endloop
  endfacet
  facet normal 0 0 -1
    outer loop
      vertex -13.0685 -15.924 -19.98
      vertex -12.6879 -15.4602 -19.98
      vertex -11.4447 -17.1283 -19.98
    endloop
  endfacet
  facet normal 0 0 -1
    outer loop
      vertex -13.0685 -15.924 -19.98
      vertex -14.1421 -14.1421 -19.98
      vertex -12.6879 -15.4602 -19.98
    endloop
  endfacet
  facet normal 0 0 -1
    outer loop
      vertex -14.5664 -14.5664 -19.98
      vertex -14.1421 -14.1421 -19.98
      vertex -13.0685 -15.924 -19.98
    endloop
  endfacet
  facet normal 0 0 -1
    outer loop
      vertex -14.5664 -14.5664 -19.98
      vertex -15.4602 -12.6879 -19.98
      vertex -14.1421 -14.1421 -19.98
    endloop
  endfacet
  facet normal 0 0 -1
    outer loop
      vertex -15.924 -13.0685 -19.98
      vertex -15.4602 -12.6879 -19.98
      vertex -14.5664 -14.5664 -19.98
    endloop
  endfacet
  facet normal 0 0 -1
    outer loop
      vertex -15.924 -13.0685 -19.98
      vertex -16.6294 -11.1114 -19.98
      vertex -15.4602 -12.6879 -19.98
    endloop
  endfacet
  facet normal 0 0 -1
    outer loop
      vertex -17.1283 -11.4447 -19.98
      vertex -16.6294 -11.1114 -19.98
      vertex -15.924 -13.0685 -19.98
    endloop
  endfacet
  facet normal 0 0 -1
    outer loop
      vertex -17.1283 -11.4447 -19.98
      vertex -17.6384 -9.42793 -19.98
      vertex -16.6294 -11.1114 -19.98
    endloop
  endfacet
  facet normal 0 0 -1
    outer loop
      vertex -18.1676 -9.71077 -19.98
      vertex -17.6384 -9.42793 -19.98
      vertex -17.1283 -11.4447 -19.98
    endloop
  endfacet
  facet normal 0 0 -1
    outer loop
      vertex -18.1676 -9.71077 -19.98
      vertex -18.4776 -7.65367 -19.98
      vertex -17.6384 -9.42793 -19.98
    endloop
  endfacet
  facet normal 0 0 -1
    outer loop
      vertex -19.0319 -7.88328 -19.98
      vertex -18.4776 -7.65367 -19.98
      vertex -18.1676 -9.71077 -19.98
    endloop
  endfacet
  facet normal 0 0 -1
    outer loop
      vertex -19.0319 -7.88328 -19.98
      vertex -19.1388 -5.80569 -19.98
      vertex -18.4776 -7.65367 -19.98
    endloop
  endfacet
  facet normal 0 0 -1
    outer loop
      vertex -19.713 -5.97986 -19.98
      vertex -19.1388 -5.80569 -19.98
      vertex -19.0319 -7.88328 -19.98
    endloop
  endfacet
  facet normal -0 0 -1
    outer loop
      vertex -19.1388 -5.80569 -19.98
      vertex -19.713 -5.97986 -19.98
      vertex -19.6157 -3.90181 -19.98
    endloop
  endfacet
  facet normal 0 0 -1
    outer loop
      vertex -20.2042 -4.01886 -19.98
      vertex -19.6157 -3.90181 -19.98
      vertex -19.713 -5.97986 -19.98
    endloop
  endfacet
  facet normal -0 0 -1
    outer loop
      vertex -19.6157 -3.90181 -19.98
      vertex -20.2042 -4.01886 -19.98
      vertex -19.9037 -1.96034 -19.98
    endloop
  endfacet
  facet normal 0 0 -1
    outer loop
      vertex -20.5008 -2.01915 -19.98
      vertex -19.9037 -1.96034 -19.98
      vertex -20.2042 -4.01886 -19.98
    endloop
  endfacet
  facet normal 0 0 -1
    outer loop
      vertex 20 0 -19.98
      vertex 20.6 0 -19.98
      vertex 20.5008 -2.01915 -19.98
    endloop
  endfacet
  facet normal 0 0 -1
    outer loop
      vertex 19.9037 -1.96034 -19.98
      vertex 20.5008 -2.01915 -19.98
      vertex 20.2042 -4.01886 -19.98
    endloop
  endfacet
  facet normal 0 0 -1
    outer loop
      vertex 20.6 0 -19.98
      vertex 20 0 -19.98
      vertex 20.5008 2.01915 -19.98
    endloop
  endfacet
  facet normal 0 0 -1
    outer loop
      vertex 19.9037 1.96034 -19.98
      vertex 20.5008 2.01915 -19.98
      vertex 20 0 -19.98
    endloop
  endfacet
  facet normal 0 0 -1
    outer loop
      vertex 20.5008 -2.01915 -19.98
      vertex 19.9037 -1.96034 -19.98
      vertex 20 0 -19.98
    endloop
  endfacet
  facet normal 0 0 -1
    outer loop
      vertex 19.6157 -3.90181 -19.98
      vertex 20.2042 -4.01886 -19.98
      vertex 19.713 -5.97986 -19.98
    endloop
  endfacet
  facet normal 0 0 -1
    outer loop
      vertex 20.2042 -4.01886 -19.98
      vertex 19.6157 -3.90181 -19.98
      vertex 19.9037 -1.96034 -19.98
    endloop
  endfacet
  facet normal 0 0 -1
    outer loop
      vertex 19.713 -5.97986 -19.98
      vertex 19.1388 -5.80569 -19.98
      vertex 19.6157 -3.90181 -19.98
    endloop
  endfacet
  facet normal 0 0 -1
    outer loop
      vertex 19.0319 -7.88328 -19.98
      vertex 19.1388 -5.80569 -19.98
      vertex 19.713 -5.97986 -19.98
    endloop
  endfacet
  facet normal 0 0 -1
    outer loop
      vertex 19.0319 -7.88328 -19.98
      vertex 18.4776 -7.65367 -19.98
      vertex 19.1388 -5.80569 -19.98
    endloop
  endfacet
  facet normal 0 0 -1
    outer loop
      vertex 18.1676 -9.71077 -19.98
      vertex 18.4776 -7.65367 -19.98
      vertex 19.0319 -7.88328 -19.98
    endloop
  endfacet
  facet normal 0 0 -1
    outer loop
      vertex 18.1676 -9.71077 -19.98
      vertex 17.6384 -9.42793 -19.98
      vertex 18.4776 -7.65367 -19.98
    endloop
  endfacet
  facet normal 0 0 -1
    outer loop
      vertex 17.1283 -11.4447 -19.98
      vertex 17.6384 -9.42793 -19.98
      vertex 18.1676 -9.71077 -19.98
    endloop
  endfacet
  facet normal 0 0 -1
    outer loop
      vertex 17.1283 -11.4447 -19.98
      vertex 16.6294 -11.1114 -19.98
      vertex 17.6384 -9.42793 -19.98
    endloop
  endfacet
  facet normal 0 0 -1
    outer loop
      vertex 15.924 -13.0685 -19.98
      vertex 16.6294 -11.1114 -19.98
      vertex 17.1283 -11.4447 -19.98
    endloop
  endfacet
  facet normal 0 0 -1
    outer loop
      vertex 15.924 -13.0685 -19.98
      vertex 15.4602 -12.6879 -19.98
      vertex 16.6294 -11.1114 -19.98
    endloop
  endfacet
  facet normal 0 0 -1
    outer loop
      vertex 14.5664 -14.5664 -19.98
      vertex 15.4602 -12.6879 -19.98
      vertex 15.924 -13.0685 -19.98
    endloop
  endfacet
  facet normal 0 0 -1
    outer loop
      vertex 14.5664 -14.5664 -19.98
      vertex 14.1421 -14.1421 -19.98
      vertex 15.4602 -12.6879 -19.98
    endloop
  endfacet
  facet normal 0 0 -1
    outer loop
      vertex 13.0685 -15.924 -19.98
      vertex 14.1421 -14.1421 -19.98
      vertex 14.5664 -14.5664 -19.98
    endloop
  endfacet
  facet normal 0 0 -1
    outer loop
      vertex 13.0685 -15.924 -19.98
      vertex 12.6879 -15.4602 -19.98
      vertex 14.1421 -14.1421 -19.98
    endloop
  endfacet
  facet normal 0 0 -1
    outer loop
      vertex 11.4447 -17.1283 -19.98
      vertex 12.6879 -15.4602 -19.98
      vertex 13.0685 -15.924 -19.98
    endloop
  endfacet
  facet normal 0 0 -1
    outer loop
      vertex 11.4447 -17.1283 -19.98
      vertex 11.1114 -16.6294 -19.98
      vertex 12.6879 -15.4602 -19.98
    endloop
  endfacet
  facet normal 0 0 -1
    outer loop
      vertex 9.71077 -18.1676 -19.98
      vertex 11.1114 -16.6294 -19.98
      vertex 11.4447 -17.1283 -19.98
    endloop
  endfacet
  facet normal 0 0 -1
    outer loop
      vertex 9.71077 -18.1676 -19.98
      vertex 9.42793 -17.6384 -19.98
      vertex 11.1114 -16.6294 -19.98
    endloop
  endfacet
  facet normal 0 0 -1
    outer loop
      vertex 7.88328 -19.0319 -19.98
      vertex 9.42793 -17.6384 -19.98
      vertex 9.71077 -18.1676 -19.98
    endloop
  endfacet
  facet normal 0 0 -1
    outer loop
      vertex 7.88328 -19.0319 -19.98
      vertex 7.65367 -18.4776 -19.98
      vertex 9.42793 -17.6384 -19.98
    endloop
  endfacet
  facet normal 0 0 -1
    outer loop
      vertex 5.97986 -19.713 -19.98
      vertex 7.65367 -18.4776 -19.98
      vertex 7.88328 -19.0319 -19.98
    endloop
  endfacet
  facet normal 0 0 -1
    outer loop
      vertex 5.97986 -19.713 -19.98
      vertex 5.80569 -19.1388 -19.98
      vertex 7.65367 -18.4776 -19.98
    endloop
  endfacet
  facet normal 0 0 -1
    outer loop
      vertex 5.15 -19.303 -19.98
      vertex 5.97986 -19.713 -19.98
      vertex 5.15 -19.9208 -19.98
    endloop
  endfacet
  facet normal 0 0 -1
    outer loop
      vertex 5.97986 -19.713 -19.98
      vertex 5.15 -19.303 -19.98
      vertex 5.80569 -19.1388 -19.98
    endloop
  endfacet
  facet normal -0 0 -1
    outer loop
      vertex 20.5008 2.01915 -19.98
      vertex 19.9037 1.96034 -19.98
      vertex 20.2042 4.01886 -19.98
    endloop
  endfacet
  facet normal 0 0 -1
    outer loop
      vertex 19.6157 3.90181 -19.98
      vertex 20.2042 4.01886 -19.98
      vertex 19.9037 1.96034 -19.98
    endloop
  endfacet
  facet normal -0 0 -1
    outer loop
      vertex 20.2042 4.01886 -19.98
      vertex 19.6157 3.90181 -19.98
      vertex 19.713 5.97986 -19.98
    endloop
  endfacet
  facet normal 0 0 -1
    outer loop
      vertex 19.1388 5.80569 -19.98
      vertex 19.713 5.97986 -19.98
      vertex 19.6157 3.90181 -19.98
    endloop
  endfacet
  facet normal 0 0 -1
    outer loop
      vertex 19.1388 5.80569 -19.98
      vertex 19.0319 7.88328 -19.98
      vertex 19.713 5.97986 -19.98
    endloop
  endfacet
  facet normal 0 0 -1
    outer loop
      vertex 18.4776 7.65367 -19.98
      vertex 19.0319 7.88328 -19.98
      vertex 19.1388 5.80569 -19.98
    endloop
  endfacet
  facet normal 0 0 -1
    outer loop
      vertex 18.4776 7.65367 -19.98
      vertex 18.1676 9.71077 -19.98
      vertex 19.0319 7.88328 -19.98
    endloop
  endfacet
  facet normal 0 0 -1
    outer loop
      vertex 17.6384 9.42793 -19.98
      vertex 18.1676 9.71077 -19.98
      vertex 18.4776 7.65367 -19.98
    endloop
  endfacet
  facet normal 0 0 -1
    outer loop
      vertex 17.6384 9.42793 -19.98
      vertex 17.1283 11.4447 -19.98
      vertex 18.1676 9.71077 -19.98
    endloop
  endfacet
  facet normal 0 0 -1
    outer loop
      vertex 16.6294 11.1114 -19.98
      vertex 17.1283 11.4447 -19.98
      vertex 17.6384 9.42793 -19.98
    endloop
  endfacet
  facet normal 0 0 -1
    outer loop
      vertex 16.6294 11.1114 -19.98
      vertex 15.924 13.0685 -19.98
      vertex 17.1283 11.4447 -19.98
    endloop
  endfacet
  facet normal 0 0 -1
    outer loop
      vertex 15.4602 12.6879 -19.98
      vertex 15.924 13.0685 -19.98
      vertex 16.6294 11.1114 -19.98
    endloop
  endfacet
  facet normal 0 0 -1
    outer loop
      vertex 15.4602 12.6879 -19.98
      vertex 14.5664 14.5664 -19.98
      vertex 15.924 13.0685 -19.98
    endloop
  endfacet
  facet normal 0 0 -1
    outer loop
      vertex 14.1421 14.1421 -19.98
      vertex 14.5664 14.5664 -19.98
      vertex 15.4602 12.6879 -19.98
    endloop
  endfacet
  facet normal 0 0 -1
    outer loop
      vertex 14.1421 14.1421 -19.98
      vertex 13.0685 15.924 -19.98
      vertex 14.5664 14.5664 -19.98
    endloop
  endfacet
  facet normal 0 0 -1
    outer loop
      vertex 12.6879 15.4602 -19.98
      vertex 13.0685 15.924 -19.98
      vertex 14.1421 14.1421 -19.98
    endloop
  endfacet
  facet normal 0 0 -1
    outer loop
      vertex 12.6879 15.4602 -19.98
      vertex 11.4447 17.1283 -19.98
      vertex 13.0685 15.924 -19.98
    endloop
  endfacet
  facet normal 0 0 -1
    outer loop
      vertex 11.1114 16.6294 -19.98
      vertex 11.4447 17.1283 -19.98
      vertex 12.6879 15.4602 -19.98
    endloop
  endfacet
  facet normal 0 0 -1
    outer loop
      vertex 11.1114 16.6294 -19.98
      vertex 9.71077 18.1676 -19.98
      vertex 11.4447 17.1283 -19.98
    endloop
  endfacet
  facet normal 0 0 -1
    outer loop
      vertex 9.42793 17.6384 -19.98
      vertex 9.71077 18.1676 -19.98
      vertex 11.1114 16.6294 -19.98
    endloop
  endfacet
  facet normal 0 0 -1
    outer loop
      vertex 9.42793 17.6384 -19.98
      vertex 7.88328 19.0319 -19.98
      vertex 9.71077 18.1676 -19.98
    endloop
  endfacet
  facet normal 0 0 -1
    outer loop
      vertex 7.65367 18.4776 -19.98
      vertex 7.88328 19.0319 -19.98
      vertex 9.42793 17.6384 -19.98
    endloop
  endfacet
  facet normal 0 0 -1
    outer loop
      vertex 7.65367 18.4776 -19.98
      vertex 5.97986 19.713 -19.98
      vertex 7.88328 19.0319 -19.98
    endloop
  endfacet
  facet normal 0 0 -1
    outer loop
      vertex 5.80569 19.1388 -19.98
      vertex 5.97986 19.713 -19.98
      vertex 7.65367 18.4776 -19.98
    endloop
  endfacet
  facet normal 0 0 -1
    outer loop
      vertex 5.80569 19.1388 -19.98
      vertex 4.01886 20.2042 -19.98
      vertex 5.97986 19.713 -19.98
    endloop
  endfacet
  facet normal 0 0 -1
    outer loop
      vertex 3.90181 19.6157 -19.98
      vertex 4.01886 20.2042 -19.98
      vertex 5.80569 19.1388 -19.98
    endloop
  endfacet
  facet normal 0 0 -1
    outer loop
      vertex 3.90181 19.6157 -19.98
      vertex 2.01915 20.5008 -19.98
      vertex 4.01886 20.2042 -19.98
    endloop
  endfacet
  facet normal 0 0 -1
    outer loop
      vertex 1.96034 19.9037 -19.98
      vertex 2.01915 20.5008 -19.98
      vertex 3.90181 19.6157 -19.98
    endloop
  endfacet
  facet normal 0 0 -1
    outer loop
      vertex 0 20 -19.98
      vertex 2.01915 20.5008 -19.98
      vertex 1.96034 19.9037 -19.98
    endloop
  endfacet
  facet normal 0 0 -1
    outer loop
      vertex 0 20 -19.98
      vertex 0 20.6 -19.98
      vertex 2.01915 20.5008 -19.98
    endloop
  endfacet
  facet normal 0 0 -1
    outer loop
      vertex -1.96034 19.9037 -19.98
      vertex 0 20.6 -19.98
      vertex 0 20 -19.98
    endloop
  endfacet
  facet normal 0 0 -1
    outer loop
      vertex -1.96034 19.9037 -19.98
      vertex -2.01915 20.5008 -19.98
      vertex 0 20.6 -19.98
    endloop
  endfacet
  facet normal 0 0 -1
    outer loop
      vertex -3.90181 19.6157 -19.98
      vertex -2.01915 20.5008 -19.98
      vertex -1.96034 19.9037 -19.98
    endloop
  endfacet
  facet normal 0 0 -1
    outer loop
      vertex -3.90181 19.6157 -19.98
      vertex -4.01886 20.2042 -19.98
      vertex -2.01915 20.5008 -19.98
    endloop
  endfacet
  facet normal 0 0 -1
    outer loop
      vertex -5.80569 19.1388 -19.98
      vertex -4.01886 20.2042 -19.98
      vertex -3.90181 19.6157 -19.98
    endloop
  endfacet
  facet normal 0 0 -1
    outer loop
      vertex -5.80569 19.1388 -19.98
      vertex -5.97986 19.713 -19.98
      vertex -4.01886 20.2042 -19.98
    endloop
  endfacet
  facet normal 0 0 -1
    outer loop
      vertex -7.65367 18.4776 -19.98
      vertex -5.97986 19.713 -19.98
      vertex -5.80569 19.1388 -19.98
    endloop
  endfacet
  facet normal 0 0 -1
    outer loop
      vertex -7.65367 18.4776 -19.98
      vertex -7.88328 19.0319 -19.98
      vertex -5.97986 19.713 -19.98
    endloop
  endfacet
  facet normal 0 0 -1
    outer loop
      vertex -9.42793 17.6384 -19.98
      vertex -7.88328 19.0319 -19.98
      vertex -7.65367 18.4776 -19.98
    endloop
  endfacet
  facet normal 0 0 -1
    outer loop
      vertex -9.42793 17.6384 -19.98
      vertex -9.71077 18.1676 -19.98
      vertex -7.88328 19.0319 -19.98
    endloop
  endfacet
  facet normal 0 0 -1
    outer loop
      vertex -11.1114 16.6294 -19.98
      vertex -9.71077 18.1676 -19.98
      vertex -9.42793 17.6384 -19.98
    endloop
  endfacet
  facet normal 0 0 -1
    outer loop
      vertex -11.1114 16.6294 -19.98
      vertex -11.4447 17.1283 -19.98
      vertex -9.71077 18.1676 -19.98
    endloop
  endfacet
  facet normal 0 0 -1
    outer loop
      vertex -12.6879 15.4602 -19.98
      vertex -11.4447 17.1283 -19.98
      vertex -11.1114 16.6294 -19.98
    endloop
  endfacet
  facet normal 0 0 -1
    outer loop
      vertex -12.6879 15.4602 -19.98
      vertex -13.0685 15.924 -19.98
      vertex -11.4447 17.1283 -19.98
    endloop
  endfacet
  facet normal 0 0 -1
    outer loop
      vertex -14.1421 14.1421 -19.98
      vertex -13.0685 15.924 -19.98
      vertex -12.6879 15.4602 -19.98
    endloop
  endfacet
  facet normal 0 0 -1
    outer loop
      vertex -14.1421 14.1421 -19.98
      vertex -14.5664 14.5664 -19.98
      vertex -13.0685 15.924 -19.98
    endloop
  endfacet
  facet normal 0 0 -1
    outer loop
      vertex -15.4602 12.6879 -19.98
      vertex -14.5664 14.5664 -19.98
      vertex -14.1421 14.1421 -19.98
    endloop
  endfacet
  facet normal 0 0 -1
    outer loop
      vertex -15.4602 12.6879 -19.98
      vertex -15.924 13.0685 -19.98
      vertex -14.5664 14.5664 -19.98
    endloop
  endfacet
  facet normal 0 0 -1
    outer loop
      vertex -16.6294 11.1114 -19.98
      vertex -15.924 13.0685 -19.98
      vertex -15.4602 12.6879 -19.98
    endloop
  endfacet
  facet normal 0 0 -1
    outer loop
      vertex -16.6294 11.1114 -19.98
      vertex -17.1283 11.4447 -19.98
      vertex -15.924 13.0685 -19.98
    endloop
  endfacet
  facet normal 0 0 -1
    outer loop
      vertex -17.6384 9.42793 -19.98
      vertex -17.1283 11.4447 -19.98
      vertex -16.6294 11.1114 -19.98
    endloop
  endfacet
  facet normal 0 0 -1
    outer loop
      vertex -17.6384 9.42793 -19.98
      vertex -18.1676 9.71077 -19.98
      vertex -17.1283 11.4447 -19.98
    endloop
  endfacet
  facet normal 0 0 -1
    outer loop
      vertex -18.4776 7.65367 -19.98
      vertex -18.1676 9.71077 -19.98
      vertex -17.6384 9.42793 -19.98
    endloop
  endfacet
  facet normal 0 0 -1
    outer loop
      vertex -18.4776 7.65367 -19.98
      vertex -19.0319 7.88328 -19.98
      vertex -18.1676 9.71077 -19.98
    endloop
  endfacet
  facet normal 0 0 -1
    outer loop
      vertex -19.1388 5.80569 -19.98
      vertex -19.0319 7.88328 -19.98
      vertex -18.4776 7.65367 -19.98
    endloop
  endfacet
  facet normal 0 0 -1
    outer loop
      vertex -19.713 5.97986 -19.98
      vertex -19.1388 5.80569 -19.98
      vertex -19.6157 3.90181 -19.98
    endloop
  endfacet
  facet normal 0 0 -1
    outer loop
      vertex -19.1388 5.80569 -19.98
      vertex -19.713 5.97986 -19.98
      vertex -19.0319 7.88328 -19.98
    endloop
  endfacet
  facet normal 0 0 -1
    outer loop
      vertex -20.2042 4.01886 -19.98
      vertex -19.6157 3.90181 -19.98
      vertex -19.9037 1.96034 -19.98
    endloop
  endfacet
  facet normal 0 0 -1
    outer loop
      vertex -20.5008 2.01915 -19.98
      vertex -19.9037 1.96034 -19.98
      vertex -20 0 -19.98
    endloop
  endfacet
  facet normal -0 0 -1
    outer loop
      vertex -19.9037 -1.96034 -19.98
      vertex -20.5008 -2.01915 -19.98
      vertex -20 0 -19.98
    endloop
  endfacet
  facet normal 0 0 -1
    outer loop
      vertex -19.6157 3.90181 -19.98
      vertex -20.2042 4.01886 -19.98
      vertex -19.713 5.97986 -19.98
    endloop
  endfacet
  facet normal 0 0 -1
    outer loop
      vertex -20.6 0 -19.98
      vertex -20 0 -19.98
      vertex -20.5008 -2.01915 -19.98
    endloop
  endfacet
  facet normal 0 0 -1
    outer loop
      vertex -19.9037 1.96034 -19.98
      vertex -20.5008 2.01915 -19.98
      vertex -20.2042 4.01886 -19.98
    endloop
  endfacet
  facet normal 0 0 -1
    outer loop
      vertex -20 0 -19.98
      vertex -20.6 0 -19.98
      vertex -20.5008 2.01915 -19.98
    endloop
  endfacet
  facet normal 0.857724 -0.514111 0
    outer loop
      vertex -18.1676 9.71077 -19.98
      vertex -17.1283 11.4447 -44
      vertex -17.1283 11.4447 -19.98
    endloop
  endfacet
  facet normal 0.857724 -0.514111 0
    outer loop
      vertex -17.1283 11.4447 -44
      vertex -18.1676 9.71077 -19.98
      vertex -18.1676 9.71077 -44
    endloop
  endfacet
  facet normal 0.33691 -0.941537 0
    outer loop
      vertex -7.88328 19.0319 -44
      vertex -5.97986 19.713 -19.98
      vertex -7.88328 19.0319 -19.98
    endloop
  endfacet
  facet normal 0.33691 -0.941537 0
    outer loop
      vertex -5.97986 19.713 -19.98
      vertex -7.88328 19.0319 -44
      vertex -5.97986 19.713 -44
    endloop
  endfacet
  facet normal -0.970032 0.242978 0
    outer loop
      vertex 19.713 -5.97986 -44
      vertex 20.2042 -4.01886 -19.98
      vertex 20.2042 -4.01886 -44
    endloop
  endfacet
  facet normal -0.970032 0.242978 0
    outer loop
      vertex 20.2042 -4.01886 -19.98
      vertex 19.713 -5.97986 -44
      vertex 19.713 -5.97986 -19.98
    endloop
  endfacet
  facet normal -0.671554 0.740955 0
    outer loop
      vertex 14.5664 -14.5664 -44
      vertex 13.0685 -15.924 -19.98
      vertex 14.5664 -14.5664 -19.98
    endloop
  endfacet
  facet normal -0.671554 0.740955 0
    outer loop
      vertex 13.0685 -15.924 -19.98
      vertex 14.5664 -14.5664 -44
      vertex 13.0685 -15.924 -44
    endloop
  endfacet
  facet normal -0.903983 0.427568 0
    outer loop
      vertex 18.4885 -9.03216 -36.02
      vertex 19.0319 -7.88328 -44
      vertex 18.4885 -9.03216 -44
    endloop
  endfacet
  facet normal -0.903983 0.427568 0
    outer loop
      vertex 19.0319 -7.88328 -44
      vertex 18.4885 -9.03216 -36.02
      vertex 19.0319 -7.88328 -19.98
    endloop
  endfacet
  facet normal -0.904019 0.427491 0
    outer loop
      vertex 18.1676 -9.71077 -19.98
      vertex 18.4885 -9.03216 -36.02
      vertex 18.1676 -9.71077 -36.02
    endloop
  endfacet
  facet normal -0.903997 0.42754 2.50053e-06
    outer loop
      vertex 18.4885 -9.03216 -36.02
      vertex 18.1676 -9.71077 -19.98
      vertex 19.0319 -7.88328 -19.98
    endloop
  endfacet
  facet normal -0.8032 0.59571 0
    outer loop
      vertex 17.0793 -11.5108 -44
      vertex 15.924 -13.0685 -44
      vertex 17.0793 -11.5108 -36.02
    endloop
  endfacet
  facet normal -0.803342 0.595518 0
    outer loop
      vertex 17.0793 -11.5108 -36.02
      vertex 17.1283 -11.4447 -19.98
      vertex 17.1283 -11.4447 -36.02
    endloop
  endfacet
  facet normal -0.8032 0.59571 0
    outer loop
      vertex 15.924 -13.0685 -19.98
      vertex 17.0793 -11.5108 -36.02
      vertex 15.924 -13.0685 -44
    endloop
  endfacet
  facet normal -0.803206 0.595702 -1.17278e-06
    outer loop
      vertex 17.0793 -11.5108 -36.02
      vertex 15.924 -13.0685 -19.98
      vertex 17.1283 -11.4447 -19.98
    endloop
  endfacet
  facet normal 0.671554 0.740955 -0
    outer loop
      vertex -13.0685 -15.924 -44
      vertex -14.5664 -14.5664 -19.98
      vertex -13.0685 -15.924 -19.98
    endloop
  endfacet
  facet normal 0.671554 0.740955 0
    outer loop
      vertex -14.5664 -14.5664 -19.98
      vertex -13.0685 -15.924 -44
      vertex -14.5664 -14.5664 -44
    endloop
  endfacet
  facet normal -0.0490704 0.998795 0
    outer loop
      vertex 2.01915 -20.5008 -44
      vertex 0 -20.6 -39.02
      vertex 2.01915 -20.5008 -39.02
    endloop
  endfacet
  facet normal -0.0490704 0.998795 0
    outer loop
      vertex 0 -20.6 -39.02
      vertex 2.01915 -20.5008 -44
      vertex 0 -20.6 -44
    endloop
  endfacet
  facet normal 0.33691 0.941537 -0
    outer loop
      vertex -5.97986 -19.713 -44
      vertex -7.88328 -19.0319 -19.98
      vertex -5.97986 -19.713 -19.98
    endloop
  endfacet
  facet normal 0.33691 0.941537 0
    outer loop
      vertex -7.88328 -19.0319 -19.98
      vertex -5.97986 -19.713 -44
      vertex -7.88328 -19.0319 -44
    endloop
  endfacet
  facet normal 0.941537 0.33691 0
    outer loop
      vertex -19.0319 -7.88328 -19.98
      vertex -19.713 -5.97986 -44
      vertex -19.713 -5.97986 -19.98
    endloop
  endfacet
  facet normal 0.941537 0.33691 0
    outer loop
      vertex -19.713 -5.97986 -44
      vertex -19.0319 -7.88328 -19.98
      vertex -19.0319 -7.88328 -44
    endloop
  endfacet
  facet normal 0.740955 0.671554 0
    outer loop
      vertex -14.5664 -14.5664 -19.98
      vertex -15.924 -13.0685 -44
      vertex -15.924 -13.0685 -19.98
    endloop
  endfacet
  facet normal 0.740955 0.671554 0
    outer loop
      vertex -15.924 -13.0685 -44
      vertex -14.5664 -14.5664 -19.98
      vertex -14.5664 -14.5664 -44
    endloop
  endfacet
  facet normal -0.989179 0.146716 0
    outer loop
      vertex 20.2042 -4.01886 -44
      vertex 20.5008 -2.01915 -19.98
      vertex 20.5008 -2.01915 -44
    endloop
  endfacet
  facet normal -0.989179 0.146716 0
    outer loop
      vertex 20.5008 -2.01915 -19.98
      vertex 20.2042 -4.01886 -44
      vertex 20.2042 -4.01886 -19.98
    endloop
  endfacet
  facet normal -0.857724 0.514111 0
    outer loop
      vertex 17.1283 -11.4447 -36.02
      vertex 18.1676 -9.71077 -19.98
      vertex 18.1676 -9.71077 -36.02
    endloop
  endfacet
  facet normal -0.857724 0.514111 0
    outer loop
      vertex 18.1676 -9.71077 -19.98
      vertex 17.1283 -11.4447 -36.02
      vertex 17.1283 -11.4447 -19.98
    endloop
  endfacet
  facet normal 0.514111 0.857724 -0
    outer loop
      vertex -9.71077 -18.1676 -44
      vertex -11.4447 -17.1283 -19.98
      vertex -9.71077 -18.1676 -19.98
    endloop
  endfacet
  facet normal 0.514111 0.857724 0
    outer loop
      vertex -11.4447 -17.1283 -19.98
      vertex -9.71077 -18.1676 -44
      vertex -11.4447 -17.1283 -44
    endloop
  endfacet
  facet normal 0.42754 0.903997 -0
    outer loop
      vertex -7.88328 -19.0319 -44
      vertex -9.71077 -18.1676 -19.98
      vertex -7.88328 -19.0319 -19.98
    endloop
  endfacet
  facet normal 0.42754 0.903997 0
    outer loop
      vertex -9.71077 -18.1676 -19.98
      vertex -7.88328 -19.0319 -44
      vertex -9.71077 -18.1676 -44
    endloop
  endfacet
  facet normal 0.989179 0.146716 0
    outer loop
      vertex -20.2042 -4.01886 -19.98
      vertex -20.5008 -2.01915 -44
      vertex -20.5008 -2.01915 -19.98
    endloop
  endfacet
  facet normal 0.989179 0.146716 0
    outer loop
      vertex -20.5008 -2.01915 -44
      vertex -20.2042 -4.01886 -19.98
      vertex -20.2042 -4.01886 -44
    endloop
  endfacet
  facet normal 0.998795 0.0490704 0
    outer loop
      vertex -20.5008 -2.01915 -19.98
      vertex -20.6 0 -44
      vertex -20.6 0 -19.98
    endloop
  endfacet
  facet normal 0.998795 0.0490704 0
    outer loop
      vertex -20.6 0 -44
      vertex -20.5008 -2.01915 -19.98
      vertex -20.5008 -2.01915 -44
    endloop
  endfacet
  facet normal 0.857724 0.514111 0
    outer loop
      vertex -17.1283 -11.4447 -19.98
      vertex -18.1676 -9.71077 -36.02
      vertex -18.1676 -9.71077 -19.98
    endloop
  endfacet
  facet normal 0.857724 0.514111 0
    outer loop
      vertex -18.1676 -9.71077 -36.02
      vertex -17.1283 -11.4447 -19.98
      vertex -17.1283 -11.4447 -36.02
    endloop
  endfacet
  facet normal 0.903983 0.427568 0
    outer loop
      vertex -19.0319 -7.88328 -19.98
      vertex -18.4885 -9.03216 -36.02
      vertex -19.0319 -7.88328 -44
    endloop
  endfacet
  facet normal 0.903997 0.42754 2.50053e-06
    outer loop
      vertex -18.1676 -9.71077 -19.98
      vertex -18.4885 -9.03216 -36.02
      vertex -19.0319 -7.88328 -19.98
    endloop
  endfacet
  facet normal 0.904019 0.427491 0
    outer loop
      vertex -18.4885 -9.03216 -36.02
      vertex -18.1676 -9.71077 -19.98
      vertex -18.1676 -9.71077 -36.02
    endloop
  endfacet
  facet normal 0.903983 0.427568 0
    outer loop
      vertex -19.0319 -7.88328 -44
      vertex -18.4885 -9.03216 -36.02
      vertex -18.4885 -9.03216 -44
    endloop
  endfacet
  facet normal -0.242904 0.97005 0
    outer loop
      vertex 5.97986 -19.713 -19.98
      vertex 5.15 -19.9208 -39.02
      vertex 5.15 -19.9208 -19.98
    endloop
  endfacet
  facet normal -0.242904 0.97005 0
    outer loop
      vertex 5.97986 -19.713 -44
      vertex 5.15 -19.9208 -39.02
      vertex 5.97986 -19.713 -19.98
    endloop
  endfacet
  facet normal -0.242978 0.970032 -1.30551e-05
    outer loop
      vertex 4.01886 -20.2042 -44
      vertex 5.15 -19.9208 -39.02
      vertex 5.97986 -19.713 -44
    endloop
  endfacet
  facet normal -0.243032 0.970018 0
    outer loop
      vertex 5.15 -19.9208 -39.02
      vertex 4.01886 -20.2042 -44
      vertex 4.01886 -20.2042 -39.02
    endloop
  endfacet
  facet normal -0.146716 0.989179 0
    outer loop
      vertex 4.01886 -20.2042 -44
      vertex 2.01915 -20.5008 -39.02
      vertex 4.01886 -20.2042 -39.02
    endloop
  endfacet
  facet normal -0.146716 0.989179 0
    outer loop
      vertex 2.01915 -20.5008 -39.02
      vertex 4.01886 -20.2042 -44
      vertex 2.01915 -20.5008 -44
    endloop
  endfacet
  facet normal -0.595702 0.803206 0
    outer loop
      vertex 13.0685 -15.924 -44
      vertex 11.4447 -17.1283 -19.98
      vertex 13.0685 -15.924 -19.98
    endloop
  endfacet
  facet normal -0.595702 0.803206 0
    outer loop
      vertex 11.4447 -17.1283 -19.98
      vertex 13.0685 -15.924 -44
      vertex 11.4447 -17.1283 -44
    endloop
  endfacet
  facet normal -0.514111 0.857724 0
    outer loop
      vertex 11.4447 -17.1283 -44
      vertex 9.71077 -18.1676 -19.98
      vertex 11.4447 -17.1283 -19.98
    endloop
  endfacet
  facet normal -0.514111 0.857724 0
    outer loop
      vertex 9.71077 -18.1676 -19.98
      vertex 11.4447 -17.1283 -44
      vertex 9.71077 -18.1676 -44
    endloop
  endfacet
  facet normal -0.740955 0.671554 0
    outer loop
      vertex 14.5664 -14.5664 -44
      vertex 15.924 -13.0685 -19.98
      vertex 15.924 -13.0685 -44
    endloop
  endfacet
  facet normal -0.740955 0.671554 0
    outer loop
      vertex 15.924 -13.0685 -19.98
      vertex 14.5664 -14.5664 -44
      vertex 14.5664 -14.5664 -19.98
    endloop
  endfacet
  facet normal 0.146716 0.989179 -0
    outer loop
      vertex -2.01915 -20.5008 -44
      vertex -4.01886 -20.2042 -39.02
      vertex -2.01915 -20.5008 -39.02
    endloop
  endfacet
  facet normal 0.146716 0.989179 0
    outer loop
      vertex -4.01886 -20.2042 -39.02
      vertex -2.01915 -20.5008 -44
      vertex -4.01886 -20.2042 -44
    endloop
  endfacet
  facet normal 0.243032 0.970018 0
    outer loop
      vertex -4.01886 -20.2042 -39.02
      vertex -4.01886 -20.2042 -44
      vertex -5.15 -19.9208 -39.02
    endloop
  endfacet
  facet normal 0.242904 0.97005 -0
    outer loop
      vertex -5.15 -19.9208 -39.02
      vertex -5.97986 -19.713 -19.98
      vertex -5.15 -19.9208 -19.98
    endloop
  endfacet
  facet normal 0.242904 0.97005 0
    outer loop
      vertex -5.15 -19.9208 -39.02
      vertex -5.97986 -19.713 -44
      vertex -5.97986 -19.713 -19.98
    endloop
  endfacet
  facet normal 0.242978 0.970032 -1.30551e-05
    outer loop
      vertex -5.97986 -19.713 -44
      vertex -5.15 -19.9208 -39.02
      vertex -4.01886 -20.2042 -44
    endloop
  endfacet
  facet normal 0.0490704 0.998795 -0
    outer loop
      vertex 0 -20.6 -44
      vertex -2.01915 -20.5008 -39.02
      vertex 0 -20.6 -39.02
    endloop
  endfacet
  facet normal 0.0490704 0.998795 0
    outer loop
      vertex -2.01915 -20.5008 -39.02
      vertex 0 -20.6 -44
      vertex -2.01915 -20.5008 -44
    endloop
  endfacet
  facet normal 0.595702 0.803206 -0
    outer loop
      vertex -11.4447 -17.1283 -44
      vertex -13.0685 -15.924 -19.98
      vertex -11.4447 -17.1283 -19.98
    endloop
  endfacet
  facet normal 0.595702 0.803206 0
    outer loop
      vertex -13.0685 -15.924 -19.98
      vertex -11.4447 -17.1283 -44
      vertex -13.0685 -15.924 -44
    endloop
  endfacet
  facet normal 1 0 0
    outer loop
      vertex -5.15 -29 -39
      vertex -5.15 -24.9342 -31.0284
      vertex -5.15 -25.1278 -30.9124
    endloop
  endfacet
  facet normal 1 0 0
    outer loop
      vertex -5.15 -29 -39
      vertex -5.15 -25.1278 -30.9124
      vertex -5.15 -25.3091 -30.7779
    endloop
  endfacet
  facet normal 1 0 0
    outer loop
      vertex -5.15 -29 -39
      vertex -5.15 -25.3091 -30.7779
      vertex -5.15 -25.4763 -30.6263
    endloop
  endfacet
  facet normal 1 0 0
    outer loop
      vertex -5.15 -29 -39
      vertex -5.15 -25.4763 -30.6263
      vertex -5.15 -25.6279 -30.4591
    endloop
  endfacet
  facet normal 1 0 0
    outer loop
      vertex -5.15 -29 -39
      vertex -5.15 -25.6279 -30.4591
      vertex -5.15 -25.7624 -30.2778
    endloop
  endfacet
  facet normal 1 0 0
    outer loop
      vertex -5.15 -29 -39
      vertex -5.15 -25.7624 -30.2778
      vertex -5.15 -25.8784 -30.0842
    endloop
  endfacet
  facet normal 1 0 0
    outer loop
      vertex -5.15 -29 -39
      vertex -5.15 -25.8784 -30.0842
      vertex -5.15 -25.9749 -29.8802
    endloop
  endfacet
  facet normal 1 0 0
    outer loop
      vertex -5.15 -29 -39
      vertex -5.15 -25.9749 -29.8802
      vertex -5.15 -26.051 -29.6677
    endloop
  endfacet
  facet normal 1 0 0
    outer loop
      vertex -5.15 -29 -39
      vertex -5.15 -26.051 -29.6677
      vertex -5.15 -26.1058 -29.4487
    endloop
  endfacet
  facet normal 1 0 0
    outer loop
      vertex -5.15 -29 -39
      vertex -5.15 -26.1058 -29.4487
      vertex -5.15 -26.1389 -29.2254
    endloop
  endfacet
  facet normal 1 0 0
    outer loop
      vertex -5.15 -29 -39
      vertex -5.15 -26.15 -29
      vertex -5.15 -29 -19
    endloop
  endfacet
  facet normal 1 0 0
    outer loop
      vertex -5.15 -26.15 -29
      vertex -5.15 -29 -39
      vertex -5.15 -26.1389 -29.2254
    endloop
  endfacet
  facet normal 1 0 0
    outer loop
      vertex -5.15 -24.9342 -31.0284
      vertex -5.15 -29 -39
      vertex -5.15 -24.9661 -39
    endloop
  endfacet
  facet normal 1 0 0
    outer loop
      vertex -5.15 -19.303 -18.98
      vertex -5.15 -19.9208 -19.98
      vertex -5.15 -19.303 -19.98
    endloop
  endfacet
  facet normal 1 0 0
    outer loop
      vertex -5.15 -19.9208 -19.98
      vertex -5.15 -21.55 -29
      vertex -5.15 -19.9208 -39.02
    endloop
  endfacet
  facet normal 1 0 0
    outer loop
      vertex -5.15 -19.9208 -19.98
      vertex -5.15 -21.5611 -28.7746
      vertex -5.15 -21.55 -29
    endloop
  endfacet
  facet normal 1 0 0
    outer loop
      vertex -5.15 -19.9208 -19.98
      vertex -5.15 -21.5942 -28.5513
      vertex -5.15 -21.5611 -28.7746
    endloop
  endfacet
  facet normal 1 0 0
    outer loop
      vertex -5.15 -19.9208 -19.98
      vertex -5.15 -21.649 -28.3323
      vertex -5.15 -21.5942 -28.5513
    endloop
  endfacet
  facet normal 1 0 0
    outer loop
      vertex -5.15 -19.9208 -19.98
      vertex -5.15 -21.7251 -28.1198
      vertex -5.15 -21.649 -28.3323
    endloop
  endfacet
  facet normal 1 0 0
    outer loop
      vertex -5.15 -19.9208 -19.98
      vertex -5.15 -21.8216 -27.9158
      vertex -5.15 -21.7251 -28.1198
    endloop
  endfacet
  facet normal 1 0 0
    outer loop
      vertex -5.15 -19.9208 -19.98
      vertex -5.15 -21.9376 -27.7222
      vertex -5.15 -21.8216 -27.9158
    endloop
  endfacet
  facet normal 1 0 0
    outer loop
      vertex -5.15 -19.9208 -19.98
      vertex -5.15 -22.0721 -27.5409
      vertex -5.15 -21.9376 -27.7222
    endloop
  endfacet
  facet normal 1 0 0
    outer loop
      vertex -5.15 -19.9208 -19.98
      vertex -5.15 -22.2237 -27.3737
      vertex -5.15 -22.0721 -27.5409
    endloop
  endfacet
  facet normal 1 0 0
    outer loop
      vertex -5.15 -19.9208 -19.98
      vertex -5.15 -22.3909 -27.2221
      vertex -5.15 -22.2237 -27.3737
    endloop
  endfacet
  facet normal 1 0 0
    outer loop
      vertex -5.15 -19.9208 -19.98
      vertex -5.15 -22.5722 -27.0876
      vertex -5.15 -22.3909 -27.2221
    endloop
  endfacet
  facet normal 1 0 0
    outer loop
      vertex -5.15 -19.9208 -19.98
      vertex -5.15 -22.7658 -26.9716
      vertex -5.15 -22.5722 -27.0876
    endloop
  endfacet
  facet normal 1 0 0
    outer loop
      vertex -5.15 -19.9208 -19.98
      vertex -5.15 -22.9698 -26.8751
      vertex -5.15 -22.7658 -26.9716
    endloop
  endfacet
  facet normal 1 0 0
    outer loop
      vertex -5.15 -19.9208 -19.98
      vertex -5.15 -23.1823 -26.799
      vertex -5.15 -22.9698 -26.8751
    endloop
  endfacet
  facet normal 1 0 0
    outer loop
      vertex -5.15 -19.9208 -19.98
      vertex -5.15 -23.4013 -26.7442
      vertex -5.15 -23.1823 -26.799
    endloop
  endfacet
  facet normal 1 0 0
    outer loop
      vertex -5.15 -19.9208 -19.98
      vertex -5.15 -23.6246 -26.7111
      vertex -5.15 -23.4013 -26.7442
    endloop
  endfacet
  facet normal 1 0 0
    outer loop
      vertex -5.15 -24.9661 -19
      vertex -5.15 -23.6246 -26.7111
      vertex -5.15 -19.9208 -19.98
    endloop
  endfacet
  facet normal 1 0 0
    outer loop
      vertex -5.15 -23.6246 -26.7111
      vertex -5.15 -24.9661 -19
      vertex -5.15 -23.85 -26.7
    endloop
  endfacet
  facet normal 1 0 0
    outer loop
      vertex -5.15 -23.85 -26.7
      vertex -5.15 -24.9661 -19
      vertex -5.15 -24.0754 -26.7111
    endloop
  endfacet
  facet normal 1 -0 0
    outer loop
      vertex -5.15 -24.9661 -18.98
      vertex -5.15 -19.9208 -19.98
      vertex -5.15 -19.303 -18.98
    endloop
  endfacet
  facet normal 1 0 0
    outer loop
      vertex -5.15 -24.0754 -26.7111
      vertex -5.15 -24.9661 -19
      vertex -5.15 -24.2987 -26.7442
    endloop
  endfacet
  facet normal 1 0 0
    outer loop
      vertex -5.15 -24.2987 -26.7442
      vertex -5.15 -24.9661 -19
      vertex -5.15 -24.5177 -26.799
    endloop
  endfacet
  facet normal 1 0 0
    outer loop
      vertex -5.15 -24.5177 -26.799
      vertex -5.15 -24.9661 -19
      vertex -5.15 -24.7302 -26.8751
    endloop
  endfacet
  facet normal 1 0 0
    outer loop
      vertex -5.15 -19.9208 -19.98
      vertex -5.15 -24.9661 -18.98
      vertex -5.15 -24.9661 -19
    endloop
  endfacet
  facet normal 1 0 0
    outer loop
      vertex -5.15 -24.7302 -26.8751
      vertex -5.15 -24.9661 -19
      vertex -5.15 -24.9342 -26.9716
    endloop
  endfacet
  facet normal 1 -0 0
    outer loop
      vertex -5.15 -29 -19
      vertex -5.15 -24.9342 -26.9716
      vertex -5.15 -24.9661 -19
    endloop
  endfacet
  facet normal 1 0 0
    outer loop
      vertex -5.15 -24.9342 -26.9716
      vertex -5.15 -29 -19
      vertex -5.15 -25.1278 -27.0876
    endloop
  endfacet
  facet normal 1 0 0
    outer loop
      vertex -5.15 -25.1278 -27.0876
      vertex -5.15 -29 -19
      vertex -5.15 -25.3091 -27.2221
    endloop
  endfacet
  facet normal 1 0 0
    outer loop
      vertex -5.15 -25.3091 -27.2221
      vertex -5.15 -29 -19
      vertex -5.15 -25.4763 -27.3737
    endloop
  endfacet
  facet normal 1 0 0
    outer loop
      vertex -5.15 -25.4763 -27.3737
      vertex -5.15 -29 -19
      vertex -5.15 -25.6279 -27.5409
    endloop
  endfacet
  facet normal 1 0 0
    outer loop
      vertex -5.15 -25.6279 -27.5409
      vertex -5.15 -29 -19
      vertex -5.15 -25.7624 -27.7222
    endloop
  endfacet
  facet normal 1 0 0
    outer loop
      vertex -5.15 -25.7624 -27.7222
      vertex -5.15 -29 -19
      vertex -5.15 -25.8784 -27.9158
    endloop
  endfacet
  facet normal 1 0 0
    outer loop
      vertex -5.15 -25.8784 -27.9158
      vertex -5.15 -29 -19
      vertex -5.15 -25.9749 -28.1198
    endloop
  endfacet
  facet normal 1 0 0
    outer loop
      vertex -5.15 -25.9749 -28.1198
      vertex -5.15 -29 -19
      vertex -5.15 -26.051 -28.3323
    endloop
  endfacet
  facet normal 1 0 0
    outer loop
      vertex -5.15 -26.051 -28.3323
      vertex -5.15 -29 -19
      vertex -5.15 -26.1058 -28.5513
    endloop
  endfacet
  facet normal 1 0 0
    outer loop
      vertex -5.15 -26.1389 -28.7746
      vertex -5.15 -29 -19
      vertex -5.15 -26.15 -29
    endloop
  endfacet
  facet normal 1 0 0
    outer loop
      vertex -5.15 -26.1058 -28.5513
      vertex -5.15 -29 -19
      vertex -5.15 -26.1389 -28.7746
    endloop
  endfacet
  facet normal 1 -0 0
    outer loop
      vertex -5.15 -21.5611 -29.2254
      vertex -5.15 -19.9208 -39.02
      vertex -5.15 -21.55 -29
    endloop
  endfacet
  facet normal 1 -0 0
    outer loop
      vertex -5.15 -21.5942 -29.4487
      vertex -5.15 -19.9208 -39.02
      vertex -5.15 -21.5611 -29.2254
    endloop
  endfacet
  facet normal 1 -0 0
    outer loop
      vertex -5.15 -21.649 -29.6677
      vertex -5.15 -19.9208 -39.02
      vertex -5.15 -21.5942 -29.4487
    endloop
  endfacet
  facet normal 1 -0 0
    outer loop
      vertex -5.15 -21.7251 -29.8802
      vertex -5.15 -19.9208 -39.02
      vertex -5.15 -21.649 -29.6677
    endloop
  endfacet
  facet normal 1 -0 0
    outer loop
      vertex -5.15 -21.8216 -30.0842
      vertex -5.15 -19.9208 -39.02
      vertex -5.15 -21.7251 -29.8802
    endloop
  endfacet
  facet normal 1 -0 0
    outer loop
      vertex -5.15 -21.9376 -30.2778
      vertex -5.15 -19.9208 -39.02
      vertex -5.15 -21.8216 -30.0842
    endloop
  endfacet
  facet normal 1 -0 0
    outer loop
      vertex -5.15 -22.0721 -30.4591
      vertex -5.15 -19.9208 -39.02
      vertex -5.15 -21.9376 -30.2778
    endloop
  endfacet
  facet normal 1 -0 0
    outer loop
      vertex -5.15 -22.2237 -30.6263
      vertex -5.15 -19.9208 -39.02
      vertex -5.15 -22.0721 -30.4591
    endloop
  endfacet
  facet normal 1 -0 0
    outer loop
      vertex -5.15 -22.3909 -30.7779
      vertex -5.15 -19.9208 -39.02
      vertex -5.15 -22.2237 -30.6263
    endloop
  endfacet
  facet normal 1 -0 0
    outer loop
      vertex -5.15 -22.5722 -30.9124
      vertex -5.15 -19.9208 -39.02
      vertex -5.15 -22.3909 -30.7779
    endloop
  endfacet
  facet normal 1 -0 0
    outer loop
      vertex -5.15 -22.7658 -31.0284
      vertex -5.15 -19.9208 -39.02
      vertex -5.15 -22.5722 -30.9124
    endloop
  endfacet
  facet normal 1 -0 0
    outer loop
      vertex -5.15 -22.9698 -31.1249
      vertex -5.15 -19.9208 -39.02
      vertex -5.15 -22.7658 -31.0284
    endloop
  endfacet
  facet normal 1 -0 0
    outer loop
      vertex -5.15 -23.1823 -31.201
      vertex -5.15 -19.9208 -39.02
      vertex -5.15 -22.9698 -31.1249
    endloop
  endfacet
  facet normal 1 -0 0
    outer loop
      vertex -5.15 -23.4013 -31.2558
      vertex -5.15 -19.9208 -39.02
      vertex -5.15 -23.1823 -31.201
    endloop
  endfacet
  facet normal 1 0 0
    outer loop
      vertex -5.15 -24.9661 -39
      vertex -5.15 -23.4013 -31.2558
      vertex -5.15 -23.6246 -31.2889
    endloop
  endfacet
  facet normal 1 0 0
    outer loop
      vertex -5.15 -24.9661 -39
      vertex -5.15 -23.6246 -31.2889
      vertex -5.15 -23.85 -31.3
    endloop
  endfacet
  facet normal 1 0 0
    outer loop
      vertex -5.15 -24.9661 -39
      vertex -5.15 -23.85 -31.3
      vertex -5.15 -24.0754 -31.2889
    endloop
  endfacet
  facet normal 1 0 0
    outer loop
      vertex -5.15 -24.9661 -39
      vertex -5.15 -24.0754 -31.2889
      vertex -5.15 -24.2987 -31.2558
    endloop
  endfacet
  facet normal 1 0 0
    outer loop
      vertex -5.15 -24.9661 -39
      vertex -5.15 -24.2987 -31.2558
      vertex -5.15 -24.5177 -31.201
    endloop
  endfacet
  facet normal 1 0 0
    outer loop
      vertex -5.15 -24.9661 -39
      vertex -5.15 -24.5177 -31.201
      vertex -5.15 -24.7302 -31.1249
    endloop
  endfacet
  facet normal 1 0 0
    outer loop
      vertex -5.15 -24.9661 -39
      vertex -5.15 -24.7302 -31.1249
      vertex -5.15 -24.9342 -31.0284
    endloop
  endfacet
  facet normal 1 0 0
    outer loop
      vertex -5.15 -23.4013 -31.2558
      vertex -5.15 -24.9661 -39
      vertex -5.15 -19.9208 -39.02
    endloop
  endfacet
  facet normal 1 0 0
    outer loop
      vertex -5.15 -19.9208 -39.02
      vertex -5.15 -24.9661 -39
      vertex -5.15 -24.9661 -39.02
    endloop
  endfacet
  facet normal 0 0 -1
    outer loop
      vertex 3.90181 -19.6157 -18.98
      vertex 5.15 -24.9661 -18.98
      vertex 4.9748 -25.01 -18.98
    endloop
  endfacet
  facet normal 0 0 -1
    outer loop
      vertex 5.15 -24.9661 -18.98
      vertex 3.90181 -19.6157 -18.98
      vertex 5.15 -19.303 -18.98
    endloop
  endfacet
  facet normal 0 0 -1
    outer loop
      vertex 2.49944 -25.3772 -18.98
      vertex 3.90181 -19.6157 -18.98
      vertex 4.9748 -25.01 -18.98
    endloop
  endfacet
  facet normal 0 0 -1
    outer loop
      vertex 2.49944 -25.3772 -18.98
      vertex 1.96034 -19.9037 -18.98
      vertex 3.90181 -19.6157 -18.98
    endloop
  endfacet
  facet normal 0 0 -1
    outer loop
      vertex 0 -25.5 -18.98
      vertex 1.96034 -19.9037 -18.98
      vertex 2.49944 -25.3772 -18.98
    endloop
  endfacet
  facet normal 0 0 -1
    outer loop
      vertex 0 -25.5 -18.98
      vertex 0 -20 -18.98
      vertex 1.96034 -19.9037 -18.98
    endloop
  endfacet
  facet normal 0 0 -1
    outer loop
      vertex 0 -25.5 -18.98
      vertex -1.96034 -19.9037 -18.98
      vertex 0 -20 -18.98
    endloop
  endfacet
  facet normal 0 0 -1
    outer loop
      vertex -2.49944 -25.3772 -18.98
      vertex -1.96034 -19.9037 -18.98
      vertex 0 -25.5 -18.98
    endloop
  endfacet
  facet normal 0 0 -1
    outer loop
      vertex -2.49944 -25.3772 -18.98
      vertex -3.90181 -19.6157 -18.98
      vertex -1.96034 -19.9037 -18.98
    endloop
  endfacet
  facet normal 0 0 -1
    outer loop
      vertex -4.9748 -25.01 -18.98
      vertex -3.90181 -19.6157 -18.98
      vertex -2.49944 -25.3772 -18.98
    endloop
  endfacet
  facet normal 0 0 -1
    outer loop
      vertex -5.15 -24.9661 -18.98
      vertex -3.90181 -19.6157 -18.98
      vertex -4.9748 -25.01 -18.98
    endloop
  endfacet
  facet normal -0 0 -1
    outer loop
      vertex -3.90181 -19.6157 -18.98
      vertex -5.15 -24.9661 -18.98
      vertex -5.15 -19.303 -18.98
    endloop
  endfacet
  facet normal -1 0 0
    outer loop
      vertex 5.15 -19.9208 -39.02
      vertex 5.15 -21.55 -29
      vertex 5.15 -19.9208 -19.98
    endloop
  endfacet
  facet normal -1 0 0
    outer loop
      vertex 5.15 -19.9208 -39.02
      vertex 5.15 -21.5611 -29.2254
      vertex 5.15 -21.55 -29
    endloop
  endfacet
  facet normal -1 0 0
    outer loop
      vertex 5.15 -19.9208 -39.02
      vertex 5.15 -21.5942 -29.4487
      vertex 5.15 -21.5611 -29.2254
    endloop
  endfacet
  facet normal -1 0 0
    outer loop
      vertex 5.15 -19.9208 -39.02
      vertex 5.15 -21.649 -29.6677
      vertex 5.15 -21.5942 -29.4487
    endloop
  endfacet
  facet normal -1 0 0
    outer loop
      vertex 5.15 -19.9208 -39.02
      vertex 5.15 -21.7251 -29.8802
      vertex 5.15 -21.649 -29.6677
    endloop
  endfacet
  facet normal -1 0 0
    outer loop
      vertex 5.15 -19.9208 -39.02
      vertex 5.15 -21.8216 -30.0842
      vertex 5.15 -21.7251 -29.8802
    endloop
  endfacet
  facet normal -1 0 0
    outer loop
      vertex 5.15 -19.9208 -39.02
      vertex 5.15 -21.9376 -30.2778
      vertex 5.15 -21.8216 -30.0842
    endloop
  endfacet
  facet normal -1 0 0
    outer loop
      vertex 5.15 -19.9208 -39.02
      vertex 5.15 -22.0721 -30.4591
      vertex 5.15 -21.9376 -30.2778
    endloop
  endfacet
  facet normal -1 0 0
    outer loop
      vertex 5.15 -19.9208 -39.02
      vertex 5.15 -22.2237 -30.6263
      vertex 5.15 -22.0721 -30.4591
    endloop
  endfacet
  facet normal -1 0 0
    outer loop
      vertex 5.15 -19.9208 -39.02
      vertex 5.15 -22.3909 -30.7779
      vertex 5.15 -22.2237 -30.6263
    endloop
  endfacet
  facet normal -1 0 0
    outer loop
      vertex 5.15 -19.9208 -39.02
      vertex 5.15 -22.5722 -30.9124
      vertex 5.15 -22.3909 -30.7779
    endloop
  endfacet
  facet normal -1 0 0
    outer loop
      vertex 5.15 -19.9208 -39.02
      vertex 5.15 -22.7658 -31.0284
      vertex 5.15 -22.5722 -30.9124
    endloop
  endfacet
  facet normal -1 0 0
    outer loop
      vertex 5.15 -19.9208 -39.02
      vertex 5.15 -22.9698 -31.1249
      vertex 5.15 -22.7658 -31.0284
    endloop
  endfacet
  facet normal -1 0 0
    outer loop
      vertex 5.15 -19.9208 -39.02
      vertex 5.15 -23.1823 -31.201
      vertex 5.15 -22.9698 -31.1249
    endloop
  endfacet
  facet normal -1 0 0
    outer loop
      vertex 5.15 -19.9208 -39.02
      vertex 5.15 -23.4013 -31.2558
      vertex 5.15 -23.1823 -31.201
    endloop
  endfacet
  facet normal -1 0 0
    outer loop
      vertex 5.15 -24.9661 -39.02
      vertex 5.15 -23.4013 -31.2558
      vertex 5.15 -19.9208 -39.02
    endloop
  endfacet
  facet normal -1 0 0
    outer loop
      vertex 5.15 -23.4013 -31.2558
      vertex 5.15 -24.9661 -39.02
      vertex 5.15 -23.6246 -31.2889
    endloop
  endfacet
  facet normal -1 0 0
    outer loop
      vertex 5.15 -23.6246 -31.2889
      vertex 5.15 -24.9661 -39.02
      vertex 5.15 -23.85 -31.3
    endloop
  endfacet
  facet normal -1 -0 0
    outer loop
      vertex 5.15 -23.85 -31.3
      vertex 5.15 -24.9661 -39.02
      vertex 5.15 -24.0754 -31.2889
    endloop
  endfacet
  facet normal -1 -0 0
    outer loop
      vertex 5.15 -24.0754 -31.2889
      vertex 5.15 -24.9661 -39.02
      vertex 5.15 -24.2987 -31.2558
    endloop
  endfacet
  facet normal -1 -0 0
    outer loop
      vertex 5.15 -24.2987 -31.2558
      vertex 5.15 -24.9661 -39.02
      vertex 5.15 -24.5177 -31.201
    endloop
  endfacet
  facet normal -1 -0 0
    outer loop
      vertex 5.15 -24.5177 -31.201
      vertex 5.15 -24.9661 -39.02
      vertex 5.15 -24.7302 -31.1249
    endloop
  endfacet
  facet normal -1 -0 0
    outer loop
      vertex 5.15 -24.7302 -31.1249
      vertex 5.15 -24.9661 -39.02
      vertex 5.15 -24.9342 -31.0284
    endloop
  endfacet
  facet normal -1 -0 0
    outer loop
      vertex 5.15 -24.9342 -31.0284
      vertex 5.15 -24.9661 -39.02
      vertex 5.15 -24.9661 -31.0093
    endloop
  endfacet
  facet normal -1 0 0
    outer loop
      vertex 5.15 -19.9208 -19.98
      vertex 5.15 -19.303 -18.98
      vertex 5.15 -19.303 -19.98
    endloop
  endfacet
  facet normal -1 0 0
    outer loop
      vertex 5.15 -21.5611 -28.7746
      vertex 5.15 -19.9208 -19.98
      vertex 5.15 -21.55 -29
    endloop
  endfacet
  facet normal -1 0 0
    outer loop
      vertex 5.15 -21.5942 -28.5513
      vertex 5.15 -19.9208 -19.98
      vertex 5.15 -21.5611 -28.7746
    endloop
  endfacet
  facet normal -1 0 0
    outer loop
      vertex 5.15 -21.649 -28.3323
      vertex 5.15 -19.9208 -19.98
      vertex 5.15 -21.5942 -28.5513
    endloop
  endfacet
  facet normal -1 0 0
    outer loop
      vertex 5.15 -21.7251 -28.1198
      vertex 5.15 -19.9208 -19.98
      vertex 5.15 -21.649 -28.3323
    endloop
  endfacet
  facet normal -1 0 0
    outer loop
      vertex 5.15 -21.8216 -27.9158
      vertex 5.15 -19.9208 -19.98
      vertex 5.15 -21.7251 -28.1198
    endloop
  endfacet
  facet normal -1 0 0
    outer loop
      vertex 5.15 -21.9376 -27.7222
      vertex 5.15 -19.9208 -19.98
      vertex 5.15 -21.8216 -27.9158
    endloop
  endfacet
  facet normal -1 0 0
    outer loop
      vertex 5.15 -22.0721 -27.5409
      vertex 5.15 -19.9208 -19.98
      vertex 5.15 -21.9376 -27.7222
    endloop
  endfacet
  facet normal -1 0 0
    outer loop
      vertex 5.15 -22.2237 -27.3737
      vertex 5.15 -19.9208 -19.98
      vertex 5.15 -22.0721 -27.5409
    endloop
  endfacet
  facet normal -1 0 0
    outer loop
      vertex 5.15 -22.3909 -27.2221
      vertex 5.15 -19.9208 -19.98
      vertex 5.15 -22.2237 -27.3737
    endloop
  endfacet
  facet normal -1 0 0
    outer loop
      vertex 5.15 -22.5722 -27.0876
      vertex 5.15 -19.9208 -19.98
      vertex 5.15 -22.3909 -27.2221
    endloop
  endfacet
  facet normal -1 0 0
    outer loop
      vertex 5.15 -22.7658 -26.9716
      vertex 5.15 -19.9208 -19.98
      vertex 5.15 -22.5722 -27.0876
    endloop
  endfacet
  facet normal -1 0 0
    outer loop
      vertex 5.15 -22.9698 -26.8751
      vertex 5.15 -19.9208 -19.98
      vertex 5.15 -22.7658 -26.9716
    endloop
  endfacet
  facet normal -1 0 0
    outer loop
      vertex 5.15 -23.1823 -26.799
      vertex 5.15 -19.9208 -19.98
      vertex 5.15 -22.9698 -26.8751
    endloop
  endfacet
  facet normal -1 0 0
    outer loop
      vertex 5.15 -23.4013 -26.7442
      vertex 5.15 -19.9208 -19.98
      vertex 5.15 -23.1823 -26.799
    endloop
  endfacet
  facet normal -1 0 0
    outer loop
      vertex 5.15 -23.6246 -26.7111
      vertex 5.15 -19.9208 -19.98
      vertex 5.15 -23.4013 -26.7442
    endloop
  endfacet
  facet normal -1 0 0
    outer loop
      vertex 5.15 -24.9661 -18.98
      vertex 5.15 -23.6246 -26.7111
      vertex 5.15 -23.85 -26.7
    endloop
  endfacet
  facet normal -1 0 0
    outer loop
      vertex 5.15 -24.9661 -18.98
      vertex 5.15 -23.85 -26.7
      vertex 5.15 -24.0754 -26.7111
    endloop
  endfacet
  facet normal -1 0 0
    outer loop
      vertex 5.15 -24.9661 -18.98
      vertex 5.15 -24.0754 -26.7111
      vertex 5.15 -24.2987 -26.7442
    endloop
  endfacet
  facet normal -1 0 0
    outer loop
      vertex 5.15 -23.6246 -26.7111
      vertex 5.15 -24.9661 -18.98
      vertex 5.15 -19.9208 -19.98
    endloop
  endfacet
  facet normal -1 0 0
    outer loop
      vertex 5.15 -24.9661 -18.98
      vertex 5.15 -24.2987 -26.7442
      vertex 5.15 -24.5177 -26.799
    endloop
  endfacet
  facet normal -1 0 0
    outer loop
      vertex 5.15 -24.9661 -18.98
      vertex 5.15 -24.5177 -26.799
      vertex 5.15 -24.7302 -26.8751
    endloop
  endfacet
  facet normal -1 0 0
    outer loop
      vertex 5.15 -24.9661 -18.98
      vertex 5.15 -24.7302 -26.8751
      vertex 5.15 -24.9342 -26.9716
    endloop
  endfacet
  facet normal -1 0 0
    outer loop
      vertex 5.15 -24.9661 -18.98
      vertex 5.15 -24.9342 -26.9716
      vertex 5.15 -24.9661 -26.9907
    endloop
  endfacet
  facet normal -1 0 0
    outer loop
      vertex 5.15 -19.9208 -19.98
      vertex 5.15 -24.9661 -18.98
      vertex 5.15 -19.303 -18.98
    endloop
  endfacet
  facet normal -0 0 1
    outer loop
      vertex 4.01886 -20.2042 -39.02
      vertex 5.15 -24.9661 -39.02
      vertex 5.15 -19.9208 -39.02
    endloop
  endfacet
  facet normal 0 0 1
    outer loop
      vertex 5.15 -24.9661 -39.02
      vertex 4.01886 -20.2042 -39.02
      vertex 4.9748 -25.01 -39.02
    endloop
  endfacet
  facet normal 0 0 1
    outer loop
      vertex 4.01886 -20.2042 -39.02
      vertex 2.49944 -25.3772 -39.02
      vertex 4.9748 -25.01 -39.02
    endloop
  endfacet
  facet normal -0 0 1
    outer loop
      vertex 2.01915 -20.5008 -39.02
      vertex 2.49944 -25.3772 -39.02
      vertex 4.01886 -20.2042 -39.02
    endloop
  endfacet
  facet normal -0 0 1
    outer loop
      vertex 0 -20.6 -39.02
      vertex 2.49944 -25.3772 -39.02
      vertex 2.01915 -20.5008 -39.02
    endloop
  endfacet
  facet normal 0 0 1
    outer loop
      vertex 0 -20.6 -39.02
      vertex 0 -25.5 -39.02
      vertex 2.49944 -25.3772 -39.02
    endloop
  endfacet
  facet normal 0 0 1
    outer loop
      vertex -2.01915 -20.5008 -39.02
      vertex 0 -25.5 -39.02
      vertex 0 -20.6 -39.02
    endloop
  endfacet
  facet normal 0 0 1
    outer loop
      vertex -2.01915 -20.5008 -39.02
      vertex -2.49944 -25.3772 -39.02
      vertex 0 -25.5 -39.02
    endloop
  endfacet
  facet normal 0 0 1
    outer loop
      vertex -4.01886 -20.2042 -39.02
      vertex -2.49944 -25.3772 -39.02
      vertex -2.01915 -20.5008 -39.02
    endloop
  endfacet
  facet normal 0 0 1
    outer loop
      vertex -4.01886 -20.2042 -39.02
      vertex -4.9748 -25.01 -39.02
      vertex -2.49944 -25.3772 -39.02
    endloop
  endfacet
  facet normal 0 0 1
    outer loop
      vertex -5.15 -24.9661 -39.02
      vertex -4.01886 -20.2042 -39.02
      vertex -5.15 -19.9208 -39.02
    endloop
  endfacet
  facet normal 0 0 1
    outer loop
      vertex -4.01886 -20.2042 -39.02
      vertex -5.15 -24.9661 -39.02
      vertex -4.9748 -25.01 -39.02
    endloop
  endfacet
  facet normal 0 1 -0
    outer loop
      vertex 0 -29 -39
      vertex -5.15 -29 -19
      vertex 0 -29 -19
    endloop
  endfacet
  facet normal 0 1 0
    outer loop
      vertex -5.15 -29 -19
      vertex 0 -29 -39
      vertex -5.15 -29 -39
    endloop
  endfacet
endsolid OpenSCAD_Model
