solid OpenSCAD_Model
  facet normal 0 0 -1
    outer loop
      vertex 29.1 -29.1 -14
      vertex 28.995 -26 -14
      vertex 29.1 -5.65 -14
    endloop
  endfacet
  facet normal 0 0 -1
    outer loop
      vertex 29.1 -29.1 -14
      vertex 28.9807 -26.2929 -14
      vertex 28.995 -26 -14
    endloop
  endfacet
  facet normal 0 0 -1
    outer loop
      vertex 29.1 -29.1 -14
      vertex 28.9806 -26.2936 -14
      vertex 28.9807 -26.2929 -14
    endloop
  endfacet
  facet normal 0 0 -1
    outer loop
      vertex 29.1 -29.1 -14
      vertex 28.9805 -26.2942 -14
      vertex 28.9806 -26.2936 -14
    endloop
  endfacet
  facet normal 0 0 -1
    outer loop
      vertex 29.1 -29.1 -14
      vertex 28.9375 -26.5843 -14
      vertex 28.9805 -26.2942 -14
    endloop
  endfacet
  facet normal 0 0 -1
    outer loop
      vertex 29.1 -29.1 -14
      vertex 28.9373 -26.585 -14
      vertex 28.9375 -26.5843 -14
    endloop
  endfacet
  facet normal 0 0 -1
    outer loop
      vertex 29.1 -29.1 -14
      vertex 28.8661 -26.8694 -14
      vertex 28.9373 -26.585 -14
    endloop
  endfacet
  facet normal 0 0 -1
    outer loop
      vertex 29.1 -29.1 -14
      vertex 28.8658 -26.8701 -14
      vertex 28.8661 -26.8694 -14
    endloop
  endfacet
  facet normal 0 0 -1
    outer loop
      vertex 29.1 -29.1 -14
      vertex 28.7671 -27.1462 -14
      vertex 28.8658 -26.8701 -14
    endloop
  endfacet
  facet normal 0 0 -1
    outer loop
      vertex 29.1 -29.1 -14
      vertex 28.6417 -27.4112 -14
      vertex 28.7671 -27.1462 -14
    endloop
  endfacet
  facet normal 0 0 -1
    outer loop
      vertex 29.1 -29.1 -14
      vertex 28.6414 -27.4119 -14
      vertex 28.6417 -27.4112 -14
    endloop
  endfacet
  facet normal 0 0 -1
    outer loop
      vertex 29.1 -29.1 -14
      vertex 28.641 -27.4124 -14
      vertex 28.6414 -27.4119 -14
    endloop
  endfacet
  facet normal 0 0 -1
    outer loop
      vertex 29.1 -29.1 -14
      vertex 28.4903 -27.664 -14
      vertex 28.641 -27.4124 -14
    endloop
  endfacet
  facet normal 0 0 -1
    outer loop
      vertex 29.1 -29.1 -14
      vertex 28.4899 -27.6645 -14
      vertex 28.4903 -27.664 -14
    endloop
  endfacet
  facet normal 0 0 -1
    outer loop
      vertex 29.1 -29.1 -14
      vertex 28.3152 -27.9 -14
      vertex 28.4899 -27.6645 -14
    endloop
  endfacet
  facet normal 0 0 -1
    outer loop
      vertex 29.1 -29.1 -14
      vertex 28.1183 -28.1173 -14
      vertex 28.3152 -27.9 -14
    endloop
  endfacet
  facet normal 0 0 -1
    outer loop
      vertex 29.1 -29.1 -14
      vertex 28.1178 -28.1178 -14
      vertex 28.1183 -28.1173 -14
    endloop
  endfacet
  facet normal 0 0 -1
    outer loop
      vertex 29.1 -29.1 -14
      vertex 28.1173 -28.1183 -14
      vertex 28.1178 -28.1178 -14
    endloop
  endfacet
  facet normal 0 0 -1
    outer loop
      vertex 29.1 -29.1 -14
      vertex 27.9 -28.3152 -14
      vertex 28.1173 -28.1183 -14
    endloop
  endfacet
  facet normal 0 0 -1
    outer loop
      vertex 29.1 -29.1 -14
      vertex 27.6645 -28.4899 -14
      vertex 27.9 -28.3152 -14
    endloop
  endfacet
  facet normal 0 0 -1
    outer loop
      vertex 29.1 -29.1 -14
      vertex 27.664 -28.4903 -14
      vertex 27.6645 -28.4899 -14
    endloop
  endfacet
  facet normal 0 0 -1
    outer loop
      vertex 29.1 -29.1 -14
      vertex 27.4124 -28.641 -14
      vertex 27.664 -28.4903 -14
    endloop
  endfacet
  facet normal 0 0 -1
    outer loop
      vertex 29.1 -29.1 -14
      vertex 27.4119 -28.6414 -14
      vertex 27.4124 -28.641 -14
    endloop
  endfacet
  facet normal 0 0 -1
    outer loop
      vertex 29.1 -29.1 -14
      vertex 27.4112 -28.6417 -14
      vertex 27.4119 -28.6414 -14
    endloop
  endfacet
  facet normal 0 0 -1
    outer loop
      vertex 29.1 -29.1 -14
      vertex 27.1462 -28.7671 -14
      vertex 27.4112 -28.6417 -14
    endloop
  endfacet
  facet normal 0 0 -1
    outer loop
      vertex 29.1 -29.1 -14
      vertex 26.8701 -28.8658 -14
      vertex 27.1462 -28.7671 -14
    endloop
  endfacet
  facet normal 0 0 -1
    outer loop
      vertex 29.1 -29.1 -14
      vertex 26.8694 -28.8661 -14
      vertex 26.8701 -28.8658 -14
    endloop
  endfacet
  facet normal 0 0 -1
    outer loop
      vertex 29.1 -29.1 -14
      vertex 26.585 -28.9373 -14
      vertex 26.8694 -28.8661 -14
    endloop
  endfacet
  facet normal 0 0 -1
    outer loop
      vertex 29.1 -29.1 -14
      vertex 26.5843 -28.9375 -14
      vertex 26.585 -28.9373 -14
    endloop
  endfacet
  facet normal 0 0 -1
    outer loop
      vertex 29.1 -29.1 -14
      vertex 26.2942 -28.9805 -14
      vertex 26.5843 -28.9375 -14
    endloop
  endfacet
  facet normal 0 0 -1
    outer loop
      vertex 29.1 -29.1 -14
      vertex 26.2936 -28.9806 -14
      vertex 26.2942 -28.9805 -14
    endloop
  endfacet
  facet normal 0 0 -1
    outer loop
      vertex 29.1 -29.1 -14
      vertex 26.2929 -28.9807 -14
      vertex 26.2936 -28.9806 -14
    endloop
  endfacet
  facet normal 0 0 -1
    outer loop
      vertex 29.1 -29.1 -14
      vertex 26 -28.995 -14
      vertex 26.2929 -28.9807 -14
    endloop
  endfacet
  facet normal 0 0 -1
    outer loop
      vertex 25.4157 -28.9375 -14
      vertex 25.1306 -28.8661 -14
      vertex 25.415 -28.9373 -14
    endloop
  endfacet
  facet normal 0 0 -1
    outer loop
      vertex 24.8538 -28.7671 -14
      vertex 24.5881 -28.6414 -14
      vertex 24.5888 -28.6417 -14
    endloop
  endfacet
  facet normal 0 0 -1
    outer loop
      vertex 24.5881 -28.6414 -14
      vertex 24.336 -28.4903 -14
      vertex 24.5876 -28.641 -14
    endloop
  endfacet
  facet normal 0 0 -1
    outer loop
      vertex 24.336 -28.4903 -14
      vertex 24.1 -28.3152 -14
      vertex 24.3355 -28.4899 -14
    endloop
  endfacet
  facet normal 0 0 -1
    outer loop
      vertex 5.65 -29.1 -14
      vertex 23.8827 -28.1183 -14
      vertex 24.1 -28.3152 -14
    endloop
  endfacet
  facet normal 0 0 -1
    outer loop
      vertex 5.65 -29.1 -14
      vertex 23.8817 -28.1173 -14
      vertex 23.8822 -28.1178 -14
    endloop
  endfacet
  facet normal 0 0 -1
    outer loop
      vertex 5.65 -29.1 -14
      vertex 23.5101 -27.6645 -14
      vertex 23.6848 -27.9 -14
    endloop
  endfacet
  facet normal 0 0 -1
    outer loop
      vertex 5.65 -29.1 -14
      vertex 23.359 -27.4124 -14
      vertex 23.5097 -27.664 -14
    endloop
  endfacet
  facet normal 0 0 -1
    outer loop
      vertex 5.65 -29.1 -14
      vertex 23.3583 -27.4112 -14
      vertex 23.3586 -27.4119 -14
    endloop
  endfacet
  facet normal 0 0 -1
    outer loop
      vertex 5.65 -29.1 -14
      vertex 23.0627 -26.585 -14
      vertex 23.1339 -26.8694 -14
    endloop
  endfacet
  facet normal -0 0 -1
    outer loop
      vertex 23.0195 25.7058 -14
      vertex 5.65 25.6 -14
      vertex 23.0194 25.7064 -14
    endloop
  endfacet
  facet normal 0 0 -1
    outer loop
      vertex 23.0194 -26.2936 -14
      vertex 5.65 -25.6 -14
      vertex 23.0193 -26.2929 -14
    endloop
  endfacet
  facet normal 0 0 -1
    outer loop
      vertex 5.65 -25.6 -14
      vertex 23.0194 -26.2936 -14
      vertex 5.65 -29.1 -14
    endloop
  endfacet
  facet normal -0 0 -1
    outer loop
      vertex 23.0195 -26.2942 -14
      vertex 5.65 -29.1 -14
      vertex 23.0194 -26.2936 -14
    endloop
  endfacet
  facet normal -0 0 -1
    outer loop
      vertex 23.0625 -26.5843 -14
      vertex 5.65 -29.1 -14
      vertex 23.0195 -26.2942 -14
    endloop
  endfacet
  facet normal -0 0 -1
    outer loop
      vertex 23.0627 -26.585 -14
      vertex 5.65 -29.1 -14
      vertex 23.0625 -26.5843 -14
    endloop
  endfacet
  facet normal -0 0 -1
    outer loop
      vertex 23.1342 -26.8701 -14
      vertex 5.65 -29.1 -14
      vertex 23.1339 -26.8694 -14
    endloop
  endfacet
  facet normal -0 0 -1
    outer loop
      vertex 23.2329 -27.1462 -14
      vertex 5.65 -29.1 -14
      vertex 23.1342 -26.8701 -14
    endloop
  endfacet
  facet normal -0 0 -1
    outer loop
      vertex 23.3583 -27.4112 -14
      vertex 5.65 -29.1 -14
      vertex 23.2329 -27.1462 -14
    endloop
  endfacet
  facet normal -0 0 -1
    outer loop
      vertex 23.359 -27.4124 -14
      vertex 5.65 -29.1 -14
      vertex 23.3586 -27.4119 -14
    endloop
  endfacet
  facet normal -0 0 -1
    outer loop
      vertex 23.5101 -27.6645 -14
      vertex 5.65 -29.1 -14
      vertex 23.5097 -27.664 -14
    endloop
  endfacet
  facet normal -0 0 -1
    outer loop
      vertex 23.8817 -28.1173 -14
      vertex 5.65 -29.1 -14
      vertex 23.6848 -27.9 -14
    endloop
  endfacet
  facet normal -0 0 -1
    outer loop
      vertex 23.8827 -28.1183 -14
      vertex 5.65 -29.1 -14
      vertex 23.8822 -28.1178 -14
    endloop
  endfacet
  facet normal -0 0 -1
    outer loop
      vertex 24.336 -28.4903 -14
      vertex 5.65 -29.1 -14
      vertex 24.1 -28.3152 -14
    endloop
  endfacet
  facet normal -0 0 -1
    outer loop
      vertex 24.5881 -28.6414 -14
      vertex 5.65 -29.1 -14
      vertex 24.336 -28.4903 -14
    endloop
  endfacet
  facet normal -0 0 -1
    outer loop
      vertex 24.8538 -28.7671 -14
      vertex 5.65 -29.1 -14
      vertex 24.5881 -28.6414 -14
    endloop
  endfacet
  facet normal -0 0 -1
    outer loop
      vertex 25.1299 -28.8658 -14
      vertex 5.65 -29.1 -14
      vertex 24.8538 -28.7671 -14
    endloop
  endfacet
  facet normal -0 0 -1
    outer loop
      vertex 25.1306 -28.8661 -14
      vertex 5.65 -29.1 -14
      vertex 25.1299 -28.8658 -14
    endloop
  endfacet
  facet normal -0 0 -1
    outer loop
      vertex 25.4157 -28.9375 -14
      vertex 5.65 -29.1 -14
      vertex 25.1306 -28.8661 -14
    endloop
  endfacet
  facet normal -0 0 -1
    outer loop
      vertex 25.7058 -28.9805 -14
      vertex 5.65 -29.1 -14
      vertex 25.4157 -28.9375 -14
    endloop
  endfacet
  facet normal -0 0 -1
    outer loop
      vertex 25.7064 -28.9806 -14
      vertex 5.65 -29.1 -14
      vertex 25.7058 -28.9805 -14
    endloop
  endfacet
  facet normal -0 0 -1
    outer loop
      vertex 25.7071 -28.9807 -14
      vertex 5.65 -29.1 -14
      vertex 25.7064 -28.9806 -14
    endloop
  endfacet
  facet normal -0 0 -1
    outer loop
      vertex 26 -28.995 -14
      vertex 5.65 -29.1 -14
      vertex 25.7071 -28.9807 -14
    endloop
  endfacet
  facet normal 0 0 -1
    outer loop
      vertex 5.65 -29.1 -14
      vertex 26 -28.995 -14
      vertex 29.1 -29.1 -14
    endloop
  endfacet
  facet normal 0 0 -1
    outer loop
      vertex 28.9807 -25.7071 -14
      vertex 29.1 -5.65 -14
      vertex 28.995 -26 -14
    endloop
  endfacet
  facet normal 0 0 -1
    outer loop
      vertex 28.9806 -25.7064 -14
      vertex 29.1 -5.65 -14
      vertex 28.9807 -25.7071 -14
    endloop
  endfacet
  facet normal 0 0 -1
    outer loop
      vertex 28.9805 -25.7058 -14
      vertex 29.1 -5.65 -14
      vertex 28.9806 -25.7064 -14
    endloop
  endfacet
  facet normal 0 0 -1
    outer loop
      vertex 28.9375 -25.4157 -14
      vertex 29.1 -5.65 -14
      vertex 28.9805 -25.7058 -14
    endloop
  endfacet
  facet normal 0 0 -1
    outer loop
      vertex 28.9373 -25.415 -14
      vertex 29.1 -5.65 -14
      vertex 28.9375 -25.4157 -14
    endloop
  endfacet
  facet normal 0 0 -1
    outer loop
      vertex 28.8661 -25.1306 -14
      vertex 29.1 -5.65 -14
      vertex 28.9373 -25.415 -14
    endloop
  endfacet
  facet normal 0 0 -1
    outer loop
      vertex 28.8658 -25.1299 -14
      vertex 29.1 -5.65 -14
      vertex 28.8661 -25.1306 -14
    endloop
  endfacet
  facet normal 0 0 -1
    outer loop
      vertex 28.7671 -24.8538 -14
      vertex 29.1 -5.65 -14
      vertex 28.8658 -25.1299 -14
    endloop
  endfacet
  facet normal 0 0 -1
    outer loop
      vertex 28.6417 -24.5888 -14
      vertex 29.1 -5.65 -14
      vertex 28.7671 -24.8538 -14
    endloop
  endfacet
  facet normal 0 0 -1
    outer loop
      vertex 28.6414 -24.5881 -14
      vertex 29.1 -5.65 -14
      vertex 28.6417 -24.5888 -14
    endloop
  endfacet
  facet normal 0 0 -1
    outer loop
      vertex 28.641 -24.5876 -14
      vertex 29.1 -5.65 -14
      vertex 28.6414 -24.5881 -14
    endloop
  endfacet
  facet normal 0 0 -1
    outer loop
      vertex 28.4903 -24.336 -14
      vertex 29.1 -5.65 -14
      vertex 28.641 -24.5876 -14
    endloop
  endfacet
  facet normal 0 0 -1
    outer loop
      vertex 28.4899 -24.3355 -14
      vertex 29.1 -5.65 -14
      vertex 28.4903 -24.336 -14
    endloop
  endfacet
  facet normal 0 0 -1
    outer loop
      vertex 28.3152 -24.1 -14
      vertex 29.1 -5.65 -14
      vertex 28.4899 -24.3355 -14
    endloop
  endfacet
  facet normal 0 0 -1
    outer loop
      vertex 28.1183 -23.8827 -14
      vertex 29.1 -5.65 -14
      vertex 28.3152 -24.1 -14
    endloop
  endfacet
  facet normal 0 0 -1
    outer loop
      vertex 28.1178 -23.8822 -14
      vertex 29.1 -5.65 -14
      vertex 28.1183 -23.8827 -14
    endloop
  endfacet
  facet normal 0 0 -1
    outer loop
      vertex 28.1173 -23.8817 -14
      vertex 29.1 -5.65 -14
      vertex 28.1178 -23.8822 -14
    endloop
  endfacet
  facet normal 0 0 -1
    outer loop
      vertex 27.9 -23.6848 -14
      vertex 29.1 -5.65 -14
      vertex 28.1173 -23.8817 -14
    endloop
  endfacet
  facet normal 0 0 -1
    outer loop
      vertex 27.6645 -23.5101 -14
      vertex 29.1 -5.65 -14
      vertex 27.9 -23.6848 -14
    endloop
  endfacet
  facet normal 0 0 -1
    outer loop
      vertex 27.664 -23.5097 -14
      vertex 29.1 -5.65 -14
      vertex 27.6645 -23.5101 -14
    endloop
  endfacet
  facet normal 0 0 -1
    outer loop
      vertex 27.4124 -23.359 -14
      vertex 29.1 -5.65 -14
      vertex 27.664 -23.5097 -14
    endloop
  endfacet
  facet normal 0 0 -1
    outer loop
      vertex 27.4119 -23.3586 -14
      vertex 29.1 -5.65 -14
      vertex 27.4124 -23.359 -14
    endloop
  endfacet
  facet normal 0 0 -1
    outer loop
      vertex 27.4112 -23.3583 -14
      vertex 29.1 -5.65 -14
      vertex 27.4119 -23.3586 -14
    endloop
  endfacet
  facet normal 0 0 -1
    outer loop
      vertex 27.1462 -23.2329 -14
      vertex 29.1 -5.65 -14
      vertex 27.4112 -23.3583 -14
    endloop
  endfacet
  facet normal 0 0 -1
    outer loop
      vertex 26.8701 -23.1342 -14
      vertex 29.1 -5.65 -14
      vertex 27.1462 -23.2329 -14
    endloop
  endfacet
  facet normal 0 0 -1
    outer loop
      vertex 26.8694 -23.1339 -14
      vertex 29.1 -5.65 -14
      vertex 26.8701 -23.1342 -14
    endloop
  endfacet
  facet normal 0 0 -1
    outer loop
      vertex 26.585 -23.0627 -14
      vertex 29.1 -5.65 -14
      vertex 26.8694 -23.1339 -14
    endloop
  endfacet
  facet normal 0 0 -1
    outer loop
      vertex 26.5843 -23.0625 -14
      vertex 29.1 -5.65 -14
      vertex 26.585 -23.0627 -14
    endloop
  endfacet
  facet normal 0 0 -1
    outer loop
      vertex 26.2942 -23.0195 -14
      vertex 29.1 -5.65 -14
      vertex 26.5843 -23.0625 -14
    endloop
  endfacet
  facet normal 0 0 -1
    outer loop
      vertex 26.2936 -23.0194 -14
      vertex 29.1 -5.65 -14
      vertex 26.2942 -23.0195 -14
    endloop
  endfacet
  facet normal 0 0 -1
    outer loop
      vertex 25.6 -5.65 -14
      vertex 26.2936 -23.0194 -14
      vertex 26.2929 -23.0193 -14
    endloop
  endfacet
  facet normal 0 0 -1
    outer loop
      vertex 25.6 -5.65 -14
      vertex 26.2929 -23.0193 -14
      vertex 26 -23.005 -14
    endloop
  endfacet
  facet normal 0 0 -1
    outer loop
      vertex 25.6 -5.65 -14
      vertex 26 -23.005 -14
      vertex 25.7071 -23.0193 -14
    endloop
  endfacet
  facet normal 0 0 -1
    outer loop
      vertex 25.6 -5.65 -14
      vertex 25.7071 -23.0193 -14
      vertex 25.7064 -23.0194 -14
    endloop
  endfacet
  facet normal 0 0 -1
    outer loop
      vertex 25.6 -5.65 -14
      vertex 25.7064 -23.0194 -14
      vertex 25.7058 -23.0195 -14
    endloop
  endfacet
  facet normal 0 0 -1
    outer loop
      vertex 26.2936 -23.0194 -14
      vertex 25.6 -5.65 -14
      vertex 29.1 -5.65 -14
    endloop
  endfacet
  facet normal 0 0 -1
    outer loop
      vertex 25.415 -23.0627 -14
      vertex 25.6 -5.65 -14
      vertex 25.4157 -23.0625 -14
    endloop
  endfacet
  facet normal 0 0 -1
    outer loop
      vertex 25.4157 -23.0625 -14
      vertex 25.6 -5.65 -14
      vertex 25.7058 -23.0195 -14
    endloop
  endfacet
  facet normal 0 0 -1
    outer loop
      vertex 29.1 5.65 -14
      vertex 28.995 26 -14
      vertex 29.1 29.1 -14
    endloop
  endfacet
  facet normal 0 0 -1
    outer loop
      vertex 29.1 5.65 -14
      vertex 28.9807 25.7071 -14
      vertex 28.995 26 -14
    endloop
  endfacet
  facet normal 0 0 -1
    outer loop
      vertex 29.1 5.65 -14
      vertex 28.9806 25.7064 -14
      vertex 28.9807 25.7071 -14
    endloop
  endfacet
  facet normal 0 0 -1
    outer loop
      vertex 29.1 5.65 -14
      vertex 28.9805 25.7058 -14
      vertex 28.9806 25.7064 -14
    endloop
  endfacet
  facet normal 0 0 -1
    outer loop
      vertex 29.1 5.65 -14
      vertex 28.9375 25.4157 -14
      vertex 28.9805 25.7058 -14
    endloop
  endfacet
  facet normal 0 0 -1
    outer loop
      vertex 29.1 5.65 -14
      vertex 28.9373 25.415 -14
      vertex 28.9375 25.4157 -14
    endloop
  endfacet
  facet normal 0 0 -1
    outer loop
      vertex 29.1 5.65 -14
      vertex 28.8661 25.1306 -14
      vertex 28.9373 25.415 -14
    endloop
  endfacet
  facet normal 0 0 -1
    outer loop
      vertex 29.1 5.65 -14
      vertex 28.8658 25.1299 -14
      vertex 28.8661 25.1306 -14
    endloop
  endfacet
  facet normal 0 0 -1
    outer loop
      vertex 29.1 5.65 -14
      vertex 28.7671 24.8538 -14
      vertex 28.8658 25.1299 -14
    endloop
  endfacet
  facet normal 0 0 -1
    outer loop
      vertex 29.1 5.65 -14
      vertex 28.6417 24.5888 -14
      vertex 28.7671 24.8538 -14
    endloop
  endfacet
  facet normal 0 0 -1
    outer loop
      vertex 29.1 5.65 -14
      vertex 28.6414 24.5881 -14
      vertex 28.6417 24.5888 -14
    endloop
  endfacet
  facet normal 0 0 -1
    outer loop
      vertex 29.1 5.65 -14
      vertex 28.641 24.5876 -14
      vertex 28.6414 24.5881 -14
    endloop
  endfacet
  facet normal 0 0 -1
    outer loop
      vertex 29.1 5.65 -14
      vertex 28.4903 24.336 -14
      vertex 28.641 24.5876 -14
    endloop
  endfacet
  facet normal 0 0 -1
    outer loop
      vertex 29.1 5.65 -14
      vertex 28.4899 24.3355 -14
      vertex 28.4903 24.336 -14
    endloop
  endfacet
  facet normal 0 0 -1
    outer loop
      vertex 29.1 5.65 -14
      vertex 28.3152 24.1 -14
      vertex 28.4899 24.3355 -14
    endloop
  endfacet
  facet normal 0 0 -1
    outer loop
      vertex 29.1 5.65 -14
      vertex 28.1183 23.8827 -14
      vertex 28.3152 24.1 -14
    endloop
  endfacet
  facet normal 0 0 -1
    outer loop
      vertex 29.1 5.65 -14
      vertex 28.1178 23.8822 -14
      vertex 28.1183 23.8827 -14
    endloop
  endfacet
  facet normal 0 0 -1
    outer loop
      vertex 29.1 5.65 -14
      vertex 28.1173 23.8817 -14
      vertex 28.1178 23.8822 -14
    endloop
  endfacet
  facet normal 0 0 -1
    outer loop
      vertex 29.1 5.65 -14
      vertex 27.9 23.6848 -14
      vertex 28.1173 23.8817 -14
    endloop
  endfacet
  facet normal 0 0 -1
    outer loop
      vertex 29.1 5.65 -14
      vertex 27.6645 23.5101 -14
      vertex 27.9 23.6848 -14
    endloop
  endfacet
  facet normal 0 0 -1
    outer loop
      vertex 29.1 5.65 -14
      vertex 27.664 23.5097 -14
      vertex 27.6645 23.5101 -14
    endloop
  endfacet
  facet normal 0 0 -1
    outer loop
      vertex 29.1 5.65 -14
      vertex 27.4124 23.359 -14
      vertex 27.664 23.5097 -14
    endloop
  endfacet
  facet normal 0 0 -1
    outer loop
      vertex 29.1 5.65 -14
      vertex 27.4119 23.3586 -14
      vertex 27.4124 23.359 -14
    endloop
  endfacet
  facet normal 0 0 -1
    outer loop
      vertex 29.1 5.65 -14
      vertex 27.4112 23.3583 -14
      vertex 27.4119 23.3586 -14
    endloop
  endfacet
  facet normal 0 0 -1
    outer loop
      vertex 29.1 5.65 -14
      vertex 27.1462 23.2329 -14
      vertex 27.4112 23.3583 -14
    endloop
  endfacet
  facet normal 0 0 -1
    outer loop
      vertex 29.1 5.65 -14
      vertex 26.8701 23.1342 -14
      vertex 27.1462 23.2329 -14
    endloop
  endfacet
  facet normal 0 0 -1
    outer loop
      vertex 29.1 5.65 -14
      vertex 26.8694 23.1339 -14
      vertex 26.8701 23.1342 -14
    endloop
  endfacet
  facet normal 0 0 -1
    outer loop
      vertex 29.1 5.65 -14
      vertex 26.585 23.0627 -14
      vertex 26.8694 23.1339 -14
    endloop
  endfacet
  facet normal 0 0 -1
    outer loop
      vertex 29.1 5.65 -14
      vertex 26.5843 23.0625 -14
      vertex 26.585 23.0627 -14
    endloop
  endfacet
  facet normal 0 0 -1
    outer loop
      vertex 29.1 5.65 -14
      vertex 26.2942 23.0195 -14
      vertex 26.5843 23.0625 -14
    endloop
  endfacet
  facet normal 0 0 -1
    outer loop
      vertex 29.1 5.65 -14
      vertex 26.2936 23.0194 -14
      vertex 26.2942 23.0195 -14
    endloop
  endfacet
  facet normal 0 0 -1
    outer loop
      vertex 25.6 5.65 -14
      vertex 26.2936 23.0194 -14
      vertex 29.1 5.65 -14
    endloop
  endfacet
  facet normal 0 0 -1
    outer loop
      vertex 26.2936 23.0194 -14
      vertex 25.6 5.65 -14
      vertex 26.2929 23.0193 -14
    endloop
  endfacet
  facet normal 0 0 -1
    outer loop
      vertex 26.2929 23.0193 -14
      vertex 25.6 5.65 -14
      vertex 26 23.005 -14
    endloop
  endfacet
  facet normal -0 0 -1
    outer loop
      vertex 26 23.005 -14
      vertex 25.6 5.65 -14
      vertex 25.7071 23.0193 -14
    endloop
  endfacet
  facet normal -0 0 -1
    outer loop
      vertex 25.7071 23.0193 -14
      vertex 25.6 5.65 -14
      vertex 25.7064 23.0194 -14
    endloop
  endfacet
  facet normal -0 0 -1
    outer loop
      vertex 25.7064 23.0194 -14
      vertex 25.6 5.65 -14
      vertex 25.7058 23.0195 -14
    endloop
  endfacet
  facet normal 0 0 -1
    outer loop
      vertex 25.1306 -23.1339 -14
      vertex 25.6 -5.65 -14
      vertex 25.415 -23.0627 -14
    endloop
  endfacet
  facet normal 0 0 -1
    outer loop
      vertex 25.6 5.65 -14
      vertex 25.4157 23.0625 -14
      vertex 25.7058 23.0195 -14
    endloop
  endfacet
  facet normal 0 0 -1
    outer loop
      vertex 25.1299 -23.1342 -14
      vertex 25.6 -5.65 -14
      vertex 25.1306 -23.1339 -14
    endloop
  endfacet
  facet normal 0 0 -1
    outer loop
      vertex 25.6 5.65 -14
      vertex 25.415 23.0627 -14
      vertex 25.4157 23.0625 -14
    endloop
  endfacet
  facet normal 0 0 -1
    outer loop
      vertex 24.8538 -23.2329 -14
      vertex 25.6 -5.65 -14
      vertex 25.1299 -23.1342 -14
    endloop
  endfacet
  facet normal 0 0 -1
    outer loop
      vertex 25.6 5.65 -14
      vertex 25.1306 23.1339 -14
      vertex 25.415 23.0627 -14
    endloop
  endfacet
  facet normal 0 0 -1
    outer loop
      vertex 24.5888 -23.3583 -14
      vertex 25.6 -5.65 -14
      vertex 24.8538 -23.2329 -14
    endloop
  endfacet
  facet normal 0 0 -1
    outer loop
      vertex 25.6 5.65 -14
      vertex 25.1299 23.1342 -14
      vertex 25.1306 23.1339 -14
    endloop
  endfacet
  facet normal 0 0 -1
    outer loop
      vertex 24.5881 -23.3586 -14
      vertex 25.6 -5.65 -14
      vertex 24.5888 -23.3583 -14
    endloop
  endfacet
  facet normal 0 0 -1
    outer loop
      vertex 25.6 5.65 -14
      vertex 24.8538 23.2329 -14
      vertex 25.1299 23.1342 -14
    endloop
  endfacet
  facet normal 0 0 -1
    outer loop
      vertex 24.5876 -23.359 -14
      vertex 25.6 -5.65 -14
      vertex 24.5881 -23.3586 -14
    endloop
  endfacet
  facet normal 0 0 -1
    outer loop
      vertex 25.6 5.65 -14
      vertex 24.5888 23.3583 -14
      vertex 24.8538 23.2329 -14
    endloop
  endfacet
  facet normal 0 0 -1
    outer loop
      vertex 24.336 -23.5097 -14
      vertex 25.6 -5.65 -14
      vertex 24.5876 -23.359 -14
    endloop
  endfacet
  facet normal 0 0 -1
    outer loop
      vertex 25.6 5.65 -14
      vertex 24.5881 23.3586 -14
      vertex 24.5888 23.3583 -14
    endloop
  endfacet
  facet normal 0 0 -1
    outer loop
      vertex 24.3355 -23.5101 -14
      vertex 25.6 -5.65 -14
      vertex 24.336 -23.5097 -14
    endloop
  endfacet
  facet normal 0 0 -1
    outer loop
      vertex 25.6 5.65 -14
      vertex 24.5876 23.359 -14
      vertex 24.5881 23.3586 -14
    endloop
  endfacet
  facet normal 0 0 -1
    outer loop
      vertex 24.1 -23.6848 -14
      vertex 25.6 -5.65 -14
      vertex 24.3355 -23.5101 -14
    endloop
  endfacet
  facet normal 0 0 -1
    outer loop
      vertex 25.6 5.65 -14
      vertex 24.336 23.5097 -14
      vertex 24.5876 23.359 -14
    endloop
  endfacet
  facet normal 0 0 -1
    outer loop
      vertex 23.8827 -23.8817 -14
      vertex 25.6 -5.65 -14
      vertex 24.1 -23.6848 -14
    endloop
  endfacet
  facet normal 0 0 -1
    outer loop
      vertex 25.6 5.65 -14
      vertex 24.3355 23.5101 -14
      vertex 24.336 23.5097 -14
    endloop
  endfacet
  facet normal 0 0 -1
    outer loop
      vertex 23.8822 -23.8822 -14
      vertex 25.6 -5.65 -14
      vertex 23.8827 -23.8817 -14
    endloop
  endfacet
  facet normal 0 0 -1
    outer loop
      vertex 25.6 5.65 -14
      vertex 24.1 23.6848 -14
      vertex 24.3355 23.5101 -14
    endloop
  endfacet
  facet normal 0 0 -1
    outer loop
      vertex 5.65 -25.6 -14
      vertex 23.8822 -23.8822 -14
      vertex 23.8817 -23.8827 -14
    endloop
  endfacet
  facet normal 0 0 -1
    outer loop
      vertex 25.6 5.65 -14
      vertex 23.8827 23.8817 -14
      vertex 24.1 23.6848 -14
    endloop
  endfacet
  facet normal 0 0 -1
    outer loop
      vertex 5.65 -25.6 -14
      vertex 23.8817 -23.8827 -14
      vertex 23.6848 -24.1 -14
    endloop
  endfacet
  facet normal 0 0 -1
    outer loop
      vertex 25.6 5.65 -14
      vertex 23.8822 23.8822 -14
      vertex 23.8827 23.8817 -14
    endloop
  endfacet
  facet normal -0 0 -1
    outer loop
      vertex 23.5097 -24.336 -14
      vertex 5.65 -25.6 -14
      vertex 23.5101 -24.3355 -14
    endloop
  endfacet
  facet normal 0 0 -1
    outer loop
      vertex 5.65 25.6 -14
      vertex 23.8822 23.8822 -14
      vertex 25.6 5.65 -14
    endloop
  endfacet
  facet normal -0 0 -1
    outer loop
      vertex 23.359 -24.5876 -14
      vertex 5.65 -25.6 -14
      vertex 23.5097 -24.336 -14
    endloop
  endfacet
  facet normal 0 0 -1
    outer loop
      vertex 23.8822 23.8822 -14
      vertex 5.65 25.6 -14
      vertex 23.8817 23.8827 -14
    endloop
  endfacet
  facet normal -0 0 -1
    outer loop
      vertex 23.3586 -24.5881 -14
      vertex 5.65 -25.6 -14
      vertex 23.359 -24.5876 -14
    endloop
  endfacet
  facet normal 0 0 -1
    outer loop
      vertex 23.8817 23.8827 -14
      vertex 5.65 25.6 -14
      vertex 23.6848 24.1 -14
    endloop
  endfacet
  facet normal -0 0 -1
    outer loop
      vertex 23.3583 -24.5888 -14
      vertex 5.65 -25.6 -14
      vertex 23.3586 -24.5881 -14
    endloop
  endfacet
  facet normal 0 0 -1
    outer loop
      vertex 23.6848 24.1 -14
      vertex 5.65 25.6 -14
      vertex 23.5101 24.3355 -14
    endloop
  endfacet
  facet normal -0 0 -1
    outer loop
      vertex 23.2329 -24.8538 -14
      vertex 5.65 -25.6 -14
      vertex 23.3583 -24.5888 -14
    endloop
  endfacet
  facet normal 0 0 -1
    outer loop
      vertex 23.5101 24.3355 -14
      vertex 5.65 25.6 -14
      vertex 23.5097 24.336 -14
    endloop
  endfacet
  facet normal -0 0 -1
    outer loop
      vertex 23.1342 -25.1299 -14
      vertex 5.65 -25.6 -14
      vertex 23.2329 -24.8538 -14
    endloop
  endfacet
  facet normal 0 0 -1
    outer loop
      vertex 23.5097 24.336 -14
      vertex 5.65 25.6 -14
      vertex 23.359 24.5876 -14
    endloop
  endfacet
  facet normal -0 0 -1
    outer loop
      vertex 23.1339 -25.1306 -14
      vertex 5.65 -25.6 -14
      vertex 23.1342 -25.1299 -14
    endloop
  endfacet
  facet normal 0 0 -1
    outer loop
      vertex 23.359 24.5876 -14
      vertex 5.65 25.6 -14
      vertex 23.3586 24.5881 -14
    endloop
  endfacet
  facet normal -0 0 -1
    outer loop
      vertex 23.0627 -25.415 -14
      vertex 5.65 -25.6 -14
      vertex 23.1339 -25.1306 -14
    endloop
  endfacet
  facet normal 0 0 -1
    outer loop
      vertex 23.3586 24.5881 -14
      vertex 5.65 25.6 -14
      vertex 23.3583 24.5888 -14
    endloop
  endfacet
  facet normal -0 0 -1
    outer loop
      vertex 23.0625 -25.4157 -14
      vertex 5.65 -25.6 -14
      vertex 23.0627 -25.415 -14
    endloop
  endfacet
  facet normal 0 0 -1
    outer loop
      vertex 5.65 25.6 -14
      vertex 25.6 5.65 -14
      vertex 5.65 -25.6 -14
    endloop
  endfacet
  facet normal 0 0 -1
    outer loop
      vertex 23.0195 -25.7058 -14
      vertex 5.65 -25.6 -14
      vertex 23.0625 -25.4157 -14
    endloop
  endfacet
  facet normal 0 0 -1
    outer loop
      vertex 23.3583 24.5888 -14
      vertex 5.65 25.6 -14
      vertex 23.2329 24.8538 -14
    endloop
  endfacet
  facet normal -0 0 -1
    outer loop
      vertex 23.5101 -24.3355 -14
      vertex 5.65 -25.6 -14
      vertex 23.6848 -24.1 -14
    endloop
  endfacet
  facet normal -0 0 -1
    outer loop
      vertex 25.6 -5.65 -14
      vertex 5.65 -25.6 -14
      vertex 25.6 5.65 -14
    endloop
  endfacet
  facet normal -0 0 -1
    outer loop
      vertex 23.8822 -23.8822 -14
      vertex 5.65 -25.6 -14
      vertex 25.6 -5.65 -14
    endloop
  endfacet
  facet normal 0 0 -1
    outer loop
      vertex 23.2329 24.8538 -14
      vertex 5.65 25.6 -14
      vertex 23.1342 25.1299 -14
    endloop
  endfacet
  facet normal 0 0 -1
    outer loop
      vertex 23.0194 -25.7064 -14
      vertex 5.65 -25.6 -14
      vertex 23.0195 -25.7058 -14
    endloop
  endfacet
  facet normal 0 0 -1
    outer loop
      vertex 23.1342 25.1299 -14
      vertex 5.65 25.6 -14
      vertex 23.1339 25.1306 -14
    endloop
  endfacet
  facet normal 0 0 -1
    outer loop
      vertex 23.0193 -25.7071 -14
      vertex 5.65 -25.6 -14
      vertex 23.0194 -25.7064 -14
    endloop
  endfacet
  facet normal 0 0 -1
    outer loop
      vertex 23.1339 25.1306 -14
      vertex 5.65 25.6 -14
      vertex 23.0627 25.415 -14
    endloop
  endfacet
  facet normal 0 0 -1
    outer loop
      vertex 23.005 -26 -14
      vertex 5.65 -25.6 -14
      vertex 23.0193 -25.7071 -14
    endloop
  endfacet
  facet normal 0 0 -1
    outer loop
      vertex 23.0627 25.415 -14
      vertex 5.65 25.6 -14
      vertex 23.0625 25.4157 -14
    endloop
  endfacet
  facet normal 0 0 -1
    outer loop
      vertex 23.0193 -26.2929 -14
      vertex 5.65 -25.6 -14
      vertex 23.005 -26 -14
    endloop
  endfacet
  facet normal 0 0 -1
    outer loop
      vertex 23.0625 25.4157 -14
      vertex 5.65 25.6 -14
      vertex 23.0195 25.7058 -14
    endloop
  endfacet
  facet normal 0 0 -1
    outer loop
      vertex 28.9807 26.2929 -14
      vertex 29.1 29.1 -14
      vertex 28.995 26 -14
    endloop
  endfacet
  facet normal 0 0 -1
    outer loop
      vertex 28.9806 26.2936 -14
      vertex 29.1 29.1 -14
      vertex 28.9807 26.2929 -14
    endloop
  endfacet
  facet normal 0 0 -1
    outer loop
      vertex 28.9805 26.2942 -14
      vertex 29.1 29.1 -14
      vertex 28.9806 26.2936 -14
    endloop
  endfacet
  facet normal 0 0 -1
    outer loop
      vertex 28.9375 26.5843 -14
      vertex 29.1 29.1 -14
      vertex 28.9805 26.2942 -14
    endloop
  endfacet
  facet normal 0 0 -1
    outer loop
      vertex 28.9373 26.585 -14
      vertex 29.1 29.1 -14
      vertex 28.9375 26.5843 -14
    endloop
  endfacet
  facet normal 0 0 -1
    outer loop
      vertex 28.8661 26.8694 -14
      vertex 29.1 29.1 -14
      vertex 28.9373 26.585 -14
    endloop
  endfacet
  facet normal 0 0 -1
    outer loop
      vertex 28.8658 26.8701 -14
      vertex 29.1 29.1 -14
      vertex 28.8661 26.8694 -14
    endloop
  endfacet
  facet normal 0 0 -1
    outer loop
      vertex 28.7671 27.1462 -14
      vertex 29.1 29.1 -14
      vertex 28.8658 26.8701 -14
    endloop
  endfacet
  facet normal 0 0 -1
    outer loop
      vertex 28.6417 27.4112 -14
      vertex 29.1 29.1 -14
      vertex 28.7671 27.1462 -14
    endloop
  endfacet
  facet normal 0 0 -1
    outer loop
      vertex 28.6414 27.4119 -14
      vertex 29.1 29.1 -14
      vertex 28.6417 27.4112 -14
    endloop
  endfacet
  facet normal 0 0 -1
    outer loop
      vertex 28.641 27.4124 -14
      vertex 29.1 29.1 -14
      vertex 28.6414 27.4119 -14
    endloop
  endfacet
  facet normal 0 0 -1
    outer loop
      vertex 28.4903 27.664 -14
      vertex 29.1 29.1 -14
      vertex 28.641 27.4124 -14
    endloop
  endfacet
  facet normal 0 0 -1
    outer loop
      vertex 28.4899 27.6645 -14
      vertex 29.1 29.1 -14
      vertex 28.4903 27.664 -14
    endloop
  endfacet
  facet normal 0 0 -1
    outer loop
      vertex 28.3152 27.9 -14
      vertex 29.1 29.1 -14
      vertex 28.4899 27.6645 -14
    endloop
  endfacet
  facet normal 0 0 -1
    outer loop
      vertex 28.1183 28.1173 -14
      vertex 29.1 29.1 -14
      vertex 28.3152 27.9 -14
    endloop
  endfacet
  facet normal 0 0 -1
    outer loop
      vertex 28.1178 28.1178 -14
      vertex 29.1 29.1 -14
      vertex 28.1183 28.1173 -14
    endloop
  endfacet
  facet normal 0 0 -1
    outer loop
      vertex 28.1173 28.1183 -14
      vertex 29.1 29.1 -14
      vertex 28.1178 28.1178 -14
    endloop
  endfacet
  facet normal 0 0 -1
    outer loop
      vertex 27.9 28.3152 -14
      vertex 29.1 29.1 -14
      vertex 28.1173 28.1183 -14
    endloop
  endfacet
  facet normal 0 0 -1
    outer loop
      vertex 27.6645 28.4899 -14
      vertex 29.1 29.1 -14
      vertex 27.9 28.3152 -14
    endloop
  endfacet
  facet normal 0 0 -1
    outer loop
      vertex 27.664 28.4903 -14
      vertex 29.1 29.1 -14
      vertex 27.6645 28.4899 -14
    endloop
  endfacet
  facet normal 0 0 -1
    outer loop
      vertex 27.4124 28.641 -14
      vertex 29.1 29.1 -14
      vertex 27.664 28.4903 -14
    endloop
  endfacet
  facet normal 0 0 -1
    outer loop
      vertex 27.4119 28.6414 -14
      vertex 29.1 29.1 -14
      vertex 27.4124 28.641 -14
    endloop
  endfacet
  facet normal 0 0 -1
    outer loop
      vertex 27.4112 28.6417 -14
      vertex 29.1 29.1 -14
      vertex 27.4119 28.6414 -14
    endloop
  endfacet
  facet normal 0 0 -1
    outer loop
      vertex 27.1462 28.7671 -14
      vertex 29.1 29.1 -14
      vertex 27.4112 28.6417 -14
    endloop
  endfacet
  facet normal 0 0 -1
    outer loop
      vertex 26.8701 28.8658 -14
      vertex 29.1 29.1 -14
      vertex 27.1462 28.7671 -14
    endloop
  endfacet
  facet normal 0 0 -1
    outer loop
      vertex 26.8694 28.8661 -14
      vertex 29.1 29.1 -14
      vertex 26.8701 28.8658 -14
    endloop
  endfacet
  facet normal 0 0 -1
    outer loop
      vertex 26.585 28.9373 -14
      vertex 29.1 29.1 -14
      vertex 26.8694 28.8661 -14
    endloop
  endfacet
  facet normal 0 0 -1
    outer loop
      vertex 26.5843 28.9375 -14
      vertex 29.1 29.1 -14
      vertex 26.585 28.9373 -14
    endloop
  endfacet
  facet normal 0 0 -1
    outer loop
      vertex 26.2942 28.9805 -14
      vertex 29.1 29.1 -14
      vertex 26.5843 28.9375 -14
    endloop
  endfacet
  facet normal 0 0 -1
    outer loop
      vertex 26.2936 28.9806 -14
      vertex 29.1 29.1 -14
      vertex 26.2942 28.9805 -14
    endloop
  endfacet
  facet normal 0 0 -1
    outer loop
      vertex 26.2929 28.9807 -14
      vertex 29.1 29.1 -14
      vertex 26.2936 28.9806 -14
    endloop
  endfacet
  facet normal 0 0 -1
    outer loop
      vertex 26 28.995 -14
      vertex 29.1 29.1 -14
      vertex 26.2929 28.9807 -14
    endloop
  endfacet
  facet normal 0 0 -1
    outer loop
      vertex 25.1306 28.8661 -14
      vertex 25.4157 28.9375 -14
      vertex 25.415 28.9373 -14
    endloop
  endfacet
  facet normal 0 0 -1
    outer loop
      vertex 24.5881 28.6414 -14
      vertex 24.8538 28.7671 -14
      vertex 24.5888 28.6417 -14
    endloop
  endfacet
  facet normal 0 0 -1
    outer loop
      vertex 24.336 28.4903 -14
      vertex 24.5881 28.6414 -14
      vertex 24.5876 28.641 -14
    endloop
  endfacet
  facet normal 0 0 -1
    outer loop
      vertex 24.1 28.3152 -14
      vertex 24.336 28.4903 -14
      vertex 24.3355 28.4899 -14
    endloop
  endfacet
  facet normal 0 0 -1
    outer loop
      vertex 5.65 29.1 -14
      vertex 23.8827 28.1183 -14
      vertex 23.8822 28.1178 -14
    endloop
  endfacet
  facet normal 0 0 -1
    outer loop
      vertex 5.65 29.1 -14
      vertex 23.8817 28.1173 -14
      vertex 23.6848 27.9 -14
    endloop
  endfacet
  facet normal 0 0 -1
    outer loop
      vertex 5.65 29.1 -14
      vertex 23.5101 27.6645 -14
      vertex 23.5097 27.664 -14
    endloop
  endfacet
  facet normal 0 0 -1
    outer loop
      vertex 5.65 29.1 -14
      vertex 23.359 27.4124 -14
      vertex 23.3586 27.4119 -14
    endloop
  endfacet
  facet normal 0 0 -1
    outer loop
      vertex 5.65 29.1 -14
      vertex 23.3583 27.4112 -14
      vertex 23.2329 27.1462 -14
    endloop
  endfacet
  facet normal 0 0 -1
    outer loop
      vertex 5.65 29.1 -14
      vertex 23.0627 26.585 -14
      vertex 23.0625 26.5843 -14
    endloop
  endfacet
  facet normal -0 0 -1
    outer loop
      vertex 23.0194 25.7064 -14
      vertex 5.65 25.6 -14
      vertex 23.0193 25.7071 -14
    endloop
  endfacet
  facet normal -0 0 -1
    outer loop
      vertex 23.0193 25.7071 -14
      vertex 5.65 25.6 -14
      vertex 23.005 26 -14
    endloop
  endfacet
  facet normal -0 0 -1
    outer loop
      vertex 23.005 26 -14
      vertex 5.65 25.6 -14
      vertex 23.0193 26.2929 -14
    endloop
  endfacet
  facet normal -0 0 -1
    outer loop
      vertex 23.0193 26.2929 -14
      vertex 5.65 25.6 -14
      vertex 23.0194 26.2936 -14
    endloop
  endfacet
  facet normal 0 0 -1
    outer loop
      vertex 5.65 29.1 -14
      vertex 23.0194 26.2936 -14
      vertex 5.65 25.6 -14
    endloop
  endfacet
  facet normal 0 0 -1
    outer loop
      vertex 23.0194 26.2936 -14
      vertex 5.65 29.1 -14
      vertex 23.0195 26.2942 -14
    endloop
  endfacet
  facet normal 0 0 -1
    outer loop
      vertex 23.0195 26.2942 -14
      vertex 5.65 29.1 -14
      vertex 23.0625 26.5843 -14
    endloop
  endfacet
  facet normal 0 0 -1
    outer loop
      vertex 23.0627 26.585 -14
      vertex 5.65 29.1 -14
      vertex 23.1339 26.8694 -14
    endloop
  endfacet
  facet normal 0 0 -1
    outer loop
      vertex 23.1339 26.8694 -14
      vertex 5.65 29.1 -14
      vertex 23.1342 26.8701 -14
    endloop
  endfacet
  facet normal 0 0 -1
    outer loop
      vertex 23.1342 26.8701 -14
      vertex 5.65 29.1 -14
      vertex 23.2329 27.1462 -14
    endloop
  endfacet
  facet normal 0 0 -1
    outer loop
      vertex 23.3583 27.4112 -14
      vertex 5.65 29.1 -14
      vertex 23.3586 27.4119 -14
    endloop
  endfacet
  facet normal 0 0 -1
    outer loop
      vertex 23.359 27.4124 -14
      vertex 5.65 29.1 -14
      vertex 23.5097 27.664 -14
    endloop
  endfacet
  facet normal 0 0 -1
    outer loop
      vertex 23.5101 27.6645 -14
      vertex 5.65 29.1 -14
      vertex 23.6848 27.9 -14
    endloop
  endfacet
  facet normal 0 0 -1
    outer loop
      vertex 23.8817 28.1173 -14
      vertex 5.65 29.1 -14
      vertex 23.8822 28.1178 -14
    endloop
  endfacet
  facet normal 0 0 -1
    outer loop
      vertex 23.8827 28.1183 -14
      vertex 5.65 29.1 -14
      vertex 24.1 28.3152 -14
    endloop
  endfacet
  facet normal 0 0 -1
    outer loop
      vertex 24.1 28.3152 -14
      vertex 5.65 29.1 -14
      vertex 24.336 28.4903 -14
    endloop
  endfacet
  facet normal 0 0 -1
    outer loop
      vertex 24.336 28.4903 -14
      vertex 5.65 29.1 -14
      vertex 24.5881 28.6414 -14
    endloop
  endfacet
  facet normal 0 0 -1
    outer loop
      vertex 24.5881 28.6414 -14
      vertex 5.65 29.1 -14
      vertex 24.8538 28.7671 -14
    endloop
  endfacet
  facet normal 0 0 -1
    outer loop
      vertex 24.8538 28.7671 -14
      vertex 5.65 29.1 -14
      vertex 25.1299 28.8658 -14
    endloop
  endfacet
  facet normal 0 0 -1
    outer loop
      vertex 25.1299 28.8658 -14
      vertex 5.65 29.1 -14
      vertex 25.1306 28.8661 -14
    endloop
  endfacet
  facet normal 0 0 -1
    outer loop
      vertex 26 28.995 -14
      vertex 5.65 29.1 -14
      vertex 29.1 29.1 -14
    endloop
  endfacet
  facet normal 0 0 -1
    outer loop
      vertex 25.7071 28.9807 -14
      vertex 5.65 29.1 -14
      vertex 26 28.995 -14
    endloop
  endfacet
  facet normal 0 0 -1
    outer loop
      vertex 25.7064 28.9806 -14
      vertex 5.65 29.1 -14
      vertex 25.7071 28.9807 -14
    endloop
  endfacet
  facet normal 0 0 -1
    outer loop
      vertex 25.7058 28.9805 -14
      vertex 5.65 29.1 -14
      vertex 25.7064 28.9806 -14
    endloop
  endfacet
  facet normal 0 0 -1
    outer loop
      vertex 25.4157 28.9375 -14
      vertex 5.65 29.1 -14
      vertex 25.7058 28.9805 -14
    endloop
  endfacet
  facet normal 0 0 -1
    outer loop
      vertex 25.1306 28.8661 -14
      vertex 5.65 29.1 -14
      vertex 25.4157 28.9375 -14
    endloop
  endfacet
  facet normal 0 0 -1
    outer loop
      vertex -23.0195 -25.7058 -14
      vertex -5.65 -25.6 -14
      vertex -23.0194 -25.7064 -14
    endloop
  endfacet
  facet normal 0 0 -1
    outer loop
      vertex -5.65 25.6 -14
      vertex -23.0193 25.7071 -14
      vertex -23.005 26 -14
    endloop
  endfacet
  facet normal 0 0 -1
    outer loop
      vertex -23.0625 -25.4157 -14
      vertex -5.65 -25.6 -14
      vertex -23.0195 -25.7058 -14
    endloop
  endfacet
  facet normal 0 0 -1
    outer loop
      vertex -5.65 25.6 -14
      vertex -23.0194 25.7064 -14
      vertex -23.0193 25.7071 -14
    endloop
  endfacet
  facet normal 0 0 -1
    outer loop
      vertex -23.0627 -25.415 -14
      vertex -5.65 -25.6 -14
      vertex -23.0625 -25.4157 -14
    endloop
  endfacet
  facet normal 0 0 -1
    outer loop
      vertex -5.65 25.6 -14
      vertex -23.0195 25.7058 -14
      vertex -23.0194 25.7064 -14
    endloop
  endfacet
  facet normal 0 0 -1
    outer loop
      vertex -23.1339 -25.1306 -14
      vertex -5.65 -25.6 -14
      vertex -23.0627 -25.415 -14
    endloop
  endfacet
  facet normal -0 0 -1
    outer loop
      vertex -5.65 25.6 -14
      vertex -23.0625 25.4157 -14
      vertex -23.0195 25.7058 -14
    endloop
  endfacet
  facet normal 0 0 -1
    outer loop
      vertex -23.1342 -25.1299 -14
      vertex -5.65 -25.6 -14
      vertex -23.1339 -25.1306 -14
    endloop
  endfacet
  facet normal 0 0 -1
    outer loop
      vertex -25.6 5.65 -14
      vertex -5.65 25.6 -14
      vertex -25.6 -5.65 -14
    endloop
  endfacet
  facet normal 0 0 -1
    outer loop
      vertex -23.2329 -24.8538 -14
      vertex -5.65 -25.6 -14
      vertex -23.1342 -25.1299 -14
    endloop
  endfacet
  facet normal 0 -0 -1
    outer loop
      vertex -23.8822 23.8822 -14
      vertex -5.65 25.6 -14
      vertex -25.6 5.65 -14
    endloop
  endfacet
  facet normal 0 0 -1
    outer loop
      vertex -23.3583 -24.5888 -14
      vertex -5.65 -25.6 -14
      vertex -23.2329 -24.8538 -14
    endloop
  endfacet
  facet normal 0 0 -1
    outer loop
      vertex -5.65 25.6 -14
      vertex -23.0627 25.415 -14
      vertex -23.0625 25.4157 -14
    endloop
  endfacet
  facet normal 0 0 -1
    outer loop
      vertex -5.65 -25.6 -14
      vertex -25.6 -5.65 -14
      vertex -5.65 25.6 -14
    endloop
  endfacet
  facet normal 0 0 -1
    outer loop
      vertex -5.65 25.6 -14
      vertex -23.1339 25.1306 -14
      vertex -23.0627 25.415 -14
    endloop
  endfacet
  facet normal 0 0 -1
    outer loop
      vertex -23.3586 -24.5881 -14
      vertex -5.65 -25.6 -14
      vertex -23.3583 -24.5888 -14
    endloop
  endfacet
  facet normal 0 0 -1
    outer loop
      vertex -5.65 25.6 -14
      vertex -23.1342 25.1299 -14
      vertex -23.1339 25.1306 -14
    endloop
  endfacet
  facet normal 0 0 -1
    outer loop
      vertex -23.359 -24.5876 -14
      vertex -5.65 -25.6 -14
      vertex -23.3586 -24.5881 -14
    endloop
  endfacet
  facet normal 0 0 -1
    outer loop
      vertex -5.65 25.6 -14
      vertex -23.2329 24.8538 -14
      vertex -23.1342 25.1299 -14
    endloop
  endfacet
  facet normal 0 0 -1
    outer loop
      vertex -23.5097 -24.336 -14
      vertex -5.65 -25.6 -14
      vertex -23.359 -24.5876 -14
    endloop
  endfacet
  facet normal 0 0 -1
    outer loop
      vertex -5.65 25.6 -14
      vertex -23.3583 24.5888 -14
      vertex -23.2329 24.8538 -14
    endloop
  endfacet
  facet normal 0 0 -1
    outer loop
      vertex -23.5101 -24.3355 -14
      vertex -5.65 -25.6 -14
      vertex -23.5097 -24.336 -14
    endloop
  endfacet
  facet normal 0 0 -1
    outer loop
      vertex -5.65 25.6 -14
      vertex -23.3586 24.5881 -14
      vertex -23.3583 24.5888 -14
    endloop
  endfacet
  facet normal 0 0 -1
    outer loop
      vertex -23.6848 -24.1 -14
      vertex -5.65 -25.6 -14
      vertex -23.5101 -24.3355 -14
    endloop
  endfacet
  facet normal 0 0 -1
    outer loop
      vertex -5.65 25.6 -14
      vertex -23.359 24.5876 -14
      vertex -23.3586 24.5881 -14
    endloop
  endfacet
  facet normal 0 0 -1
    outer loop
      vertex -23.8817 -23.8827 -14
      vertex -5.65 -25.6 -14
      vertex -23.6848 -24.1 -14
    endloop
  endfacet
  facet normal 0 0 -1
    outer loop
      vertex -5.65 25.6 -14
      vertex -23.5097 24.336 -14
      vertex -23.359 24.5876 -14
    endloop
  endfacet
  facet normal 0 0 -1
    outer loop
      vertex -23.8822 -23.8822 -14
      vertex -5.65 -25.6 -14
      vertex -23.8817 -23.8827 -14
    endloop
  endfacet
  facet normal 0 0 -1
    outer loop
      vertex -5.65 25.6 -14
      vertex -23.5101 24.3355 -14
      vertex -23.5097 24.336 -14
    endloop
  endfacet
  facet normal 0 0 -1
    outer loop
      vertex -5.65 -25.6 -14
      vertex -23.8822 -23.8822 -14
      vertex -25.6 -5.65 -14
    endloop
  endfacet
  facet normal 0 0 -1
    outer loop
      vertex -5.65 25.6 -14
      vertex -23.6848 24.1 -14
      vertex -23.5101 24.3355 -14
    endloop
  endfacet
  facet normal 0 0 -1
    outer loop
      vertex -25.6 -5.65 -14
      vertex -23.8822 -23.8822 -14
      vertex -23.8827 -23.8817 -14
    endloop
  endfacet
  facet normal 0 0 -1
    outer loop
      vertex -5.65 25.6 -14
      vertex -23.8817 23.8827 -14
      vertex -23.6848 24.1 -14
    endloop
  endfacet
  facet normal 0 0 -1
    outer loop
      vertex -25.6 -5.65 -14
      vertex -23.8827 -23.8817 -14
      vertex -24.1 -23.6848 -14
    endloop
  endfacet
  facet normal 0 0 -1
    outer loop
      vertex -5.65 25.6 -14
      vertex -23.8822 23.8822 -14
      vertex -23.8817 23.8827 -14
    endloop
  endfacet
  facet normal 0 0 -1
    outer loop
      vertex -25.6 -5.65 -14
      vertex -24.1 -23.6848 -14
      vertex -24.3355 -23.5101 -14
    endloop
  endfacet
  facet normal 0 0 -1
    outer loop
      vertex -23.8822 23.8822 -14
      vertex -25.6 5.65 -14
      vertex -23.8827 23.8817 -14
    endloop
  endfacet
  facet normal 0 0 -1
    outer loop
      vertex -25.6 -5.65 -14
      vertex -24.3355 -23.5101 -14
      vertex -24.336 -23.5097 -14
    endloop
  endfacet
  facet normal 0 0 -1
    outer loop
      vertex -23.8827 23.8817 -14
      vertex -25.6 5.65 -14
      vertex -24.1 23.6848 -14
    endloop
  endfacet
  facet normal 0 0 -1
    outer loop
      vertex -25.6 -5.65 -14
      vertex -24.336 -23.5097 -14
      vertex -24.5876 -23.359 -14
    endloop
  endfacet
  facet normal 0 0 -1
    outer loop
      vertex -24.1 23.6848 -14
      vertex -25.6 5.65 -14
      vertex -24.3355 23.5101 -14
    endloop
  endfacet
  facet normal 0 0 -1
    outer loop
      vertex -25.6 -5.65 -14
      vertex -24.5876 -23.359 -14
      vertex -24.5881 -23.3586 -14
    endloop
  endfacet
  facet normal 0 0 -1
    outer loop
      vertex -24.3355 23.5101 -14
      vertex -25.6 5.65 -14
      vertex -24.336 23.5097 -14
    endloop
  endfacet
  facet normal 0 0 -1
    outer loop
      vertex -25.6 -5.65 -14
      vertex -24.5881 -23.3586 -14
      vertex -24.5888 -23.3583 -14
    endloop
  endfacet
  facet normal 0 0 -1
    outer loop
      vertex -24.336 23.5097 -14
      vertex -25.6 5.65 -14
      vertex -24.5876 23.359 -14
    endloop
  endfacet
  facet normal 0 0 -1
    outer loop
      vertex -25.6 -5.65 -14
      vertex -24.5888 -23.3583 -14
      vertex -24.8538 -23.2329 -14
    endloop
  endfacet
  facet normal 0 0 -1
    outer loop
      vertex -24.5876 23.359 -14
      vertex -25.6 5.65 -14
      vertex -24.5881 23.3586 -14
    endloop
  endfacet
  facet normal 0 0 -1
    outer loop
      vertex -25.6 -5.65 -14
      vertex -24.8538 -23.2329 -14
      vertex -25.1299 -23.1342 -14
    endloop
  endfacet
  facet normal 0 0 -1
    outer loop
      vertex -24.5881 23.3586 -14
      vertex -25.6 5.65 -14
      vertex -24.5888 23.3583 -14
    endloop
  endfacet
  facet normal 0 0 -1
    outer loop
      vertex -25.6 -5.65 -14
      vertex -25.1299 -23.1342 -14
      vertex -25.1306 -23.1339 -14
    endloop
  endfacet
  facet normal 0 0 -1
    outer loop
      vertex -24.5888 23.3583 -14
      vertex -25.6 5.65 -14
      vertex -24.8538 23.2329 -14
    endloop
  endfacet
  facet normal 0 0 -1
    outer loop
      vertex -25.6 -5.65 -14
      vertex -25.1306 -23.1339 -14
      vertex -25.415 -23.0627 -14
    endloop
  endfacet
  facet normal 0 0 -1
    outer loop
      vertex -24.8538 23.2329 -14
      vertex -25.6 5.65 -14
      vertex -25.1299 23.1342 -14
    endloop
  endfacet
  facet normal 0 0 -1
    outer loop
      vertex -25.6 -5.65 -14
      vertex -25.415 -23.0627 -14
      vertex -25.4157 -23.0625 -14
    endloop
  endfacet
  facet normal 0 0 -1
    outer loop
      vertex -25.1299 23.1342 -14
      vertex -25.6 5.65 -14
      vertex -25.1306 23.1339 -14
    endloop
  endfacet
  facet normal 0 0 -1
    outer loop
      vertex -25.1306 23.1339 -14
      vertex -25.6 5.65 -14
      vertex -25.415 23.0627 -14
    endloop
  endfacet
  facet normal 0 0 -1
    outer loop
      vertex -25.7058 -23.0195 -14
      vertex -25.6 -5.65 -14
      vertex -25.4157 -23.0625 -14
    endloop
  endfacet
  facet normal 0 0 -1
    outer loop
      vertex -25.7064 -23.0194 -14
      vertex -25.6 -5.65 -14
      vertex -25.7058 -23.0195 -14
    endloop
  endfacet
  facet normal 0 0 -1
    outer loop
      vertex -25.7071 -23.0193 -14
      vertex -25.6 -5.65 -14
      vertex -25.7064 -23.0194 -14
    endloop
  endfacet
  facet normal 0 0 -1
    outer loop
      vertex -26 -23.005 -14
      vertex -25.6 -5.65 -14
      vertex -25.7071 -23.0193 -14
    endloop
  endfacet
  facet normal 0 0 -1
    outer loop
      vertex -26.2929 -23.0193 -14
      vertex -25.6 -5.65 -14
      vertex -26 -23.005 -14
    endloop
  endfacet
  facet normal 0 0 -1
    outer loop
      vertex -26.2936 -23.0194 -14
      vertex -25.6 -5.65 -14
      vertex -26.2929 -23.0193 -14
    endloop
  endfacet
  facet normal 0 0 -1
    outer loop
      vertex -29.1 -5.65 -14
      vertex -26.2936 -23.0194 -14
      vertex -26.2942 -23.0195 -14
    endloop
  endfacet
  facet normal 0 0 -1
    outer loop
      vertex -29.1 -5.65 -14
      vertex -26.2942 -23.0195 -14
      vertex -26.5843 -23.0625 -14
    endloop
  endfacet
  facet normal 0 0 -1
    outer loop
      vertex -29.1 -5.65 -14
      vertex -26.5843 -23.0625 -14
      vertex -26.585 -23.0627 -14
    endloop
  endfacet
  facet normal 0 0 -1
    outer loop
      vertex -29.1 -5.65 -14
      vertex -26.585 -23.0627 -14
      vertex -26.8694 -23.1339 -14
    endloop
  endfacet
  facet normal 0 0 -1
    outer loop
      vertex -29.1 -5.65 -14
      vertex -26.8694 -23.1339 -14
      vertex -26.8701 -23.1342 -14
    endloop
  endfacet
  facet normal 0 0 -1
    outer loop
      vertex -29.1 -5.65 -14
      vertex -26.8701 -23.1342 -14
      vertex -27.1462 -23.2329 -14
    endloop
  endfacet
  facet normal 0 0 -1
    outer loop
      vertex -29.1 -5.65 -14
      vertex -27.1462 -23.2329 -14
      vertex -27.4112 -23.3583 -14
    endloop
  endfacet
  facet normal 0 0 -1
    outer loop
      vertex -29.1 -5.65 -14
      vertex -27.4112 -23.3583 -14
      vertex -27.4119 -23.3586 -14
    endloop
  endfacet
  facet normal 0 0 -1
    outer loop
      vertex -29.1 -5.65 -14
      vertex -27.4119 -23.3586 -14
      vertex -27.4124 -23.359 -14
    endloop
  endfacet
  facet normal 0 0 -1
    outer loop
      vertex -29.1 -5.65 -14
      vertex -27.4124 -23.359 -14
      vertex -27.664 -23.5097 -14
    endloop
  endfacet
  facet normal 0 0 -1
    outer loop
      vertex -29.1 -5.65 -14
      vertex -27.664 -23.5097 -14
      vertex -27.6645 -23.5101 -14
    endloop
  endfacet
  facet normal 0 0 -1
    outer loop
      vertex -29.1 -5.65 -14
      vertex -27.6645 -23.5101 -14
      vertex -27.9 -23.6848 -14
    endloop
  endfacet
  facet normal 0 0 -1
    outer loop
      vertex -29.1 -5.65 -14
      vertex -27.9 -23.6848 -14
      vertex -28.1173 -23.8817 -14
    endloop
  endfacet
  facet normal 0 0 -1
    outer loop
      vertex -29.1 -5.65 -14
      vertex -28.1173 -23.8817 -14
      vertex -28.1178 -23.8822 -14
    endloop
  endfacet
  facet normal 0 0 -1
    outer loop
      vertex -29.1 -5.65 -14
      vertex -28.1178 -23.8822 -14
      vertex -28.1183 -23.8827 -14
    endloop
  endfacet
  facet normal 0 0 -1
    outer loop
      vertex -29.1 -5.65 -14
      vertex -28.1183 -23.8827 -14
      vertex -28.3152 -24.1 -14
    endloop
  endfacet
  facet normal 0 0 -1
    outer loop
      vertex -29.1 -5.65 -14
      vertex -28.3152 -24.1 -14
      vertex -28.4899 -24.3355 -14
    endloop
  endfacet
  facet normal 0 0 -1
    outer loop
      vertex -29.1 -5.65 -14
      vertex -28.4899 -24.3355 -14
      vertex -28.4903 -24.336 -14
    endloop
  endfacet
  facet normal 0 0 -1
    outer loop
      vertex -29.1 -5.65 -14
      vertex -28.4903 -24.336 -14
      vertex -28.641 -24.5876 -14
    endloop
  endfacet
  facet normal 0 0 -1
    outer loop
      vertex -29.1 -5.65 -14
      vertex -28.641 -24.5876 -14
      vertex -28.6414 -24.5881 -14
    endloop
  endfacet
  facet normal 0 0 -1
    outer loop
      vertex -29.1 -5.65 -14
      vertex -28.6414 -24.5881 -14
      vertex -28.6417 -24.5888 -14
    endloop
  endfacet
  facet normal 0 0 -1
    outer loop
      vertex -29.1 -5.65 -14
      vertex -28.6417 -24.5888 -14
      vertex -28.7671 -24.8538 -14
    endloop
  endfacet
  facet normal 0 0 -1
    outer loop
      vertex -29.1 -5.65 -14
      vertex -28.7671 -24.8538 -14
      vertex -28.8658 -25.1299 -14
    endloop
  endfacet
  facet normal 0 0 -1
    outer loop
      vertex -29.1 -5.65 -14
      vertex -28.8658 -25.1299 -14
      vertex -28.8661 -25.1306 -14
    endloop
  endfacet
  facet normal 0 0 -1
    outer loop
      vertex -29.1 -5.65 -14
      vertex -28.8661 -25.1306 -14
      vertex -28.9373 -25.415 -14
    endloop
  endfacet
  facet normal 0 0 -1
    outer loop
      vertex -29.1 -5.65 -14
      vertex -28.9373 -25.415 -14
      vertex -28.9375 -25.4157 -14
    endloop
  endfacet
  facet normal 0 0 -1
    outer loop
      vertex -26.2936 -23.0194 -14
      vertex -29.1 -5.65 -14
      vertex -25.6 -5.65 -14
    endloop
  endfacet
  facet normal 0 0 -1
    outer loop
      vertex -28.9805 -25.7058 -14
      vertex -29.1 -5.65 -14
      vertex -28.9375 -25.4157 -14
    endloop
  endfacet
  facet normal 0 0 -1
    outer loop
      vertex -28.9806 -25.7064 -14
      vertex -29.1 -5.65 -14
      vertex -28.9805 -25.7058 -14
    endloop
  endfacet
  facet normal 0 0 -1
    outer loop
      vertex -28.9807 -25.7071 -14
      vertex -29.1 -5.65 -14
      vertex -28.9806 -25.7064 -14
    endloop
  endfacet
  facet normal 0 0 -1
    outer loop
      vertex -28.995 -26 -14
      vertex -29.1 -5.65 -14
      vertex -28.9807 -25.7071 -14
    endloop
  endfacet
  facet normal 0 0 -1
    outer loop
      vertex -29.1 -5.65 -14
      vertex -28.995 -26 -14
      vertex -29.1 -29.1 -14
    endloop
  endfacet
  facet normal 0 0 -1
    outer loop
      vertex -23.0194 -26.2936 -14
      vertex -5.65 -25.6 -14
      vertex -5.65 -29.1 -14
    endloop
  endfacet
  facet normal 0 0 -1
    outer loop
      vertex -23.0193 -25.7071 -14
      vertex -5.65 -25.6 -14
      vertex -23.005 -26 -14
    endloop
  endfacet
  facet normal 0 0 -1
    outer loop
      vertex -23.0194 -25.7064 -14
      vertex -5.65 -25.6 -14
      vertex -23.0193 -25.7071 -14
    endloop
  endfacet
  facet normal 0 0 -1
    outer loop
      vertex -5.65 -25.6 -14
      vertex -23.0193 -26.2929 -14
      vertex -23.005 -26 -14
    endloop
  endfacet
  facet normal 0 0 -1
    outer loop
      vertex -5.65 -25.6 -14
      vertex -23.0194 -26.2936 -14
      vertex -23.0193 -26.2929 -14
    endloop
  endfacet
  facet normal 0 0 -1
    outer loop
      vertex -5.65 -29.1 -14
      vertex -23.0195 -26.2942 -14
      vertex -23.0194 -26.2936 -14
    endloop
  endfacet
  facet normal 0 0 -1
    outer loop
      vertex -5.65 -29.1 -14
      vertex -23.0625 -26.5843 -14
      vertex -23.0195 -26.2942 -14
    endloop
  endfacet
  facet normal 0 0 -1
    outer loop
      vertex -5.65 -29.1 -14
      vertex -23.0627 -26.585 -14
      vertex -23.0625 -26.5843 -14
    endloop
  endfacet
  facet normal 0 0 -1
    outer loop
      vertex -5.65 -29.1 -14
      vertex -23.1339 -26.8694 -14
      vertex -23.0627 -26.585 -14
    endloop
  endfacet
  facet normal 0 0 -1
    outer loop
      vertex -5.65 -29.1 -14
      vertex -23.1342 -26.8701 -14
      vertex -23.1339 -26.8694 -14
    endloop
  endfacet
  facet normal 0 0 -1
    outer loop
      vertex -5.65 -29.1 -14
      vertex -23.2329 -27.1462 -14
      vertex -23.1342 -26.8701 -14
    endloop
  endfacet
  facet normal 0 0 -1
    outer loop
      vertex -5.65 -29.1 -14
      vertex -23.3583 -27.4112 -14
      vertex -23.2329 -27.1462 -14
    endloop
  endfacet
  facet normal 0 0 -1
    outer loop
      vertex -5.65 -29.1 -14
      vertex -23.3586 -27.4119 -14
      vertex -23.3583 -27.4112 -14
    endloop
  endfacet
  facet normal 0 0 -1
    outer loop
      vertex -5.65 -29.1 -14
      vertex -23.359 -27.4124 -14
      vertex -23.3586 -27.4119 -14
    endloop
  endfacet
  facet normal 0 0 -1
    outer loop
      vertex -5.65 -29.1 -14
      vertex -23.5097 -27.664 -14
      vertex -23.359 -27.4124 -14
    endloop
  endfacet
  facet normal 0 0 -1
    outer loop
      vertex -5.65 -29.1 -14
      vertex -23.5101 -27.6645 -14
      vertex -23.5097 -27.664 -14
    endloop
  endfacet
  facet normal 0 0 -1
    outer loop
      vertex -5.65 -29.1 -14
      vertex -23.6848 -27.9 -14
      vertex -23.5101 -27.6645 -14
    endloop
  endfacet
  facet normal 0 0 -1
    outer loop
      vertex -5.65 -29.1 -14
      vertex -23.8817 -28.1173 -14
      vertex -23.6848 -27.9 -14
    endloop
  endfacet
  facet normal 0 0 -1
    outer loop
      vertex -5.65 -29.1 -14
      vertex -23.8822 -28.1178 -14
      vertex -23.8817 -28.1173 -14
    endloop
  endfacet
  facet normal 0 0 -1
    outer loop
      vertex -5.65 -29.1 -14
      vertex -23.8827 -28.1183 -14
      vertex -23.8822 -28.1178 -14
    endloop
  endfacet
  facet normal 0 0 -1
    outer loop
      vertex -5.65 -29.1 -14
      vertex -24.1 -28.3152 -14
      vertex -23.8827 -28.1183 -14
    endloop
  endfacet
  facet normal 0 0 -1
    outer loop
      vertex -5.65 -29.1 -14
      vertex -24.3355 -28.4899 -14
      vertex -24.1 -28.3152 -14
    endloop
  endfacet
  facet normal 0 0 -1
    outer loop
      vertex -5.65 -29.1 -14
      vertex -24.336 -28.4903 -14
      vertex -24.3355 -28.4899 -14
    endloop
  endfacet
  facet normal 0 0 -1
    outer loop
      vertex -5.65 -29.1 -14
      vertex -24.5876 -28.641 -14
      vertex -24.336 -28.4903 -14
    endloop
  endfacet
  facet normal 0 0 -1
    outer loop
      vertex -5.65 -29.1 -14
      vertex -24.5881 -28.6414 -14
      vertex -24.5876 -28.641 -14
    endloop
  endfacet
  facet normal 0 0 -1
    outer loop
      vertex -5.65 -29.1 -14
      vertex -24.5888 -28.6417 -14
      vertex -24.5881 -28.6414 -14
    endloop
  endfacet
  facet normal 0 0 -1
    outer loop
      vertex -5.65 -29.1 -14
      vertex -24.8538 -28.7671 -14
      vertex -24.5888 -28.6417 -14
    endloop
  endfacet
  facet normal 0 0 -1
    outer loop
      vertex -5.65 -29.1 -14
      vertex -25.1299 -28.8658 -14
      vertex -24.8538 -28.7671 -14
    endloop
  endfacet
  facet normal 0 0 -1
    outer loop
      vertex -5.65 -29.1 -14
      vertex -25.1306 -28.8661 -14
      vertex -25.1299 -28.8658 -14
    endloop
  endfacet
  facet normal 0 0 -1
    outer loop
      vertex -5.65 -29.1 -14
      vertex -25.415 -28.9373 -14
      vertex -25.1306 -28.8661 -14
    endloop
  endfacet
  facet normal 0 0 -1
    outer loop
      vertex -5.65 -29.1 -14
      vertex -25.4157 -28.9375 -14
      vertex -25.415 -28.9373 -14
    endloop
  endfacet
  facet normal 0 0 -1
    outer loop
      vertex -5.65 -29.1 -14
      vertex -25.7058 -28.9805 -14
      vertex -25.4157 -28.9375 -14
    endloop
  endfacet
  facet normal 0 0 -1
    outer loop
      vertex -5.65 -29.1 -14
      vertex -25.7064 -28.9806 -14
      vertex -25.7058 -28.9805 -14
    endloop
  endfacet
  facet normal 0 0 -1
    outer loop
      vertex -5.65 -29.1 -14
      vertex -25.7071 -28.9807 -14
      vertex -25.7064 -28.9806 -14
    endloop
  endfacet
  facet normal 0 0 -1
    outer loop
      vertex -5.65 -29.1 -14
      vertex -26 -28.995 -14
      vertex -25.7071 -28.9807 -14
    endloop
  endfacet
  facet normal 0 0 -1
    outer loop
      vertex -29.1 -29.1 -14
      vertex -26.585 -28.9373 -14
      vertex -26.5843 -28.9375 -14
    endloop
  endfacet
  facet normal 0 0 -1
    outer loop
      vertex -29.1 -29.1 -14
      vertex -27.4112 -28.6417 -14
      vertex -27.1462 -28.7671 -14
    endloop
  endfacet
  facet normal 0 0 -1
    outer loop
      vertex -29.1 -29.1 -14
      vertex -27.4124 -28.641 -14
      vertex -27.4119 -28.6414 -14
    endloop
  endfacet
  facet normal 0 0 -1
    outer loop
      vertex -29.1 -29.1 -14
      vertex -27.6645 -28.4899 -14
      vertex -27.664 -28.4903 -14
    endloop
  endfacet
  facet normal 0 0 -1
    outer loop
      vertex -29.1 -29.1 -14
      vertex -28.1173 -28.1183 -14
      vertex -27.9 -28.3152 -14
    endloop
  endfacet
  facet normal 0 0 -1
    outer loop
      vertex -29.1 -29.1 -14
      vertex -28.1183 -28.1173 -14
      vertex -28.1178 -28.1178 -14
    endloop
  endfacet
  facet normal 0 0 -1
    outer loop
      vertex -29.1 -29.1 -14
      vertex -28.4899 -27.6645 -14
      vertex -28.3152 -27.9 -14
    endloop
  endfacet
  facet normal 0 0 -1
    outer loop
      vertex -29.1 -29.1 -14
      vertex -28.641 -27.4124 -14
      vertex -28.4903 -27.664 -14
    endloop
  endfacet
  facet normal 0 0 -1
    outer loop
      vertex -29.1 -29.1 -14
      vertex -28.6417 -27.4112 -14
      vertex -28.6414 -27.4119 -14
    endloop
  endfacet
  facet normal 0 0 -1
    outer loop
      vertex -29.1 -29.1 -14
      vertex -28.9373 -26.585 -14
      vertex -28.8661 -26.8694 -14
    endloop
  endfacet
  facet normal -0 0 -1
    outer loop
      vertex -28.9807 -26.2929 -14
      vertex -29.1 -29.1 -14
      vertex -28.995 -26 -14
    endloop
  endfacet
  facet normal -0 0 -1
    outer loop
      vertex -28.9806 -26.2936 -14
      vertex -29.1 -29.1 -14
      vertex -28.9807 -26.2929 -14
    endloop
  endfacet
  facet normal -0 0 -1
    outer loop
      vertex -28.9805 -26.2942 -14
      vertex -29.1 -29.1 -14
      vertex -28.9806 -26.2936 -14
    endloop
  endfacet
  facet normal -0 0 -1
    outer loop
      vertex -28.9375 -26.5843 -14
      vertex -29.1 -29.1 -14
      vertex -28.9805 -26.2942 -14
    endloop
  endfacet
  facet normal -0 0 -1
    outer loop
      vertex -28.9373 -26.585 -14
      vertex -29.1 -29.1 -14
      vertex -28.9375 -26.5843 -14
    endloop
  endfacet
  facet normal -0 0 -1
    outer loop
      vertex -28.8658 -26.8701 -14
      vertex -29.1 -29.1 -14
      vertex -28.8661 -26.8694 -14
    endloop
  endfacet
  facet normal -0 0 -1
    outer loop
      vertex -28.7671 -27.1462 -14
      vertex -29.1 -29.1 -14
      vertex -28.8658 -26.8701 -14
    endloop
  endfacet
  facet normal -0 0 -1
    outer loop
      vertex -28.6417 -27.4112 -14
      vertex -29.1 -29.1 -14
      vertex -28.7671 -27.1462 -14
    endloop
  endfacet
  facet normal -0 0 -1
    outer loop
      vertex -28.641 -27.4124 -14
      vertex -29.1 -29.1 -14
      vertex -28.6414 -27.4119 -14
    endloop
  endfacet
  facet normal -0 0 -1
    outer loop
      vertex -28.4899 -27.6645 -14
      vertex -29.1 -29.1 -14
      vertex -28.4903 -27.664 -14
    endloop
  endfacet
  facet normal -0 0 -1
    outer loop
      vertex -28.1183 -28.1173 -14
      vertex -29.1 -29.1 -14
      vertex -28.3152 -27.9 -14
    endloop
  endfacet
  facet normal -0 0 -1
    outer loop
      vertex -28.1173 -28.1183 -14
      vertex -29.1 -29.1 -14
      vertex -28.1178 -28.1178 -14
    endloop
  endfacet
  facet normal -0 0 -1
    outer loop
      vertex -27.6645 -28.4899 -14
      vertex -29.1 -29.1 -14
      vertex -27.9 -28.3152 -14
    endloop
  endfacet
  facet normal -0 0 -1
    outer loop
      vertex -27.4124 -28.641 -14
      vertex -29.1 -29.1 -14
      vertex -27.664 -28.4903 -14
    endloop
  endfacet
  facet normal -0 0 -1
    outer loop
      vertex -27.4112 -28.6417 -14
      vertex -29.1 -29.1 -14
      vertex -27.4119 -28.6414 -14
    endloop
  endfacet
  facet normal -0 0 -1
    outer loop
      vertex -26.8701 -28.8658 -14
      vertex -29.1 -29.1 -14
      vertex -27.1462 -28.7671 -14
    endloop
  endfacet
  facet normal -0 0 -1
    outer loop
      vertex -26.8694 -28.8661 -14
      vertex -29.1 -29.1 -14
      vertex -26.8701 -28.8658 -14
    endloop
  endfacet
  facet normal -0 0 -1
    outer loop
      vertex -26.585 -28.9373 -14
      vertex -29.1 -29.1 -14
      vertex -26.8694 -28.8661 -14
    endloop
  endfacet
  facet normal -0 0 -1
    outer loop
      vertex -26.2942 -28.9805 -14
      vertex -29.1 -29.1 -14
      vertex -26.5843 -28.9375 -14
    endloop
  endfacet
  facet normal -0 0 -1
    outer loop
      vertex -26.2936 -28.9806 -14
      vertex -29.1 -29.1 -14
      vertex -26.2942 -28.9805 -14
    endloop
  endfacet
  facet normal -0 0 -1
    outer loop
      vertex -26.2929 -28.9807 -14
      vertex -29.1 -29.1 -14
      vertex -26.2936 -28.9806 -14
    endloop
  endfacet
  facet normal -0 0 -1
    outer loop
      vertex -26 -28.995 -14
      vertex -29.1 -29.1 -14
      vertex -26.2929 -28.9807 -14
    endloop
  endfacet
  facet normal 0 0 -1
    outer loop
      vertex -29.1 -29.1 -14
      vertex -26 -28.995 -14
      vertex -5.65 -29.1 -14
    endloop
  endfacet
  facet normal 0 0 -1
    outer loop
      vertex -5.65 -25.6 -14
      vertex 5.65 25.6 -14
      vertex 5.65 -25.6 -14
    endloop
  endfacet
  facet normal -0 0 -1
    outer loop
      vertex 5.65 25.6 -14
      vertex -5.65 -25.6 -14
      vertex -5.65 25.6 -14
    endloop
  endfacet
  facet normal 0 0 -1
    outer loop
      vertex -23.0193 26.2929 -14
      vertex -5.65 25.6 -14
      vertex -23.005 26 -14
    endloop
  endfacet
  facet normal 0 0 -1
    outer loop
      vertex -23.0194 26.2936 -14
      vertex -5.65 25.6 -14
      vertex -23.0193 26.2929 -14
    endloop
  endfacet
  facet normal 0 0 -1
    outer loop
      vertex -5.65 25.6 -14
      vertex -23.0194 26.2936 -14
      vertex -5.65 29.1 -14
    endloop
  endfacet
  facet normal 0 0 -1
    outer loop
      vertex -23.0195 26.2942 -14
      vertex -5.65 29.1 -14
      vertex -23.0194 26.2936 -14
    endloop
  endfacet
  facet normal 0 0 -1
    outer loop
      vertex -23.0625 26.5843 -14
      vertex -5.65 29.1 -14
      vertex -23.0195 26.2942 -14
    endloop
  endfacet
  facet normal 0 0 -1
    outer loop
      vertex -23.0627 26.585 -14
      vertex -5.65 29.1 -14
      vertex -23.0625 26.5843 -14
    endloop
  endfacet
  facet normal 0 0 -1
    outer loop
      vertex -23.1339 26.8694 -14
      vertex -5.65 29.1 -14
      vertex -23.0627 26.585 -14
    endloop
  endfacet
  facet normal 0 0 -1
    outer loop
      vertex -23.1342 26.8701 -14
      vertex -5.65 29.1 -14
      vertex -23.1339 26.8694 -14
    endloop
  endfacet
  facet normal 0 0 -1
    outer loop
      vertex -23.2329 27.1462 -14
      vertex -5.65 29.1 -14
      vertex -23.1342 26.8701 -14
    endloop
  endfacet
  facet normal 0 0 -1
    outer loop
      vertex -23.3583 27.4112 -14
      vertex -5.65 29.1 -14
      vertex -23.2329 27.1462 -14
    endloop
  endfacet
  facet normal 0 0 -1
    outer loop
      vertex -23.3586 27.4119 -14
      vertex -5.65 29.1 -14
      vertex -23.3583 27.4112 -14
    endloop
  endfacet
  facet normal 0 0 -1
    outer loop
      vertex -23.359 27.4124 -14
      vertex -5.65 29.1 -14
      vertex -23.3586 27.4119 -14
    endloop
  endfacet
  facet normal 0 0 -1
    outer loop
      vertex -23.5097 27.664 -14
      vertex -5.65 29.1 -14
      vertex -23.359 27.4124 -14
    endloop
  endfacet
  facet normal 0 0 -1
    outer loop
      vertex -23.5101 27.6645 -14
      vertex -5.65 29.1 -14
      vertex -23.5097 27.664 -14
    endloop
  endfacet
  facet normal 0 0 -1
    outer loop
      vertex -23.6848 27.9 -14
      vertex -5.65 29.1 -14
      vertex -23.5101 27.6645 -14
    endloop
  endfacet
  facet normal 0 0 -1
    outer loop
      vertex -23.8817 28.1173 -14
      vertex -5.65 29.1 -14
      vertex -23.6848 27.9 -14
    endloop
  endfacet
  facet normal 0 0 -1
    outer loop
      vertex -23.8822 28.1178 -14
      vertex -5.65 29.1 -14
      vertex -23.8817 28.1173 -14
    endloop
  endfacet
  facet normal 0 0 -1
    outer loop
      vertex -23.8827 28.1183 -14
      vertex -5.65 29.1 -14
      vertex -23.8822 28.1178 -14
    endloop
  endfacet
  facet normal 0 0 -1
    outer loop
      vertex -24.1 28.3152 -14
      vertex -5.65 29.1 -14
      vertex -23.8827 28.1183 -14
    endloop
  endfacet
  facet normal 0 0 -1
    outer loop
      vertex -24.3355 28.4899 -14
      vertex -5.65 29.1 -14
      vertex -24.1 28.3152 -14
    endloop
  endfacet
  facet normal 0 0 -1
    outer loop
      vertex -24.336 28.4903 -14
      vertex -5.65 29.1 -14
      vertex -24.3355 28.4899 -14
    endloop
  endfacet
  facet normal 0 0 -1
    outer loop
      vertex -24.5876 28.641 -14
      vertex -5.65 29.1 -14
      vertex -24.336 28.4903 -14
    endloop
  endfacet
  facet normal 0 0 -1
    outer loop
      vertex -24.5881 28.6414 -14
      vertex -5.65 29.1 -14
      vertex -24.5876 28.641 -14
    endloop
  endfacet
  facet normal 0 0 -1
    outer loop
      vertex -24.5888 28.6417 -14
      vertex -5.65 29.1 -14
      vertex -24.5881 28.6414 -14
    endloop
  endfacet
  facet normal 0 0 -1
    outer loop
      vertex -24.8538 28.7671 -14
      vertex -5.65 29.1 -14
      vertex -24.5888 28.6417 -14
    endloop
  endfacet
  facet normal 0 0 -1
    outer loop
      vertex -25.1299 28.8658 -14
      vertex -5.65 29.1 -14
      vertex -24.8538 28.7671 -14
    endloop
  endfacet
  facet normal 0 0 -1
    outer loop
      vertex -25.1306 28.8661 -14
      vertex -5.65 29.1 -14
      vertex -25.1299 28.8658 -14
    endloop
  endfacet
  facet normal 0 0 -1
    outer loop
      vertex -25.415 28.9373 -14
      vertex -5.65 29.1 -14
      vertex -25.1306 28.8661 -14
    endloop
  endfacet
  facet normal 0 0 -1
    outer loop
      vertex -25.4157 28.9375 -14
      vertex -5.65 29.1 -14
      vertex -25.415 28.9373 -14
    endloop
  endfacet
  facet normal 0 0 -1
    outer loop
      vertex -25.7058 28.9805 -14
      vertex -5.65 29.1 -14
      vertex -25.4157 28.9375 -14
    endloop
  endfacet
  facet normal 0 0 -1
    outer loop
      vertex -25.7064 28.9806 -14
      vertex -5.65 29.1 -14
      vertex -25.7058 28.9805 -14
    endloop
  endfacet
  facet normal 0 0 -1
    outer loop
      vertex -25.7071 28.9807 -14
      vertex -5.65 29.1 -14
      vertex -25.7064 28.9806 -14
    endloop
  endfacet
  facet normal 0 0 -1
    outer loop
      vertex -26 28.995 -14
      vertex -5.65 29.1 -14
      vertex -25.7071 28.9807 -14
    endloop
  endfacet
  facet normal 0 0 -1
    outer loop
      vertex -29.1 29.1 -14
      vertex -26.585 28.9373 -14
      vertex -26.8694 28.8661 -14
    endloop
  endfacet
  facet normal 0 0 -1
    outer loop
      vertex -29.1 29.1 -14
      vertex -27.4112 28.6417 -14
      vertex -27.4119 28.6414 -14
    endloop
  endfacet
  facet normal 0 0 -1
    outer loop
      vertex -29.1 29.1 -14
      vertex -27.4124 28.641 -14
      vertex -27.664 28.4903 -14
    endloop
  endfacet
  facet normal 0 0 -1
    outer loop
      vertex -29.1 29.1 -14
      vertex -27.6645 28.4899 -14
      vertex -27.9 28.3152 -14
    endloop
  endfacet
  facet normal 0 0 -1
    outer loop
      vertex -29.1 29.1 -14
      vertex -28.1173 28.1183 -14
      vertex -28.1178 28.1178 -14
    endloop
  endfacet
  facet normal 0 0 -1
    outer loop
      vertex -29.1 29.1 -14
      vertex -28.1183 28.1173 -14
      vertex -28.3152 27.9 -14
    endloop
  endfacet
  facet normal 0 0 -1
    outer loop
      vertex -29.1 29.1 -14
      vertex -28.4899 27.6645 -14
      vertex -28.4903 27.664 -14
    endloop
  endfacet
  facet normal 0 0 -1
    outer loop
      vertex -29.1 29.1 -14
      vertex -28.641 27.4124 -14
      vertex -28.6414 27.4119 -14
    endloop
  endfacet
  facet normal 0 0 -1
    outer loop
      vertex -29.1 29.1 -14
      vertex -28.6417 27.4112 -14
      vertex -28.7671 27.1462 -14
    endloop
  endfacet
  facet normal 0 0 -1
    outer loop
      vertex -29.1 29.1 -14
      vertex -28.9373 26.585 -14
      vertex -28.9375 26.5843 -14
    endloop
  endfacet
  facet normal 0 0 -1
    outer loop
      vertex -26 28.995 -14
      vertex -29.1 29.1 -14
      vertex -5.65 29.1 -14
    endloop
  endfacet
  facet normal 0 0 -1
    outer loop
      vertex -26.2929 28.9807 -14
      vertex -29.1 29.1 -14
      vertex -26 28.995 -14
    endloop
  endfacet
  facet normal 0 0 -1
    outer loop
      vertex -26.2936 28.9806 -14
      vertex -29.1 29.1 -14
      vertex -26.2929 28.9807 -14
    endloop
  endfacet
  facet normal 0 0 -1
    outer loop
      vertex -26.2942 28.9805 -14
      vertex -29.1 29.1 -14
      vertex -26.2936 28.9806 -14
    endloop
  endfacet
  facet normal 0 0 -1
    outer loop
      vertex -26.5843 28.9375 -14
      vertex -29.1 29.1 -14
      vertex -26.2942 28.9805 -14
    endloop
  endfacet
  facet normal 0 0 -1
    outer loop
      vertex -26.585 28.9373 -14
      vertex -29.1 29.1 -14
      vertex -26.5843 28.9375 -14
    endloop
  endfacet
  facet normal 0 0 -1
    outer loop
      vertex -26.8701 28.8658 -14
      vertex -29.1 29.1 -14
      vertex -26.8694 28.8661 -14
    endloop
  endfacet
  facet normal 0 0 -1
    outer loop
      vertex -27.1462 28.7671 -14
      vertex -29.1 29.1 -14
      vertex -26.8701 28.8658 -14
    endloop
  endfacet
  facet normal 0 0 -1
    outer loop
      vertex -27.4112 28.6417 -14
      vertex -29.1 29.1 -14
      vertex -27.1462 28.7671 -14
    endloop
  endfacet
  facet normal 0 0 -1
    outer loop
      vertex -27.4124 28.641 -14
      vertex -29.1 29.1 -14
      vertex -27.4119 28.6414 -14
    endloop
  endfacet
  facet normal 0 0 -1
    outer loop
      vertex -27.6645 28.4899 -14
      vertex -29.1 29.1 -14
      vertex -27.664 28.4903 -14
    endloop
  endfacet
  facet normal 0 0 -1
    outer loop
      vertex -28.1173 28.1183 -14
      vertex -29.1 29.1 -14
      vertex -27.9 28.3152 -14
    endloop
  endfacet
  facet normal 0 0 -1
    outer loop
      vertex -28.1183 28.1173 -14
      vertex -29.1 29.1 -14
      vertex -28.1178 28.1178 -14
    endloop
  endfacet
  facet normal 0 0 -1
    outer loop
      vertex -28.4899 27.6645 -14
      vertex -29.1 29.1 -14
      vertex -28.3152 27.9 -14
    endloop
  endfacet
  facet normal 0 0 -1
    outer loop
      vertex -28.641 27.4124 -14
      vertex -29.1 29.1 -14
      vertex -28.4903 27.664 -14
    endloop
  endfacet
  facet normal 0 0 -1
    outer loop
      vertex -28.6417 27.4112 -14
      vertex -29.1 29.1 -14
      vertex -28.6414 27.4119 -14
    endloop
  endfacet
  facet normal 0 0 -1
    outer loop
      vertex -28.8658 26.8701 -14
      vertex -29.1 29.1 -14
      vertex -28.7671 27.1462 -14
    endloop
  endfacet
  facet normal 0 0 -1
    outer loop
      vertex -28.8661 26.8694 -14
      vertex -29.1 29.1 -14
      vertex -28.8658 26.8701 -14
    endloop
  endfacet
  facet normal 0 0 -1
    outer loop
      vertex -28.9373 26.585 -14
      vertex -29.1 29.1 -14
      vertex -28.8661 26.8694 -14
    endloop
  endfacet
  facet normal 0 0 -1
    outer loop
      vertex -28.9805 26.2942 -14
      vertex -29.1 29.1 -14
      vertex -28.9375 26.5843 -14
    endloop
  endfacet
  facet normal 0 0 -1
    outer loop
      vertex -28.9806 26.2936 -14
      vertex -29.1 29.1 -14
      vertex -28.9805 26.2942 -14
    endloop
  endfacet
  facet normal 0 0 -1
    outer loop
      vertex -28.9807 26.2929 -14
      vertex -29.1 29.1 -14
      vertex -28.9806 26.2936 -14
    endloop
  endfacet
  facet normal 0 0 -1
    outer loop
      vertex -28.995 26 -14
      vertex -29.1 29.1 -14
      vertex -28.9807 26.2929 -14
    endloop
  endfacet
  facet normal 0 0 -1
    outer loop
      vertex -29.1 29.1 -14
      vertex -28.995 26 -14
      vertex -29.1 5.65 -14
    endloop
  endfacet
  facet normal 0 0 -1
    outer loop
      vertex -25.415 23.0627 -14
      vertex -25.6 5.65 -14
      vertex -25.4157 23.0625 -14
    endloop
  endfacet
  facet normal 0 0 -1
    outer loop
      vertex -25.6 5.65 -14
      vertex -25.7058 23.0195 -14
      vertex -25.4157 23.0625 -14
    endloop
  endfacet
  facet normal 0 0 -1
    outer loop
      vertex -25.6 5.65 -14
      vertex -25.7064 23.0194 -14
      vertex -25.7058 23.0195 -14
    endloop
  endfacet
  facet normal 0 0 -1
    outer loop
      vertex -25.6 5.65 -14
      vertex -25.7071 23.0193 -14
      vertex -25.7064 23.0194 -14
    endloop
  endfacet
  facet normal 0 0 -1
    outer loop
      vertex -25.6 5.65 -14
      vertex -26 23.005 -14
      vertex -25.7071 23.0193 -14
    endloop
  endfacet
  facet normal 0 0 -1
    outer loop
      vertex -25.6 5.65 -14
      vertex -26.2929 23.0193 -14
      vertex -26 23.005 -14
    endloop
  endfacet
  facet normal 0 0 -1
    outer loop
      vertex -25.6 5.65 -14
      vertex -26.2936 23.0194 -14
      vertex -26.2929 23.0193 -14
    endloop
  endfacet
  facet normal 0 0 -1
    outer loop
      vertex -29.1 5.65 -14
      vertex -26.2936 23.0194 -14
      vertex -25.6 5.65 -14
    endloop
  endfacet
  facet normal -0 0 -1
    outer loop
      vertex -26.2936 23.0194 -14
      vertex -29.1 5.65 -14
      vertex -26.2942 23.0195 -14
    endloop
  endfacet
  facet normal -0 0 -1
    outer loop
      vertex -26.2942 23.0195 -14
      vertex -29.1 5.65 -14
      vertex -26.5843 23.0625 -14
    endloop
  endfacet
  facet normal -0 0 -1
    outer loop
      vertex -26.5843 23.0625 -14
      vertex -29.1 5.65 -14
      vertex -26.585 23.0627 -14
    endloop
  endfacet
  facet normal -0 0 -1
    outer loop
      vertex -26.585 23.0627 -14
      vertex -29.1 5.65 -14
      vertex -26.8694 23.1339 -14
    endloop
  endfacet
  facet normal -0 0 -1
    outer loop
      vertex -26.8694 23.1339 -14
      vertex -29.1 5.65 -14
      vertex -26.8701 23.1342 -14
    endloop
  endfacet
  facet normal -0 0 -1
    outer loop
      vertex -26.8701 23.1342 -14
      vertex -29.1 5.65 -14
      vertex -27.1462 23.2329 -14
    endloop
  endfacet
  facet normal -0 0 -1
    outer loop
      vertex -27.1462 23.2329 -14
      vertex -29.1 5.65 -14
      vertex -27.4112 23.3583 -14
    endloop
  endfacet
  facet normal -0 0 -1
    outer loop
      vertex -27.4112 23.3583 -14
      vertex -29.1 5.65 -14
      vertex -27.4119 23.3586 -14
    endloop
  endfacet
  facet normal -0 0 -1
    outer loop
      vertex -27.4119 23.3586 -14
      vertex -29.1 5.65 -14
      vertex -27.4124 23.359 -14
    endloop
  endfacet
  facet normal -0 0 -1
    outer loop
      vertex -27.4124 23.359 -14
      vertex -29.1 5.65 -14
      vertex -27.664 23.5097 -14
    endloop
  endfacet
  facet normal -0 0 -1
    outer loop
      vertex -27.664 23.5097 -14
      vertex -29.1 5.65 -14
      vertex -27.6645 23.5101 -14
    endloop
  endfacet
  facet normal -0 0 -1
    outer loop
      vertex -27.6645 23.5101 -14
      vertex -29.1 5.65 -14
      vertex -27.9 23.6848 -14
    endloop
  endfacet
  facet normal -0 0 -1
    outer loop
      vertex -27.9 23.6848 -14
      vertex -29.1 5.65 -14
      vertex -28.1173 23.8817 -14
    endloop
  endfacet
  facet normal -0 0 -1
    outer loop
      vertex -28.1173 23.8817 -14
      vertex -29.1 5.65 -14
      vertex -28.1178 23.8822 -14
    endloop
  endfacet
  facet normal -0 0 -1
    outer loop
      vertex -28.1178 23.8822 -14
      vertex -29.1 5.65 -14
      vertex -28.1183 23.8827 -14
    endloop
  endfacet
  facet normal -0 0 -1
    outer loop
      vertex -28.1183 23.8827 -14
      vertex -29.1 5.65 -14
      vertex -28.3152 24.1 -14
    endloop
  endfacet
  facet normal -0 0 -1
    outer loop
      vertex -28.3152 24.1 -14
      vertex -29.1 5.65 -14
      vertex -28.4899 24.3355 -14
    endloop
  endfacet
  facet normal -0 0 -1
    outer loop
      vertex -28.4899 24.3355 -14
      vertex -29.1 5.65 -14
      vertex -28.4903 24.336 -14
    endloop
  endfacet
  facet normal -0 0 -1
    outer loop
      vertex -28.4903 24.336 -14
      vertex -29.1 5.65 -14
      vertex -28.641 24.5876 -14
    endloop
  endfacet
  facet normal -0 0 -1
    outer loop
      vertex -28.641 24.5876 -14
      vertex -29.1 5.65 -14
      vertex -28.6414 24.5881 -14
    endloop
  endfacet
  facet normal -0 0 -1
    outer loop
      vertex -28.6414 24.5881 -14
      vertex -29.1 5.65 -14
      vertex -28.6417 24.5888 -14
    endloop
  endfacet
  facet normal -0 0 -1
    outer loop
      vertex -28.6417 24.5888 -14
      vertex -29.1 5.65 -14
      vertex -28.7671 24.8538 -14
    endloop
  endfacet
  facet normal -0 0 -1
    outer loop
      vertex -28.7671 24.8538 -14
      vertex -29.1 5.65 -14
      vertex -28.8658 25.1299 -14
    endloop
  endfacet
  facet normal -0 0 -1
    outer loop
      vertex -28.8658 25.1299 -14
      vertex -29.1 5.65 -14
      vertex -28.8661 25.1306 -14
    endloop
  endfacet
  facet normal -0 0 -1
    outer loop
      vertex -28.8661 25.1306 -14
      vertex -29.1 5.65 -14
      vertex -28.9373 25.415 -14
    endloop
  endfacet
  facet normal -0 0 -1
    outer loop
      vertex -28.9807 25.7071 -14
      vertex -29.1 5.65 -14
      vertex -28.995 26 -14
    endloop
  endfacet
  facet normal -0 0 -1
    outer loop
      vertex -28.9806 25.7064 -14
      vertex -29.1 5.65 -14
      vertex -28.9807 25.7071 -14
    endloop
  endfacet
  facet normal -0 0 -1
    outer loop
      vertex -28.9805 25.7058 -14
      vertex -29.1 5.65 -14
      vertex -28.9806 25.7064 -14
    endloop
  endfacet
  facet normal -0 0 -1
    outer loop
      vertex -28.9375 25.4157 -14
      vertex -29.1 5.65 -14
      vertex -28.9805 25.7058 -14
    endloop
  endfacet
  facet normal -0 0 -1
    outer loop
      vertex -28.9373 25.415 -14
      vertex -29.1 5.65 -14
      vertex -28.9375 25.4157 -14
    endloop
  endfacet
  facet normal 0 1 -0
    outer loop
      vertex 5.65 25.6 -14
      vertex -5.65 25.6 -10.5
      vertex 5.65 25.6 -10.5
    endloop
  endfacet
  facet normal 0 1 0
    outer loop
      vertex -5.65 25.6 -10.5
      vertex 5.65 25.6 -14
      vertex -5.65 25.6 -14
    endloop
  endfacet
  facet normal 1 -0 0
    outer loop
      vertex -5.65 25.6 -10.5
      vertex -5.65 29.1 -14
      vertex -5.65 29.1 -10.5
    endloop
  endfacet
  facet normal 1 0 0
    outer loop
      vertex -5.65 29.1 -14
      vertex -5.65 25.6 -10.5
      vertex -5.65 25.6 -14
    endloop
  endfacet
  facet normal 0 0 1
    outer loop
      vertex 27.7416 25.8285 -10.5
      vertex 29.1 29.1 -10.5
      vertex 27.75 26 -10.5
    endloop
  endfacet
  facet normal 0 0 1
    outer loop
      vertex 29.1 29.1 -10.5
      vertex 27.7416 26.1715 -10.5
      vertex 27.75 26 -10.5
    endloop
  endfacet
  facet normal 0 0 1
    outer loop
      vertex 29.1 29.1 -10.5
      vertex 27.7164 26.3414 -10.5
      vertex 27.7416 26.1715 -10.5
    endloop
  endfacet
  facet normal 0 0 1
    outer loop
      vertex 29.1 29.1 -10.5
      vertex 27.6746 26.508 -10.5
      vertex 27.7164 26.3414 -10.5
    endloop
  endfacet
  facet normal 0 0 1
    outer loop
      vertex 29.1 29.1 -10.5
      vertex 27.6168 26.6697 -10.5
      vertex 27.6746 26.508 -10.5
    endloop
  endfacet
  facet normal 0 0 1
    outer loop
      vertex 29.1 29.1 -10.5
      vertex 27.5434 26.8249 -10.5
      vertex 27.6168 26.6697 -10.5
    endloop
  endfacet
  facet normal 0 0 1
    outer loop
      vertex 29.1 29.1 -10.5
      vertex 27.4551 26.9722 -10.5
      vertex 27.5434 26.8249 -10.5
    endloop
  endfacet
  facet normal 0 0 1
    outer loop
      vertex 29.1 29.1 -10.5
      vertex 27.3528 27.1102 -10.5
      vertex 27.4551 26.9722 -10.5
    endloop
  endfacet
  facet normal 0 0 1
    outer loop
      vertex 29.1 29.1 -10.5
      vertex 27.2374 27.2374 -10.5
      vertex 27.3528 27.1102 -10.5
    endloop
  endfacet
  facet normal 0 0 1
    outer loop
      vertex 29.1 29.1 -10.5
      vertex 27.1102 27.3528 -10.5
      vertex 27.2374 27.2374 -10.5
    endloop
  endfacet
  facet normal 0 0 1
    outer loop
      vertex 29.1 29.1 -10.5
      vertex 26.9722 27.4551 -10.5
      vertex 27.1102 27.3528 -10.5
    endloop
  endfacet
  facet normal 0 0 1
    outer loop
      vertex 29.1 29.1 -10.5
      vertex 26.8249 27.5434 -10.5
      vertex 26.9722 27.4551 -10.5
    endloop
  endfacet
  facet normal 0 0 1
    outer loop
      vertex 29.1 29.1 -10.5
      vertex 26.6697 27.6168 -10.5
      vertex 26.8249 27.5434 -10.5
    endloop
  endfacet
  facet normal 0 0 1
    outer loop
      vertex 29.1 29.1 -10.5
      vertex 26.508 27.6746 -10.5
      vertex 26.6697 27.6168 -10.5
    endloop
  endfacet
  facet normal 0 0 1
    outer loop
      vertex 29.1 29.1 -10.5
      vertex 26.3414 27.7164 -10.5
      vertex 26.508 27.6746 -10.5
    endloop
  endfacet
  facet normal 0 0 1
    outer loop
      vertex 29.1 29.1 -10.5
      vertex 26.1715 27.7416 -10.5
      vertex 26.3414 27.7164 -10.5
    endloop
  endfacet
  facet normal 0 0 1
    outer loop
      vertex 29.1 29.1 -10.5
      vertex 26 27.75 -10.5
      vertex 26.1715 27.7416 -10.5
    endloop
  endfacet
  facet normal 0 0 1
    outer loop
      vertex 29.1 29.1 -10.5
      vertex 25.8285 27.7416 -10.5
      vertex 26 27.75 -10.5
    endloop
  endfacet
  facet normal 0 0 1
    outer loop
      vertex 29.1 29.1 -10.5
      vertex 25.6586 27.7164 -10.5
      vertex 25.8285 27.7416 -10.5
    endloop
  endfacet
  facet normal 0 0 1
    outer loop
      vertex 29.1 29.1 -10.5
      vertex 25.492 27.6746 -10.5
      vertex 25.6586 27.7164 -10.5
    endloop
  endfacet
  facet normal -0 0 1
    outer loop
      vertex 5.65 29.1 -10.5
      vertex 25.492 27.6746 -10.5
      vertex 29.1 29.1 -10.5
    endloop
  endfacet
  facet normal 0 0 1
    outer loop
      vertex 24.2836 -25.6586 -10.5
      vertex 22.4 -22.4 -10.5
      vertex 24.2584 -25.8285 -10.5
    endloop
  endfacet
  facet normal 0 0 1
    outer loop
      vertex 24.2584 26.1715 -10.5
      vertex 22.4 22.4 -10.5
      vertex 24.25 26 -10.5
    endloop
  endfacet
  facet normal 0 0 1
    outer loop
      vertex 24.2836 26.3414 -10.5
      vertex 22.4 22.4 -10.5
      vertex 24.2584 26.1715 -10.5
    endloop
  endfacet
  facet normal 0 0 1
    outer loop
      vertex 5.65 29.1 -10.5
      vertex 24.2836 26.3414 -10.5
      vertex 24.3254 26.508 -10.5
    endloop
  endfacet
  facet normal 0 0 1
    outer loop
      vertex 5.65 29.1 -10.5
      vertex 24.3254 26.508 -10.5
      vertex 24.3832 26.6697 -10.5
    endloop
  endfacet
  facet normal 0 0 1
    outer loop
      vertex 25.492 27.6746 -10.5
      vertex 5.65 29.1 -10.5
      vertex 25.3303 27.6168 -10.5
    endloop
  endfacet
  facet normal 0 0 1
    outer loop
      vertex 5.65 29.1 -10.5
      vertex 25.1751 27.5434 -10.5
      vertex 25.3303 27.6168 -10.5
    endloop
  endfacet
  facet normal 0 0 1
    outer loop
      vertex 5.65 29.1 -10.5
      vertex 25.0278 27.4551 -10.5
      vertex 25.1751 27.5434 -10.5
    endloop
  endfacet
  facet normal 0 0 1
    outer loop
      vertex 5.65 29.1 -10.5
      vertex 24.8898 27.3528 -10.5
      vertex 25.0278 27.4551 -10.5
    endloop
  endfacet
  facet normal 0 0 1
    outer loop
      vertex 5.65 29.1 -10.5
      vertex 24.7626 27.2374 -10.5
      vertex 24.8898 27.3528 -10.5
    endloop
  endfacet
  facet normal 0 0 1
    outer loop
      vertex 5.65 29.1 -10.5
      vertex 24.6472 27.1102 -10.5
      vertex 24.7626 27.2374 -10.5
    endloop
  endfacet
  facet normal 0 0 1
    outer loop
      vertex 5.65 29.1 -10.5
      vertex 24.5449 26.9722 -10.5
      vertex 24.6472 27.1102 -10.5
    endloop
  endfacet
  facet normal 0 0 1
    outer loop
      vertex 5.65 29.1 -10.5
      vertex 24.4566 26.8249 -10.5
      vertex 24.5449 26.9722 -10.5
    endloop
  endfacet
  facet normal 0 0 1
    outer loop
      vertex 5.65 29.1 -10.5
      vertex 24.3832 26.6697 -10.5
      vertex 24.4566 26.8249 -10.5
    endloop
  endfacet
  facet normal 0 0 1
    outer loop
      vertex 24.2836 26.3414 -10.5
      vertex 5.65 29.1 -10.5
      vertex 22.4 22.4 -10.5
    endloop
  endfacet
  facet normal -0 0 1
    outer loop
      vertex 5.65 25.6 -10.5
      vertex 22.4 22.4 -10.5
      vertex 5.65 29.1 -10.5
    endloop
  endfacet
  facet normal -0 0 1
    outer loop
      vertex -5.65 25.6 -10.5
      vertex 22.4 22.4 -10.5
      vertex 5.65 25.6 -10.5
    endloop
  endfacet
  facet normal 0 0 1
    outer loop
      vertex 22.4 22.4 -10.5
      vertex -5.65 25.6 -10.5
      vertex -22.4 22.4 -10.5
    endloop
  endfacet
  facet normal 0 0 1
    outer loop
      vertex 27.7164 25.6586 -10.5
      vertex 29.1 29.1 -10.5
      vertex 27.7416 25.8285 -10.5
    endloop
  endfacet
  facet normal 0 0 1
    outer loop
      vertex 27.6746 25.492 -10.5
      vertex 29.1 29.1 -10.5
      vertex 27.7164 25.6586 -10.5
    endloop
  endfacet
  facet normal 0 0 1
    outer loop
      vertex 29.1 29.1 -10.5
      vertex 27.6746 25.492 -10.5
      vertex 29.1 5.65 -10.5
    endloop
  endfacet
  facet normal -0 0 1
    outer loop
      vertex 27.6168 25.3303 -10.5
      vertex 29.1 5.65 -10.5
      vertex 27.6746 25.492 -10.5
    endloop
  endfacet
  facet normal -0 0 1
    outer loop
      vertex 27.5434 25.1751 -10.5
      vertex 29.1 5.65 -10.5
      vertex 27.6168 25.3303 -10.5
    endloop
  endfacet
  facet normal -0 0 1
    outer loop
      vertex 27.4551 25.0278 -10.5
      vertex 29.1 5.65 -10.5
      vertex 27.5434 25.1751 -10.5
    endloop
  endfacet
  facet normal -0 0 1
    outer loop
      vertex 27.3528 24.8898 -10.5
      vertex 29.1 5.65 -10.5
      vertex 27.4551 25.0278 -10.5
    endloop
  endfacet
  facet normal -0 0 1
    outer loop
      vertex 27.2374 24.7626 -10.5
      vertex 29.1 5.65 -10.5
      vertex 27.3528 24.8898 -10.5
    endloop
  endfacet
  facet normal -0 0 1
    outer loop
      vertex 27.1102 24.6472 -10.5
      vertex 29.1 5.65 -10.5
      vertex 27.2374 24.7626 -10.5
    endloop
  endfacet
  facet normal -0 0 1
    outer loop
      vertex 26.9722 24.5449 -10.5
      vertex 29.1 5.65 -10.5
      vertex 27.1102 24.6472 -10.5
    endloop
  endfacet
  facet normal -0 0 1
    outer loop
      vertex 26.8249 24.4566 -10.5
      vertex 29.1 5.65 -10.5
      vertex 26.9722 24.5449 -10.5
    endloop
  endfacet
  facet normal -0 0 1
    outer loop
      vertex 26.6697 24.3832 -10.5
      vertex 29.1 5.65 -10.5
      vertex 26.8249 24.4566 -10.5
    endloop
  endfacet
  facet normal -0 0 1
    outer loop
      vertex 26.508 24.3254 -10.5
      vertex 29.1 5.65 -10.5
      vertex 26.6697 24.3832 -10.5
    endloop
  endfacet
  facet normal -0 0 1
    outer loop
      vertex 26.3414 24.2836 -10.5
      vertex 29.1 5.65 -10.5
      vertex 26.508 24.3254 -10.5
    endloop
  endfacet
  facet normal 0 0 1
    outer loop
      vertex 22.4 22.4 -10.5
      vertex 26.3414 24.2836 -10.5
      vertex 26.1715 24.2584 -10.5
    endloop
  endfacet
  facet normal 0 0 1
    outer loop
      vertex 22.4 22.4 -10.5
      vertex 26.1715 24.2584 -10.5
      vertex 26 24.25 -10.5
    endloop
  endfacet
  facet normal 0 0 1
    outer loop
      vertex 22.4 22.4 -10.5
      vertex 26 24.25 -10.5
      vertex 25.8285 24.2584 -10.5
    endloop
  endfacet
  facet normal 0 0 1
    outer loop
      vertex 22.4 22.4 -10.5
      vertex 25.8285 24.2584 -10.5
      vertex 25.6586 24.2836 -10.5
    endloop
  endfacet
  facet normal 0 0 1
    outer loop
      vertex 26.3414 24.2836 -10.5
      vertex 22.4 22.4 -10.5
      vertex 29.1 5.65 -10.5
    endloop
  endfacet
  facet normal 0 0 1
    outer loop
      vertex 22.4 22.4 -10.5
      vertex 25.492 24.3254 -10.5
      vertex 25.3303 24.3832 -10.5
    endloop
  endfacet
  facet normal 0 0 1
    outer loop
      vertex 22.4 22.4 -10.5
      vertex 25.6586 24.2836 -10.5
      vertex 25.492 24.3254 -10.5
    endloop
  endfacet
  facet normal -0 0 1
    outer loop
      vertex 27.6746 -25.492 -10.5
      vertex 29.1 -29.1 -10.5
      vertex 29.1 -5.65 -10.5
    endloop
  endfacet
  facet normal 0 0 1
    outer loop
      vertex 29.1 -29.1 -10.5
      vertex 27.7416 -25.8285 -10.5
      vertex 27.75 -26 -10.5
    endloop
  endfacet
  facet normal 0 0 1
    outer loop
      vertex 29.1 -29.1 -10.5
      vertex 27.7164 -25.6586 -10.5
      vertex 27.7416 -25.8285 -10.5
    endloop
  endfacet
  facet normal 0 0 1
    outer loop
      vertex 29.1 -29.1 -10.5
      vertex 27.6746 -25.492 -10.5
      vertex 27.7164 -25.6586 -10.5
    endloop
  endfacet
  facet normal 0 0 1
    outer loop
      vertex 29.1 -5.65 -10.5
      vertex 27.6168 -25.3303 -10.5
      vertex 27.6746 -25.492 -10.5
    endloop
  endfacet
  facet normal 0 0 1
    outer loop
      vertex 29.1 -5.65 -10.5
      vertex 27.5434 -25.1751 -10.5
      vertex 27.6168 -25.3303 -10.5
    endloop
  endfacet
  facet normal 0 0 1
    outer loop
      vertex 29.1 -5.65 -10.5
      vertex 27.4551 -25.0278 -10.5
      vertex 27.5434 -25.1751 -10.5
    endloop
  endfacet
  facet normal 0 0 1
    outer loop
      vertex 29.1 -5.65 -10.5
      vertex 27.3528 -24.8898 -10.5
      vertex 27.4551 -25.0278 -10.5
    endloop
  endfacet
  facet normal 0 0 1
    outer loop
      vertex 29.1 -5.65 -10.5
      vertex 27.2374 -24.7626 -10.5
      vertex 27.3528 -24.8898 -10.5
    endloop
  endfacet
  facet normal 0 0 1
    outer loop
      vertex 29.1 -5.65 -10.5
      vertex 27.1102 -24.6472 -10.5
      vertex 27.2374 -24.7626 -10.5
    endloop
  endfacet
  facet normal 0 0 1
    outer loop
      vertex 29.1 -5.65 -10.5
      vertex 26.9722 -24.5449 -10.5
      vertex 27.1102 -24.6472 -10.5
    endloop
  endfacet
  facet normal 0 0 1
    outer loop
      vertex 29.1 -5.65 -10.5
      vertex 26.8249 -24.4566 -10.5
      vertex 26.9722 -24.5449 -10.5
    endloop
  endfacet
  facet normal 0 0 1
    outer loop
      vertex 29.1 -5.65 -10.5
      vertex 26.6697 -24.3832 -10.5
      vertex 26.8249 -24.4566 -10.5
    endloop
  endfacet
  facet normal 0 0 1
    outer loop
      vertex 29.1 -5.65 -10.5
      vertex 26.508 -24.3254 -10.5
      vertex 26.6697 -24.3832 -10.5
    endloop
  endfacet
  facet normal 0 0 1
    outer loop
      vertex 29.1 -5.65 -10.5
      vertex 26.3414 -24.2836 -10.5
      vertex 26.508 -24.3254 -10.5
    endloop
  endfacet
  facet normal -0 0 1
    outer loop
      vertex 22.4 -22.4 -10.5
      vertex 26.3414 -24.2836 -10.5
      vertex 29.1 -5.65 -10.5
    endloop
  endfacet
  facet normal 0 0 1
    outer loop
      vertex 22.4 -22.4 -10.5
      vertex 29.1 -5.65 -10.5
      vertex 25.6 -5.65 -10.5
    endloop
  endfacet
  facet normal 0 0 1
    outer loop
      vertex 26.3414 -24.2836 -10.5
      vertex 22.4 -22.4 -10.5
      vertex 26.1715 -24.2584 -10.5
    endloop
  endfacet
  facet normal 0 0 1
    outer loop
      vertex 26.1715 -24.2584 -10.5
      vertex 22.4 -22.4 -10.5
      vertex 26 -24.25 -10.5
    endloop
  endfacet
  facet normal 0 0 1
    outer loop
      vertex 26 -24.25 -10.5
      vertex 22.4 -22.4 -10.5
      vertex 25.8285 -24.2584 -10.5
    endloop
  endfacet
  facet normal 0 0 1
    outer loop
      vertex 22.4 22.4 -10.5
      vertex 25.3303 24.3832 -10.5
      vertex 25.1751 24.4566 -10.5
    endloop
  endfacet
  facet normal 0 0 1
    outer loop
      vertex 25.8285 -24.2584 -10.5
      vertex 22.4 -22.4 -10.5
      vertex 25.6586 -24.2836 -10.5
    endloop
  endfacet
  facet normal 0 0 1
    outer loop
      vertex 22.4 22.4 -10.5
      vertex 25.1751 24.4566 -10.5
      vertex 25.0278 24.5449 -10.5
    endloop
  endfacet
  facet normal 0 0 1
    outer loop
      vertex 25.6586 -24.2836 -10.5
      vertex 22.4 -22.4 -10.5
      vertex 25.492 -24.3254 -10.5
    endloop
  endfacet
  facet normal 0 0 1
    outer loop
      vertex 22.4 22.4 -10.5
      vertex 25.0278 24.5449 -10.5
      vertex 24.8898 24.6472 -10.5
    endloop
  endfacet
  facet normal 0 0 1
    outer loop
      vertex 25.492 -24.3254 -10.5
      vertex 22.4 -22.4 -10.5
      vertex 25.3303 -24.3832 -10.5
    endloop
  endfacet
  facet normal 0 0 1
    outer loop
      vertex 22.4 22.4 -10.5
      vertex 24.8898 24.6472 -10.5
      vertex 24.7626 24.7626 -10.5
    endloop
  endfacet
  facet normal 0 0 1
    outer loop
      vertex 25.3303 -24.3832 -10.5
      vertex 22.4 -22.4 -10.5
      vertex 25.1751 -24.4566 -10.5
    endloop
  endfacet
  facet normal 0 0 1
    outer loop
      vertex 22.4 22.4 -10.5
      vertex 24.7626 24.7626 -10.5
      vertex 24.6472 24.8898 -10.5
    endloop
  endfacet
  facet normal 0 0 1
    outer loop
      vertex 25.1751 -24.4566 -10.5
      vertex 22.4 -22.4 -10.5
      vertex 25.0278 -24.5449 -10.5
    endloop
  endfacet
  facet normal 0 0 1
    outer loop
      vertex 22.4 22.4 -10.5
      vertex 24.6472 24.8898 -10.5
      vertex 24.5449 25.0278 -10.5
    endloop
  endfacet
  facet normal 0 0 1
    outer loop
      vertex 25.0278 -24.5449 -10.5
      vertex 22.4 -22.4 -10.5
      vertex 24.8898 -24.6472 -10.5
    endloop
  endfacet
  facet normal 0 0 1
    outer loop
      vertex 22.4 22.4 -10.5
      vertex 24.5449 25.0278 -10.5
      vertex 24.4566 25.1751 -10.5
    endloop
  endfacet
  facet normal 0 0 1
    outer loop
      vertex 24.8898 -24.6472 -10.5
      vertex 22.4 -22.4 -10.5
      vertex 24.7626 -24.7626 -10.5
    endloop
  endfacet
  facet normal 0 0 1
    outer loop
      vertex 22.4 22.4 -10.5
      vertex 24.4566 25.1751 -10.5
      vertex 24.3832 25.3303 -10.5
    endloop
  endfacet
  facet normal 0 0 1
    outer loop
      vertex 24.7626 -24.7626 -10.5
      vertex 22.4 -22.4 -10.5
      vertex 24.6472 -24.8898 -10.5
    endloop
  endfacet
  facet normal 0 0 1
    outer loop
      vertex 22.4 22.4 -10.5
      vertex 24.3832 25.3303 -10.5
      vertex 24.3254 25.492 -10.5
    endloop
  endfacet
  facet normal 0 0 1
    outer loop
      vertex 24.6472 -24.8898 -10.5
      vertex 22.4 -22.4 -10.5
      vertex 24.5449 -25.0278 -10.5
    endloop
  endfacet
  facet normal 0 0 1
    outer loop
      vertex 22.4 22.4 -10.5
      vertex 24.3254 25.492 -10.5
      vertex 24.2836 25.6586 -10.5
    endloop
  endfacet
  facet normal 0 0 1
    outer loop
      vertex 24.5449 -25.0278 -10.5
      vertex 22.4 -22.4 -10.5
      vertex 24.4566 -25.1751 -10.5
    endloop
  endfacet
  facet normal 0 0 1
    outer loop
      vertex 22.4 22.4 -10.5
      vertex 24.2836 25.6586 -10.5
      vertex 24.2584 25.8285 -10.5
    endloop
  endfacet
  facet normal 0 0 1
    outer loop
      vertex 24.4566 -25.1751 -10.5
      vertex 22.4 -22.4 -10.5
      vertex 24.3832 -25.3303 -10.5
    endloop
  endfacet
  facet normal 0 0 1
    outer loop
      vertex 29.1 5.65 -10.5
      vertex 22.4 22.4 -10.5
      vertex 25.6 5.65 -10.5
    endloop
  endfacet
  facet normal 0 0 1
    outer loop
      vertex 24.3832 -25.3303 -10.5
      vertex 22.4 -22.4 -10.5
      vertex 24.3254 -25.492 -10.5
    endloop
  endfacet
  facet normal 0 0 1
    outer loop
      vertex 25.6 5.65 -10.5
      vertex 22.4 22.4 -10.5
      vertex 25.6 -5.65 -10.5
    endloop
  endfacet
  facet normal 0 0 1
    outer loop
      vertex 24.3254 -25.492 -10.5
      vertex 22.4 -22.4 -10.5
      vertex 24.2836 -25.6586 -10.5
    endloop
  endfacet
  facet normal 0 0 1
    outer loop
      vertex 22.4 22.4 -10.5
      vertex 24.2584 25.8285 -10.5
      vertex 24.25 26 -10.5
    endloop
  endfacet
  facet normal 0 0 1
    outer loop
      vertex 22.4 -22.4 -10.5
      vertex 25.6 -5.65 -10.5
      vertex 22.4 22.4 -10.5
    endloop
  endfacet
  facet normal -0 0 1
    outer loop
      vertex 27.7416 -26.1715 -10.5
      vertex 29.1 -29.1 -10.5
      vertex 27.75 -26 -10.5
    endloop
  endfacet
  facet normal -0 0 1
    outer loop
      vertex 27.7164 -26.3414 -10.5
      vertex 29.1 -29.1 -10.5
      vertex 27.7416 -26.1715 -10.5
    endloop
  endfacet
  facet normal -0 0 1
    outer loop
      vertex 27.6746 -26.508 -10.5
      vertex 29.1 -29.1 -10.5
      vertex 27.7164 -26.3414 -10.5
    endloop
  endfacet
  facet normal -0 0 1
    outer loop
      vertex 27.6168 -26.6697 -10.5
      vertex 29.1 -29.1 -10.5
      vertex 27.6746 -26.508 -10.5
    endloop
  endfacet
  facet normal -0 0 1
    outer loop
      vertex 27.5434 -26.8249 -10.5
      vertex 29.1 -29.1 -10.5
      vertex 27.6168 -26.6697 -10.5
    endloop
  endfacet
  facet normal -0 0 1
    outer loop
      vertex 27.4551 -26.9722 -10.5
      vertex 29.1 -29.1 -10.5
      vertex 27.5434 -26.8249 -10.5
    endloop
  endfacet
  facet normal -0 0 1
    outer loop
      vertex 27.3528 -27.1102 -10.5
      vertex 29.1 -29.1 -10.5
      vertex 27.4551 -26.9722 -10.5
    endloop
  endfacet
  facet normal -0 0 1
    outer loop
      vertex 27.2374 -27.2374 -10.5
      vertex 29.1 -29.1 -10.5
      vertex 27.3528 -27.1102 -10.5
    endloop
  endfacet
  facet normal -0 0 1
    outer loop
      vertex 27.1102 -27.3528 -10.5
      vertex 29.1 -29.1 -10.5
      vertex 27.2374 -27.2374 -10.5
    endloop
  endfacet
  facet normal -0 0 1
    outer loop
      vertex 26.9722 -27.4551 -10.5
      vertex 29.1 -29.1 -10.5
      vertex 27.1102 -27.3528 -10.5
    endloop
  endfacet
  facet normal -0 0 1
    outer loop
      vertex 26.8249 -27.5434 -10.5
      vertex 29.1 -29.1 -10.5
      vertex 26.9722 -27.4551 -10.5
    endloop
  endfacet
  facet normal -0 0 1
    outer loop
      vertex 26.6697 -27.6168 -10.5
      vertex 29.1 -29.1 -10.5
      vertex 26.8249 -27.5434 -10.5
    endloop
  endfacet
  facet normal -0 0 1
    outer loop
      vertex 26.508 -27.6746 -10.5
      vertex 29.1 -29.1 -10.5
      vertex 26.6697 -27.6168 -10.5
    endloop
  endfacet
  facet normal -0 0 1
    outer loop
      vertex 26.3414 -27.7164 -10.5
      vertex 29.1 -29.1 -10.5
      vertex 26.508 -27.6746 -10.5
    endloop
  endfacet
  facet normal -0 0 1
    outer loop
      vertex 26.1715 -27.7416 -10.5
      vertex 29.1 -29.1 -10.5
      vertex 26.3414 -27.7164 -10.5
    endloop
  endfacet
  facet normal -0 0 1
    outer loop
      vertex 26 -27.75 -10.5
      vertex 29.1 -29.1 -10.5
      vertex 26.1715 -27.7416 -10.5
    endloop
  endfacet
  facet normal 0 0 1
    outer loop
      vertex 25.8285 -27.7416 -10.5
      vertex 29.1 -29.1 -10.5
      vertex 26 -27.75 -10.5
    endloop
  endfacet
  facet normal 0 0 1
    outer loop
      vertex 25.6586 -27.7164 -10.5
      vertex 29.1 -29.1 -10.5
      vertex 25.8285 -27.7416 -10.5
    endloop
  endfacet
  facet normal 0 0 1
    outer loop
      vertex 25.492 -27.6746 -10.5
      vertex 29.1 -29.1 -10.5
      vertex 25.6586 -27.7164 -10.5
    endloop
  endfacet
  facet normal 0 0 1
    outer loop
      vertex 5.65 -29.1 -10.5
      vertex 25.492 -27.6746 -10.5
      vertex 25.3303 -27.6168 -10.5
    endloop
  endfacet
  facet normal 0 0 1
    outer loop
      vertex 24.2584 -25.8285 -10.5
      vertex 22.4 -22.4 -10.5
      vertex 24.25 -26 -10.5
    endloop
  endfacet
  facet normal 0 0 1
    outer loop
      vertex 22.4 -22.4 -10.5
      vertex 24.2584 -26.1715 -10.5
      vertex 24.25 -26 -10.5
    endloop
  endfacet
  facet normal 0 0 1
    outer loop
      vertex 22.4 -22.4 -10.5
      vertex 24.2836 -26.3414 -10.5
      vertex 24.2584 -26.1715 -10.5
    endloop
  endfacet
  facet normal 0 0 1
    outer loop
      vertex 5.65 -29.1 -10.5
      vertex 24.2836 -26.3414 -10.5
      vertex 22.4 -22.4 -10.5
    endloop
  endfacet
  facet normal 0 0 1
    outer loop
      vertex 24.2836 -26.3414 -10.5
      vertex 5.65 -29.1 -10.5
      vertex 24.3254 -26.508 -10.5
    endloop
  endfacet
  facet normal 0 0 1
    outer loop
      vertex 5.65 -29.1 -10.5
      vertex 22.4 -22.4 -10.5
      vertex 5.65 -25.6 -10.5
    endloop
  endfacet
  facet normal 0 0 1
    outer loop
      vertex 24.3254 -26.508 -10.5
      vertex 5.65 -29.1 -10.5
      vertex 24.3832 -26.6697 -10.5
    endloop
  endfacet
  facet normal 0 0 1
    outer loop
      vertex 24.3832 -26.6697 -10.5
      vertex 5.65 -29.1 -10.5
      vertex 24.4566 -26.8249 -10.5
    endloop
  endfacet
  facet normal 0 0 1
    outer loop
      vertex 24.4566 -26.8249 -10.5
      vertex 5.65 -29.1 -10.5
      vertex 24.5449 -26.9722 -10.5
    endloop
  endfacet
  facet normal 0 0 1
    outer loop
      vertex 24.5449 -26.9722 -10.5
      vertex 5.65 -29.1 -10.5
      vertex 24.6472 -27.1102 -10.5
    endloop
  endfacet
  facet normal 0 0 1
    outer loop
      vertex 24.6472 -27.1102 -10.5
      vertex 5.65 -29.1 -10.5
      vertex 24.7626 -27.2374 -10.5
    endloop
  endfacet
  facet normal 0 0 1
    outer loop
      vertex 24.7626 -27.2374 -10.5
      vertex 5.65 -29.1 -10.5
      vertex 24.8898 -27.3528 -10.5
    endloop
  endfacet
  facet normal 0 0 1
    outer loop
      vertex 24.8898 -27.3528 -10.5
      vertex 5.65 -29.1 -10.5
      vertex 25.0278 -27.4551 -10.5
    endloop
  endfacet
  facet normal 0 0 1
    outer loop
      vertex 25.0278 -27.4551 -10.5
      vertex 5.65 -29.1 -10.5
      vertex 25.1751 -27.5434 -10.5
    endloop
  endfacet
  facet normal 0 0 1
    outer loop
      vertex 25.1751 -27.5434 -10.5
      vertex 5.65 -29.1 -10.5
      vertex 25.3303 -27.6168 -10.5
    endloop
  endfacet
  facet normal 0 0 1
    outer loop
      vertex 25.492 -27.6746 -10.5
      vertex 5.65 -29.1 -10.5
      vertex 29.1 -29.1 -10.5
    endloop
  endfacet
  facet normal 0 0 1
    outer loop
      vertex -22.4 22.4 -10.5
      vertex -25.6 5.65 -10.5
      vertex -22.4 -22.4 -10.5
    endloop
  endfacet
  facet normal 0 0 1
    outer loop
      vertex -22.4 -22.4 -10.5
      vertex -24.2584 -25.8285 -10.5
      vertex -24.25 -26 -10.5
    endloop
  endfacet
  facet normal 0 0 1
    outer loop
      vertex -25.6 5.65 -10.5
      vertex -24.2584 25.8285 -10.5
      vertex -24.2836 25.6586 -10.5
    endloop
  endfacet
  facet normal -0 0 1
    outer loop
      vertex -25.6 -5.65 -10.5
      vertex -22.4 -22.4 -10.5
      vertex -25.6 5.65 -10.5
    endloop
  endfacet
  facet normal 0 0 1
    outer loop
      vertex -25.6 5.65 -10.5
      vertex -24.2836 25.6586 -10.5
      vertex -24.3254 25.492 -10.5
    endloop
  endfacet
  facet normal -0 0 1
    outer loop
      vertex -29.1 -5.65 -10.5
      vertex -22.4 -22.4 -10.5
      vertex -25.6 -5.65 -10.5
    endloop
  endfacet
  facet normal 0 0 1
    outer loop
      vertex -25.6 5.65 -10.5
      vertex -24.3254 25.492 -10.5
      vertex -24.3832 25.3303 -10.5
    endloop
  endfacet
  facet normal 0 0 1
    outer loop
      vertex -22.4 -22.4 -10.5
      vertex -24.2836 -25.6586 -10.5
      vertex -24.2584 -25.8285 -10.5
    endloop
  endfacet
  facet normal 0 0 1
    outer loop
      vertex -25.6 5.65 -10.5
      vertex -24.3832 25.3303 -10.5
      vertex -24.4566 25.1751 -10.5
    endloop
  endfacet
  facet normal 0 0 1
    outer loop
      vertex -22.4 -22.4 -10.5
      vertex -24.3254 -25.492 -10.5
      vertex -24.2836 -25.6586 -10.5
    endloop
  endfacet
  facet normal 0 0 1
    outer loop
      vertex -25.6 5.65 -10.5
      vertex -24.4566 25.1751 -10.5
      vertex -24.5449 25.0278 -10.5
    endloop
  endfacet
  facet normal 0 0 1
    outer loop
      vertex -22.4 -22.4 -10.5
      vertex -24.3832 -25.3303 -10.5
      vertex -24.3254 -25.492 -10.5
    endloop
  endfacet
  facet normal 0 0 1
    outer loop
      vertex -25.6 5.65 -10.5
      vertex -24.5449 25.0278 -10.5
      vertex -24.6472 24.8898 -10.5
    endloop
  endfacet
  facet normal 0 0 1
    outer loop
      vertex -22.4 -22.4 -10.5
      vertex -24.4566 -25.1751 -10.5
      vertex -24.3832 -25.3303 -10.5
    endloop
  endfacet
  facet normal 0 0 1
    outer loop
      vertex -25.6 5.65 -10.5
      vertex -24.6472 24.8898 -10.5
      vertex -24.7626 24.7626 -10.5
    endloop
  endfacet
  facet normal 0 0 1
    outer loop
      vertex -22.4 -22.4 -10.5
      vertex -24.5449 -25.0278 -10.5
      vertex -24.4566 -25.1751 -10.5
    endloop
  endfacet
  facet normal 0 0 1
    outer loop
      vertex -25.6 5.65 -10.5
      vertex -24.7626 24.7626 -10.5
      vertex -24.8898 24.6472 -10.5
    endloop
  endfacet
  facet normal 0 0 1
    outer loop
      vertex -22.4 -22.4 -10.5
      vertex -24.6472 -24.8898 -10.5
      vertex -24.5449 -25.0278 -10.5
    endloop
  endfacet
  facet normal 0 0 1
    outer loop
      vertex -25.6 5.65 -10.5
      vertex -24.8898 24.6472 -10.5
      vertex -25.0278 24.5449 -10.5
    endloop
  endfacet
  facet normal 0 0 1
    outer loop
      vertex -22.4 -22.4 -10.5
      vertex -24.7626 -24.7626 -10.5
      vertex -24.6472 -24.8898 -10.5
    endloop
  endfacet
  facet normal 0 0 1
    outer loop
      vertex -25.6 5.65 -10.5
      vertex -25.0278 24.5449 -10.5
      vertex -25.1751 24.4566 -10.5
    endloop
  endfacet
  facet normal 0 0 1
    outer loop
      vertex -22.4 -22.4 -10.5
      vertex -24.8898 -24.6472 -10.5
      vertex -24.7626 -24.7626 -10.5
    endloop
  endfacet
  facet normal 0 0 1
    outer loop
      vertex -25.6 5.65 -10.5
      vertex -25.1751 24.4566 -10.5
      vertex -25.3303 24.3832 -10.5
    endloop
  endfacet
  facet normal 0 0 1
    outer loop
      vertex -22.4 -22.4 -10.5
      vertex -25.0278 -24.5449 -10.5
      vertex -24.8898 -24.6472 -10.5
    endloop
  endfacet
  facet normal 0 0 1
    outer loop
      vertex -25.6 5.65 -10.5
      vertex -25.3303 24.3832 -10.5
      vertex -25.492 24.3254 -10.5
    endloop
  endfacet
  facet normal 0 0 1
    outer loop
      vertex -22.4 -22.4 -10.5
      vertex -25.1751 -24.4566 -10.5
      vertex -25.0278 -24.5449 -10.5
    endloop
  endfacet
  facet normal 0 0 1
    outer loop
      vertex -22.4 -22.4 -10.5
      vertex -25.3303 -24.3832 -10.5
      vertex -25.1751 -24.4566 -10.5
    endloop
  endfacet
  facet normal -0 0 1
    outer loop
      vertex -25.6586 24.2836 -10.5
      vertex -25.6 5.65 -10.5
      vertex -25.492 24.3254 -10.5
    endloop
  endfacet
  facet normal -0 0 1
    outer loop
      vertex -25.8285 24.2584 -10.5
      vertex -25.6 5.65 -10.5
      vertex -25.6586 24.2836 -10.5
    endloop
  endfacet
  facet normal -0 0 1
    outer loop
      vertex -26 24.25 -10.5
      vertex -25.6 5.65 -10.5
      vertex -25.8285 24.2584 -10.5
    endloop
  endfacet
  facet normal 0 0 1
    outer loop
      vertex -26.1715 24.2584 -10.5
      vertex -25.6 5.65 -10.5
      vertex -26 24.25 -10.5
    endloop
  endfacet
  facet normal 0 0 1
    outer loop
      vertex -29.1 5.65 -10.5
      vertex -26.1715 24.2584 -10.5
      vertex -26.3414 24.2836 -10.5
    endloop
  endfacet
  facet normal 0 0 1
    outer loop
      vertex -29.1 5.65 -10.5
      vertex -26.3414 24.2836 -10.5
      vertex -26.508 24.3254 -10.5
    endloop
  endfacet
  facet normal 0 0 1
    outer loop
      vertex -29.1 5.65 -10.5
      vertex -26.508 24.3254 -10.5
      vertex -26.6697 24.3832 -10.5
    endloop
  endfacet
  facet normal 0 0 1
    outer loop
      vertex -29.1 5.65 -10.5
      vertex -26.6697 24.3832 -10.5
      vertex -26.8249 24.4566 -10.5
    endloop
  endfacet
  facet normal 0 0 1
    outer loop
      vertex -29.1 5.65 -10.5
      vertex -26.8249 24.4566 -10.5
      vertex -26.9722 24.5449 -10.5
    endloop
  endfacet
  facet normal 0 0 1
    outer loop
      vertex -29.1 5.65 -10.5
      vertex -26.9722 24.5449 -10.5
      vertex -27.1102 24.6472 -10.5
    endloop
  endfacet
  facet normal 0 0 1
    outer loop
      vertex -29.1 5.65 -10.5
      vertex -27.1102 24.6472 -10.5
      vertex -27.2374 24.7626 -10.5
    endloop
  endfacet
  facet normal 0 0 1
    outer loop
      vertex -29.1 5.65 -10.5
      vertex -27.2374 24.7626 -10.5
      vertex -27.3528 24.8898 -10.5
    endloop
  endfacet
  facet normal 0 0 1
    outer loop
      vertex -29.1 5.65 -10.5
      vertex -27.3528 24.8898 -10.5
      vertex -27.4551 25.0278 -10.5
    endloop
  endfacet
  facet normal 0 0 1
    outer loop
      vertex -29.1 5.65 -10.5
      vertex -27.4551 25.0278 -10.5
      vertex -27.5434 25.1751 -10.5
    endloop
  endfacet
  facet normal 0 0 1
    outer loop
      vertex -29.1 5.65 -10.5
      vertex -27.5434 25.1751 -10.5
      vertex -27.6168 25.3303 -10.5
    endloop
  endfacet
  facet normal 0 0 1
    outer loop
      vertex -29.1 5.65 -10.5
      vertex -27.6168 25.3303 -10.5
      vertex -27.6746 25.492 -10.5
    endloop
  endfacet
  facet normal 0 0 1
    outer loop
      vertex -29.1 29.1 -10.5
      vertex -27.6746 25.492 -10.5
      vertex -27.7164 25.6586 -10.5
    endloop
  endfacet
  facet normal 0 0 1
    outer loop
      vertex -29.1 29.1 -10.5
      vertex -27.7164 25.6586 -10.5
      vertex -27.7416 25.8285 -10.5
    endloop
  endfacet
  facet normal 0 0 1
    outer loop
      vertex -29.1 29.1 -10.5
      vertex -27.7416 25.8285 -10.5
      vertex -27.75 26 -10.5
    endloop
  endfacet
  facet normal 0 0 1
    outer loop
      vertex -27.6746 25.492 -10.5
      vertex -29.1 29.1 -10.5
      vertex -29.1 5.65 -10.5
    endloop
  endfacet
  facet normal 0 0 1
    outer loop
      vertex -26.1715 24.2584 -10.5
      vertex -29.1 5.65 -10.5
      vertex -25.6 5.65 -10.5
    endloop
  endfacet
  facet normal 0 0 1
    outer loop
      vertex -5.65 29.1 -10.5
      vertex -22.4 22.4 -10.5
      vertex -5.65 25.6 -10.5
    endloop
  endfacet
  facet normal -0 0 1
    outer loop
      vertex -24.2584 25.8285 -10.5
      vertex -22.4 22.4 -10.5
      vertex -24.25 26 -10.5
    endloop
  endfacet
  facet normal -0 0 1
    outer loop
      vertex -24.2836 26.3414 -10.5
      vertex -22.4 22.4 -10.5
      vertex -5.65 29.1 -10.5
    endloop
  endfacet
  facet normal 0 0 1
    outer loop
      vertex -22.4 22.4 -10.5
      vertex -24.2584 26.1715 -10.5
      vertex -24.25 26 -10.5
    endloop
  endfacet
  facet normal 0 0 1
    outer loop
      vertex -22.4 22.4 -10.5
      vertex -24.2836 26.3414 -10.5
      vertex -24.2584 26.1715 -10.5
    endloop
  endfacet
  facet normal 0 0 1
    outer loop
      vertex -5.65 29.1 -10.5
      vertex -24.3254 26.508 -10.5
      vertex -24.2836 26.3414 -10.5
    endloop
  endfacet
  facet normal 0 0 1
    outer loop
      vertex -5.65 29.1 -10.5
      vertex -24.3832 26.6697 -10.5
      vertex -24.3254 26.508 -10.5
    endloop
  endfacet
  facet normal 0 0 1
    outer loop
      vertex -5.65 29.1 -10.5
      vertex -24.4566 26.8249 -10.5
      vertex -24.3832 26.6697 -10.5
    endloop
  endfacet
  facet normal 0 0 1
    outer loop
      vertex -5.65 29.1 -10.5
      vertex -24.5449 26.9722 -10.5
      vertex -24.4566 26.8249 -10.5
    endloop
  endfacet
  facet normal 0 0 1
    outer loop
      vertex -5.65 29.1 -10.5
      vertex -24.6472 27.1102 -10.5
      vertex -24.5449 26.9722 -10.5
    endloop
  endfacet
  facet normal 0 0 1
    outer loop
      vertex -5.65 29.1 -10.5
      vertex -24.7626 27.2374 -10.5
      vertex -24.6472 27.1102 -10.5
    endloop
  endfacet
  facet normal 0 0 1
    outer loop
      vertex -5.65 29.1 -10.5
      vertex -24.8898 27.3528 -10.5
      vertex -24.7626 27.2374 -10.5
    endloop
  endfacet
  facet normal 0 0 1
    outer loop
      vertex -5.65 29.1 -10.5
      vertex -25.0278 27.4551 -10.5
      vertex -24.8898 27.3528 -10.5
    endloop
  endfacet
  facet normal 0 0 1
    outer loop
      vertex -5.65 29.1 -10.5
      vertex -25.1751 27.5434 -10.5
      vertex -25.0278 27.4551 -10.5
    endloop
  endfacet
  facet normal 0 0 1
    outer loop
      vertex -5.65 29.1 -10.5
      vertex -25.3303 27.6168 -10.5
      vertex -25.1751 27.5434 -10.5
    endloop
  endfacet
  facet normal 0 0 1
    outer loop
      vertex -5.65 29.1 -10.5
      vertex -25.492 27.6746 -10.5
      vertex -25.3303 27.6168 -10.5
    endloop
  endfacet
  facet normal -0 0 1
    outer loop
      vertex -29.1 29.1 -10.5
      vertex -25.492 27.6746 -10.5
      vertex -5.65 29.1 -10.5
    endloop
  endfacet
  facet normal 0 0 1
    outer loop
      vertex -25.492 27.6746 -10.5
      vertex -29.1 29.1 -10.5
      vertex -25.6586 27.7164 -10.5
    endloop
  endfacet
  facet normal 0 0 1
    outer loop
      vertex -25.6586 27.7164 -10.5
      vertex -29.1 29.1 -10.5
      vertex -25.8285 27.7416 -10.5
    endloop
  endfacet
  facet normal 0 0 1
    outer loop
      vertex -25.8285 27.7416 -10.5
      vertex -29.1 29.1 -10.5
      vertex -26 27.75 -10.5
    endloop
  endfacet
  facet normal 0 0 1
    outer loop
      vertex -27.7416 26.1715 -10.5
      vertex -29.1 29.1 -10.5
      vertex -27.75 26 -10.5
    endloop
  endfacet
  facet normal 0 0 1
    outer loop
      vertex -27.7164 26.3414 -10.5
      vertex -29.1 29.1 -10.5
      vertex -27.7416 26.1715 -10.5
    endloop
  endfacet
  facet normal 0 0 1
    outer loop
      vertex -27.6746 26.508 -10.5
      vertex -29.1 29.1 -10.5
      vertex -27.7164 26.3414 -10.5
    endloop
  endfacet
  facet normal 0 0 1
    outer loop
      vertex -27.6168 26.6697 -10.5
      vertex -29.1 29.1 -10.5
      vertex -27.6746 26.508 -10.5
    endloop
  endfacet
  facet normal 0 0 1
    outer loop
      vertex -27.5434 26.8249 -10.5
      vertex -29.1 29.1 -10.5
      vertex -27.6168 26.6697 -10.5
    endloop
  endfacet
  facet normal 0 0 1
    outer loop
      vertex -27.4551 26.9722 -10.5
      vertex -29.1 29.1 -10.5
      vertex -27.5434 26.8249 -10.5
    endloop
  endfacet
  facet normal 0 0 1
    outer loop
      vertex -27.3528 27.1102 -10.5
      vertex -29.1 29.1 -10.5
      vertex -27.4551 26.9722 -10.5
    endloop
  endfacet
  facet normal 0 0 1
    outer loop
      vertex -27.2374 27.2374 -10.5
      vertex -29.1 29.1 -10.5
      vertex -27.3528 27.1102 -10.5
    endloop
  endfacet
  facet normal 0 0 1
    outer loop
      vertex -27.1102 27.3528 -10.5
      vertex -29.1 29.1 -10.5
      vertex -27.2374 27.2374 -10.5
    endloop
  endfacet
  facet normal 0 0 1
    outer loop
      vertex -26.9722 27.4551 -10.5
      vertex -29.1 29.1 -10.5
      vertex -27.1102 27.3528 -10.5
    endloop
  endfacet
  facet normal 0 0 1
    outer loop
      vertex -26.8249 27.5434 -10.5
      vertex -29.1 29.1 -10.5
      vertex -26.9722 27.4551 -10.5
    endloop
  endfacet
  facet normal 0 0 1
    outer loop
      vertex -26.6697 27.6168 -10.5
      vertex -29.1 29.1 -10.5
      vertex -26.8249 27.5434 -10.5
    endloop
  endfacet
  facet normal 0 0 1
    outer loop
      vertex -26.508 27.6746 -10.5
      vertex -29.1 29.1 -10.5
      vertex -26.6697 27.6168 -10.5
    endloop
  endfacet
  facet normal 0 0 1
    outer loop
      vertex -26.3414 27.7164 -10.5
      vertex -29.1 29.1 -10.5
      vertex -26.508 27.6746 -10.5
    endloop
  endfacet
  facet normal 0 0 1
    outer loop
      vertex -26.1715 27.7416 -10.5
      vertex -29.1 29.1 -10.5
      vertex -26.3414 27.7164 -10.5
    endloop
  endfacet
  facet normal 0 0 1
    outer loop
      vertex -26 27.75 -10.5
      vertex -29.1 29.1 -10.5
      vertex -26.1715 27.7416 -10.5
    endloop
  endfacet
  facet normal 0 0 1
    outer loop
      vertex 22.4 -22.4 -10.5
      vertex -5.65 -25.6 -10.5
      vertex 5.65 -25.6 -10.5
    endloop
  endfacet
  facet normal -0 0 1
    outer loop
      vertex -22.4 -22.4 -10.5
      vertex -5.65 -25.6 -10.5
      vertex 22.4 -22.4 -10.5
    endloop
  endfacet
  facet normal 0 0 1
    outer loop
      vertex -22.4 -22.4 -10.5
      vertex -5.65 -29.1 -10.5
      vertex -5.65 -25.6 -10.5
    endloop
  endfacet
  facet normal 0 0 1
    outer loop
      vertex -25.6 5.65 -10.5
      vertex -22.4 22.4 -10.5
      vertex -24.2584 25.8285 -10.5
    endloop
  endfacet
  facet normal 0 0 1
    outer loop
      vertex -24.2584 -26.1715 -10.5
      vertex -22.4 -22.4 -10.5
      vertex -24.25 -26 -10.5
    endloop
  endfacet
  facet normal 0 0 1
    outer loop
      vertex -24.2836 -26.3414 -10.5
      vertex -22.4 -22.4 -10.5
      vertex -24.2584 -26.1715 -10.5
    endloop
  endfacet
  facet normal 0 0 1
    outer loop
      vertex -22.4 -22.4 -10.5
      vertex -24.2836 -26.3414 -10.5
      vertex -5.65 -29.1 -10.5
    endloop
  endfacet
  facet normal -0 0 1
    outer loop
      vertex -24.3254 -26.508 -10.5
      vertex -5.65 -29.1 -10.5
      vertex -24.2836 -26.3414 -10.5
    endloop
  endfacet
  facet normal -0 0 1
    outer loop
      vertex -24.3832 -26.6697 -10.5
      vertex -5.65 -29.1 -10.5
      vertex -24.3254 -26.508 -10.5
    endloop
  endfacet
  facet normal -0 0 1
    outer loop
      vertex -24.4566 -26.8249 -10.5
      vertex -5.65 -29.1 -10.5
      vertex -24.3832 -26.6697 -10.5
    endloop
  endfacet
  facet normal -0 0 1
    outer loop
      vertex -24.5449 -26.9722 -10.5
      vertex -5.65 -29.1 -10.5
      vertex -24.4566 -26.8249 -10.5
    endloop
  endfacet
  facet normal -0 0 1
    outer loop
      vertex -24.6472 -27.1102 -10.5
      vertex -5.65 -29.1 -10.5
      vertex -24.5449 -26.9722 -10.5
    endloop
  endfacet
  facet normal -0 0 1
    outer loop
      vertex -24.7626 -27.2374 -10.5
      vertex -5.65 -29.1 -10.5
      vertex -24.6472 -27.1102 -10.5
    endloop
  endfacet
  facet normal -0 0 1
    outer loop
      vertex -24.8898 -27.3528 -10.5
      vertex -5.65 -29.1 -10.5
      vertex -24.7626 -27.2374 -10.5
    endloop
  endfacet
  facet normal -0 0 1
    outer loop
      vertex -25.0278 -27.4551 -10.5
      vertex -5.65 -29.1 -10.5
      vertex -24.8898 -27.3528 -10.5
    endloop
  endfacet
  facet normal -0 0 1
    outer loop
      vertex -25.1751 -27.5434 -10.5
      vertex -5.65 -29.1 -10.5
      vertex -25.0278 -27.4551 -10.5
    endloop
  endfacet
  facet normal -0 0 1
    outer loop
      vertex -25.3303 -27.6168 -10.5
      vertex -5.65 -29.1 -10.5
      vertex -25.1751 -27.5434 -10.5
    endloop
  endfacet
  facet normal -0 0 1
    outer loop
      vertex -25.492 -27.6746 -10.5
      vertex -5.65 -29.1 -10.5
      vertex -25.3303 -27.6168 -10.5
    endloop
  endfacet
  facet normal 0 0 1
    outer loop
      vertex -29.1 -29.1 -10.5
      vertex -25.492 -27.6746 -10.5
      vertex -25.6586 -27.7164 -10.5
    endloop
  endfacet
  facet normal 0 0 1
    outer loop
      vertex -29.1 -29.1 -10.5
      vertex -25.6586 -27.7164 -10.5
      vertex -25.8285 -27.7416 -10.5
    endloop
  endfacet
  facet normal 0 0 1
    outer loop
      vertex -29.1 -29.1 -10.5
      vertex -25.8285 -27.7416 -10.5
      vertex -26 -27.75 -10.5
    endloop
  endfacet
  facet normal 0 0 1
    outer loop
      vertex -29.1 -29.1 -10.5
      vertex -26 -27.75 -10.5
      vertex -26.1715 -27.7416 -10.5
    endloop
  endfacet
  facet normal 0 0 1
    outer loop
      vertex -27.7416 -25.8285 -10.5
      vertex -29.1 -29.1 -10.5
      vertex -27.75 -26 -10.5
    endloop
  endfacet
  facet normal 0 0 1
    outer loop
      vertex -25.492 -27.6746 -10.5
      vertex -29.1 -29.1 -10.5
      vertex -5.65 -29.1 -10.5
    endloop
  endfacet
  facet normal 0 0 1
    outer loop
      vertex -26.3414 -27.7164 -10.5
      vertex -29.1 -29.1 -10.5
      vertex -26.1715 -27.7416 -10.5
    endloop
  endfacet
  facet normal 0 0 1
    outer loop
      vertex -26.508 -27.6746 -10.5
      vertex -29.1 -29.1 -10.5
      vertex -26.3414 -27.7164 -10.5
    endloop
  endfacet
  facet normal 0 0 1
    outer loop
      vertex -26.6697 -27.6168 -10.5
      vertex -29.1 -29.1 -10.5
      vertex -26.508 -27.6746 -10.5
    endloop
  endfacet
  facet normal 0 0 1
    outer loop
      vertex -26.8249 -27.5434 -10.5
      vertex -29.1 -29.1 -10.5
      vertex -26.6697 -27.6168 -10.5
    endloop
  endfacet
  facet normal 0 0 1
    outer loop
      vertex -26.9722 -27.4551 -10.5
      vertex -29.1 -29.1 -10.5
      vertex -26.8249 -27.5434 -10.5
    endloop
  endfacet
  facet normal 0 0 1
    outer loop
      vertex -27.1102 -27.3528 -10.5
      vertex -29.1 -29.1 -10.5
      vertex -26.9722 -27.4551 -10.5
    endloop
  endfacet
  facet normal 0 0 1
    outer loop
      vertex -27.2374 -27.2374 -10.5
      vertex -29.1 -29.1 -10.5
      vertex -27.1102 -27.3528 -10.5
    endloop
  endfacet
  facet normal 0 0 1
    outer loop
      vertex -27.3528 -27.1102 -10.5
      vertex -29.1 -29.1 -10.5
      vertex -27.2374 -27.2374 -10.5
    endloop
  endfacet
  facet normal 0 0 1
    outer loop
      vertex -27.4551 -26.9722 -10.5
      vertex -29.1 -29.1 -10.5
      vertex -27.3528 -27.1102 -10.5
    endloop
  endfacet
  facet normal 0 0 1
    outer loop
      vertex -27.5434 -26.8249 -10.5
      vertex -29.1 -29.1 -10.5
      vertex -27.4551 -26.9722 -10.5
    endloop
  endfacet
  facet normal 0 0 1
    outer loop
      vertex -27.6168 -26.6697 -10.5
      vertex -29.1 -29.1 -10.5
      vertex -27.5434 -26.8249 -10.5
    endloop
  endfacet
  facet normal 0 0 1
    outer loop
      vertex -27.6746 -26.508 -10.5
      vertex -29.1 -29.1 -10.5
      vertex -27.6168 -26.6697 -10.5
    endloop
  endfacet
  facet normal 0 0 1
    outer loop
      vertex -27.7164 -26.3414 -10.5
      vertex -29.1 -29.1 -10.5
      vertex -27.6746 -26.508 -10.5
    endloop
  endfacet
  facet normal 0 0 1
    outer loop
      vertex -27.7416 -26.1715 -10.5
      vertex -29.1 -29.1 -10.5
      vertex -27.7164 -26.3414 -10.5
    endloop
  endfacet
  facet normal 0 0 1
    outer loop
      vertex -27.75 -26 -10.5
      vertex -29.1 -29.1 -10.5
      vertex -27.7416 -26.1715 -10.5
    endloop
  endfacet
  facet normal 0 0 1
    outer loop
      vertex -22.4 -22.4 -10.5
      vertex -25.492 -24.3254 -10.5
      vertex -25.3303 -24.3832 -10.5
    endloop
  endfacet
  facet normal 0 0 1
    outer loop
      vertex -22.4 -22.4 -10.5
      vertex -25.6586 -24.2836 -10.5
      vertex -25.492 -24.3254 -10.5
    endloop
  endfacet
  facet normal 0 0 1
    outer loop
      vertex -22.4 -22.4 -10.5
      vertex -25.8285 -24.2584 -10.5
      vertex -25.6586 -24.2836 -10.5
    endloop
  endfacet
  facet normal 0 0 1
    outer loop
      vertex -22.4 -22.4 -10.5
      vertex -26 -24.25 -10.5
      vertex -25.8285 -24.2584 -10.5
    endloop
  endfacet
  facet normal 0 0 1
    outer loop
      vertex -22.4 -22.4 -10.5
      vertex -26.1715 -24.2584 -10.5
      vertex -26 -24.25 -10.5
    endloop
  endfacet
  facet normal 0 -0 1
    outer loop
      vertex -26.3414 -24.2836 -10.5
      vertex -22.4 -22.4 -10.5
      vertex -29.1 -5.65 -10.5
    endloop
  endfacet
  facet normal 0 0 1
    outer loop
      vertex -22.4 -22.4 -10.5
      vertex -26.3414 -24.2836 -10.5
      vertex -26.1715 -24.2584 -10.5
    endloop
  endfacet
  facet normal 0 0 1
    outer loop
      vertex -26.3414 -24.2836 -10.5
      vertex -29.1 -5.65 -10.5
      vertex -26.508 -24.3254 -10.5
    endloop
  endfacet
  facet normal 0 0 1
    outer loop
      vertex -26.508 -24.3254 -10.5
      vertex -29.1 -5.65 -10.5
      vertex -26.6697 -24.3832 -10.5
    endloop
  endfacet
  facet normal 0 0 1
    outer loop
      vertex -26.6697 -24.3832 -10.5
      vertex -29.1 -5.65 -10.5
      vertex -26.8249 -24.4566 -10.5
    endloop
  endfacet
  facet normal 0 0 1
    outer loop
      vertex -26.8249 -24.4566 -10.5
      vertex -29.1 -5.65 -10.5
      vertex -26.9722 -24.5449 -10.5
    endloop
  endfacet
  facet normal 0 0 1
    outer loop
      vertex -26.9722 -24.5449 -10.5
      vertex -29.1 -5.65 -10.5
      vertex -27.1102 -24.6472 -10.5
    endloop
  endfacet
  facet normal 0 0 1
    outer loop
      vertex -27.1102 -24.6472 -10.5
      vertex -29.1 -5.65 -10.5
      vertex -27.2374 -24.7626 -10.5
    endloop
  endfacet
  facet normal 0 0 1
    outer loop
      vertex -27.2374 -24.7626 -10.5
      vertex -29.1 -5.65 -10.5
      vertex -27.3528 -24.8898 -10.5
    endloop
  endfacet
  facet normal 0 0 1
    outer loop
      vertex -27.3528 -24.8898 -10.5
      vertex -29.1 -5.65 -10.5
      vertex -27.4551 -25.0278 -10.5
    endloop
  endfacet
  facet normal 0 0 1
    outer loop
      vertex -27.4551 -25.0278 -10.5
      vertex -29.1 -5.65 -10.5
      vertex -27.5434 -25.1751 -10.5
    endloop
  endfacet
  facet normal 0 0 1
    outer loop
      vertex -27.5434 -25.1751 -10.5
      vertex -29.1 -5.65 -10.5
      vertex -27.6168 -25.3303 -10.5
    endloop
  endfacet
  facet normal 0 0 1
    outer loop
      vertex -27.6168 -25.3303 -10.5
      vertex -29.1 -5.65 -10.5
      vertex -27.6746 -25.492 -10.5
    endloop
  endfacet
  facet normal 0 0 1
    outer loop
      vertex -29.1 -29.1 -10.5
      vertex -27.6746 -25.492 -10.5
      vertex -29.1 -5.65 -10.5
    endloop
  endfacet
  facet normal 0 0 1
    outer loop
      vertex -27.7164 -25.6586 -10.5
      vertex -29.1 -29.1 -10.5
      vertex -27.7416 -25.8285 -10.5
    endloop
  endfacet
  facet normal 0 0 1
    outer loop
      vertex -27.6746 -25.492 -10.5
      vertex -29.1 -29.1 -10.5
      vertex -27.7164 -25.6586 -10.5
    endloop
  endfacet
  facet normal -1 0 0
    outer loop
      vertex 5.65 25.6 -14
      vertex 5.65 29.1 -10.5
      vertex 5.65 29.1 -14
    endloop
  endfacet
  facet normal -1 -0 0
    outer loop
      vertex 5.65 29.1 -10.5
      vertex 5.65 25.6 -14
      vertex 5.65 25.6 -10.5
    endloop
  endfacet
  facet normal -1 0 0
    outer loop
      vertex -25.6 -5.65 -14
      vertex -25.6 5.65 -10.5
      vertex -25.6 5.65 -14
    endloop
  endfacet
  facet normal -1 -0 0
    outer loop
      vertex -25.6 5.65 -10.5
      vertex -25.6 -5.65 -14
      vertex -25.6 -5.65 -10.5
    endloop
  endfacet
  facet normal 0 1 -0
    outer loop
      vertex -25.6 -5.65 -14
      vertex -29.1 -5.65 -10.5
      vertex -25.6 -5.65 -10.5
    endloop
  endfacet
  facet normal 0 1 0
    outer loop
      vertex -29.1 -5.65 -10.5
      vertex -25.6 -5.65 -14
      vertex -29.1 -5.65 -14
    endloop
  endfacet
  facet normal 0 -1 0
    outer loop
      vertex -29.1 5.65 -14
      vertex -25.6 5.65 -10.5
      vertex -29.1 5.65 -10.5
    endloop
  endfacet
  facet normal 0 -1 -0
    outer loop
      vertex -25.6 5.65 -10.5
      vertex -29.1 5.65 -14
      vertex -25.6 5.65 -14
    endloop
  endfacet
  facet normal 1 -0 0
    outer loop
      vertex 25.6 -5.65 -10.5
      vertex 25.6 5.65 -14
      vertex 25.6 5.65 -10.5
    endloop
  endfacet
  facet normal 1 0 0
    outer loop
      vertex 25.6 5.65 -14
      vertex 25.6 -5.65 -10.5
      vertex 25.6 -5.65 -14
    endloop
  endfacet
  facet normal 0 -1 0
    outer loop
      vertex 25.6 5.65 -14
      vertex 29.1 5.65 -10.5
      vertex 25.6 5.65 -10.5
    endloop
  endfacet
  facet normal 0 -1 -0
    outer loop
      vertex 29.1 5.65 -10.5
      vertex 25.6 5.65 -14
      vertex 29.1 5.65 -14
    endloop
  endfacet
  facet normal 0 1 -0
    outer loop
      vertex 29.1 -5.65 -14
      vertex 25.6 -5.65 -10.5
      vertex 29.1 -5.65 -10.5
    endloop
  endfacet
  facet normal 0 1 0
    outer loop
      vertex 25.6 -5.65 -10.5
      vertex 29.1 -5.65 -14
      vertex 25.6 -5.65 -14
    endloop
  endfacet
  facet normal 0 -1 0
    outer loop
      vertex -5.65 -25.6 -14
      vertex 5.65 -25.6 -10.5
      vertex -5.65 -25.6 -10.5
    endloop
  endfacet
  facet normal 0 -1 -0
    outer loop
      vertex 5.65 -25.6 -10.5
      vertex -5.65 -25.6 -14
      vertex 5.65 -25.6 -14
    endloop
  endfacet
  facet normal -1 0 0
    outer loop
      vertex 5.65 -29.1 -14
      vertex 5.65 -25.6 -10.5
      vertex 5.65 -25.6 -14
    endloop
  endfacet
  facet normal -1 -0 0
    outer loop
      vertex 5.65 -25.6 -10.5
      vertex 5.65 -29.1 -14
      vertex 5.65 -29.1 -10.5
    endloop
  endfacet
  facet normal 1 -0 0
    outer loop
      vertex -5.65 -29.1 -10.5
      vertex -5.65 -25.6 -14
      vertex -5.65 -25.6 -10.5
    endloop
  endfacet
  facet normal 1 0 0
    outer loop
      vertex -5.65 -25.6 -14
      vertex -5.65 -29.1 -10.5
      vertex -5.65 -29.1 -14
    endloop
  endfacet
  facet normal -0.989178 -0.146717 0
    outer loop
      vertex 27.7416 26.1715 -11.49
      vertex 27.7164 26.3414 -10.5
      vertex 27.7164 26.3414 -11.49
    endloop
  endfacet
  facet normal -0.989178 -0.146717 0
    outer loop
      vertex 27.7164 26.3414 -10.5
      vertex 27.7416 26.1715 -11.49
      vertex 27.7416 26.1715 -10.5
    endloop
  endfacet
  facet normal -0.998803 -0.0489209 0
    outer loop
      vertex 27.75 26 -11.49
      vertex 27.7416 26.1715 -10.5
      vertex 27.7416 26.1715 -11.49
    endloop
  endfacet
  facet normal -0.998803 -0.0489209 0
    outer loop
      vertex 27.7416 26.1715 -10.5
      vertex 27.75 26 -11.49
      vertex 27.75 26 -10.5
    endloop
  endfacet
  facet normal -0.969937 -0.243357 0
    outer loop
      vertex 27.7164 26.3414 -11.49
      vertex 27.6746 26.508 -10.5
      vertex 27.6746 26.508 -11.49
    endloop
  endfacet
  facet normal -0.969937 -0.243357 0
    outer loop
      vertex 27.6746 26.508 -10.5
      vertex 27.7164 26.3414 -11.49
      vertex 27.7164 26.3414 -10.5
    endloop
  endfacet
  facet normal -0.336595 0.94165 0
    outer loop
      vertex 26.6697 24.3832 -11.49
      vertex 26.508 24.3254 -10.5
      vertex 26.6697 24.3832 -10.5
    endloop
  endfacet
  facet normal -0.336595 0.94165 0
    outer loop
      vertex 26.508 24.3254 -10.5
      vertex 26.6697 24.3832 -11.49
      vertex 26.508 24.3254 -11.49
    endloop
  endfacet
  facet normal 0.671919 -0.740625 0
    outer loop
      vertex 24.7626 27.2374 -11.49
      vertex 24.8898 27.3528 -10.5
      vertex 24.7626 27.2374 -10.5
    endloop
  endfacet
  facet normal 0.671919 -0.740625 0
    outer loop
      vertex 24.8898 27.3528 -10.5
      vertex 24.7626 27.2374 -11.49
      vertex 24.8898 27.3528 -11.49
    endloop
  endfacet
  facet normal 0.969937 0.243357 0
    outer loop
      vertex 24.3254 25.492 -10.5
      vertex 24.2836 25.6586 -11.49
      vertex 24.2836 25.6586 -10.5
    endloop
  endfacet
  facet normal 0.969937 0.243357 0
    outer loop
      vertex 24.2836 25.6586 -11.49
      vertex 24.3254 25.492 -10.5
      vertex 24.3254 25.492 -11.49
    endloop
  endfacet
  facet normal -0.427535 -0.903999 0
    outer loop
      vertex 26.6697 27.6168 -11.49
      vertex 26.8249 27.5434 -10.5
      vertex 26.6697 27.6168 -10.5
    endloop
  endfacet
  facet normal -0.427535 -0.903999 -0
    outer loop
      vertex 26.8249 27.5434 -10.5
      vertex 26.6697 27.6168 -11.49
      vertex 26.8249 27.5434 -11.49
    endloop
  endfacet
  facet normal 0.243357 0.969937 -0
    outer loop
      vertex 25.6586 24.2836 -11.49
      vertex 25.492 24.3254 -10.5
      vertex 25.6586 24.2836 -10.5
    endloop
  endfacet
  facet normal 0.243357 0.969937 0
    outer loop
      vertex 25.492 24.3254 -10.5
      vertex 25.6586 24.2836 -11.49
      vertex 25.492 24.3254 -11.49
    endloop
  endfacet
  facet normal 0.146717 0.989178 -0
    outer loop
      vertex 25.8285 24.2584 -11.49
      vertex 25.6586 24.2836 -10.5
      vertex 25.8285 24.2584 -10.5
    endloop
  endfacet
  facet normal 0.146717 0.989178 0
    outer loop
      vertex 25.6586 24.2836 -10.5
      vertex 25.8285 24.2584 -11.49
      vertex 25.6586 24.2836 -11.49
    endloop
  endfacet
  facet normal -0.243357 -0.969937 0
    outer loop
      vertex 26.3414 27.7164 -11.49
      vertex 26.508 27.6746 -10.5
      vertex 26.3414 27.7164 -10.5
    endloop
  endfacet
  facet normal -0.243357 -0.969937 -0
    outer loop
      vertex 26.508 27.6746 -10.5
      vertex 26.3414 27.7164 -11.49
      vertex 26.508 27.6746 -11.49
    endloop
  endfacet
  facet normal 0.740625 -0.671919 0
    outer loop
      vertex 24.6472 27.1102 -10.5
      vertex 24.7626 27.2374 -11.49
      vertex 24.7626 27.2374 -10.5
    endloop
  endfacet
  facet normal 0.740625 -0.671919 0
    outer loop
      vertex 24.7626 27.2374 -11.49
      vertex 24.6472 27.1102 -10.5
      vertex 24.6472 27.1102 -11.49
    endloop
  endfacet
  facet normal 0.336595 -0.94165 0
    outer loop
      vertex 25.3303 27.6168 -11.49
      vertex 25.492 27.6746 -10.5
      vertex 25.3303 27.6168 -10.5
    endloop
  endfacet
  facet normal 0.336595 -0.94165 0
    outer loop
      vertex 25.492 27.6746 -10.5
      vertex 25.3303 27.6168 -11.49
      vertex 25.492 27.6746 -11.49
    endloop
  endfacet
  facet normal -0.0489209 0.998803 0
    outer loop
      vertex 26.1715 24.2584 -11.49
      vertex 26 24.25 -10.5
      vertex 26.1715 24.2584 -10.5
    endloop
  endfacet
  facet normal -0.0489209 0.998803 0
    outer loop
      vertex 26 24.25 -10.5
      vertex 26.1715 24.2584 -11.49
      vertex 26 24.25 -11.49
    endloop
  endfacet
  facet normal 0.0489209 -0.998803 0
    outer loop
      vertex 25.8285 27.7416 -11.49
      vertex 26 27.75 -10.5
      vertex 25.8285 27.7416 -10.5
    endloop
  endfacet
  facet normal 0.0489209 -0.998803 0
    outer loop
      vertex 26 27.75 -10.5
      vertex 25.8285 27.7416 -11.49
      vertex 26 27.75 -11.49
    endloop
  endfacet
  facet normal 0.59552 0.803341 -0
    outer loop
      vertex 25.0278 24.5449 -11.49
      vertex 24.8898 24.6472 -10.5
      vertex 25.0278 24.5449 -10.5
    endloop
  endfacet
  facet normal 0.59552 0.803341 0
    outer loop
      vertex 24.8898 24.6472 -10.5
      vertex 25.0278 24.5449 -11.49
      vertex 24.8898 24.6472 -11.49
    endloop
  endfacet
  facet normal 0.903999 0.427535 0
    outer loop
      vertex 24.4566 25.1751 -10.5
      vertex 24.3832 25.3303 -11.49
      vertex 24.3832 25.3303 -10.5
    endloop
  endfacet
  facet normal 0.903999 0.427535 0
    outer loop
      vertex 24.3832 25.3303 -11.49
      vertex 24.4566 25.1751 -10.5
      vertex 24.4566 25.1751 -11.49
    endloop
  endfacet
  facet normal 0.146717 -0.989178 0
    outer loop
      vertex 25.6586 27.7164 -11.49
      vertex 25.8285 27.7416 -10.5
      vertex 25.6586 27.7164 -10.5
    endloop
  endfacet
  facet normal 0.146717 -0.989178 0
    outer loop
      vertex 25.8285 27.7416 -10.5
      vertex 25.6586 27.7164 -11.49
      vertex 25.8285 27.7416 -11.49
    endloop
  endfacet
  facet normal -0.59552 0.803341 0
    outer loop
      vertex 27.1102 24.6472 -11.49
      vertex 26.9722 24.5449 -10.5
      vertex 27.1102 24.6472 -10.5
    endloop
  endfacet
  facet normal -0.59552 0.803341 0
    outer loop
      vertex 26.9722 24.5449 -10.5
      vertex 27.1102 24.6472 -11.49
      vertex 26.9722 24.5449 -11.49
    endloop
  endfacet
  facet normal -0.514153 -0.857698 0
    outer loop
      vertex 26.8249 27.5434 -11.49
      vertex 26.9722 27.4551 -10.5
      vertex 26.8249 27.5434 -10.5
    endloop
  endfacet
  facet normal -0.514153 -0.857698 -0
    outer loop
      vertex 26.9722 27.4551 -10.5
      vertex 26.8249 27.5434 -11.49
      vertex 26.9722 27.4551 -11.49
    endloop
  endfacet
  facet normal 0.998803 0.0489209 0
    outer loop
      vertex 24.2584 25.8285 -10.5
      vertex 24.25 26 -11.49
      vertex 24.25 26 -10.5
    endloop
  endfacet
  facet normal 0.998803 0.0489209 0
    outer loop
      vertex 24.25 26 -11.49
      vertex 24.2584 25.8285 -10.5
      vertex 24.2584 25.8285 -11.49
    endloop
  endfacet
  facet normal 0.903999 -0.427535 0
    outer loop
      vertex 24.3832 26.6697 -10.5
      vertex 24.4566 26.8249 -11.49
      vertex 24.4566 26.8249 -10.5
    endloop
  endfacet
  facet normal 0.903999 -0.427535 0
    outer loop
      vertex 24.4566 26.8249 -11.49
      vertex 24.3832 26.6697 -10.5
      vertex 24.3832 26.6697 -11.49
    endloop
  endfacet
  facet normal -0.969937 0.243357 0
    outer loop
      vertex 27.6746 25.492 -11.49
      vertex 27.7164 25.6586 -10.5
      vertex 27.7164 25.6586 -11.49
    endloop
  endfacet
  facet normal -0.969937 0.243357 0
    outer loop
      vertex 27.7164 25.6586 -10.5
      vertex 27.6746 25.492 -11.49
      vertex 27.6746 25.492 -10.5
    endloop
  endfacet
  facet normal -0.671919 -0.740625 0
    outer loop
      vertex 27.1102 27.3528 -11.49
      vertex 27.2374 27.2374 -10.5
      vertex 27.1102 27.3528 -10.5
    endloop
  endfacet
  facet normal -0.671919 -0.740625 -0
    outer loop
      vertex 27.2374 27.2374 -10.5
      vertex 27.1102 27.3528 -11.49
      vertex 27.2374 27.2374 -11.49
    endloop
  endfacet
  facet normal -0.59552 -0.803341 0
    outer loop
      vertex 26.9722 27.4551 -11.49
      vertex 27.1102 27.3528 -10.5
      vertex 26.9722 27.4551 -10.5
    endloop
  endfacet
  facet normal -0.59552 -0.803341 -0
    outer loop
      vertex 27.1102 27.3528 -10.5
      vertex 26.9722 27.4551 -11.49
      vertex 27.1102 27.3528 -11.49
    endloop
  endfacet
  facet normal 0.59552 -0.803341 0
    outer loop
      vertex 24.8898 27.3528 -11.49
      vertex 25.0278 27.4551 -10.5
      vertex 24.8898 27.3528 -10.5
    endloop
  endfacet
  facet normal 0.59552 -0.803341 0
    outer loop
      vertex 25.0278 27.4551 -10.5
      vertex 24.8898 27.3528 -11.49
      vertex 25.0278 27.4551 -11.49
    endloop
  endfacet
  facet normal -0.514153 0.857698 0
    outer loop
      vertex 26.9722 24.5449 -11.49
      vertex 26.8249 24.4566 -10.5
      vertex 26.9722 24.5449 -10.5
    endloop
  endfacet
  facet normal -0.514153 0.857698 0
    outer loop
      vertex 26.8249 24.4566 -10.5
      vertex 26.9722 24.5449 -11.49
      vertex 26.8249 24.4566 -11.49
    endloop
  endfacet
  facet normal -0.740625 -0.671919 0
    outer loop
      vertex 27.3528 27.1102 -11.49
      vertex 27.2374 27.2374 -10.5
      vertex 27.2374 27.2374 -11.49
    endloop
  endfacet
  facet normal -0.740625 -0.671919 0
    outer loop
      vertex 27.2374 27.2374 -10.5
      vertex 27.3528 27.1102 -11.49
      vertex 27.3528 27.1102 -10.5
    endloop
  endfacet
  facet normal -0.803341 -0.59552 0
    outer loop
      vertex 27.4551 26.9722 -11.49
      vertex 27.3528 27.1102 -10.5
      vertex 27.3528 27.1102 -11.49
    endloop
  endfacet
  facet normal -0.803341 -0.59552 0
    outer loop
      vertex 27.3528 27.1102 -10.5
      vertex 27.4551 26.9722 -11.49
      vertex 27.4551 26.9722 -10.5
    endloop
  endfacet
  facet normal -0.989178 0.146717 0
    outer loop
      vertex 27.7164 25.6586 -11.49
      vertex 27.7416 25.8285 -10.5
      vertex 27.7416 25.8285 -11.49
    endloop
  endfacet
  facet normal -0.989178 0.146717 0
    outer loop
      vertex 27.7416 25.8285 -10.5
      vertex 27.7164 25.6586 -11.49
      vertex 27.7164 25.6586 -10.5
    endloop
  endfacet
  facet normal 0.94165 -0.336595 0
    outer loop
      vertex 24.3254 26.508 -10.5
      vertex 24.3832 26.6697 -11.49
      vertex 24.3832 26.6697 -10.5
    endloop
  endfacet
  facet normal 0.94165 -0.336595 0
    outer loop
      vertex 24.3832 26.6697 -11.49
      vertex 24.3254 26.508 -10.5
      vertex 24.3254 26.508 -11.49
    endloop
  endfacet
  facet normal -0.903999 0.427535 0
    outer loop
      vertex 27.5434 25.1751 -11.49
      vertex 27.6168 25.3303 -10.5
      vertex 27.6168 25.3303 -11.49
    endloop
  endfacet
  facet normal -0.903999 0.427535 0
    outer loop
      vertex 27.6168 25.3303 -10.5
      vertex 27.5434 25.1751 -11.49
      vertex 27.5434 25.1751 -10.5
    endloop
  endfacet
  facet normal -0.998803 0.0489209 0
    outer loop
      vertex 27.7416 25.8285 -11.49
      vertex 27.75 26 -10.5
      vertex 27.75 26 -11.49
    endloop
  endfacet
  facet normal -0.998803 0.0489209 0
    outer loop
      vertex 27.75 26 -10.5
      vertex 27.7416 25.8285 -11.49
      vertex 27.7416 25.8285 -10.5
    endloop
  endfacet
  facet normal -0.243357 0.969937 0
    outer loop
      vertex 26.508 24.3254 -11.49
      vertex 26.3414 24.2836 -10.5
      vertex 26.508 24.3254 -10.5
    endloop
  endfacet
  facet normal -0.243357 0.969937 0
    outer loop
      vertex 26.3414 24.2836 -10.5
      vertex 26.508 24.3254 -11.49
      vertex 26.3414 24.2836 -11.49
    endloop
  endfacet
  facet normal -0.146717 0.989178 0
    outer loop
      vertex 26.3414 24.2836 -11.49
      vertex 26.1715 24.2584 -10.5
      vertex 26.3414 24.2836 -10.5
    endloop
  endfacet
  facet normal -0.146717 0.989178 0
    outer loop
      vertex 26.1715 24.2584 -10.5
      vertex 26.3414 24.2836 -11.49
      vertex 26.1715 24.2584 -11.49
    endloop
  endfacet
  facet normal -0.94165 -0.336595 0
    outer loop
      vertex 27.6746 26.508 -11.49
      vertex 27.6168 26.6697 -10.5
      vertex 27.6168 26.6697 -11.49
    endloop
  endfacet
  facet normal -0.94165 -0.336595 0
    outer loop
      vertex 27.6168 26.6697 -10.5
      vertex 27.6746 26.508 -11.49
      vertex 27.6746 26.508 -10.5
    endloop
  endfacet
  facet normal -0.803341 0.59552 0
    outer loop
      vertex 27.3528 24.8898 -11.49
      vertex 27.4551 25.0278 -10.5
      vertex 27.4551 25.0278 -11.49
    endloop
  endfacet
  facet normal -0.803341 0.59552 0
    outer loop
      vertex 27.4551 25.0278 -10.5
      vertex 27.3528 24.8898 -11.49
      vertex 27.3528 24.8898 -10.5
    endloop
  endfacet
  facet normal -0.857698 0.514153 0
    outer loop
      vertex 27.4551 25.0278 -11.49
      vertex 27.5434 25.1751 -10.5
      vertex 27.5434 25.1751 -11.49
    endloop
  endfacet
  facet normal -0.857698 0.514153 0
    outer loop
      vertex 27.5434 25.1751 -10.5
      vertex 27.4551 25.0278 -11.49
      vertex 27.4551 25.0278 -10.5
    endloop
  endfacet
  facet normal -0.427535 0.903999 0
    outer loop
      vertex 26.8249 24.4566 -11.49
      vertex 26.6697 24.3832 -10.5
      vertex 26.8249 24.4566 -10.5
    endloop
  endfacet
  facet normal -0.427535 0.903999 0
    outer loop
      vertex 26.6697 24.3832 -10.5
      vertex 26.8249 24.4566 -11.49
      vertex 26.6697 24.3832 -11.49
    endloop
  endfacet
  facet normal -0.0489209 -0.998803 0
    outer loop
      vertex 26 27.75 -11.49
      vertex 26.1715 27.7416 -10.5
      vertex 26 27.75 -10.5
    endloop
  endfacet
  facet normal -0.0489209 -0.998803 -0
    outer loop
      vertex 26.1715 27.7416 -10.5
      vertex 26 27.75 -11.49
      vertex 26.1715 27.7416 -11.49
    endloop
  endfacet
  facet normal -0.94165 0.336595 0
    outer loop
      vertex 27.6168 25.3303 -11.49
      vertex 27.6746 25.492 -10.5
      vertex 27.6746 25.492 -11.49
    endloop
  endfacet
  facet normal -0.94165 0.336595 0
    outer loop
      vertex 27.6746 25.492 -10.5
      vertex 27.6168 25.3303 -11.49
      vertex 27.6168 25.3303 -10.5
    endloop
  endfacet
  facet normal 0.243357 -0.969937 0
    outer loop
      vertex 25.492 27.6746 -11.49
      vertex 25.6586 27.7164 -10.5
      vertex 25.492 27.6746 -10.5
    endloop
  endfacet
  facet normal 0.243357 -0.969937 0
    outer loop
      vertex 25.6586 27.7164 -10.5
      vertex 25.492 27.6746 -11.49
      vertex 25.6586 27.7164 -11.49
    endloop
  endfacet
  facet normal -0.903999 -0.427535 0
    outer loop
      vertex 27.6168 26.6697 -11.49
      vertex 27.5434 26.8249 -10.5
      vertex 27.5434 26.8249 -11.49
    endloop
  endfacet
  facet normal -0.903999 -0.427535 0
    outer loop
      vertex 27.5434 26.8249 -10.5
      vertex 27.6168 26.6697 -11.49
      vertex 27.6168 26.6697 -10.5
    endloop
  endfacet
  facet normal 0.427535 -0.903999 0
    outer loop
      vertex 25.1751 27.5434 -11.49
      vertex 25.3303 27.6168 -10.5
      vertex 25.1751 27.5434 -10.5
    endloop
  endfacet
  facet normal 0.427535 -0.903999 0
    outer loop
      vertex 25.3303 27.6168 -10.5
      vertex 25.1751 27.5434 -11.49
      vertex 25.3303 27.6168 -11.49
    endloop
  endfacet
  facet normal -0.146717 -0.989178 0
    outer loop
      vertex 26.1715 27.7416 -11.49
      vertex 26.3414 27.7164 -10.5
      vertex 26.1715 27.7416 -10.5
    endloop
  endfacet
  facet normal -0.146717 -0.989178 -0
    outer loop
      vertex 26.3414 27.7164 -10.5
      vertex 26.1715 27.7416 -11.49
      vertex 26.3414 27.7164 -11.49
    endloop
  endfacet
  facet normal 0.857698 0.514153 0
    outer loop
      vertex 24.5449 25.0278 -10.5
      vertex 24.4566 25.1751 -11.49
      vertex 24.4566 25.1751 -10.5
    endloop
  endfacet
  facet normal 0.857698 0.514153 0
    outer loop
      vertex 24.4566 25.1751 -11.49
      vertex 24.5449 25.0278 -10.5
      vertex 24.5449 25.0278 -11.49
    endloop
  endfacet
  facet normal -0.857698 -0.514153 0
    outer loop
      vertex 27.5434 26.8249 -11.49
      vertex 27.4551 26.9722 -10.5
      vertex 27.4551 26.9722 -11.49
    endloop
  endfacet
  facet normal -0.857698 -0.514153 0
    outer loop
      vertex 27.4551 26.9722 -10.5
      vertex 27.5434 26.8249 -11.49
      vertex 27.5434 26.8249 -10.5
    endloop
  endfacet
  facet normal 0.514153 -0.857698 0
    outer loop
      vertex 25.0278 27.4551 -11.49
      vertex 25.1751 27.5434 -10.5
      vertex 25.0278 27.4551 -10.5
    endloop
  endfacet
  facet normal 0.514153 -0.857698 0
    outer loop
      vertex 25.1751 27.5434 -10.5
      vertex 25.0278 27.4551 -11.49
      vertex 25.1751 27.5434 -11.49
    endloop
  endfacet
  facet normal 0.740625 0.671919 0
    outer loop
      vertex 24.7626 24.7626 -10.5
      vertex 24.6472 24.8898 -11.49
      vertex 24.6472 24.8898 -10.5
    endloop
  endfacet
  facet normal 0.740625 0.671919 0
    outer loop
      vertex 24.6472 24.8898 -11.49
      vertex 24.7626 24.7626 -10.5
      vertex 24.7626 24.7626 -11.49
    endloop
  endfacet
  facet normal 0.427535 0.903999 -0
    outer loop
      vertex 25.3303 24.3832 -11.49
      vertex 25.1751 24.4566 -10.5
      vertex 25.3303 24.3832 -10.5
    endloop
  endfacet
  facet normal 0.427535 0.903999 0
    outer loop
      vertex 25.1751 24.4566 -10.5
      vertex 25.3303 24.3832 -11.49
      vertex 25.1751 24.4566 -11.49
    endloop
  endfacet
  facet normal 0.94165 0.336595 0
    outer loop
      vertex 24.3832 25.3303 -10.5
      vertex 24.3254 25.492 -11.49
      vertex 24.3254 25.492 -10.5
    endloop
  endfacet
  facet normal 0.94165 0.336595 0
    outer loop
      vertex 24.3254 25.492 -11.49
      vertex 24.3832 25.3303 -10.5
      vertex 24.3832 25.3303 -11.49
    endloop
  endfacet
  facet normal 0.514153 0.857698 -0
    outer loop
      vertex 25.1751 24.4566 -11.49
      vertex 25.0278 24.5449 -10.5
      vertex 25.1751 24.4566 -10.5
    endloop
  endfacet
  facet normal 0.514153 0.857698 0
    outer loop
      vertex 25.0278 24.5449 -10.5
      vertex 25.1751 24.4566 -11.49
      vertex 25.0278 24.5449 -11.49
    endloop
  endfacet
  facet normal 0.969937 -0.243357 0
    outer loop
      vertex 24.2836 26.3414 -10.5
      vertex 24.3254 26.508 -11.49
      vertex 24.3254 26.508 -10.5
    endloop
  endfacet
  facet normal 0.969937 -0.243357 0
    outer loop
      vertex 24.3254 26.508 -11.49
      vertex 24.2836 26.3414 -10.5
      vertex 24.2836 26.3414 -11.49
    endloop
  endfacet
  facet normal 0.989178 -0.146717 0
    outer loop
      vertex 24.2584 26.1715 -10.5
      vertex 24.2836 26.3414 -11.49
      vertex 24.2836 26.3414 -10.5
    endloop
  endfacet
  facet normal 0.989178 -0.146717 0
    outer loop
      vertex 24.2836 26.3414 -11.49
      vertex 24.2584 26.1715 -10.5
      vertex 24.2584 26.1715 -11.49
    endloop
  endfacet
  facet normal -0.336595 -0.94165 0
    outer loop
      vertex 26.508 27.6746 -11.49
      vertex 26.6697 27.6168 -10.5
      vertex 26.508 27.6746 -10.5
    endloop
  endfacet
  facet normal -0.336595 -0.94165 -0
    outer loop
      vertex 26.6697 27.6168 -10.5
      vertex 26.508 27.6746 -11.49
      vertex 26.6697 27.6168 -11.49
    endloop
  endfacet
  facet normal 0.803341 0.59552 0
    outer loop
      vertex 24.6472 24.8898 -10.5
      vertex 24.5449 25.0278 -11.49
      vertex 24.5449 25.0278 -10.5
    endloop
  endfacet
  facet normal 0.803341 0.59552 0
    outer loop
      vertex 24.5449 25.0278 -11.49
      vertex 24.6472 24.8898 -10.5
      vertex 24.6472 24.8898 -11.49
    endloop
  endfacet
  facet normal 0.989178 0.146717 0
    outer loop
      vertex 24.2836 25.6586 -10.5
      vertex 24.2584 25.8285 -11.49
      vertex 24.2584 25.8285 -10.5
    endloop
  endfacet
  facet normal 0.989178 0.146717 0
    outer loop
      vertex 24.2584 25.8285 -11.49
      vertex 24.2836 25.6586 -10.5
      vertex 24.2836 25.6586 -11.49
    endloop
  endfacet
  facet normal 0.671919 0.740625 -0
    outer loop
      vertex 24.8898 24.6472 -11.49
      vertex 24.7626 24.7626 -10.5
      vertex 24.8898 24.6472 -10.5
    endloop
  endfacet
  facet normal 0.671919 0.740625 0
    outer loop
      vertex 24.7626 24.7626 -10.5
      vertex 24.8898 24.6472 -11.49
      vertex 24.7626 24.7626 -11.49
    endloop
  endfacet
  facet normal 0.803341 -0.59552 0
    outer loop
      vertex 24.5449 26.9722 -10.5
      vertex 24.6472 27.1102 -11.49
      vertex 24.6472 27.1102 -10.5
    endloop
  endfacet
  facet normal 0.803341 -0.59552 0
    outer loop
      vertex 24.6472 27.1102 -11.49
      vertex 24.5449 26.9722 -10.5
      vertex 24.5449 26.9722 -11.49
    endloop
  endfacet
  facet normal 0.857698 -0.514153 0
    outer loop
      vertex 24.4566 26.8249 -10.5
      vertex 24.5449 26.9722 -11.49
      vertex 24.5449 26.9722 -10.5
    endloop
  endfacet
  facet normal 0.857698 -0.514153 0
    outer loop
      vertex 24.5449 26.9722 -11.49
      vertex 24.4566 26.8249 -10.5
      vertex 24.4566 26.8249 -11.49
    endloop
  endfacet
  facet normal 0.0489209 0.998803 -0
    outer loop
      vertex 26 24.25 -11.49
      vertex 25.8285 24.2584 -10.5
      vertex 26 24.25 -10.5
    endloop
  endfacet
  facet normal 0.0489209 0.998803 0
    outer loop
      vertex 25.8285 24.2584 -10.5
      vertex 26 24.25 -11.49
      vertex 25.8285 24.2584 -11.49
    endloop
  endfacet
  facet normal 0.998803 -0.0489209 0
    outer loop
      vertex 24.25 26 -10.5
      vertex 24.2584 26.1715 -11.49
      vertex 24.2584 26.1715 -10.5
    endloop
  endfacet
  facet normal 0.998803 -0.0489209 0
    outer loop
      vertex 24.2584 26.1715 -11.49
      vertex 24.25 26 -10.5
      vertex 24.25 26 -11.49
    endloop
  endfacet
  facet normal 0.336595 0.94165 -0
    outer loop
      vertex 25.492 24.3254 -11.49
      vertex 25.3303 24.3832 -10.5
      vertex 25.492 24.3254 -10.5
    endloop
  endfacet
  facet normal 0.336595 0.94165 0
    outer loop
      vertex 25.3303 24.3832 -10.5
      vertex 25.492 24.3254 -11.49
      vertex 25.3303 24.3832 -11.49
    endloop
  endfacet
  facet normal -0.740625 0.671919 0
    outer loop
      vertex 27.2374 24.7626 -11.49
      vertex 27.3528 24.8898 -10.5
      vertex 27.3528 24.8898 -11.49
    endloop
  endfacet
  facet normal -0.740625 0.671919 0
    outer loop
      vertex 27.3528 24.8898 -10.5
      vertex 27.2374 24.7626 -11.49
      vertex 27.2374 24.7626 -10.5
    endloop
  endfacet
  facet normal -0.671919 0.740625 0
    outer loop
      vertex 27.2374 24.7626 -11.49
      vertex 27.1102 24.6472 -10.5
      vertex 27.2374 24.7626 -10.5
    endloop
  endfacet
  facet normal -0.671919 0.740625 0
    outer loop
      vertex 27.1102 24.6472 -10.5
      vertex 27.2374 24.7626 -11.49
      vertex 27.1102 24.6472 -11.49
    endloop
  endfacet
  facet normal -0.869125 0.218064 -0.443927
    outer loop
      vertex 28.9375 25.4157 -14
      vertex 27.6746 25.492 -11.49
      vertex 27.7164 25.6586 -11.49
    endloop
  endfacet
  facet normal -0.862709 0.246488 -0.441562
    outer loop
      vertex 27.6746 25.492 -11.49
      vertex 28.9375 25.4157 -14
      vertex 28.9373 25.415 -14
    endloop
  endfacet
  facet normal -0.460432 -0.768711 -0.443943
    outer loop
      vertex 27.664 28.4903 -14
      vertex 26.9722 27.4551 -11.49
      vertex 27.4124 28.641 -14
    endloop
  endfacet
  facet normal 0.894995 -0.0436955 -0.443932
    outer loop
      vertex 24.25 26 -11.49
      vertex 23.005 26 -14
      vertex 23.0193 26.2929 -14
    endloop
  endfacet
  facet normal -0.894995 -0.0436955 -0.443932
    outer loop
      vertex 28.995 26 -14
      vertex 27.75 26 -11.49
      vertex 28.9807 26.2929 -14
    endloop
  endfacet
  facet normal -0.887013 -0.126716 -0.444016
    outer loop
      vertex 28.9807 26.2929 -14
      vertex 27.7416 26.1715 -11.49
      vertex 28.9806 26.2936 -14
    endloop
  endfacet
  facet normal -0.894983 -0.0438359 -0.443942
    outer loop
      vertex 27.7416 26.1715 -11.49
      vertex 28.9807 26.2929 -14
      vertex 27.75 26 -11.49
    endloop
  endfacet
  facet normal -0.217612 -0.869224 -0.443954
    outer loop
      vertex 26.8694 28.8661 -14
      vertex 26.508 27.6746 -11.49
      vertex 26.585 28.9373 -14
    endloop
  endfacet
  facet normal 0.768545 0.460709 -0.443944
    outer loop
      vertex 24.5449 25.0278 -11.49
      vertex 23.3586 24.5881 -14
      vertex 24.4566 25.1751 -11.49
    endloop
  endfacet
  facet normal 0.704384 0.563507 -0.431628
    outer loop
      vertex 23.3586 24.5881 -14
      vertex 24.5449 25.0278 -11.49
      vertex 23.359 24.5876 -14
    endloop
  endfacet
  facet normal -0.147414 0.884482 -0.442675
    outer loop
      vertex 26.2936 23.0194 -14
      vertex 26.3414 24.2836 -11.49
      vertex 26.2942 23.0195 -14
    endloop
  endfacet
  facet normal -0.131468 0.886366 -0.443928
    outer loop
      vertex 26.3414 24.2836 -11.49
      vertex 26.2936 23.0194 -14
      vertex 26.1715 24.2584 -11.49
    endloop
  endfacet
  facet normal 0.533866 -0.719665 -0.443925
    outer loop
      vertex 24.8898 27.3528 -11.49
      vertex 24.1 28.3152 -14
      vertex 24.3355 28.4899 -14
    endloop
  endfacet
  facet normal 0.383097 0.810037 -0.443934
    outer loop
      vertex 24.5888 23.3583 -14
      vertex 25.1751 24.4566 -11.49
      vertex 25.3303 24.3832 -11.49
    endloop
  endfacet
  facet normal 0.353147 0.82401 -0.443052
    outer loop
      vertex 25.1751 24.4566 -11.49
      vertex 24.5888 23.3583 -14
      vertex 24.5881 23.3586 -14
    endloop
  endfacet
  facet normal -0.843762 0.301604 -0.443961
    outer loop
      vertex 28.8661 25.1306 -14
      vertex 27.6168 25.3303 -11.49
      vertex 27.6746 25.492 -11.49
    endloop
  endfacet
  facet normal -0.825766 0.3539 -0.439165
    outer loop
      vertex 27.6168 25.3303 -11.49
      vertex 28.8661 25.1306 -14
      vertex 28.8658 25.1299 -14
    endloop
  endfacet
  facet normal -0.383272 -0.809946 -0.443948
    outer loop
      vertex 27.4112 28.6417 -14
      vertex 26.6697 27.6168 -11.49
      vertex 27.1462 28.7671 -14
    endloop
  endfacet
  facet normal -0.843761 0.301627 -0.443946
    outer loop
      vertex 28.7671 24.8538 -14
      vertex 27.6168 25.3303 -11.49
      vertex 28.8658 25.1299 -14
    endloop
  endfacet
  facet normal 0.353147 -0.82401 -0.443052
    outer loop
      vertex 24.5888 28.6417 -14
      vertex 25.1751 27.5434 -11.49
      vertex 24.5881 28.6414 -14
    endloop
  endfacet
  facet normal 0.383097 -0.810037 -0.443934
    outer loop
      vertex 25.1751 27.5434 -11.49
      vertex 24.5888 28.6417 -14
      vertex 25.3303 27.6168 -11.49
    endloop
  endfacet
  facet normal 0.383272 -0.809946 -0.443948
    outer loop
      vertex 25.3303 27.6168 -11.49
      vertex 24.5888 28.6417 -14
      vertex 24.8538 28.7671 -14
    endloop
  endfacet
  facet normal 0.768711 0.460432 -0.443943
    outer loop
      vertex 23.5097 24.336 -14
      vertex 23.359 24.5876 -14
      vertex 24.5449 25.0278 -11.49
    endloop
  endfacet
  facet normal -0.0436955 0.894995 -0.443932
    outer loop
      vertex 26.2929 23.0193 -14
      vertex 26 23.005 -14
      vertex 26 24.25 -11.49
    endloop
  endfacet
  facet normal -0.301627 0.843761 -0.443946
    outer loop
      vertex 26.8701 23.1342 -14
      vertex 26.6697 24.3832 -11.49
      vertex 27.1462 23.2329 -14
    endloop
  endfacet
  facet normal 0.3539 -0.825766 -0.439165
    outer loop
      vertex 25.1306 28.8661 -14
      vertex 25.3303 27.6168 -11.49
      vertex 25.1299 28.8658 -14
    endloop
  endfacet
  facet normal 0.301604 -0.843762 -0.443961
    outer loop
      vertex 25.3303 27.6168 -11.49
      vertex 25.1306 28.8661 -14
      vertex 25.492 27.6746 -11.49
    endloop
  endfacet
  facet normal -0.602069 -0.663632 -0.443966
    outer loop
      vertex 28.1173 28.1183 -14
      vertex 27.2374 27.2374 -11.49
      vertex 27.1102 27.3528 -11.49
    endloop
  endfacet
  facet normal -0.633454 -0.633454 -0.444377
    outer loop
      vertex 27.2374 27.2374 -11.49
      vertex 28.1173 28.1183 -14
      vertex 28.1178 28.1178 -14
    endloop
  endfacet
  facet normal 0.131383 -0.886377 -0.443931
    outer loop
      vertex 25.6586 27.7164 -11.49
      vertex 25.4157 28.9375 -14
      vertex 25.7058 28.9805 -14
    endloop
  endfacet
  facet normal -0.131383 0.886377 -0.443931
    outer loop
      vertex 26.5843 23.0625 -14
      vertex 26.2942 23.0195 -14
      vertex 26.3414 24.2836 -11.49
    endloop
  endfacet
  facet normal -0.768545 0.460709 -0.443944
    outer loop
      vertex 28.6414 24.5881 -14
      vertex 27.4551 25.0278 -11.49
      vertex 27.5434 25.1751 -11.49
    endloop
  endfacet
  facet normal -0.704384 0.563507 -0.431628
    outer loop
      vertex 27.4551 25.0278 -11.49
      vertex 28.6414 24.5881 -14
      vertex 28.641 24.5876 -14
    endloop
  endfacet
  facet normal 0.768711 -0.460432 -0.443943
    outer loop
      vertex 24.5449 26.9722 -11.49
      vertex 23.359 27.4124 -14
      vertex 23.5097 27.664 -14
    endloop
  endfacet
  facet normal 0.82401 -0.353147 -0.443052
    outer loop
      vertex 24.4566 26.8249 -11.49
      vertex 23.3583 27.4112 -14
      vertex 23.3586 27.4119 -14
    endloop
  endfacet
  facet normal 0.810037 -0.383097 -0.443934
    outer loop
      vertex 23.3583 27.4112 -14
      vertex 24.4566 26.8249 -11.49
      vertex 24.3832 26.6697 -11.49
    endloop
  endfacet
  facet normal -0.246488 0.862709 -0.441562
    outer loop
      vertex 26.5843 23.0625 -14
      vertex 26.508 24.3254 -11.49
      vertex 26.585 23.0627 -14
    endloop
  endfacet
  facet normal -0.218064 0.869125 -0.443927
    outer loop
      vertex 26.508 24.3254 -11.49
      vertex 26.5843 23.0625 -14
      vertex 26.3414 24.2836 -11.49
    endloop
  endfacet
  facet normal 0.0438359 0.894983 -0.443942
    outer loop
      vertex 25.7071 23.0193 -14
      vertex 25.8285 24.2584 -11.49
      vertex 26 24.25 -11.49
    endloop
  endfacet
  facet normal 0.126716 0.887013 -0.444016
    outer loop
      vertex 25.8285 24.2584 -11.49
      vertex 25.7071 23.0193 -14
      vertex 25.7064 23.0194 -14
    endloop
  endfacet
  facet normal -0.894983 0.0438359 -0.443942
    outer loop
      vertex 28.9807 25.7071 -14
      vertex 27.7416 25.8285 -11.49
      vertex 27.75 26 -11.49
    endloop
  endfacet
  facet normal -0.887013 0.126716 -0.444016
    outer loop
      vertex 27.7416 25.8285 -11.49
      vertex 28.9807 25.7071 -14
      vertex 28.9806 25.7064 -14
    endloop
  endfacet
  facet normal 0.460432 -0.768711 -0.443943
    outer loop
      vertex 25.0278 27.4551 -11.49
      vertex 24.336 28.4903 -14
      vertex 24.5876 28.641 -14
    endloop
  endfacet
  facet normal -0.886377 0.131383 -0.443931
    outer loop
      vertex 28.9375 25.4157 -14
      vertex 27.7164 25.6586 -11.49
      vertex 28.9805 25.7058 -14
    endloop
  endfacet
  facet normal -0.894995 0.0436955 -0.443932
    outer loop
      vertex 28.9807 25.7071 -14
      vertex 27.75 26 -11.49
      vertex 28.995 26 -14
    endloop
  endfacet
  facet normal -0.884482 0.147414 -0.442675
    outer loop
      vertex 27.7164 25.6586 -11.49
      vertex 28.9806 25.7064 -14
      vertex 28.9805 25.7058 -14
    endloop
  endfacet
  facet normal -0.886366 0.131468 -0.443928
    outer loop
      vertex 28.9806 25.7064 -14
      vertex 27.7164 25.6586 -11.49
      vertex 27.7416 25.8285 -11.49
    endloop
  endfacet
  facet normal -0.353147 0.82401 -0.443052
    outer loop
      vertex 27.4112 23.3583 -14
      vertex 26.8249 24.4566 -11.49
      vertex 27.4119 23.3586 -14
    endloop
  endfacet
  facet normal -0.383097 0.810037 -0.443934
    outer loop
      vertex 26.8249 24.4566 -11.49
      vertex 27.4112 23.3583 -14
      vertex 26.6697 24.3832 -11.49
    endloop
  endfacet
  facet normal -0.768711 0.460432 -0.443943
    outer loop
      vertex 28.4903 24.336 -14
      vertex 27.4551 25.0278 -11.49
      vertex 28.641 24.5876 -14
    endloop
  endfacet
  facet normal -0.809946 0.383272 -0.443948
    outer loop
      vertex 28.6417 24.5888 -14
      vertex 27.6168 25.3303 -11.49
      vertex 28.7671 24.8538 -14
    endloop
  endfacet
  facet normal 0.602069 0.663632 -0.443966
    outer loop
      vertex 23.8827 23.8817 -14
      vertex 24.7626 24.7626 -11.49
      vertex 24.8898 24.6472 -11.49
    endloop
  endfacet
  facet normal 0.633454 0.633454 -0.444377
    outer loop
      vertex 24.7626 24.7626 -11.49
      vertex 23.8827 23.8817 -14
      vertex 23.8822 23.8822 -14
    endloop
  endfacet
  facet normal 0.886377 0.131383 -0.443931
    outer loop
      vertex 23.0625 25.4157 -14
      vertex 23.0195 25.7058 -14
      vertex 24.2836 25.6586 -11.49
    endloop
  endfacet
  facet normal 0.533866 0.719665 -0.443925
    outer loop
      vertex 24.3355 23.5101 -14
      vertex 24.1 23.6848 -14
      vertex 24.8898 24.6472 -11.49
    endloop
  endfacet
  facet normal 0.131468 0.886366 -0.443928
    outer loop
      vertex 25.7064 23.0194 -14
      vertex 25.6586 24.2836 -11.49
      vertex 25.8285 24.2584 -11.49
    endloop
  endfacet
  facet normal 0.147414 0.884482 -0.442675
    outer loop
      vertex 25.6586 24.2836 -11.49
      vertex 25.7064 23.0194 -14
      vertex 25.7058 23.0195 -14
    endloop
  endfacet
  facet normal -0.3539 0.825766 -0.439165
    outer loop
      vertex 26.8694 23.1339 -14
      vertex 26.6697 24.3832 -11.49
      vertex 26.8701 23.1342 -14
    endloop
  endfacet
  facet normal -0.301604 0.843762 -0.443961
    outer loop
      vertex 26.6697 24.3832 -11.49
      vertex 26.8694 23.1339 -14
      vertex 26.508 24.3254 -11.49
    endloop
  endfacet
  facet normal -0.301604 -0.843762 -0.443961
    outer loop
      vertex 26.8694 28.8661 -14
      vertex 26.6697 27.6168 -11.49
      vertex 26.508 27.6746 -11.49
    endloop
  endfacet
  facet normal -0.3539 -0.825766 -0.439165
    outer loop
      vertex 26.6697 27.6168 -11.49
      vertex 26.8694 28.8661 -14
      vertex 26.8701 28.8658 -14
    endloop
  endfacet
  facet normal -0.810037 0.383097 -0.443934
    outer loop
      vertex 28.6417 24.5888 -14
      vertex 27.5434 25.1751 -11.49
      vertex 27.6168 25.3303 -11.49
    endloop
  endfacet
  facet normal -0.82401 0.353147 -0.443052
    outer loop
      vertex 27.5434 25.1751 -11.49
      vertex 28.6417 24.5888 -14
      vertex 28.6414 24.5881 -14
    endloop
  endfacet
  facet normal 0.886377 -0.131383 -0.443931
    outer loop
      vertex 24.2836 26.3414 -11.49
      vertex 23.0195 26.2942 -14
      vertex 23.0625 26.5843 -14
    endloop
  endfacet
  facet normal 0.809946 -0.383272 -0.443948
    outer loop
      vertex 24.3832 26.6697 -11.49
      vertex 23.2329 27.1462 -14
      vertex 23.3583 27.4112 -14
    endloop
  endfacet
  facet normal -0.533615 -0.719833 -0.443955
    outer loop
      vertex 27.664 28.4903 -14
      vertex 27.1102 27.3528 -11.49
      vertex 26.9722 27.4551 -11.49
    endloop
  endfacet
  facet normal -0.560591 -0.700738 -0.441253
    outer loop
      vertex 27.1102 27.3528 -11.49
      vertex 27.664 28.4903 -14
      vertex 27.6645 28.4899 -14
    endloop
  endfacet
  facet normal -0.131468 -0.886366 -0.443928
    outer loop
      vertex 26.2936 28.9806 -14
      vertex 26.3414 27.7164 -11.49
      vertex 26.1715 27.7416 -11.49
    endloop
  endfacet
  facet normal -0.147414 -0.884482 -0.442675
    outer loop
      vertex 26.3414 27.7164 -11.49
      vertex 26.2936 28.9806 -14
      vertex 26.2942 28.9805 -14
    endloop
  endfacet
  facet normal 0.460432 0.768711 -0.443943
    outer loop
      vertex 24.5876 23.359 -14
      vertex 24.336 23.5097 -14
      vertex 25.0278 24.5449 -11.49
    endloop
  endfacet
  facet normal -0.217612 0.869224 -0.443954
    outer loop
      vertex 26.585 23.0627 -14
      vertex 26.508 24.3254 -11.49
      vertex 26.8694 23.1339 -14
    endloop
  endfacet
  facet normal -0.460432 0.768711 -0.443943
    outer loop
      vertex 27.4124 23.359 -14
      vertex 26.9722 24.5449 -11.49
      vertex 27.664 23.5097 -14
    endloop
  endfacet
  facet normal -0.869224 0.217612 -0.443954
    outer loop
      vertex 28.8661 25.1306 -14
      vertex 27.6746 25.492 -11.49
      vertex 28.9373 25.415 -14
    endloop
  endfacet
  facet normal 0.886366 0.131468 -0.443928
    outer loop
      vertex 24.2836 25.6586 -11.49
      vertex 23.0194 25.7064 -14
      vertex 24.2584 25.8285 -11.49
    endloop
  endfacet
  facet normal 0.884482 0.147414 -0.442675
    outer loop
      vertex 23.0194 25.7064 -14
      vertex 24.2836 25.6586 -11.49
      vertex 23.0195 25.7058 -14
    endloop
  endfacet
  facet normal 0.869125 0.218064 -0.443927
    outer loop
      vertex 24.3254 25.492 -11.49
      vertex 23.0625 25.4157 -14
      vertex 24.2836 25.6586 -11.49
    endloop
  endfacet
  facet normal 0.862709 0.246488 -0.441562
    outer loop
      vertex 23.0625 25.4157 -14
      vertex 24.3254 25.492 -11.49
      vertex 23.0627 25.415 -14
    endloop
  endfacet
  facet normal -0.633454 0.633454 -0.444377
    outer loop
      vertex 28.1173 23.8817 -14
      vertex 27.2374 24.7626 -11.49
      vertex 28.1178 23.8822 -14
    endloop
  endfacet
  facet normal -0.602069 0.663632 -0.443966
    outer loop
      vertex 27.2374 24.7626 -11.49
      vertex 28.1173 23.8817 -14
      vertex 27.1102 24.6472 -11.49
    endloop
  endfacet
  facet normal 0.633454 -0.633454 -0.444377
    outer loop
      vertex 23.8827 28.1183 -14
      vertex 24.7626 27.2374 -11.49
      vertex 23.8822 28.1178 -14
    endloop
  endfacet
  facet normal 0.602069 -0.663632 -0.443966
    outer loop
      vertex 24.7626 27.2374 -11.49
      vertex 23.8827 28.1183 -14
      vertex 24.8898 27.3528 -11.49
    endloop
  endfacet
  facet normal 0.664014 -0.601677 -0.443925
    outer loop
      vertex 24.6472 27.1102 -11.49
      vertex 23.6848 27.9 -14
      vertex 23.8817 28.1173 -14
    endloop
  endfacet
  facet normal 0.131383 0.886377 -0.443931
    outer loop
      vertex 25.7058 23.0195 -14
      vertex 25.4157 23.0625 -14
      vertex 25.6586 24.2836 -11.49
    endloop
  endfacet
  facet normal -0.533866 -0.719665 -0.443925
    outer loop
      vertex 27.9 28.3152 -14
      vertex 27.1102 27.3528 -11.49
      vertex 27.6645 28.4899 -14
    endloop
  endfacet
  facet normal -0.383272 0.809946 -0.443948
    outer loop
      vertex 27.1462 23.2329 -14
      vertex 26.6697 24.3832 -11.49
      vertex 27.4112 23.3583 -14
    endloop
  endfacet
  facet normal 0.894983 0.0438359 -0.443942
    outer loop
      vertex 24.2584 25.8285 -11.49
      vertex 23.0193 25.7071 -14
      vertex 24.25 26 -11.49
    endloop
  endfacet
  facet normal 0.887013 0.126716 -0.444016
    outer loop
      vertex 23.0193 25.7071 -14
      vertex 24.2584 25.8285 -11.49
      vertex 23.0194 25.7064 -14
    endloop
  endfacet
  facet normal 0.301604 0.843762 -0.443961
    outer loop
      vertex 25.1306 23.1339 -14
      vertex 25.3303 24.3832 -11.49
      vertex 25.492 24.3254 -11.49
    endloop
  endfacet
  facet normal 0.3539 0.825766 -0.439165
    outer loop
      vertex 25.3303 24.3832 -11.49
      vertex 25.1306 23.1339 -14
      vertex 25.1299 23.1342 -14
    endloop
  endfacet
  facet normal 0.301627 -0.843761 -0.443946
    outer loop
      vertex 25.3303 27.6168 -11.49
      vertex 24.8538 28.7671 -14
      vertex 25.1299 28.8658 -14
    endloop
  endfacet
  facet normal 0.663632 0.602069 -0.443966
    outer loop
      vertex 24.7626 24.7626 -11.49
      vertex 23.8817 23.8827 -14
      vertex 24.6472 24.8898 -11.49
    endloop
  endfacet
  facet normal 0.633454 0.633454 -0.444377
    outer loop
      vertex 23.8817 23.8827 -14
      vertex 24.7626 24.7626 -11.49
      vertex 23.8822 23.8822 -14
    endloop
  endfacet
  facet normal 0.869224 0.217612 -0.443954
    outer loop
      vertex 23.1339 25.1306 -14
      vertex 23.0627 25.415 -14
      vertex 24.3254 25.492 -11.49
    endloop
  endfacet
  facet normal -0.862709 -0.246488 -0.441562
    outer loop
      vertex 28.9375 26.5843 -14
      vertex 27.6746 26.508 -11.49
      vertex 28.9373 26.585 -14
    endloop
  endfacet
  facet normal -0.869125 -0.218064 -0.443927
    outer loop
      vertex 27.6746 26.508 -11.49
      vertex 28.9375 26.5843 -14
      vertex 27.7164 26.3414 -11.49
    endloop
  endfacet
  facet normal 0.0436955 0.894995 -0.443932
    outer loop
      vertex 26 23.005 -14
      vertex 25.7071 23.0193 -14
      vertex 26 24.25 -11.49
    endloop
  endfacet
  facet normal -0.131383 -0.886377 -0.443931
    outer loop
      vertex 26.3414 27.7164 -11.49
      vertex 26.2942 28.9805 -14
      vertex 26.5843 28.9375 -14
    endloop
  endfacet
  facet normal -0.126716 0.887013 -0.444016
    outer loop
      vertex 26.2929 23.0193 -14
      vertex 26.1715 24.2584 -11.49
      vertex 26.2936 23.0194 -14
    endloop
  endfacet
  facet normal -0.0438359 0.894983 -0.443942
    outer loop
      vertex 26.1715 24.2584 -11.49
      vertex 26.2929 23.0193 -14
      vertex 26 24.25 -11.49
    endloop
  endfacet
  facet normal 0.810037 0.383097 -0.443934
    outer loop
      vertex 24.4566 25.1751 -11.49
      vertex 23.3583 24.5888 -14
      vertex 24.3832 25.3303 -11.49
    endloop
  endfacet
  facet normal 0.82401 0.353147 -0.443052
    outer loop
      vertex 23.3583 24.5888 -14
      vertex 24.4566 25.1751 -11.49
      vertex 23.3586 24.5881 -14
    endloop
  endfacet
  facet normal -0.533866 0.719665 -0.443925
    outer loop
      vertex 27.6645 23.5101 -14
      vertex 27.1102 24.6472 -11.49
      vertex 27.9 23.6848 -14
    endloop
  endfacet
  facet normal 0.217612 0.869224 -0.443954
    outer loop
      vertex 25.415 23.0627 -14
      vertex 25.1306 23.1339 -14
      vertex 25.492 24.3254 -11.49
    endloop
  endfacet
  facet normal -0.560591 0.700738 -0.441253
    outer loop
      vertex 27.664 23.5097 -14
      vertex 27.1102 24.6472 -11.49
      vertex 27.6645 23.5101 -14
    endloop
  endfacet
  facet normal -0.533615 0.719833 -0.443955
    outer loop
      vertex 27.1102 24.6472 -11.49
      vertex 27.664 23.5097 -14
      vertex 26.9722 24.5449 -11.49
    endloop
  endfacet
  facet normal 0.560591 -0.700738 -0.441253
    outer loop
      vertex 24.336 28.4903 -14
      vertex 24.8898 27.3528 -11.49
      vertex 24.3355 28.4899 -14
    endloop
  endfacet
  facet normal 0.533615 -0.719833 -0.443955
    outer loop
      vertex 24.8898 27.3528 -11.49
      vertex 24.336 28.4903 -14
      vertex 25.0278 27.4551 -11.49
    endloop
  endfacet
  facet normal -0.601677 0.664014 -0.443925
    outer loop
      vertex 27.9 23.6848 -14
      vertex 27.1102 24.6472 -11.49
      vertex 28.1173 23.8817 -14
    endloop
  endfacet
  facet normal 0.601677 0.664014 -0.443925
    outer loop
      vertex 24.1 23.6848 -14
      vertex 23.8827 23.8817 -14
      vertex 24.8898 24.6472 -11.49
    endloop
  endfacet
  facet normal -0.719665 -0.533866 -0.443925
    outer loop
      vertex 28.4899 27.6645 -14
      vertex 27.3528 27.1102 -11.49
      vertex 28.3152 27.9 -14
    endloop
  endfacet
  facet normal 0.719665 0.533866 -0.443925
    outer loop
      vertex 23.6848 24.1 -14
      vertex 23.5101 24.3355 -14
      vertex 24.6472 24.8898 -11.49
    endloop
  endfacet
  facet normal 0.700738 -0.560591 -0.441253
    outer loop
      vertex 24.6472 27.1102 -11.49
      vertex 23.5097 27.664 -14
      vertex 23.5101 27.6645 -14
    endloop
  endfacet
  facet normal 0.719833 -0.533615 -0.443955
    outer loop
      vertex 23.5097 27.664 -14
      vertex 24.6472 27.1102 -11.49
      vertex 24.5449 26.9722 -11.49
    endloop
  endfacet
  facet normal -0.719833 0.533615 -0.443955
    outer loop
      vertex 28.4903 24.336 -14
      vertex 27.3528 24.8898 -11.49
      vertex 27.4551 25.0278 -11.49
    endloop
  endfacet
  facet normal -0.700738 0.560591 -0.441253
    outer loop
      vertex 27.3528 24.8898 -11.49
      vertex 28.4903 24.336 -14
      vertex 28.4899 24.3355 -14
    endloop
  endfacet
  facet normal -0.664014 0.601677 -0.443925
    outer loop
      vertex 28.1183 23.8827 -14
      vertex 27.3528 24.8898 -11.49
      vertex 28.3152 24.1 -14
    endloop
  endfacet
  facet normal -0.663632 0.602069 -0.443966
    outer loop
      vertex 28.1183 23.8827 -14
      vertex 27.2374 24.7626 -11.49
      vertex 27.3528 24.8898 -11.49
    endloop
  endfacet
  facet normal -0.633454 0.633454 -0.444377
    outer loop
      vertex 27.2374 24.7626 -11.49
      vertex 28.1183 23.8827 -14
      vertex 28.1178 23.8822 -14
    endloop
  endfacet
  facet normal -0.719665 0.533866 -0.443925
    outer loop
      vertex 28.3152 24.1 -14
      vertex 27.3528 24.8898 -11.49
      vertex 28.4899 24.3355 -14
    endloop
  endfacet
  facet normal 0.301627 0.843761 -0.443946
    outer loop
      vertex 25.1299 23.1342 -14
      vertex 24.8538 23.2329 -14
      vertex 25.3303 24.3832 -11.49
    endloop
  endfacet
  facet normal 0.664014 0.601677 -0.443925
    outer loop
      vertex 23.8817 23.8827 -14
      vertex 23.6848 24.1 -14
      vertex 24.6472 24.8898 -11.49
    endloop
  endfacet
  facet normal -0.563507 0.704384 -0.431628
    outer loop
      vertex 27.4119 23.3586 -14
      vertex 26.9722 24.5449 -11.49
      vertex 27.4124 23.359 -14
    endloop
  endfacet
  facet normal -0.460709 0.768545 -0.443944
    outer loop
      vertex 26.9722 24.5449 -11.49
      vertex 27.4119 23.3586 -14
      vertex 26.8249 24.4566 -11.49
    endloop
  endfacet
  facet normal 0.843762 0.301604 -0.443961
    outer loop
      vertex 24.3832 25.3303 -11.49
      vertex 23.1339 25.1306 -14
      vertex 24.3254 25.492 -11.49
    endloop
  endfacet
  facet normal 0.825766 0.3539 -0.439165
    outer loop
      vertex 23.1339 25.1306 -14
      vertex 24.3832 25.3303 -11.49
      vertex 23.1342 25.1299 -14
    endloop
  endfacet
  facet normal 0.533615 0.719833 -0.443955
    outer loop
      vertex 24.336 23.5097 -14
      vertex 24.8898 24.6472 -11.49
      vertex 25.0278 24.5449 -11.49
    endloop
  endfacet
  facet normal 0.560591 0.700738 -0.441253
    outer loop
      vertex 24.8898 24.6472 -11.49
      vertex 24.336 23.5097 -14
      vertex 24.3355 23.5101 -14
    endloop
  endfacet
  facet normal 0.719833 0.533615 -0.443955
    outer loop
      vertex 24.6472 24.8898 -11.49
      vertex 23.5097 24.336 -14
      vertex 24.5449 25.0278 -11.49
    endloop
  endfacet
  facet normal 0.700738 0.560591 -0.441253
    outer loop
      vertex 23.5097 24.336 -14
      vertex 24.6472 24.8898 -11.49
      vertex 23.5101 24.3355 -14
    endloop
  endfacet
  facet normal -0.633454 -0.633454 -0.444377
    outer loop
      vertex 28.1183 28.1173 -14
      vertex 27.2374 27.2374 -11.49
      vertex 28.1178 28.1178 -14
    endloop
  endfacet
  facet normal -0.663632 -0.602069 -0.443966
    outer loop
      vertex 27.2374 27.2374 -11.49
      vertex 28.1183 28.1173 -14
      vertex 27.3528 27.1102 -11.49
    endloop
  endfacet
  facet normal 0.862709 -0.246488 -0.441562
    outer loop
      vertex 24.3254 26.508 -11.49
      vertex 23.0625 26.5843 -14
      vertex 23.0627 26.585 -14
    endloop
  endfacet
  facet normal 0.869125 -0.218064 -0.443927
    outer loop
      vertex 23.0625 26.5843 -14
      vertex 24.3254 26.508 -11.49
      vertex 24.2836 26.3414 -11.49
    endloop
  endfacet
  facet normal 0.218064 0.869125 -0.443927
    outer loop
      vertex 25.4157 23.0625 -14
      vertex 25.492 24.3254 -11.49
      vertex 25.6586 24.2836 -11.49
    endloop
  endfacet
  facet normal 0.246488 0.862709 -0.441562
    outer loop
      vertex 25.492 24.3254 -11.49
      vertex 25.4157 23.0625 -14
      vertex 25.415 23.0627 -14
    endloop
  endfacet
  facet normal 0.809946 0.383272 -0.443948
    outer loop
      vertex 23.3583 24.5888 -14
      vertex 23.2329 24.8538 -14
      vertex 24.3832 25.3303 -11.49
    endloop
  endfacet
  facet normal 0.843761 0.301627 -0.443946
    outer loop
      vertex 23.2329 24.8538 -14
      vertex 23.1342 25.1299 -14
      vertex 24.3832 25.3303 -11.49
    endloop
  endfacet
  facet normal 0.633454 -0.633454 -0.444377
    outer loop
      vertex 24.7626 27.2374 -11.49
      vertex 23.8817 28.1173 -14
      vertex 23.8822 28.1178 -14
    endloop
  endfacet
  facet normal 0.663632 -0.602069 -0.443966
    outer loop
      vertex 23.8817 28.1173 -14
      vertex 24.7626 27.2374 -11.49
      vertex 24.6472 27.1102 -11.49
    endloop
  endfacet
  facet normal 0.126716 -0.887013 -0.444016
    outer loop
      vertex 25.7071 28.9807 -14
      vertex 25.8285 27.7416 -11.49
      vertex 25.7064 28.9806 -14
    endloop
  endfacet
  facet normal 0.0438359 -0.894983 -0.443942
    outer loop
      vertex 25.8285 27.7416 -11.49
      vertex 25.7071 28.9807 -14
      vertex 26 27.75 -11.49
    endloop
  endfacet
  facet normal 0.704384 -0.563507 -0.431628
    outer loop
      vertex 24.5449 26.9722 -11.49
      vertex 23.3586 27.4119 -14
      vertex 23.359 27.4124 -14
    endloop
  endfacet
  facet normal 0.768545 -0.460709 -0.443944
    outer loop
      vertex 23.3586 27.4119 -14
      vertex 24.5449 26.9722 -11.49
      vertex 24.4566 26.8249 -11.49
    endloop
  endfacet
  facet normal 0.719665 -0.533866 -0.443925
    outer loop
      vertex 24.6472 27.1102 -11.49
      vertex 23.5101 27.6645 -14
      vertex 23.6848 27.9 -14
    endloop
  endfacet
  facet normal 0.843761 -0.301627 -0.443946
    outer loop
      vertex 24.3832 26.6697 -11.49
      vertex 23.1342 26.8701 -14
      vertex 23.2329 27.1462 -14
    endloop
  endfacet
  facet normal 0.601677 -0.664014 -0.443925
    outer loop
      vertex 24.8898 27.3528 -11.49
      vertex 23.8827 28.1183 -14
      vertex 24.1 28.3152 -14
    endloop
  endfacet
  facet normal 0.217612 -0.869224 -0.443954
    outer loop
      vertex 25.492 27.6746 -11.49
      vertex 25.1306 28.8661 -14
      vertex 25.415 28.9373 -14
    endloop
  endfacet
  facet normal 0.147414 -0.884482 -0.442675
    outer loop
      vertex 25.7064 28.9806 -14
      vertex 25.6586 27.7164 -11.49
      vertex 25.7058 28.9805 -14
    endloop
  endfacet
  facet normal 0.131468 -0.886366 -0.443928
    outer loop
      vertex 25.6586 27.7164 -11.49
      vertex 25.7064 28.9806 -14
      vertex 25.8285 27.7416 -11.49
    endloop
  endfacet
  facet normal -0.704384 -0.563507 -0.431628
    outer loop
      vertex 28.6414 27.4119 -14
      vertex 27.4551 26.9722 -11.49
      vertex 28.641 27.4124 -14
    endloop
  endfacet
  facet normal -0.768545 -0.460709 -0.443944
    outer loop
      vertex 27.4551 26.9722 -11.49
      vertex 28.6414 27.4119 -14
      vertex 27.5434 26.8249 -11.49
    endloop
  endfacet
  facet normal -0.768711 -0.460432 -0.443943
    outer loop
      vertex 28.641 27.4124 -14
      vertex 27.4551 26.9722 -11.49
      vertex 28.4903 27.664 -14
    endloop
  endfacet
  facet normal -0.301627 -0.843761 -0.443946
    outer loop
      vertex 27.1462 28.7671 -14
      vertex 26.6697 27.6168 -11.49
      vertex 26.8701 28.8658 -14
    endloop
  endfacet
  facet normal 0.383272 0.809946 -0.443948
    outer loop
      vertex 24.8538 23.2329 -14
      vertex 24.5888 23.3583 -14
      vertex 25.3303 24.3832 -11.49
    endloop
  endfacet
  facet normal -0.601677 -0.664014 -0.443925
    outer loop
      vertex 28.1173 28.1183 -14
      vertex 27.1102 27.3528 -11.49
      vertex 27.9 28.3152 -14
    endloop
  endfacet
  facet normal 0.825766 -0.3539 -0.439165
    outer loop
      vertex 24.3832 26.6697 -11.49
      vertex 23.1339 26.8694 -14
      vertex 23.1342 26.8701 -14
    endloop
  endfacet
  facet normal 0.843762 -0.301604 -0.443961
    outer loop
      vertex 23.1339 26.8694 -14
      vertex 24.3832 26.6697 -11.49
      vertex 24.3254 26.508 -11.49
    endloop
  endfacet
  facet normal 0.869224 -0.217612 -0.443954
    outer loop
      vertex 24.3254 26.508 -11.49
      vertex 23.0627 26.585 -14
      vertex 23.1339 26.8694 -14
    endloop
  endfacet
  facet normal -0.664014 -0.601677 -0.443925
    outer loop
      vertex 28.3152 27.9 -14
      vertex 27.3528 27.1102 -11.49
      vertex 28.1183 28.1173 -14
    endloop
  endfacet
  facet normal -0.0436955 -0.894995 -0.443932
    outer loop
      vertex 26.2929 28.9807 -14
      vertex 26 27.75 -11.49
      vertex 26 28.995 -14
    endloop
  endfacet
  facet normal -0.843761 -0.301627 -0.443946
    outer loop
      vertex 28.8658 26.8701 -14
      vertex 27.6168 26.6697 -11.49
      vertex 28.7671 27.1462 -14
    endloop
  endfacet
  facet normal -0.383097 -0.810037 -0.443934
    outer loop
      vertex 27.4112 28.6417 -14
      vertex 26.8249 27.5434 -11.49
      vertex 26.6697 27.6168 -11.49
    endloop
  endfacet
  facet normal -0.353147 -0.82401 -0.443052
    outer loop
      vertex 26.8249 27.5434 -11.49
      vertex 27.4112 28.6417 -14
      vertex 27.4119 28.6414 -14
    endloop
  endfacet
  facet normal 0.246488 -0.862709 -0.441562
    outer loop
      vertex 25.4157 28.9375 -14
      vertex 25.492 27.6746 -11.49
      vertex 25.415 28.9373 -14
    endloop
  endfacet
  facet normal 0.218064 -0.869125 -0.443927
    outer loop
      vertex 25.492 27.6746 -11.49
      vertex 25.4157 28.9375 -14
      vertex 25.6586 27.7164 -11.49
    endloop
  endfacet
  facet normal -0.700738 -0.560591 -0.441253
    outer loop
      vertex 28.4903 27.664 -14
      vertex 27.3528 27.1102 -11.49
      vertex 28.4899 27.6645 -14
    endloop
  endfacet
  facet normal -0.719833 -0.533615 -0.443955
    outer loop
      vertex 27.3528 27.1102 -11.49
      vertex 28.4903 27.664 -14
      vertex 27.4551 26.9722 -11.49
    endloop
  endfacet
  facet normal -0.460709 -0.768545 -0.443944
    outer loop
      vertex 27.4119 28.6414 -14
      vertex 26.9722 27.4551 -11.49
      vertex 26.8249 27.5434 -11.49
    endloop
  endfacet
  facet normal -0.563507 -0.704384 -0.431628
    outer loop
      vertex 26.9722 27.4551 -11.49
      vertex 27.4119 28.6414 -14
      vertex 27.4124 28.641 -14
    endloop
  endfacet
  facet normal -0.218064 -0.869125 -0.443927
    outer loop
      vertex 26.5843 28.9375 -14
      vertex 26.508 27.6746 -11.49
      vertex 26.3414 27.7164 -11.49
    endloop
  endfacet
  facet normal -0.246488 -0.862709 -0.441562
    outer loop
      vertex 26.508 27.6746 -11.49
      vertex 26.5843 28.9375 -14
      vertex 26.585 28.9373 -14
    endloop
  endfacet
  facet normal 0.887013 -0.126716 -0.444016
    outer loop
      vertex 24.2584 26.1715 -11.49
      vertex 23.0193 26.2929 -14
      vertex 23.0194 26.2936 -14
    endloop
  endfacet
  facet normal 0.894983 -0.0438359 -0.443942
    outer loop
      vertex 23.0193 26.2929 -14
      vertex 24.2584 26.1715 -11.49
      vertex 24.25 26 -11.49
    endloop
  endfacet
  facet normal 0.884482 -0.147414 -0.442675
    outer loop
      vertex 24.2836 26.3414 -11.49
      vertex 23.0194 26.2936 -14
      vertex 23.0195 26.2942 -14
    endloop
  endfacet
  facet normal 0.886366 -0.131468 -0.443928
    outer loop
      vertex 23.0194 26.2936 -14
      vertex 24.2836 26.3414 -11.49
      vertex 24.2584 26.1715 -11.49
    endloop
  endfacet
  facet normal 0.563507 -0.704384 -0.431628
    outer loop
      vertex 24.5881 28.6414 -14
      vertex 25.0278 27.4551 -11.49
      vertex 24.5876 28.641 -14
    endloop
  endfacet
  facet normal 0.460709 -0.768545 -0.443944
    outer loop
      vertex 25.0278 27.4551 -11.49
      vertex 24.5881 28.6414 -14
      vertex 25.1751 27.5434 -11.49
    endloop
  endfacet
  facet normal -0.0438359 -0.894983 -0.443942
    outer loop
      vertex 26.2929 28.9807 -14
      vertex 26.1715 27.7416 -11.49
      vertex 26 27.75 -11.49
    endloop
  endfacet
  facet normal -0.126716 -0.887013 -0.444016
    outer loop
      vertex 26.1715 27.7416 -11.49
      vertex 26.2929 28.9807 -14
      vertex 26.2936 28.9806 -14
    endloop
  endfacet
  facet normal 0.460709 0.768545 -0.443944
    outer loop
      vertex 24.5881 23.3586 -14
      vertex 25.0278 24.5449 -11.49
      vertex 25.1751 24.4566 -11.49
    endloop
  endfacet
  facet normal 0.563507 0.704384 -0.431628
    outer loop
      vertex 25.0278 24.5449 -11.49
      vertex 24.5881 23.3586 -14
      vertex 24.5876 23.359 -14
    endloop
  endfacet
  facet normal 0.894995 0.0436955 -0.443932
    outer loop
      vertex 23.0193 25.7071 -14
      vertex 23.005 26 -14
      vertex 24.25 26 -11.49
    endloop
  endfacet
  facet normal -0.869224 -0.217612 -0.443954
    outer loop
      vertex 28.9373 26.585 -14
      vertex 27.6746 26.508 -11.49
      vertex 28.8661 26.8694 -14
    endloop
  endfacet
  facet normal -0.809946 -0.383272 -0.443948
    outer loop
      vertex 28.7671 27.1462 -14
      vertex 27.6168 26.6697 -11.49
      vertex 28.6417 27.4112 -14
    endloop
  endfacet
  facet normal 0.0436955 -0.894995 -0.443932
    outer loop
      vertex 26 27.75 -11.49
      vertex 25.7071 28.9807 -14
      vertex 26 28.995 -14
    endloop
  endfacet
  facet normal -0.82401 -0.353147 -0.443052
    outer loop
      vertex 28.6417 27.4112 -14
      vertex 27.5434 26.8249 -11.49
      vertex 28.6414 27.4119 -14
    endloop
  endfacet
  facet normal -0.810037 -0.383097 -0.443934
    outer loop
      vertex 27.5434 26.8249 -11.49
      vertex 28.6417 27.4112 -14
      vertex 27.6168 26.6697 -11.49
    endloop
  endfacet
  facet normal -0.825766 -0.3539 -0.439165
    outer loop
      vertex 28.8661 26.8694 -14
      vertex 27.6168 26.6697 -11.49
      vertex 28.8658 26.8701 -14
    endloop
  endfacet
  facet normal -0.843762 -0.301604 -0.443961
    outer loop
      vertex 27.6168 26.6697 -11.49
      vertex 28.8661 26.8694 -14
      vertex 27.6746 26.508 -11.49
    endloop
  endfacet
  facet normal -0.886377 -0.131383 -0.443931
    outer loop
      vertex 28.9805 26.2942 -14
      vertex 27.7164 26.3414 -11.49
      vertex 28.9375 26.5843 -14
    endloop
  endfacet
  facet normal -0.884482 -0.147414 -0.442675
    outer loop
      vertex 28.9806 26.2936 -14
      vertex 27.7164 26.3414 -11.49
      vertex 28.9805 26.2942 -14
    endloop
  endfacet
  facet normal -0.886366 -0.131468 -0.443928
    outer loop
      vertex 27.7164 26.3414 -11.49
      vertex 28.9806 26.2936 -14
      vertex 27.7416 26.1715 -11.49
    endloop
  endfacet
  facet normal 0.989178 -0.146717 0
    outer loop
      vertex -27.7416 26.1715 -10.5
      vertex -27.7164 26.3414 -11.49
      vertex -27.7164 26.3414 -10.5
    endloop
  endfacet
  facet normal 0.989178 -0.146717 0
    outer loop
      vertex -27.7164 26.3414 -11.49
      vertex -27.7416 26.1715 -10.5
      vertex -27.7416 26.1715 -11.49
    endloop
  endfacet
  facet normal 0.998803 -0.0489209 0
    outer loop
      vertex -27.75 26 -10.5
      vertex -27.7416 26.1715 -11.49
      vertex -27.7416 26.1715 -10.5
    endloop
  endfacet
  facet normal 0.998803 -0.0489209 0
    outer loop
      vertex -27.7416 26.1715 -11.49
      vertex -27.75 26 -10.5
      vertex -27.75 26 -11.49
    endloop
  endfacet
  facet normal 0.969937 -0.243357 0
    outer loop
      vertex -27.7164 26.3414 -10.5
      vertex -27.6746 26.508 -11.49
      vertex -27.6746 26.508 -10.5
    endloop
  endfacet
  facet normal 0.969937 -0.243357 0
    outer loop
      vertex -27.6746 26.508 -11.49
      vertex -27.7164 26.3414 -10.5
      vertex -27.7164 26.3414 -11.49
    endloop
  endfacet
  facet normal 0.336595 0.94165 -0
    outer loop
      vertex -26.508 24.3254 -11.49
      vertex -26.6697 24.3832 -10.5
      vertex -26.508 24.3254 -10.5
    endloop
  endfacet
  facet normal 0.336595 0.94165 0
    outer loop
      vertex -26.6697 24.3832 -10.5
      vertex -26.508 24.3254 -11.49
      vertex -26.6697 24.3832 -11.49
    endloop
  endfacet
  facet normal -0.671919 -0.740625 0
    outer loop
      vertex -24.8898 27.3528 -11.49
      vertex -24.7626 27.2374 -10.5
      vertex -24.8898 27.3528 -10.5
    endloop
  endfacet
  facet normal -0.671919 -0.740625 -0
    outer loop
      vertex -24.7626 27.2374 -10.5
      vertex -24.8898 27.3528 -11.49
      vertex -24.7626 27.2374 -11.49
    endloop
  endfacet
  facet normal -0.969937 0.243357 0
    outer loop
      vertex -24.3254 25.492 -11.49
      vertex -24.2836 25.6586 -10.5
      vertex -24.2836 25.6586 -11.49
    endloop
  endfacet
  facet normal -0.969937 0.243357 0
    outer loop
      vertex -24.2836 25.6586 -10.5
      vertex -24.3254 25.492 -11.49
      vertex -24.3254 25.492 -10.5
    endloop
  endfacet
  facet normal 0.427535 -0.903999 0
    outer loop
      vertex -26.8249 27.5434 -11.49
      vertex -26.6697 27.6168 -10.5
      vertex -26.8249 27.5434 -10.5
    endloop
  endfacet
  facet normal 0.427535 -0.903999 0
    outer loop
      vertex -26.6697 27.6168 -10.5
      vertex -26.8249 27.5434 -11.49
      vertex -26.6697 27.6168 -11.49
    endloop
  endfacet
  facet normal -0.243357 0.969937 0
    outer loop
      vertex -25.492 24.3254 -11.49
      vertex -25.6586 24.2836 -10.5
      vertex -25.492 24.3254 -10.5
    endloop
  endfacet
  facet normal -0.243357 0.969937 0
    outer loop
      vertex -25.6586 24.2836 -10.5
      vertex -25.492 24.3254 -11.49
      vertex -25.6586 24.2836 -11.49
    endloop
  endfacet
  facet normal -0.146717 0.989178 0
    outer loop
      vertex -25.6586 24.2836 -11.49
      vertex -25.8285 24.2584 -10.5
      vertex -25.6586 24.2836 -10.5
    endloop
  endfacet
  facet normal -0.146717 0.989178 0
    outer loop
      vertex -25.8285 24.2584 -10.5
      vertex -25.6586 24.2836 -11.49
      vertex -25.8285 24.2584 -11.49
    endloop
  endfacet
  facet normal 0.243357 -0.969937 0
    outer loop
      vertex -26.508 27.6746 -11.49
      vertex -26.3414 27.7164 -10.5
      vertex -26.508 27.6746 -10.5
    endloop
  endfacet
  facet normal 0.243357 -0.969937 0
    outer loop
      vertex -26.3414 27.7164 -10.5
      vertex -26.508 27.6746 -11.49
      vertex -26.3414 27.7164 -11.49
    endloop
  endfacet
  facet normal -0.740625 -0.671919 0
    outer loop
      vertex -24.6472 27.1102 -11.49
      vertex -24.7626 27.2374 -10.5
      vertex -24.7626 27.2374 -11.49
    endloop
  endfacet
  facet normal -0.740625 -0.671919 0
    outer loop
      vertex -24.7626 27.2374 -10.5
      vertex -24.6472 27.1102 -11.49
      vertex -24.6472 27.1102 -10.5
    endloop
  endfacet
  facet normal -0.336595 -0.94165 0
    outer loop
      vertex -25.492 27.6746 -11.49
      vertex -25.3303 27.6168 -10.5
      vertex -25.492 27.6746 -10.5
    endloop
  endfacet
  facet normal -0.336595 -0.94165 -0
    outer loop
      vertex -25.3303 27.6168 -10.5
      vertex -25.492 27.6746 -11.49
      vertex -25.3303 27.6168 -11.49
    endloop
  endfacet
  facet normal 0.0489209 0.998803 -0
    outer loop
      vertex -26 24.25 -11.49
      vertex -26.1715 24.2584 -10.5
      vertex -26 24.25 -10.5
    endloop
  endfacet
  facet normal 0.0489209 0.998803 0
    outer loop
      vertex -26.1715 24.2584 -10.5
      vertex -26 24.25 -11.49
      vertex -26.1715 24.2584 -11.49
    endloop
  endfacet
  facet normal -0.0489209 -0.998803 0
    outer loop
      vertex -26 27.75 -11.49
      vertex -25.8285 27.7416 -10.5
      vertex -26 27.75 -10.5
    endloop
  endfacet
  facet normal -0.0489209 -0.998803 -0
    outer loop
      vertex -25.8285 27.7416 -10.5
      vertex -26 27.75 -11.49
      vertex -25.8285 27.7416 -11.49
    endloop
  endfacet
  facet normal -0.59552 0.803341 0
    outer loop
      vertex -24.8898 24.6472 -11.49
      vertex -25.0278 24.5449 -10.5
      vertex -24.8898 24.6472 -10.5
    endloop
  endfacet
  facet normal -0.59552 0.803341 0
    outer loop
      vertex -25.0278 24.5449 -10.5
      vertex -24.8898 24.6472 -11.49
      vertex -25.0278 24.5449 -11.49
    endloop
  endfacet
  facet normal -0.903999 0.427535 0
    outer loop
      vertex -24.4566 25.1751 -11.49
      vertex -24.3832 25.3303 -10.5
      vertex -24.3832 25.3303 -11.49
    endloop
  endfacet
  facet normal -0.903999 0.427535 0
    outer loop
      vertex -24.3832 25.3303 -10.5
      vertex -24.4566 25.1751 -11.49
      vertex -24.4566 25.1751 -10.5
    endloop
  endfacet
  facet normal -0.146717 -0.989178 0
    outer loop
      vertex -25.8285 27.7416 -11.49
      vertex -25.6586 27.7164 -10.5
      vertex -25.8285 27.7416 -10.5
    endloop
  endfacet
  facet normal -0.146717 -0.989178 -0
    outer loop
      vertex -25.6586 27.7164 -10.5
      vertex -25.8285 27.7416 -11.49
      vertex -25.6586 27.7164 -11.49
    endloop
  endfacet
  facet normal 0.59552 0.803341 -0
    outer loop
      vertex -26.9722 24.5449 -11.49
      vertex -27.1102 24.6472 -10.5
      vertex -26.9722 24.5449 -10.5
    endloop
  endfacet
  facet normal 0.59552 0.803341 0
    outer loop
      vertex -27.1102 24.6472 -10.5
      vertex -26.9722 24.5449 -11.49
      vertex -27.1102 24.6472 -11.49
    endloop
  endfacet
  facet normal 0.514153 -0.857698 0
    outer loop
      vertex -26.9722 27.4551 -11.49
      vertex -26.8249 27.5434 -10.5
      vertex -26.9722 27.4551 -10.5
    endloop
  endfacet
  facet normal 0.514153 -0.857698 0
    outer loop
      vertex -26.8249 27.5434 -10.5
      vertex -26.9722 27.4551 -11.49
      vertex -26.8249 27.5434 -11.49
    endloop
  endfacet
  facet normal -0.998803 0.0489209 0
    outer loop
      vertex -24.2584 25.8285 -11.49
      vertex -24.25 26 -10.5
      vertex -24.25 26 -11.49
    endloop
  endfacet
  facet normal -0.998803 0.0489209 0
    outer loop
      vertex -24.25 26 -10.5
      vertex -24.2584 25.8285 -11.49
      vertex -24.2584 25.8285 -10.5
    endloop
  endfacet
  facet normal -0.903999 -0.427535 0
    outer loop
      vertex -24.3832 26.6697 -11.49
      vertex -24.4566 26.8249 -10.5
      vertex -24.4566 26.8249 -11.49
    endloop
  endfacet
  facet normal -0.903999 -0.427535 0
    outer loop
      vertex -24.4566 26.8249 -10.5
      vertex -24.3832 26.6697 -11.49
      vertex -24.3832 26.6697 -10.5
    endloop
  endfacet
  facet normal 0.969937 0.243357 0
    outer loop
      vertex -27.6746 25.492 -10.5
      vertex -27.7164 25.6586 -11.49
      vertex -27.7164 25.6586 -10.5
    endloop
  endfacet
  facet normal 0.969937 0.243357 0
    outer loop
      vertex -27.7164 25.6586 -11.49
      vertex -27.6746 25.492 -10.5
      vertex -27.6746 25.492 -11.49
    endloop
  endfacet
  facet normal 0.671919 -0.740625 0
    outer loop
      vertex -27.2374 27.2374 -11.49
      vertex -27.1102 27.3528 -10.5
      vertex -27.2374 27.2374 -10.5
    endloop
  endfacet
  facet normal 0.671919 -0.740625 0
    outer loop
      vertex -27.1102 27.3528 -10.5
      vertex -27.2374 27.2374 -11.49
      vertex -27.1102 27.3528 -11.49
    endloop
  endfacet
  facet normal 0.59552 -0.803341 0
    outer loop
      vertex -27.1102 27.3528 -11.49
      vertex -26.9722 27.4551 -10.5
      vertex -27.1102 27.3528 -10.5
    endloop
  endfacet
  facet normal 0.59552 -0.803341 0
    outer loop
      vertex -26.9722 27.4551 -10.5
      vertex -27.1102 27.3528 -11.49
      vertex -26.9722 27.4551 -11.49
    endloop
  endfacet
  facet normal -0.59552 -0.803341 0
    outer loop
      vertex -25.0278 27.4551 -11.49
      vertex -24.8898 27.3528 -10.5
      vertex -25.0278 27.4551 -10.5
    endloop
  endfacet
  facet normal -0.59552 -0.803341 -0
    outer loop
      vertex -24.8898 27.3528 -10.5
      vertex -25.0278 27.4551 -11.49
      vertex -24.8898 27.3528 -11.49
    endloop
  endfacet
  facet normal 0.514153 0.857698 -0
    outer loop
      vertex -26.8249 24.4566 -11.49
      vertex -26.9722 24.5449 -10.5
      vertex -26.8249 24.4566 -10.5
    endloop
  endfacet
  facet normal 0.514153 0.857698 0
    outer loop
      vertex -26.9722 24.5449 -10.5
      vertex -26.8249 24.4566 -11.49
      vertex -26.9722 24.5449 -11.49
    endloop
  endfacet
  facet normal 0.740625 -0.671919 0
    outer loop
      vertex -27.3528 27.1102 -10.5
      vertex -27.2374 27.2374 -11.49
      vertex -27.2374 27.2374 -10.5
    endloop
  endfacet
  facet normal 0.740625 -0.671919 0
    outer loop
      vertex -27.2374 27.2374 -11.49
      vertex -27.3528 27.1102 -10.5
      vertex -27.3528 27.1102 -11.49
    endloop
  endfacet
  facet normal 0.803341 -0.59552 0
    outer loop
      vertex -27.4551 26.9722 -10.5
      vertex -27.3528 27.1102 -11.49
      vertex -27.3528 27.1102 -10.5
    endloop
  endfacet
  facet normal 0.803341 -0.59552 0
    outer loop
      vertex -27.3528 27.1102 -11.49
      vertex -27.4551 26.9722 -10.5
      vertex -27.4551 26.9722 -11.49
    endloop
  endfacet
  facet normal 0.989178 0.146717 0
    outer loop
      vertex -27.7164 25.6586 -10.5
      vertex -27.7416 25.8285 -11.49
      vertex -27.7416 25.8285 -10.5
    endloop
  endfacet
  facet normal 0.989178 0.146717 0
    outer loop
      vertex -27.7416 25.8285 -11.49
      vertex -27.7164 25.6586 -10.5
      vertex -27.7164 25.6586 -11.49
    endloop
  endfacet
  facet normal -0.94165 -0.336595 0
    outer loop
      vertex -24.3254 26.508 -11.49
      vertex -24.3832 26.6697 -10.5
      vertex -24.3832 26.6697 -11.49
    endloop
  endfacet
  facet normal -0.94165 -0.336595 0
    outer loop
      vertex -24.3832 26.6697 -10.5
      vertex -24.3254 26.508 -11.49
      vertex -24.3254 26.508 -10.5
    endloop
  endfacet
  facet normal 0.903999 0.427535 0
    outer loop
      vertex -27.5434 25.1751 -10.5
      vertex -27.6168 25.3303 -11.49
      vertex -27.6168 25.3303 -10.5
    endloop
  endfacet
  facet normal 0.903999 0.427535 0
    outer loop
      vertex -27.6168 25.3303 -11.49
      vertex -27.5434 25.1751 -10.5
      vertex -27.5434 25.1751 -11.49
    endloop
  endfacet
  facet normal 0.998803 0.0489209 0
    outer loop
      vertex -27.7416 25.8285 -10.5
      vertex -27.75 26 -11.49
      vertex -27.75 26 -10.5
    endloop
  endfacet
  facet normal 0.998803 0.0489209 0
    outer loop
      vertex -27.75 26 -11.49
      vertex -27.7416 25.8285 -10.5
      vertex -27.7416 25.8285 -11.49
    endloop
  endfacet
  facet normal 0.243357 0.969937 -0
    outer loop
      vertex -26.3414 24.2836 -11.49
      vertex -26.508 24.3254 -10.5
      vertex -26.3414 24.2836 -10.5
    endloop
  endfacet
  facet normal 0.243357 0.969937 0
    outer loop
      vertex -26.508 24.3254 -10.5
      vertex -26.3414 24.2836 -11.49
      vertex -26.508 24.3254 -11.49
    endloop
  endfacet
  facet normal 0.146717 0.989178 -0
    outer loop
      vertex -26.1715 24.2584 -11.49
      vertex -26.3414 24.2836 -10.5
      vertex -26.1715 24.2584 -10.5
    endloop
  endfacet
  facet normal 0.146717 0.989178 0
    outer loop
      vertex -26.3414 24.2836 -10.5
      vertex -26.1715 24.2584 -11.49
      vertex -26.3414 24.2836 -11.49
    endloop
  endfacet
  facet normal 0.94165 -0.336595 0
    outer loop
      vertex -27.6746 26.508 -10.5
      vertex -27.6168 26.6697 -11.49
      vertex -27.6168 26.6697 -10.5
    endloop
  endfacet
  facet normal 0.94165 -0.336595 0
    outer loop
      vertex -27.6168 26.6697 -11.49
      vertex -27.6746 26.508 -10.5
      vertex -27.6746 26.508 -11.49
    endloop
  endfacet
  facet normal 0.803341 0.59552 0
    outer loop
      vertex -27.3528 24.8898 -10.5
      vertex -27.4551 25.0278 -11.49
      vertex -27.4551 25.0278 -10.5
    endloop
  endfacet
  facet normal 0.803341 0.59552 0
    outer loop
      vertex -27.4551 25.0278 -11.49
      vertex -27.3528 24.8898 -10.5
      vertex -27.3528 24.8898 -11.49
    endloop
  endfacet
  facet normal 0.857698 0.514153 0
    outer loop
      vertex -27.4551 25.0278 -10.5
      vertex -27.5434 25.1751 -11.49
      vertex -27.5434 25.1751 -10.5
    endloop
  endfacet
  facet normal 0.857698 0.514153 0
    outer loop
      vertex -27.5434 25.1751 -11.49
      vertex -27.4551 25.0278 -10.5
      vertex -27.4551 25.0278 -11.49
    endloop
  endfacet
  facet normal 0.427535 0.903999 -0
    outer loop
      vertex -26.6697 24.3832 -11.49
      vertex -26.8249 24.4566 -10.5
      vertex -26.6697 24.3832 -10.5
    endloop
  endfacet
  facet normal 0.427535 0.903999 0
    outer loop
      vertex -26.8249 24.4566 -10.5
      vertex -26.6697 24.3832 -11.49
      vertex -26.8249 24.4566 -11.49
    endloop
  endfacet
  facet normal 0.0489209 -0.998803 0
    outer loop
      vertex -26.1715 27.7416 -11.49
      vertex -26 27.75 -10.5
      vertex -26.1715 27.7416 -10.5
    endloop
  endfacet
  facet normal 0.0489209 -0.998803 0
    outer loop
      vertex -26 27.75 -10.5
      vertex -26.1715 27.7416 -11.49
      vertex -26 27.75 -11.49
    endloop
  endfacet
  facet normal 0.94165 0.336595 0
    outer loop
      vertex -27.6168 25.3303 -10.5
      vertex -27.6746 25.492 -11.49
      vertex -27.6746 25.492 -10.5
    endloop
  endfacet
  facet normal 0.94165 0.336595 0
    outer loop
      vertex -27.6746 25.492 -11.49
      vertex -27.6168 25.3303 -10.5
      vertex -27.6168 25.3303 -11.49
    endloop
  endfacet
  facet normal -0.243357 -0.969937 0
    outer loop
      vertex -25.6586 27.7164 -11.49
      vertex -25.492 27.6746 -10.5
      vertex -25.6586 27.7164 -10.5
    endloop
  endfacet
  facet normal -0.243357 -0.969937 -0
    outer loop
      vertex -25.492 27.6746 -10.5
      vertex -25.6586 27.7164 -11.49
      vertex -25.492 27.6746 -11.49
    endloop
  endfacet
  facet normal 0.903999 -0.427535 0
    outer loop
      vertex -27.6168 26.6697 -10.5
      vertex -27.5434 26.8249 -11.49
      vertex -27.5434 26.8249 -10.5
    endloop
  endfacet
  facet normal 0.903999 -0.427535 0
    outer loop
      vertex -27.5434 26.8249 -11.49
      vertex -27.6168 26.6697 -10.5
      vertex -27.6168 26.6697 -11.49
    endloop
  endfacet
  facet normal -0.427535 -0.903999 0
    outer loop
      vertex -25.3303 27.6168 -11.49
      vertex -25.1751 27.5434 -10.5
      vertex -25.3303 27.6168 -10.5
    endloop
  endfacet
  facet normal -0.427535 -0.903999 -0
    outer loop
      vertex -25.1751 27.5434 -10.5
      vertex -25.3303 27.6168 -11.49
      vertex -25.1751 27.5434 -11.49
    endloop
  endfacet
  facet normal 0.146717 -0.989178 0
    outer loop
      vertex -26.3414 27.7164 -11.49
      vertex -26.1715 27.7416 -10.5
      vertex -26.3414 27.7164 -10.5
    endloop
  endfacet
  facet normal 0.146717 -0.989178 0
    outer loop
      vertex -26.1715 27.7416 -10.5
      vertex -26.3414 27.7164 -11.49
      vertex -26.1715 27.7416 -11.49
    endloop
  endfacet
  facet normal -0.857698 0.514153 0
    outer loop
      vertex -24.5449 25.0278 -11.49
      vertex -24.4566 25.1751 -10.5
      vertex -24.4566 25.1751 -11.49
    endloop
  endfacet
  facet normal -0.857698 0.514153 0
    outer loop
      vertex -24.4566 25.1751 -10.5
      vertex -24.5449 25.0278 -11.49
      vertex -24.5449 25.0278 -10.5
    endloop
  endfacet
  facet normal 0.857698 -0.514153 0
    outer loop
      vertex -27.5434 26.8249 -10.5
      vertex -27.4551 26.9722 -11.49
      vertex -27.4551 26.9722 -10.5
    endloop
  endfacet
  facet normal 0.857698 -0.514153 0
    outer loop
      vertex -27.4551 26.9722 -11.49
      vertex -27.5434 26.8249 -10.5
      vertex -27.5434 26.8249 -11.49
    endloop
  endfacet
  facet normal -0.514153 -0.857698 0
    outer loop
      vertex -25.1751 27.5434 -11.49
      vertex -25.0278 27.4551 -10.5
      vertex -25.1751 27.5434 -10.5
    endloop
  endfacet
  facet normal -0.514153 -0.857698 -0
    outer loop
      vertex -25.0278 27.4551 -10.5
      vertex -25.1751 27.5434 -11.49
      vertex -25.0278 27.4551 -11.49
    endloop
  endfacet
  facet normal -0.740625 0.671919 0
    outer loop
      vertex -24.7626 24.7626 -11.49
      vertex -24.6472 24.8898 -10.5
      vertex -24.6472 24.8898 -11.49
    endloop
  endfacet
  facet normal -0.740625 0.671919 0
    outer loop
      vertex -24.6472 24.8898 -10.5
      vertex -24.7626 24.7626 -11.49
      vertex -24.7626 24.7626 -10.5
    endloop
  endfacet
  facet normal -0.427535 0.903999 0
    outer loop
      vertex -25.1751 24.4566 -11.49
      vertex -25.3303 24.3832 -10.5
      vertex -25.1751 24.4566 -10.5
    endloop
  endfacet
  facet normal -0.427535 0.903999 0
    outer loop
      vertex -25.3303 24.3832 -10.5
      vertex -25.1751 24.4566 -11.49
      vertex -25.3303 24.3832 -11.49
    endloop
  endfacet
  facet normal -0.94165 0.336595 0
    outer loop
      vertex -24.3832 25.3303 -11.49
      vertex -24.3254 25.492 -10.5
      vertex -24.3254 25.492 -11.49
    endloop
  endfacet
  facet normal -0.94165 0.336595 0
    outer loop
      vertex -24.3254 25.492 -10.5
      vertex -24.3832 25.3303 -11.49
      vertex -24.3832 25.3303 -10.5
    endloop
  endfacet
  facet normal -0.514153 0.857698 0
    outer loop
      vertex -25.0278 24.5449 -11.49
      vertex -25.1751 24.4566 -10.5
      vertex -25.0278 24.5449 -10.5
    endloop
  endfacet
  facet normal -0.514153 0.857698 0
    outer loop
      vertex -25.1751 24.4566 -10.5
      vertex -25.0278 24.5449 -11.49
      vertex -25.1751 24.4566 -11.49
    endloop
  endfacet
  facet normal -0.969937 -0.243357 0
    outer loop
      vertex -24.2836 26.3414 -11.49
      vertex -24.3254 26.508 -10.5
      vertex -24.3254 26.508 -11.49
    endloop
  endfacet
  facet normal -0.969937 -0.243357 0
    outer loop
      vertex -24.3254 26.508 -10.5
      vertex -24.2836 26.3414 -11.49
      vertex -24.2836 26.3414 -10.5
    endloop
  endfacet
  facet normal -0.989178 -0.146717 0
    outer loop
      vertex -24.2584 26.1715 -11.49
      vertex -24.2836 26.3414 -10.5
      vertex -24.2836 26.3414 -11.49
    endloop
  endfacet
  facet normal -0.989178 -0.146717 0
    outer loop
      vertex -24.2836 26.3414 -10.5
      vertex -24.2584 26.1715 -11.49
      vertex -24.2584 26.1715 -10.5
    endloop
  endfacet
  facet normal 0.336595 -0.94165 0
    outer loop
      vertex -26.6697 27.6168 -11.49
      vertex -26.508 27.6746 -10.5
      vertex -26.6697 27.6168 -10.5
    endloop
  endfacet
  facet normal 0.336595 -0.94165 0
    outer loop
      vertex -26.508 27.6746 -10.5
      vertex -26.6697 27.6168 -11.49
      vertex -26.508 27.6746 -11.49
    endloop
  endfacet
  facet normal -0.803341 0.59552 0
    outer loop
      vertex -24.6472 24.8898 -11.49
      vertex -24.5449 25.0278 -10.5
      vertex -24.5449 25.0278 -11.49
    endloop
  endfacet
  facet normal -0.803341 0.59552 0
    outer loop
      vertex -24.5449 25.0278 -10.5
      vertex -24.6472 24.8898 -11.49
      vertex -24.6472 24.8898 -10.5
    endloop
  endfacet
  facet normal -0.989178 0.146717 0
    outer loop
      vertex -24.2836 25.6586 -11.49
      vertex -24.2584 25.8285 -10.5
      vertex -24.2584 25.8285 -11.49
    endloop
  endfacet
  facet normal -0.989178 0.146717 0
    outer loop
      vertex -24.2584 25.8285 -10.5
      vertex -24.2836 25.6586 -11.49
      vertex -24.2836 25.6586 -10.5
    endloop
  endfacet
  facet normal -0.671919 0.740625 0
    outer loop
      vertex -24.7626 24.7626 -11.49
      vertex -24.8898 24.6472 -10.5
      vertex -24.7626 24.7626 -10.5
    endloop
  endfacet
  facet normal -0.671919 0.740625 0
    outer loop
      vertex -24.8898 24.6472 -10.5
      vertex -24.7626 24.7626 -11.49
      vertex -24.8898 24.6472 -11.49
    endloop
  endfacet
  facet normal -0.803341 -0.59552 0
    outer loop
      vertex -24.5449 26.9722 -11.49
      vertex -24.6472 27.1102 -10.5
      vertex -24.6472 27.1102 -11.49
    endloop
  endfacet
  facet normal -0.803341 -0.59552 0
    outer loop
      vertex -24.6472 27.1102 -10.5
      vertex -24.5449 26.9722 -11.49
      vertex -24.5449 26.9722 -10.5
    endloop
  endfacet
  facet normal -0.857698 -0.514153 0
    outer loop
      vertex -24.4566 26.8249 -11.49
      vertex -24.5449 26.9722 -10.5
      vertex -24.5449 26.9722 -11.49
    endloop
  endfacet
  facet normal -0.857698 -0.514153 0
    outer loop
      vertex -24.5449 26.9722 -10.5
      vertex -24.4566 26.8249 -11.49
      vertex -24.4566 26.8249 -10.5
    endloop
  endfacet
  facet normal -0.0489209 0.998803 0
    outer loop
      vertex -25.8285 24.2584 -11.49
      vertex -26 24.25 -10.5
      vertex -25.8285 24.2584 -10.5
    endloop
  endfacet
  facet normal -0.0489209 0.998803 0
    outer loop
      vertex -26 24.25 -10.5
      vertex -25.8285 24.2584 -11.49
      vertex -26 24.25 -11.49
    endloop
  endfacet
  facet normal -0.998803 -0.0489209 0
    outer loop
      vertex -24.25 26 -11.49
      vertex -24.2584 26.1715 -10.5
      vertex -24.2584 26.1715 -11.49
    endloop
  endfacet
  facet normal -0.998803 -0.0489209 0
    outer loop
      vertex -24.2584 26.1715 -10.5
      vertex -24.25 26 -11.49
      vertex -24.25 26 -10.5
    endloop
  endfacet
  facet normal -0.336595 0.94165 0
    outer loop
      vertex -25.3303 24.3832 -11.49
      vertex -25.492 24.3254 -10.5
      vertex -25.3303 24.3832 -10.5
    endloop
  endfacet
  facet normal -0.336595 0.94165 0
    outer loop
      vertex -25.492 24.3254 -10.5
      vertex -25.3303 24.3832 -11.49
      vertex -25.492 24.3254 -11.49
    endloop
  endfacet
  facet normal 0.740625 0.671919 0
    outer loop
      vertex -27.2374 24.7626 -10.5
      vertex -27.3528 24.8898 -11.49
      vertex -27.3528 24.8898 -10.5
    endloop
  endfacet
  facet normal 0.740625 0.671919 0
    outer loop
      vertex -27.3528 24.8898 -11.49
      vertex -27.2374 24.7626 -10.5
      vertex -27.2374 24.7626 -11.49
    endloop
  endfacet
  facet normal 0.671919 0.740625 -0
    outer loop
      vertex -27.1102 24.6472 -11.49
      vertex -27.2374 24.7626 -10.5
      vertex -27.1102 24.6472 -10.5
    endloop
  endfacet
  facet normal 0.671919 0.740625 0
    outer loop
      vertex -27.2374 24.7626 -10.5
      vertex -27.1102 24.6472 -11.49
      vertex -27.2374 24.7626 -11.49
    endloop
  endfacet
  facet normal 0.869125 0.218064 -0.443927
    outer loop
      vertex -27.6746 25.492 -11.49
      vertex -28.9375 25.4157 -14
      vertex -27.7164 25.6586 -11.49
    endloop
  endfacet
  facet normal 0.862709 0.246488 -0.441562
    outer loop
      vertex -28.9375 25.4157 -14
      vertex -27.6746 25.492 -11.49
      vertex -28.9373 25.415 -14
    endloop
  endfacet
  facet normal 0.460432 -0.768711 -0.443943
    outer loop
      vertex -27.4124 28.641 -14
      vertex -26.9722 27.4551 -11.49
      vertex -27.664 28.4903 -14
    endloop
  endfacet
  facet normal -0.894995 -0.0436955 -0.443932
    outer loop
      vertex -23.0193 26.2929 -14
      vertex -23.005 26 -14
      vertex -24.25 26 -11.49
    endloop
  endfacet
  facet normal 0.894995 -0.0436955 -0.443932
    outer loop
      vertex -28.9807 26.2929 -14
      vertex -27.75 26 -11.49
      vertex -28.995 26 -14
    endloop
  endfacet
  facet normal 0.887013 -0.126716 -0.444016
    outer loop
      vertex -27.7416 26.1715 -11.49
      vertex -28.9807 26.2929 -14
      vertex -28.9806 26.2936 -14
    endloop
  endfacet
  facet normal 0.894983 -0.0438359 -0.443942
    outer loop
      vertex -28.9807 26.2929 -14
      vertex -27.7416 26.1715 -11.49
      vertex -27.75 26 -11.49
    endloop
  endfacet
  facet normal 0.217612 -0.869224 -0.443954
    outer loop
      vertex -26.585 28.9373 -14
      vertex -26.508 27.6746 -11.49
      vertex -26.8694 28.8661 -14
    endloop
  endfacet
  facet normal -0.768545 0.460709 -0.443944
    outer loop
      vertex -23.3586 24.5881 -14
      vertex -24.5449 25.0278 -11.49
      vertex -24.4566 25.1751 -11.49
    endloop
  endfacet
  facet normal -0.704384 0.563507 -0.431628
    outer loop
      vertex -24.5449 25.0278 -11.49
      vertex -23.3586 24.5881 -14
      vertex -23.359 24.5876 -14
    endloop
  endfacet
  facet normal 0.131468 0.886366 -0.443928
    outer loop
      vertex -26.2936 23.0194 -14
      vertex -26.3414 24.2836 -11.49
      vertex -26.1715 24.2584 -11.49
    endloop
  endfacet
  facet normal 0.147414 0.884482 -0.442675
    outer loop
      vertex -26.3414 24.2836 -11.49
      vertex -26.2936 23.0194 -14
      vertex -26.2942 23.0195 -14
    endloop
  endfacet
  facet normal -0.533866 -0.719665 -0.443925
    outer loop
      vertex -24.3355 28.4899 -14
      vertex -24.1 28.3152 -14
      vertex -24.8898 27.3528 -11.49
    endloop
  endfacet
  facet normal -0.353147 0.82401 -0.443052
    outer loop
      vertex -24.5888 23.3583 -14
      vertex -25.1751 24.4566 -11.49
      vertex -24.5881 23.3586 -14
    endloop
  endfacet
  facet normal -0.383097 0.810037 -0.443934
    outer loop
      vertex -25.1751 24.4566 -11.49
      vertex -24.5888 23.3583 -14
      vertex -25.3303 24.3832 -11.49
    endloop
  endfacet
  facet normal 0.843762 0.301604 -0.443961
    outer loop
      vertex -27.6168 25.3303 -11.49
      vertex -28.8661 25.1306 -14
      vertex -27.6746 25.492 -11.49
    endloop
  endfacet
  facet normal 0.825766 0.3539 -0.439165
    outer loop
      vertex -28.8661 25.1306 -14
      vertex -27.6168 25.3303 -11.49
      vertex -28.8658 25.1299 -14
    endloop
  endfacet
  facet normal 0.383272 -0.809946 -0.443948
    outer loop
      vertex -27.1462 28.7671 -14
      vertex -26.6697 27.6168 -11.49
      vertex -27.4112 28.6417 -14
    endloop
  endfacet
  facet normal 0.843761 0.301627 -0.443946
    outer loop
      vertex -27.6168 25.3303 -11.49
      vertex -28.7671 24.8538 -14
      vertex -28.8658 25.1299 -14
    endloop
  endfacet
  facet normal -0.383097 -0.810037 -0.443934
    outer loop
      vertex -24.5888 28.6417 -14
      vertex -25.1751 27.5434 -11.49
      vertex -25.3303 27.6168 -11.49
    endloop
  endfacet
  facet normal -0.353147 -0.82401 -0.443052
    outer loop
      vertex -25.1751 27.5434 -11.49
      vertex -24.5888 28.6417 -14
      vertex -24.5881 28.6414 -14
    endloop
  endfacet
  facet normal -0.383272 -0.809946 -0.443948
    outer loop
      vertex -24.8538 28.7671 -14
      vertex -24.5888 28.6417 -14
      vertex -25.3303 27.6168 -11.49
    endloop
  endfacet
  facet normal -0.768711 0.460432 -0.443943
    outer loop
      vertex -23.359 24.5876 -14
      vertex -23.5097 24.336 -14
      vertex -24.5449 25.0278 -11.49
    endloop
  endfacet
  facet normal 0.0436955 0.894995 -0.443932
    outer loop
      vertex -26 24.25 -11.49
      vertex -26 23.005 -14
      vertex -26.2929 23.0193 -14
    endloop
  endfacet
  facet normal 0.301627 0.843761 -0.443946
    outer loop
      vertex -26.6697 24.3832 -11.49
      vertex -26.8701 23.1342 -14
      vertex -27.1462 23.2329 -14
    endloop
  endfacet
  facet normal -0.301604 -0.843762 -0.443961
    outer loop
      vertex -25.1306 28.8661 -14
      vertex -25.3303 27.6168 -11.49
      vertex -25.492 27.6746 -11.49
    endloop
  endfacet
  facet normal -0.3539 -0.825766 -0.439165
    outer loop
      vertex -25.3303 27.6168 -11.49
      vertex -25.1306 28.8661 -14
      vertex -25.1299 28.8658 -14
    endloop
  endfacet
  facet normal 0.633454 -0.633454 -0.444377
    outer loop
      vertex -28.1173 28.1183 -14
      vertex -27.2374 27.2374 -11.49
      vertex -28.1178 28.1178 -14
    endloop
  endfacet
  facet normal 0.602069 -0.663632 -0.443966
    outer loop
      vertex -27.2374 27.2374 -11.49
      vertex -28.1173 28.1183 -14
      vertex -27.1102 27.3528 -11.49
    endloop
  endfacet
  facet normal -0.131383 -0.886377 -0.443931
    outer loop
      vertex -25.4157 28.9375 -14
      vertex -25.6586 27.7164 -11.49
      vertex -25.7058 28.9805 -14
    endloop
  endfacet
  facet normal 0.131383 0.886377 -0.443931
    outer loop
      vertex -26.3414 24.2836 -11.49
      vertex -26.2942 23.0195 -14
      vertex -26.5843 23.0625 -14
    endloop
  endfacet
  facet normal 0.768545 0.460709 -0.443944
    outer loop
      vertex -27.4551 25.0278 -11.49
      vertex -28.6414 24.5881 -14
      vertex -27.5434 25.1751 -11.49
    endloop
  endfacet
  facet normal 0.704384 0.563507 -0.431628
    outer loop
      vertex -28.6414 24.5881 -14
      vertex -27.4551 25.0278 -11.49
      vertex -28.641 24.5876 -14
    endloop
  endfacet
  facet normal -0.768711 -0.460432 -0.443943
    outer loop
      vertex -23.5097 27.664 -14
      vertex -23.359 27.4124 -14
      vertex -24.5449 26.9722 -11.49
    endloop
  endfacet
  facet normal -0.82401 -0.353147 -0.443052
    outer loop
      vertex -23.3583 27.4112 -14
      vertex -24.4566 26.8249 -11.49
      vertex -23.3586 27.4119 -14
    endloop
  endfacet
  facet normal -0.810037 -0.383097 -0.443934
    outer loop
      vertex -24.4566 26.8249 -11.49
      vertex -23.3583 27.4112 -14
      vertex -24.3832 26.6697 -11.49
    endloop
  endfacet
  facet normal 0.218064 0.869125 -0.443927
    outer loop
      vertex -26.5843 23.0625 -14
      vertex -26.508 24.3254 -11.49
      vertex -26.3414 24.2836 -11.49
    endloop
  endfacet
  facet normal 0.246488 0.862709 -0.441562
    outer loop
      vertex -26.508 24.3254 -11.49
      vertex -26.5843 23.0625 -14
      vertex -26.585 23.0627 -14
    endloop
  endfacet
  facet normal -0.126716 0.887013 -0.444016
    outer loop
      vertex -25.7071 23.0193 -14
      vertex -25.8285 24.2584 -11.49
      vertex -25.7064 23.0194 -14
    endloop
  endfacet
  facet normal -0.0438359 0.894983 -0.443942
    outer loop
      vertex -25.8285 24.2584 -11.49
      vertex -25.7071 23.0193 -14
      vertex -26 24.25 -11.49
    endloop
  endfacet
  facet normal 0.894983 0.0438359 -0.443942
    outer loop
      vertex -27.7416 25.8285 -11.49
      vertex -28.9807 25.7071 -14
      vertex -27.75 26 -11.49
    endloop
  endfacet
  facet normal 0.887013 0.126716 -0.444016
    outer loop
      vertex -28.9807 25.7071 -14
      vertex -27.7416 25.8285 -11.49
      vertex -28.9806 25.7064 -14
    endloop
  endfacet
  facet normal -0.460432 -0.768711 -0.443943
    outer loop
      vertex -24.5876 28.641 -14
      vertex -24.336 28.4903 -14
      vertex -25.0278 27.4551 -11.49
    endloop
  endfacet
  facet normal 0.886377 0.131383 -0.443931
    outer loop
      vertex -27.7164 25.6586 -11.49
      vertex -28.9375 25.4157 -14
      vertex -28.9805 25.7058 -14
    endloop
  endfacet
  facet normal 0.894995 0.0436955 -0.443932
    outer loop
      vertex -27.75 26 -11.49
      vertex -28.9807 25.7071 -14
      vertex -28.995 26 -14
    endloop
  endfacet
  facet normal 0.886366 0.131468 -0.443928
    outer loop
      vertex -27.7164 25.6586 -11.49
      vertex -28.9806 25.7064 -14
      vertex -27.7416 25.8285 -11.49
    endloop
  endfacet
  facet normal 0.884482 0.147414 -0.442675
    outer loop
      vertex -28.9806 25.7064 -14
      vertex -27.7164 25.6586 -11.49
      vertex -28.9805 25.7058 -14
    endloop
  endfacet
  facet normal 0.383097 0.810037 -0.443934
    outer loop
      vertex -27.4112 23.3583 -14
      vertex -26.8249 24.4566 -11.49
      vertex -26.6697 24.3832 -11.49
    endloop
  endfacet
  facet normal 0.353147 0.82401 -0.443052
    outer loop
      vertex -26.8249 24.4566 -11.49
      vertex -27.4112 23.3583 -14
      vertex -27.4119 23.3586 -14
    endloop
  endfacet
  facet normal 0.768711 0.460432 -0.443943
    outer loop
      vertex -27.4551 25.0278 -11.49
      vertex -28.4903 24.336 -14
      vertex -28.641 24.5876 -14
    endloop
  endfacet
  facet normal 0.809946 0.383272 -0.443948
    outer loop
      vertex -27.6168 25.3303 -11.49
      vertex -28.6417 24.5888 -14
      vertex -28.7671 24.8538 -14
    endloop
  endfacet
  facet normal -0.633454 0.633454 -0.444377
    outer loop
      vertex -23.8827 23.8817 -14
      vertex -24.7626 24.7626 -11.49
      vertex -23.8822 23.8822 -14
    endloop
  endfacet
  facet normal -0.602069 0.663632 -0.443966
    outer loop
      vertex -24.7626 24.7626 -11.49
      vertex -23.8827 23.8817 -14
      vertex -24.8898 24.6472 -11.49
    endloop
  endfacet
  facet normal -0.886377 0.131383 -0.443931
    outer loop
      vertex -23.0195 25.7058 -14
      vertex -23.0625 25.4157 -14
      vertex -24.2836 25.6586 -11.49
    endloop
  endfacet
  facet normal -0.533866 0.719665 -0.443925
    outer loop
      vertex -24.1 23.6848 -14
      vertex -24.3355 23.5101 -14
      vertex -24.8898 24.6472 -11.49
    endloop
  endfacet
  facet normal -0.147414 0.884482 -0.442675
    outer loop
      vertex -25.7064 23.0194 -14
      vertex -25.6586 24.2836 -11.49
      vertex -25.7058 23.0195 -14
    endloop
  endfacet
  facet normal -0.131468 0.886366 -0.443928
    outer loop
      vertex -25.6586 24.2836 -11.49
      vertex -25.7064 23.0194 -14
      vertex -25.8285 24.2584 -11.49
    endloop
  endfacet
  facet normal 0.301604 0.843762 -0.443961
    outer loop
      vertex -26.8694 23.1339 -14
      vertex -26.6697 24.3832 -11.49
      vertex -26.508 24.3254 -11.49
    endloop
  endfacet
  facet normal 0.3539 0.825766 -0.439165
    outer loop
      vertex -26.6697 24.3832 -11.49
      vertex -26.8694 23.1339 -14
      vertex -26.8701 23.1342 -14
    endloop
  endfacet
  facet normal 0.3539 -0.825766 -0.439165
    outer loop
      vertex -26.8694 28.8661 -14
      vertex -26.6697 27.6168 -11.49
      vertex -26.8701 28.8658 -14
    endloop
  endfacet
  facet normal 0.301604 -0.843762 -0.443961
    outer loop
      vertex -26.6697 27.6168 -11.49
      vertex -26.8694 28.8661 -14
      vertex -26.508 27.6746 -11.49
    endloop
  endfacet
  facet normal 0.810037 0.383097 -0.443934
    outer loop
      vertex -27.5434 25.1751 -11.49
      vertex -28.6417 24.5888 -14
      vertex -27.6168 25.3303 -11.49
    endloop
  endfacet
  facet normal 0.82401 0.353147 -0.443052
    outer loop
      vertex -28.6417 24.5888 -14
      vertex -27.5434 25.1751 -11.49
      vertex -28.6414 24.5881 -14
    endloop
  endfacet
  facet normal -0.886377 -0.131383 -0.443931
    outer loop
      vertex -23.0625 26.5843 -14
      vertex -23.0195 26.2942 -14
      vertex -24.2836 26.3414 -11.49
    endloop
  endfacet
  facet normal -0.809946 -0.383272 -0.443948
    outer loop
      vertex -23.3583 27.4112 -14
      vertex -23.2329 27.1462 -14
      vertex -24.3832 26.6697 -11.49
    endloop
  endfacet
  facet normal 0.560591 -0.700738 -0.441253
    outer loop
      vertex -27.664 28.4903 -14
      vertex -27.1102 27.3528 -11.49
      vertex -27.6645 28.4899 -14
    endloop
  endfacet
  facet normal 0.533615 -0.719833 -0.443955
    outer loop
      vertex -27.1102 27.3528 -11.49
      vertex -27.664 28.4903 -14
      vertex -26.9722 27.4551 -11.49
    endloop
  endfacet
  facet normal 0.147414 -0.884482 -0.442675
    outer loop
      vertex -26.2936 28.9806 -14
      vertex -26.3414 27.7164 -11.49
      vertex -26.2942 28.9805 -14
    endloop
  endfacet
  facet normal 0.131468 -0.886366 -0.443928
    outer loop
      vertex -26.3414 27.7164 -11.49
      vertex -26.2936 28.9806 -14
      vertex -26.1715 27.7416 -11.49
    endloop
  endfacet
  facet normal -0.460432 0.768711 -0.443943
    outer loop
      vertex -24.336 23.5097 -14
      vertex -24.5876 23.359 -14
      vertex -25.0278 24.5449 -11.49
    endloop
  endfacet
  facet normal 0.217612 0.869224 -0.443954
    outer loop
      vertex -26.508 24.3254 -11.49
      vertex -26.585 23.0627 -14
      vertex -26.8694 23.1339 -14
    endloop
  endfacet
  facet normal 0.460432 0.768711 -0.443943
    outer loop
      vertex -26.9722 24.5449 -11.49
      vertex -27.4124 23.359 -14
      vertex -27.664 23.5097 -14
    endloop
  endfacet
  facet normal 0.869224 0.217612 -0.443954
    outer loop
      vertex -27.6746 25.492 -11.49
      vertex -28.8661 25.1306 -14
      vertex -28.9373 25.415 -14
    endloop
  endfacet
  facet normal -0.884482 0.147414 -0.442675
    outer loop
      vertex -24.2836 25.6586 -11.49
      vertex -23.0194 25.7064 -14
      vertex -23.0195 25.7058 -14
    endloop
  endfacet
  facet normal -0.886366 0.131468 -0.443928
    outer loop
      vertex -23.0194 25.7064 -14
      vertex -24.2836 25.6586 -11.49
      vertex -24.2584 25.8285 -11.49
    endloop
  endfacet
  facet normal -0.869125 0.218064 -0.443927
    outer loop
      vertex -23.0625 25.4157 -14
      vertex -24.3254 25.492 -11.49
      vertex -24.2836 25.6586 -11.49
    endloop
  endfacet
  facet normal -0.862709 0.246488 -0.441562
    outer loop
      vertex -24.3254 25.492 -11.49
      vertex -23.0625 25.4157 -14
      vertex -23.0627 25.415 -14
    endloop
  endfacet
  facet normal 0.602069 0.663632 -0.443966
    outer loop
      vertex -28.1173 23.8817 -14
      vertex -27.2374 24.7626 -11.49
      vertex -27.1102 24.6472 -11.49
    endloop
  endfacet
  facet normal 0.633454 0.633454 -0.444377
    outer loop
      vertex -27.2374 24.7626 -11.49
      vertex -28.1173 23.8817 -14
      vertex -28.1178 23.8822 -14
    endloop
  endfacet
  facet normal -0.602069 -0.663632 -0.443966
    outer loop
      vertex -23.8827 28.1183 -14
      vertex -24.7626 27.2374 -11.49
      vertex -24.8898 27.3528 -11.49
    endloop
  endfacet
  facet normal -0.633454 -0.633454 -0.444377
    outer loop
      vertex -24.7626 27.2374 -11.49
      vertex -23.8827 28.1183 -14
      vertex -23.8822 28.1178 -14
    endloop
  endfacet
  facet normal -0.664014 -0.601677 -0.443925
    outer loop
      vertex -23.8817 28.1173 -14
      vertex -23.6848 27.9 -14
      vertex -24.6472 27.1102 -11.49
    endloop
  endfacet
  facet normal -0.131383 0.886377 -0.443931
    outer loop
      vertex -25.6586 24.2836 -11.49
      vertex -25.4157 23.0625 -14
      vertex -25.7058 23.0195 -14
    endloop
  endfacet
  facet normal 0.533866 -0.719665 -0.443925
    outer loop
      vertex -27.6645 28.4899 -14
      vertex -27.1102 27.3528 -11.49
      vertex -27.9 28.3152 -14
    endloop
  endfacet
  facet normal 0.383272 0.809946 -0.443948
    outer loop
      vertex -26.6697 24.3832 -11.49
      vertex -27.1462 23.2329 -14
      vertex -27.4112 23.3583 -14
    endloop
  endfacet
  facet normal -0.894983 0.0438359 -0.443942
    outer loop
      vertex -23.0193 25.7071 -14
      vertex -24.2584 25.8285 -11.49
      vertex -24.25 26 -11.49
    endloop
  endfacet
  facet normal -0.887013 0.126716 -0.444016
    outer loop
      vertex -24.2584 25.8285 -11.49
      vertex -23.0193 25.7071 -14
      vertex -23.0194 25.7064 -14
    endloop
  endfacet
  facet normal -0.3539 0.825766 -0.439165
    outer loop
      vertex -25.1306 23.1339 -14
      vertex -25.3303 24.3832 -11.49
      vertex -25.1299 23.1342 -14
    endloop
  endfacet
  facet normal -0.301604 0.843762 -0.443961
    outer loop
      vertex -25.3303 24.3832 -11.49
      vertex -25.1306 23.1339 -14
      vertex -25.492 24.3254 -11.49
    endloop
  endfacet
  facet normal -0.301627 -0.843761 -0.443946
    outer loop
      vertex -25.1299 28.8658 -14
      vertex -24.8538 28.7671 -14
      vertex -25.3303 27.6168 -11.49
    endloop
  endfacet
  facet normal -0.663632 0.602069 -0.443966
    outer loop
      vertex -23.8817 23.8827 -14
      vertex -24.7626 24.7626 -11.49
      vertex -24.6472 24.8898 -11.49
    endloop
  endfacet
  facet normal -0.633454 0.633454 -0.444377
    outer loop
      vertex -24.7626 24.7626 -11.49
      vertex -23.8817 23.8827 -14
      vertex -23.8822 23.8822 -14
    endloop
  endfacet
  facet normal -0.869224 0.217612 -0.443954
    outer loop
      vertex -23.0627 25.415 -14
      vertex -23.1339 25.1306 -14
      vertex -24.3254 25.492 -11.49
    endloop
  endfacet
  facet normal 0.862709 -0.246488 -0.441562
    outer loop
      vertex -27.6746 26.508 -11.49
      vertex -28.9375 26.5843 -14
      vertex -28.9373 26.585 -14
    endloop
  endfacet
  facet normal 0.869125 -0.218064 -0.443927
    outer loop
      vertex -28.9375 26.5843 -14
      vertex -27.6746 26.508 -11.49
      vertex -27.7164 26.3414 -11.49
    endloop
  endfacet
  facet normal -0.0436955 0.894995 -0.443932
    outer loop
      vertex -26 24.25 -11.49
      vertex -25.7071 23.0193 -14
      vertex -26 23.005 -14
    endloop
  endfacet
  facet normal 0.131383 -0.886377 -0.443931
    outer loop
      vertex -26.2942 28.9805 -14
      vertex -26.3414 27.7164 -11.49
      vertex -26.5843 28.9375 -14
    endloop
  endfacet
  facet normal 0.0438359 0.894983 -0.443942
    outer loop
      vertex -26.2929 23.0193 -14
      vertex -26.1715 24.2584 -11.49
      vertex -26 24.25 -11.49
    endloop
  endfacet
  facet normal 0.126716 0.887013 -0.444016
    outer loop
      vertex -26.1715 24.2584 -11.49
      vertex -26.2929 23.0193 -14
      vertex -26.2936 23.0194 -14
    endloop
  endfacet
  facet normal -0.810037 0.383097 -0.443934
    outer loop
      vertex -23.3583 24.5888 -14
      vertex -24.4566 25.1751 -11.49
      vertex -24.3832 25.3303 -11.49
    endloop
  endfacet
  facet normal -0.82401 0.353147 -0.443052
    outer loop
      vertex -24.4566 25.1751 -11.49
      vertex -23.3583 24.5888 -14
      vertex -23.3586 24.5881 -14
    endloop
  endfacet
  facet normal 0.533866 0.719665 -0.443925
    outer loop
      vertex -27.1102 24.6472 -11.49
      vertex -27.6645 23.5101 -14
      vertex -27.9 23.6848 -14
    endloop
  endfacet
  facet normal -0.217612 0.869224 -0.443954
    outer loop
      vertex -25.1306 23.1339 -14
      vertex -25.415 23.0627 -14
      vertex -25.492 24.3254 -11.49
    endloop
  endfacet
  facet normal 0.533615 0.719833 -0.443955
    outer loop
      vertex -27.664 23.5097 -14
      vertex -27.1102 24.6472 -11.49
      vertex -26.9722 24.5449 -11.49
    endloop
  endfacet
  facet normal 0.560591 0.700738 -0.441253
    outer loop
      vertex -27.1102 24.6472 -11.49
      vertex -27.664 23.5097 -14
      vertex -27.6645 23.5101 -14
    endloop
  endfacet
  facet normal -0.533615 -0.719833 -0.443955
    outer loop
      vertex -24.336 28.4903 -14
      vertex -24.8898 27.3528 -11.49
      vertex -25.0278 27.4551 -11.49
    endloop
  endfacet
  facet normal -0.560591 -0.700738 -0.441253
    outer loop
      vertex -24.8898 27.3528 -11.49
      vertex -24.336 28.4903 -14
      vertex -24.3355 28.4899 -14
    endloop
  endfacet
  facet normal 0.601677 0.664014 -0.443925
    outer loop
      vertex -27.1102 24.6472 -11.49
      vertex -27.9 23.6848 -14
      vertex -28.1173 23.8817 -14
    endloop
  endfacet
  facet normal -0.601677 0.664014 -0.443925
    outer loop
      vertex -23.8827 23.8817 -14
      vertex -24.1 23.6848 -14
      vertex -24.8898 24.6472 -11.49
    endloop
  endfacet
  facet normal 0.719665 -0.533866 -0.443925
    outer loop
      vertex -28.3152 27.9 -14
      vertex -27.3528 27.1102 -11.49
      vertex -28.4899 27.6645 -14
    endloop
  endfacet
  facet normal -0.719665 0.533866 -0.443925
    outer loop
      vertex -23.5101 24.3355 -14
      vertex -23.6848 24.1 -14
      vertex -24.6472 24.8898 -11.49
    endloop
  endfacet
  facet normal -0.700738 -0.560591 -0.441253
    outer loop
      vertex -23.5097 27.664 -14
      vertex -24.6472 27.1102 -11.49
      vertex -23.5101 27.6645 -14
    endloop
  endfacet
  facet normal -0.719833 -0.533615 -0.443955
    outer loop
      vertex -24.6472 27.1102 -11.49
      vertex -23.5097 27.664 -14
      vertex -24.5449 26.9722 -11.49
    endloop
  endfacet
  facet normal 0.719833 0.533615 -0.443955
    outer loop
      vertex -27.3528 24.8898 -11.49
      vertex -28.4903 24.336 -14
      vertex -27.4551 25.0278 -11.49
    endloop
  endfacet
  facet normal 0.700738 0.560591 -0.441253
    outer loop
      vertex -28.4903 24.336 -14
      vertex -27.3528 24.8898 -11.49
      vertex -28.4899 24.3355 -14
    endloop
  endfacet
  facet normal 0.664014 0.601677 -0.443925
    outer loop
      vertex -27.3528 24.8898 -11.49
      vertex -28.1183 23.8827 -14
      vertex -28.3152 24.1 -14
    endloop
  endfacet
  facet normal 0.663632 0.602069 -0.443966
    outer loop
      vertex -27.2374 24.7626 -11.49
      vertex -28.1183 23.8827 -14
      vertex -27.3528 24.8898 -11.49
    endloop
  endfacet
  facet normal 0.633454 0.633454 -0.444377
    outer loop
      vertex -28.1183 23.8827 -14
      vertex -27.2374 24.7626 -11.49
      vertex -28.1178 23.8822 -14
    endloop
  endfacet
  facet normal 0.719665 0.533866 -0.443925
    outer loop
      vertex -27.3528 24.8898 -11.49
      vertex -28.3152 24.1 -14
      vertex -28.4899 24.3355 -14
    endloop
  endfacet
  facet normal -0.301627 0.843761 -0.443946
    outer loop
      vertex -24.8538 23.2329 -14
      vertex -25.1299 23.1342 -14
      vertex -25.3303 24.3832 -11.49
    endloop
  endfacet
  facet normal -0.664014 0.601677 -0.443925
    outer loop
      vertex -23.6848 24.1 -14
      vertex -23.8817 23.8827 -14
      vertex -24.6472 24.8898 -11.49
    endloop
  endfacet
  facet normal 0.460709 0.768545 -0.443944
    outer loop
      vertex -27.4119 23.3586 -14
      vertex -26.9722 24.5449 -11.49
      vertex -26.8249 24.4566 -11.49
    endloop
  endfacet
  facet normal 0.563507 0.704384 -0.431628
    outer loop
      vertex -26.9722 24.5449 -11.49
      vertex -27.4119 23.3586 -14
      vertex -27.4124 23.359 -14
    endloop
  endfacet
  facet normal -0.843762 0.301604 -0.443961
    outer loop
      vertex -23.1339 25.1306 -14
      vertex -24.3832 25.3303 -11.49
      vertex -24.3254 25.492 -11.49
    endloop
  endfacet
  facet normal -0.825766 0.3539 -0.439165
    outer loop
      vertex -24.3832 25.3303 -11.49
      vertex -23.1339 25.1306 -14
      vertex -23.1342 25.1299 -14
    endloop
  endfacet
  facet normal -0.560591 0.700738 -0.441253
    outer loop
      vertex -24.336 23.5097 -14
      vertex -24.8898 24.6472 -11.49
      vertex -24.3355 23.5101 -14
    endloop
  endfacet
  facet normal -0.533615 0.719833 -0.443955
    outer loop
      vertex -24.8898 24.6472 -11.49
      vertex -24.336 23.5097 -14
      vertex -25.0278 24.5449 -11.49
    endloop
  endfacet
  facet normal -0.719833 0.533615 -0.443955
    outer loop
      vertex -23.5097 24.336 -14
      vertex -24.6472 24.8898 -11.49
      vertex -24.5449 25.0278 -11.49
    endloop
  endfacet
  facet normal -0.700738 0.560591 -0.441253
    outer loop
      vertex -24.6472 24.8898 -11.49
      vertex -23.5097 24.336 -14
      vertex -23.5101 24.3355 -14
    endloop
  endfacet
  facet normal 0.633454 -0.633454 -0.444377
    outer loop
      vertex -27.2374 27.2374 -11.49
      vertex -28.1183 28.1173 -14
      vertex -28.1178 28.1178 -14
    endloop
  endfacet
  facet normal 0.663632 -0.602069 -0.443966
    outer loop
      vertex -28.1183 28.1173 -14
      vertex -27.2374 27.2374 -11.49
      vertex -27.3528 27.1102 -11.49
    endloop
  endfacet
  facet normal -0.862709 -0.246488 -0.441562
    outer loop
      vertex -23.0625 26.5843 -14
      vertex -24.3254 26.508 -11.49
      vertex -23.0627 26.585 -14
    endloop
  endfacet
  facet normal -0.869125 -0.218064 -0.443927
    outer loop
      vertex -24.3254 26.508 -11.49
      vertex -23.0625 26.5843 -14
      vertex -24.2836 26.3414 -11.49
    endloop
  endfacet
  facet normal -0.246488 0.862709 -0.441562
    outer loop
      vertex -25.4157 23.0625 -14
      vertex -25.492 24.3254 -11.49
      vertex -25.415 23.0627 -14
    endloop
  endfacet
  facet normal -0.218064 0.869125 -0.443927
    outer loop
      vertex -25.492 24.3254 -11.49
      vertex -25.4157 23.0625 -14
      vertex -25.6586 24.2836 -11.49
    endloop
  endfacet
  facet normal -0.809946 0.383272 -0.443948
    outer loop
      vertex -23.2329 24.8538 -14
      vertex -23.3583 24.5888 -14
      vertex -24.3832 25.3303 -11.49
    endloop
  endfacet
  facet normal -0.843761 0.301627 -0.443946
    outer loop
      vertex -23.1342 25.1299 -14
      vertex -23.2329 24.8538 -14
      vertex -24.3832 25.3303 -11.49
    endloop
  endfacet
  facet normal -0.633454 -0.633454 -0.444377
    outer loop
      vertex -23.8817 28.1173 -14
      vertex -24.7626 27.2374 -11.49
      vertex -23.8822 28.1178 -14
    endloop
  endfacet
  facet normal -0.663632 -0.602069 -0.443966
    outer loop
      vertex -24.7626 27.2374 -11.49
      vertex -23.8817 28.1173 -14
      vertex -24.6472 27.1102 -11.49
    endloop
  endfacet
  facet normal -0.0438359 -0.894983 -0.443942
    outer loop
      vertex -25.7071 28.9807 -14
      vertex -25.8285 27.7416 -11.49
      vertex -26 27.75 -11.49
    endloop
  endfacet
  facet normal -0.126716 -0.887013 -0.444016
    outer loop
      vertex -25.8285 27.7416 -11.49
      vertex -25.7071 28.9807 -14
      vertex -25.7064 28.9806 -14
    endloop
  endfacet
  facet normal -0.704384 -0.563507 -0.431628
    outer loop
      vertex -23.3586 27.4119 -14
      vertex -24.5449 26.9722 -11.49
      vertex -23.359 27.4124 -14
    endloop
  endfacet
  facet normal -0.768545 -0.460709 -0.443944
    outer loop
      vertex -24.5449 26.9722 -11.49
      vertex -23.3586 27.4119 -14
      vertex -24.4566 26.8249 -11.49
    endloop
  endfacet
  facet normal -0.719665 -0.533866 -0.443925
    outer loop
      vertex -23.6848 27.9 -14
      vertex -23.5101 27.6645 -14
      vertex -24.6472 27.1102 -11.49
    endloop
  endfacet
  facet normal -0.843761 -0.301627 -0.443946
    outer loop
      vertex -23.2329 27.1462 -14
      vertex -23.1342 26.8701 -14
      vertex -24.3832 26.6697 -11.49
    endloop
  endfacet
  facet normal -0.601677 -0.664014 -0.443925
    outer loop
      vertex -24.1 28.3152 -14
      vertex -23.8827 28.1183 -14
      vertex -24.8898 27.3528 -11.49
    endloop
  endfacet
  facet normal -0.217612 -0.869224 -0.443954
    outer loop
      vertex -25.415 28.9373 -14
      vertex -25.1306 28.8661 -14
      vertex -25.492 27.6746 -11.49
    endloop
  endfacet
  facet normal -0.131468 -0.886366 -0.443928
    outer loop
      vertex -25.7064 28.9806 -14
      vertex -25.6586 27.7164 -11.49
      vertex -25.8285 27.7416 -11.49
    endloop
  endfacet
  facet normal -0.147414 -0.884482 -0.442675
    outer loop
      vertex -25.6586 27.7164 -11.49
      vertex -25.7064 28.9806 -14
      vertex -25.7058 28.9805 -14
    endloop
  endfacet
  facet normal 0.704384 -0.563507 -0.431628
    outer loop
      vertex -27.4551 26.9722 -11.49
      vertex -28.6414 27.4119 -14
      vertex -28.641 27.4124 -14
    endloop
  endfacet
  facet normal 0.768545 -0.460709 -0.443944
    outer loop
      vertex -28.6414 27.4119 -14
      vertex -27.4551 26.9722 -11.49
      vertex -27.5434 26.8249 -11.49
    endloop
  endfacet
  facet normal 0.768711 -0.460432 -0.443943
    outer loop
      vertex -28.4903 27.664 -14
      vertex -27.4551 26.9722 -11.49
      vertex -28.641 27.4124 -14
    endloop
  endfacet
  facet normal 0.301627 -0.843761 -0.443946
    outer loop
      vertex -26.8701 28.8658 -14
      vertex -26.6697 27.6168 -11.49
      vertex -27.1462 28.7671 -14
    endloop
  endfacet
  facet normal -0.383272 0.809946 -0.443948
    outer loop
      vertex -24.5888 23.3583 -14
      vertex -24.8538 23.2329 -14
      vertex -25.3303 24.3832 -11.49
    endloop
  endfacet
  facet normal 0.601677 -0.664014 -0.443925
    outer loop
      vertex -27.9 28.3152 -14
      vertex -27.1102 27.3528 -11.49
      vertex -28.1173 28.1183 -14
    endloop
  endfacet
  facet normal -0.825766 -0.3539 -0.439165
    outer loop
      vertex -23.1339 26.8694 -14
      vertex -24.3832 26.6697 -11.49
      vertex -23.1342 26.8701 -14
    endloop
  endfacet
  facet normal -0.843762 -0.301604 -0.443961
    outer loop
      vertex -24.3832 26.6697 -11.49
      vertex -23.1339 26.8694 -14
      vertex -24.3254 26.508 -11.49
    endloop
  endfacet
  facet normal -0.869224 -0.217612 -0.443954
    outer loop
      vertex -23.1339 26.8694 -14
      vertex -23.0627 26.585 -14
      vertex -24.3254 26.508 -11.49
    endloop
  endfacet
  facet normal 0.664014 -0.601677 -0.443925
    outer loop
      vertex -28.1183 28.1173 -14
      vertex -27.3528 27.1102 -11.49
      vertex -28.3152 27.9 -14
    endloop
  endfacet
  facet normal 0.0436955 -0.894995 -0.443932
    outer loop
      vertex -26 28.995 -14
      vertex -26 27.75 -11.49
      vertex -26.2929 28.9807 -14
    endloop
  endfacet
  facet normal 0.843761 -0.301627 -0.443946
    outer loop
      vertex -28.7671 27.1462 -14
      vertex -27.6168 26.6697 -11.49
      vertex -28.8658 26.8701 -14
    endloop
  endfacet
  facet normal 0.353147 -0.82401 -0.443052
    outer loop
      vertex -27.4112 28.6417 -14
      vertex -26.8249 27.5434 -11.49
      vertex -27.4119 28.6414 -14
    endloop
  endfacet
  facet normal 0.383097 -0.810037 -0.443934
    outer loop
      vertex -26.8249 27.5434 -11.49
      vertex -27.4112 28.6417 -14
      vertex -26.6697 27.6168 -11.49
    endloop
  endfacet
  facet normal -0.218064 -0.869125 -0.443927
    outer loop
      vertex -25.4157 28.9375 -14
      vertex -25.492 27.6746 -11.49
      vertex -25.6586 27.7164 -11.49
    endloop
  endfacet
  facet normal -0.246488 -0.862709 -0.441562
    outer loop
      vertex -25.492 27.6746 -11.49
      vertex -25.4157 28.9375 -14
      vertex -25.415 28.9373 -14
    endloop
  endfacet
  facet normal 0.700738 -0.560591 -0.441253
    outer loop
      vertex -27.3528 27.1102 -11.49
      vertex -28.4903 27.664 -14
      vertex -28.4899 27.6645 -14
    endloop
  endfacet
  facet normal 0.719833 -0.533615 -0.443955
    outer loop
      vertex -28.4903 27.664 -14
      vertex -27.3528 27.1102 -11.49
      vertex -27.4551 26.9722 -11.49
    endloop
  endfacet
  facet normal 0.563507 -0.704384 -0.431628
    outer loop
      vertex -27.4119 28.6414 -14
      vertex -26.9722 27.4551 -11.49
      vertex -27.4124 28.641 -14
    endloop
  endfacet
  facet normal 0.460709 -0.768545 -0.443944
    outer loop
      vertex -26.9722 27.4551 -11.49
      vertex -27.4119 28.6414 -14
      vertex -26.8249 27.5434 -11.49
    endloop
  endfacet
  facet normal 0.246488 -0.862709 -0.441562
    outer loop
      vertex -26.5843 28.9375 -14
      vertex -26.508 27.6746 -11.49
      vertex -26.585 28.9373 -14
    endloop
  endfacet
  facet normal 0.218064 -0.869125 -0.443927
    outer loop
      vertex -26.508 27.6746 -11.49
      vertex -26.5843 28.9375 -14
      vertex -26.3414 27.7164 -11.49
    endloop
  endfacet
  facet normal -0.887013 -0.126716 -0.444016
    outer loop
      vertex -23.0193 26.2929 -14
      vertex -24.2584 26.1715 -11.49
      vertex -23.0194 26.2936 -14
    endloop
  endfacet
  facet normal -0.894983 -0.0438359 -0.443942
    outer loop
      vertex -24.2584 26.1715 -11.49
      vertex -23.0193 26.2929 -14
      vertex -24.25 26 -11.49
    endloop
  endfacet
  facet normal -0.884482 -0.147414 -0.442675
    outer loop
      vertex -23.0194 26.2936 -14
      vertex -24.2836 26.3414 -11.49
      vertex -23.0195 26.2942 -14
    endloop
  endfacet
  facet normal -0.886366 -0.131468 -0.443928
    outer loop
      vertex -24.2836 26.3414 -11.49
      vertex -23.0194 26.2936 -14
      vertex -24.2584 26.1715 -11.49
    endloop
  endfacet
  facet normal -0.460709 -0.768545 -0.443944
    outer loop
      vertex -24.5881 28.6414 -14
      vertex -25.0278 27.4551 -11.49
      vertex -25.1751 27.5434 -11.49
    endloop
  endfacet
  facet normal -0.563507 -0.704384 -0.431628
    outer loop
      vertex -25.0278 27.4551 -11.49
      vertex -24.5881 28.6414 -14
      vertex -24.5876 28.641 -14
    endloop
  endfacet
  facet normal 0.126716 -0.887013 -0.444016
    outer loop
      vertex -26.2929 28.9807 -14
      vertex -26.1715 27.7416 -11.49
      vertex -26.2936 28.9806 -14
    endloop
  endfacet
  facet normal 0.0438359 -0.894983 -0.443942
    outer loop
      vertex -26.1715 27.7416 -11.49
      vertex -26.2929 28.9807 -14
      vertex -26 27.75 -11.49
    endloop
  endfacet
  facet normal -0.563507 0.704384 -0.431628
    outer loop
      vertex -24.5881 23.3586 -14
      vertex -25.0278 24.5449 -11.49
      vertex -24.5876 23.359 -14
    endloop
  endfacet
  facet normal -0.460709 0.768545 -0.443944
    outer loop
      vertex -25.0278 24.5449 -11.49
      vertex -24.5881 23.3586 -14
      vertex -25.1751 24.4566 -11.49
    endloop
  endfacet
  facet normal -0.894995 0.0436955 -0.443932
    outer loop
      vertex -23.005 26 -14
      vertex -23.0193 25.7071 -14
      vertex -24.25 26 -11.49
    endloop
  endfacet
  facet normal 0.869224 -0.217612 -0.443954
    outer loop
      vertex -28.8661 26.8694 -14
      vertex -27.6746 26.508 -11.49
      vertex -28.9373 26.585 -14
    endloop
  endfacet
  facet normal 0.809946 -0.383272 -0.443948
    outer loop
      vertex -28.6417 27.4112 -14
      vertex -27.6168 26.6697 -11.49
      vertex -28.7671 27.1462 -14
    endloop
  endfacet
  facet normal -0.0436955 -0.894995 -0.443932
    outer loop
      vertex -26 28.995 -14
      vertex -25.7071 28.9807 -14
      vertex -26 27.75 -11.49
    endloop
  endfacet
  facet normal 0.82401 -0.353147 -0.443052
    outer loop
      vertex -27.5434 26.8249 -11.49
      vertex -28.6417 27.4112 -14
      vertex -28.6414 27.4119 -14
    endloop
  endfacet
  facet normal 0.810037 -0.383097 -0.443934
    outer loop
      vertex -28.6417 27.4112 -14
      vertex -27.5434 26.8249 -11.49
      vertex -27.6168 26.6697 -11.49
    endloop
  endfacet
  facet normal 0.825766 -0.3539 -0.439165
    outer loop
      vertex -27.6168 26.6697 -11.49
      vertex -28.8661 26.8694 -14
      vertex -28.8658 26.8701 -14
    endloop
  endfacet
  facet normal 0.843762 -0.301604 -0.443961
    outer loop
      vertex -28.8661 26.8694 -14
      vertex -27.6168 26.6697 -11.49
      vertex -27.6746 26.508 -11.49
    endloop
  endfacet
  facet normal 0.886377 -0.131383 -0.443931
    outer loop
      vertex -28.9375 26.5843 -14
      vertex -27.7164 26.3414 -11.49
      vertex -28.9805 26.2942 -14
    endloop
  endfacet
  facet normal 0.884482 -0.147414 -0.442675
    outer loop
      vertex -27.7164 26.3414 -11.49
      vertex -28.9806 26.2936 -14
      vertex -28.9805 26.2942 -14
    endloop
  endfacet
  facet normal 0.886366 -0.131468 -0.443928
    outer loop
      vertex -28.9806 26.2936 -14
      vertex -27.7164 26.3414 -11.49
      vertex -27.7416 26.1715 -11.49
    endloop
  endfacet
  facet normal -0.989178 0.146717 0
    outer loop
      vertex 27.7164 -26.3414 -11.49
      vertex 27.7416 -26.1715 -10.5
      vertex 27.7416 -26.1715 -11.49
    endloop
  endfacet
  facet normal -0.989178 0.146717 0
    outer loop
      vertex 27.7416 -26.1715 -10.5
      vertex 27.7164 -26.3414 -11.49
      vertex 27.7164 -26.3414 -10.5
    endloop
  endfacet
  facet normal -0.998803 0.0489209 0
    outer loop
      vertex 27.7416 -26.1715 -11.49
      vertex 27.75 -26 -10.5
      vertex 27.75 -26 -11.49
    endloop
  endfacet
  facet normal -0.998803 0.0489209 0
    outer loop
      vertex 27.75 -26 -10.5
      vertex 27.7416 -26.1715 -11.49
      vertex 27.7416 -26.1715 -10.5
    endloop
  endfacet
  facet normal -0.969937 0.243357 0
    outer loop
      vertex 27.6746 -26.508 -11.49
      vertex 27.7164 -26.3414 -10.5
      vertex 27.7164 -26.3414 -11.49
    endloop
  endfacet
  facet normal -0.969937 0.243357 0
    outer loop
      vertex 27.7164 -26.3414 -10.5
      vertex 27.6746 -26.508 -11.49
      vertex 27.6746 -26.508 -10.5
    endloop
  endfacet
  facet normal -0.336595 -0.94165 0
    outer loop
      vertex 26.508 -24.3254 -11.49
      vertex 26.6697 -24.3832 -10.5
      vertex 26.508 -24.3254 -10.5
    endloop
  endfacet
  facet normal -0.336595 -0.94165 -0
    outer loop
      vertex 26.6697 -24.3832 -10.5
      vertex 26.508 -24.3254 -11.49
      vertex 26.6697 -24.3832 -11.49
    endloop
  endfacet
  facet normal 0.671919 0.740625 -0
    outer loop
      vertex 24.8898 -27.3528 -11.49
      vertex 24.7626 -27.2374 -10.5
      vertex 24.8898 -27.3528 -10.5
    endloop
  endfacet
  facet normal 0.671919 0.740625 0
    outer loop
      vertex 24.7626 -27.2374 -10.5
      vertex 24.8898 -27.3528 -11.49
      vertex 24.7626 -27.2374 -11.49
    endloop
  endfacet
  facet normal 0.969937 -0.243357 0
    outer loop
      vertex 24.2836 -25.6586 -10.5
      vertex 24.3254 -25.492 -11.49
      vertex 24.3254 -25.492 -10.5
    endloop
  endfacet
  facet normal 0.969937 -0.243357 0
    outer loop
      vertex 24.3254 -25.492 -11.49
      vertex 24.2836 -25.6586 -10.5
      vertex 24.2836 -25.6586 -11.49
    endloop
  endfacet
  facet normal -0.427535 0.903999 0
    outer loop
      vertex 26.8249 -27.5434 -11.49
      vertex 26.6697 -27.6168 -10.5
      vertex 26.8249 -27.5434 -10.5
    endloop
  endfacet
  facet normal -0.427535 0.903999 0
    outer loop
      vertex 26.6697 -27.6168 -10.5
      vertex 26.8249 -27.5434 -11.49
      vertex 26.6697 -27.6168 -11.49
    endloop
  endfacet
  facet normal 0.243357 -0.969937 0
    outer loop
      vertex 25.492 -24.3254 -11.49
      vertex 25.6586 -24.2836 -10.5
      vertex 25.492 -24.3254 -10.5
    endloop
  endfacet
  facet normal 0.243357 -0.969937 0
    outer loop
      vertex 25.6586 -24.2836 -10.5
      vertex 25.492 -24.3254 -11.49
      vertex 25.6586 -24.2836 -11.49
    endloop
  endfacet
  facet normal 0.146717 -0.989178 0
    outer loop
      vertex 25.6586 -24.2836 -11.49
      vertex 25.8285 -24.2584 -10.5
      vertex 25.6586 -24.2836 -10.5
    endloop
  endfacet
  facet normal 0.146717 -0.989178 0
    outer loop
      vertex 25.8285 -24.2584 -10.5
      vertex 25.6586 -24.2836 -11.49
      vertex 25.8285 -24.2584 -11.49
    endloop
  endfacet
  facet normal -0.243357 0.969937 0
    outer loop
      vertex 26.508 -27.6746 -11.49
      vertex 26.3414 -27.7164 -10.5
      vertex 26.508 -27.6746 -10.5
    endloop
  endfacet
  facet normal -0.243357 0.969937 0
    outer loop
      vertex 26.3414 -27.7164 -10.5
      vertex 26.508 -27.6746 -11.49
      vertex 26.3414 -27.7164 -11.49
    endloop
  endfacet
  facet normal 0.740625 0.671919 0
    outer loop
      vertex 24.7626 -27.2374 -10.5
      vertex 24.6472 -27.1102 -11.49
      vertex 24.6472 -27.1102 -10.5
    endloop
  endfacet
  facet normal 0.740625 0.671919 0
    outer loop
      vertex 24.6472 -27.1102 -11.49
      vertex 24.7626 -27.2374 -10.5
      vertex 24.7626 -27.2374 -11.49
    endloop
  endfacet
  facet normal 0.336595 0.94165 -0
    outer loop
      vertex 25.492 -27.6746 -11.49
      vertex 25.3303 -27.6168 -10.5
      vertex 25.492 -27.6746 -10.5
    endloop
  endfacet
  facet normal 0.336595 0.94165 0
    outer loop
      vertex 25.3303 -27.6168 -10.5
      vertex 25.492 -27.6746 -11.49
      vertex 25.3303 -27.6168 -11.49
    endloop
  endfacet
  facet normal -0.0489209 -0.998803 0
    outer loop
      vertex 26 -24.25 -11.49
      vertex 26.1715 -24.2584 -10.5
      vertex 26 -24.25 -10.5
    endloop
  endfacet
  facet normal -0.0489209 -0.998803 -0
    outer loop
      vertex 26.1715 -24.2584 -10.5
      vertex 26 -24.25 -11.49
      vertex 26.1715 -24.2584 -11.49
    endloop
  endfacet
  facet normal 0.0489209 0.998803 -0
    outer loop
      vertex 26 -27.75 -11.49
      vertex 25.8285 -27.7416 -10.5
      vertex 26 -27.75 -10.5
    endloop
  endfacet
  facet normal 0.0489209 0.998803 0
    outer loop
      vertex 25.8285 -27.7416 -10.5
      vertex 26 -27.75 -11.49
      vertex 25.8285 -27.7416 -11.49
    endloop
  endfacet
  facet normal 0.59552 -0.803341 0
    outer loop
      vertex 24.8898 -24.6472 -11.49
      vertex 25.0278 -24.5449 -10.5
      vertex 24.8898 -24.6472 -10.5
    endloop
  endfacet
  facet normal 0.59552 -0.803341 0
    outer loop
      vertex 25.0278 -24.5449 -10.5
      vertex 24.8898 -24.6472 -11.49
      vertex 25.0278 -24.5449 -11.49
    endloop
  endfacet
  facet normal 0.903999 -0.427535 0
    outer loop
      vertex 24.3832 -25.3303 -10.5
      vertex 24.4566 -25.1751 -11.49
      vertex 24.4566 -25.1751 -10.5
    endloop
  endfacet
  facet normal 0.903999 -0.427535 0
    outer loop
      vertex 24.4566 -25.1751 -11.49
      vertex 24.3832 -25.3303 -10.5
      vertex 24.3832 -25.3303 -11.49
    endloop
  endfacet
  facet normal 0.146717 0.989178 -0
    outer loop
      vertex 25.8285 -27.7416 -11.49
      vertex 25.6586 -27.7164 -10.5
      vertex 25.8285 -27.7416 -10.5
    endloop
  endfacet
  facet normal 0.146717 0.989178 0
    outer loop
      vertex 25.6586 -27.7164 -10.5
      vertex 25.8285 -27.7416 -11.49
      vertex 25.6586 -27.7164 -11.49
    endloop
  endfacet
  facet normal -0.59552 -0.803341 0
    outer loop
      vertex 26.9722 -24.5449 -11.49
      vertex 27.1102 -24.6472 -10.5
      vertex 26.9722 -24.5449 -10.5
    endloop
  endfacet
  facet normal -0.59552 -0.803341 -0
    outer loop
      vertex 27.1102 -24.6472 -10.5
      vertex 26.9722 -24.5449 -11.49
      vertex 27.1102 -24.6472 -11.49
    endloop
  endfacet
  facet normal -0.514153 0.857698 0
    outer loop
      vertex 26.9722 -27.4551 -11.49
      vertex 26.8249 -27.5434 -10.5
      vertex 26.9722 -27.4551 -10.5
    endloop
  endfacet
  facet normal -0.514153 0.857698 0
    outer loop
      vertex 26.8249 -27.5434 -10.5
      vertex 26.9722 -27.4551 -11.49
      vertex 26.8249 -27.5434 -11.49
    endloop
  endfacet
  facet normal 0.998803 -0.0489209 0
    outer loop
      vertex 24.25 -26 -10.5
      vertex 24.2584 -25.8285 -11.49
      vertex 24.2584 -25.8285 -10.5
    endloop
  endfacet
  facet normal 0.998803 -0.0489209 0
    outer loop
      vertex 24.2584 -25.8285 -11.49
      vertex 24.25 -26 -10.5
      vertex 24.25 -26 -11.49
    endloop
  endfacet
  facet normal 0.903999 0.427535 0
    outer loop
      vertex 24.4566 -26.8249 -10.5
      vertex 24.3832 -26.6697 -11.49
      vertex 24.3832 -26.6697 -10.5
    endloop
  endfacet
  facet normal 0.903999 0.427535 0
    outer loop
      vertex 24.3832 -26.6697 -11.49
      vertex 24.4566 -26.8249 -10.5
      vertex 24.4566 -26.8249 -11.49
    endloop
  endfacet
  facet normal -0.969937 -0.243357 0
    outer loop
      vertex 27.7164 -25.6586 -11.49
      vertex 27.6746 -25.492 -10.5
      vertex 27.6746 -25.492 -11.49
    endloop
  endfacet
  facet normal -0.969937 -0.243357 0
    outer loop
      vertex 27.6746 -25.492 -10.5
      vertex 27.7164 -25.6586 -11.49
      vertex 27.7164 -25.6586 -10.5
    endloop
  endfacet
  facet normal -0.671919 0.740625 0
    outer loop
      vertex 27.2374 -27.2374 -11.49
      vertex 27.1102 -27.3528 -10.5
      vertex 27.2374 -27.2374 -10.5
    endloop
  endfacet
  facet normal -0.671919 0.740625 0
    outer loop
      vertex 27.1102 -27.3528 -10.5
      vertex 27.2374 -27.2374 -11.49
      vertex 27.1102 -27.3528 -11.49
    endloop
  endfacet
  facet normal -0.59552 0.803341 0
    outer loop
      vertex 27.1102 -27.3528 -11.49
      vertex 26.9722 -27.4551 -10.5
      vertex 27.1102 -27.3528 -10.5
    endloop
  endfacet
  facet normal -0.59552 0.803341 0
    outer loop
      vertex 26.9722 -27.4551 -10.5
      vertex 27.1102 -27.3528 -11.49
      vertex 26.9722 -27.4551 -11.49
    endloop
  endfacet
  facet normal 0.59552 0.803341 -0
    outer loop
      vertex 25.0278 -27.4551 -11.49
      vertex 24.8898 -27.3528 -10.5
      vertex 25.0278 -27.4551 -10.5
    endloop
  endfacet
  facet normal 0.59552 0.803341 0
    outer loop
      vertex 24.8898 -27.3528 -10.5
      vertex 25.0278 -27.4551 -11.49
      vertex 24.8898 -27.3528 -11.49
    endloop
  endfacet
  facet normal -0.514153 -0.857698 0
    outer loop
      vertex 26.8249 -24.4566 -11.49
      vertex 26.9722 -24.5449 -10.5
      vertex 26.8249 -24.4566 -10.5
    endloop
  endfacet
  facet normal -0.514153 -0.857698 -0
    outer loop
      vertex 26.9722 -24.5449 -10.5
      vertex 26.8249 -24.4566 -11.49
      vertex 26.9722 -24.5449 -11.49
    endloop
  endfacet
  facet normal -0.740625 0.671919 0
    outer loop
      vertex 27.2374 -27.2374 -11.49
      vertex 27.3528 -27.1102 -10.5
      vertex 27.3528 -27.1102 -11.49
    endloop
  endfacet
  facet normal -0.740625 0.671919 0
    outer loop
      vertex 27.3528 -27.1102 -10.5
      vertex 27.2374 -27.2374 -11.49
      vertex 27.2374 -27.2374 -10.5
    endloop
  endfacet
  facet normal -0.803341 0.59552 0
    outer loop
      vertex 27.3528 -27.1102 -11.49
      vertex 27.4551 -26.9722 -10.5
      vertex 27.4551 -26.9722 -11.49
    endloop
  endfacet
  facet normal -0.803341 0.59552 0
    outer loop
      vertex 27.4551 -26.9722 -10.5
      vertex 27.3528 -27.1102 -11.49
      vertex 27.3528 -27.1102 -10.5
    endloop
  endfacet
  facet normal -0.989178 -0.146717 0
    outer loop
      vertex 27.7416 -25.8285 -11.49
      vertex 27.7164 -25.6586 -10.5
      vertex 27.7164 -25.6586 -11.49
    endloop
  endfacet
  facet normal -0.989178 -0.146717 0
    outer loop
      vertex 27.7164 -25.6586 -10.5
      vertex 27.7416 -25.8285 -11.49
      vertex 27.7416 -25.8285 -10.5
    endloop
  endfacet
  facet normal 0.94165 0.336595 0
    outer loop
      vertex 24.3832 -26.6697 -10.5
      vertex 24.3254 -26.508 -11.49
      vertex 24.3254 -26.508 -10.5
    endloop
  endfacet
  facet normal 0.94165 0.336595 0
    outer loop
      vertex 24.3254 -26.508 -11.49
      vertex 24.3832 -26.6697 -10.5
      vertex 24.3832 -26.6697 -11.49
    endloop
  endfacet
  facet normal -0.903999 -0.427535 0
    outer loop
      vertex 27.6168 -25.3303 -11.49
      vertex 27.5434 -25.1751 -10.5
      vertex 27.5434 -25.1751 -11.49
    endloop
  endfacet
  facet normal -0.903999 -0.427535 0
    outer loop
      vertex 27.5434 -25.1751 -10.5
      vertex 27.6168 -25.3303 -11.49
      vertex 27.6168 -25.3303 -10.5
    endloop
  endfacet
  facet normal -0.998803 -0.0489209 0
    outer loop
      vertex 27.75 -26 -11.49
      vertex 27.7416 -25.8285 -10.5
      vertex 27.7416 -25.8285 -11.49
    endloop
  endfacet
  facet normal -0.998803 -0.0489209 0
    outer loop
      vertex 27.7416 -25.8285 -10.5
      vertex 27.75 -26 -11.49
      vertex 27.75 -26 -10.5
    endloop
  endfacet
  facet normal -0.243357 -0.969937 0
    outer loop
      vertex 26.3414 -24.2836 -11.49
      vertex 26.508 -24.3254 -10.5
      vertex 26.3414 -24.2836 -10.5
    endloop
  endfacet
  facet normal -0.243357 -0.969937 -0
    outer loop
      vertex 26.508 -24.3254 -10.5
      vertex 26.3414 -24.2836 -11.49
      vertex 26.508 -24.3254 -11.49
    endloop
  endfacet
  facet normal -0.146717 -0.989178 0
    outer loop
      vertex 26.1715 -24.2584 -11.49
      vertex 26.3414 -24.2836 -10.5
      vertex 26.1715 -24.2584 -10.5
    endloop
  endfacet
  facet normal -0.146717 -0.989178 -0
    outer loop
      vertex 26.3414 -24.2836 -10.5
      vertex 26.1715 -24.2584 -11.49
      vertex 26.3414 -24.2836 -11.49
    endloop
  endfacet
  facet normal -0.94165 0.336595 0
    outer loop
      vertex 27.6168 -26.6697 -11.49
      vertex 27.6746 -26.508 -10.5
      vertex 27.6746 -26.508 -11.49
    endloop
  endfacet
  facet normal -0.94165 0.336595 0
    outer loop
      vertex 27.6746 -26.508 -10.5
      vertex 27.6168 -26.6697 -11.49
      vertex 27.6168 -26.6697 -10.5
    endloop
  endfacet
  facet normal -0.803341 -0.59552 0
    outer loop
      vertex 27.4551 -25.0278 -11.49
      vertex 27.3528 -24.8898 -10.5
      vertex 27.3528 -24.8898 -11.49
    endloop
  endfacet
  facet normal -0.803341 -0.59552 0
    outer loop
      vertex 27.3528 -24.8898 -10.5
      vertex 27.4551 -25.0278 -11.49
      vertex 27.4551 -25.0278 -10.5
    endloop
  endfacet
  facet normal -0.857698 -0.514153 0
    outer loop
      vertex 27.5434 -25.1751 -11.49
      vertex 27.4551 -25.0278 -10.5
      vertex 27.4551 -25.0278 -11.49
    endloop
  endfacet
  facet normal -0.857698 -0.514153 0
    outer loop
      vertex 27.4551 -25.0278 -10.5
      vertex 27.5434 -25.1751 -11.49
      vertex 27.5434 -25.1751 -10.5
    endloop
  endfacet
  facet normal -0.427535 -0.903999 0
    outer loop
      vertex 26.6697 -24.3832 -11.49
      vertex 26.8249 -24.4566 -10.5
      vertex 26.6697 -24.3832 -10.5
    endloop
  endfacet
  facet normal -0.427535 -0.903999 -0
    outer loop
      vertex 26.8249 -24.4566 -10.5
      vertex 26.6697 -24.3832 -11.49
      vertex 26.8249 -24.4566 -11.49
    endloop
  endfacet
  facet normal -0.0489209 0.998803 0
    outer loop
      vertex 26.1715 -27.7416 -11.49
      vertex 26 -27.75 -10.5
      vertex 26.1715 -27.7416 -10.5
    endloop
  endfacet
  facet normal -0.0489209 0.998803 0
    outer loop
      vertex 26 -27.75 -10.5
      vertex 26.1715 -27.7416 -11.49
      vertex 26 -27.75 -11.49
    endloop
  endfacet
  facet normal -0.94165 -0.336595 0
    outer loop
      vertex 27.6746 -25.492 -11.49
      vertex 27.6168 -25.3303 -10.5
      vertex 27.6168 -25.3303 -11.49
    endloop
  endfacet
  facet normal -0.94165 -0.336595 0
    outer loop
      vertex 27.6168 -25.3303 -10.5
      vertex 27.6746 -25.492 -11.49
      vertex 27.6746 -25.492 -10.5
    endloop
  endfacet
  facet normal 0.243357 0.969937 -0
    outer loop
      vertex 25.6586 -27.7164 -11.49
      vertex 25.492 -27.6746 -10.5
      vertex 25.6586 -27.7164 -10.5
    endloop
  endfacet
  facet normal 0.243357 0.969937 0
    outer loop
      vertex 25.492 -27.6746 -10.5
      vertex 25.6586 -27.7164 -11.49
      vertex 25.492 -27.6746 -11.49
    endloop
  endfacet
  facet normal -0.903999 0.427535 0
    outer loop
      vertex 27.5434 -26.8249 -11.49
      vertex 27.6168 -26.6697 -10.5
      vertex 27.6168 -26.6697 -11.49
    endloop
  endfacet
  facet normal -0.903999 0.427535 0
    outer loop
      vertex 27.6168 -26.6697 -10.5
      vertex 27.5434 -26.8249 -11.49
      vertex 27.5434 -26.8249 -10.5
    endloop
  endfacet
  facet normal 0.427535 0.903999 -0
    outer loop
      vertex 25.3303 -27.6168 -11.49
      vertex 25.1751 -27.5434 -10.5
      vertex 25.3303 -27.6168 -10.5
    endloop
  endfacet
  facet normal 0.427535 0.903999 0
    outer loop
      vertex 25.1751 -27.5434 -10.5
      vertex 25.3303 -27.6168 -11.49
      vertex 25.1751 -27.5434 -11.49
    endloop
  endfacet
  facet normal -0.146717 0.989178 0
    outer loop
      vertex 26.3414 -27.7164 -11.49
      vertex 26.1715 -27.7416 -10.5
      vertex 26.3414 -27.7164 -10.5
    endloop
  endfacet
  facet normal -0.146717 0.989178 0
    outer loop
      vertex 26.1715 -27.7416 -10.5
      vertex 26.3414 -27.7164 -11.49
      vertex 26.1715 -27.7416 -11.49
    endloop
  endfacet
  facet normal 0.857698 -0.514153 0
    outer loop
      vertex 24.4566 -25.1751 -10.5
      vertex 24.5449 -25.0278 -11.49
      vertex 24.5449 -25.0278 -10.5
    endloop
  endfacet
  facet normal 0.857698 -0.514153 0
    outer loop
      vertex 24.5449 -25.0278 -11.49
      vertex 24.4566 -25.1751 -10.5
      vertex 24.4566 -25.1751 -11.49
    endloop
  endfacet
  facet normal -0.857698 0.514153 0
    outer loop
      vertex 27.4551 -26.9722 -11.49
      vertex 27.5434 -26.8249 -10.5
      vertex 27.5434 -26.8249 -11.49
    endloop
  endfacet
  facet normal -0.857698 0.514153 0
    outer loop
      vertex 27.5434 -26.8249 -10.5
      vertex 27.4551 -26.9722 -11.49
      vertex 27.4551 -26.9722 -10.5
    endloop
  endfacet
  facet normal 0.514153 0.857698 -0
    outer loop
      vertex 25.1751 -27.5434 -11.49
      vertex 25.0278 -27.4551 -10.5
      vertex 25.1751 -27.5434 -10.5
    endloop
  endfacet
  facet normal 0.514153 0.857698 0
    outer loop
      vertex 25.0278 -27.4551 -10.5
      vertex 25.1751 -27.5434 -11.49
      vertex 25.0278 -27.4551 -11.49
    endloop
  endfacet
  facet normal 0.740625 -0.671919 0
    outer loop
      vertex 24.6472 -24.8898 -10.5
      vertex 24.7626 -24.7626 -11.49
      vertex 24.7626 -24.7626 -10.5
    endloop
  endfacet
  facet normal 0.740625 -0.671919 0
    outer loop
      vertex 24.7626 -24.7626 -11.49
      vertex 24.6472 -24.8898 -10.5
      vertex 24.6472 -24.8898 -11.49
    endloop
  endfacet
  facet normal 0.427535 -0.903999 0
    outer loop
      vertex 25.1751 -24.4566 -11.49
      vertex 25.3303 -24.3832 -10.5
      vertex 25.1751 -24.4566 -10.5
    endloop
  endfacet
  facet normal 0.427535 -0.903999 0
    outer loop
      vertex 25.3303 -24.3832 -10.5
      vertex 25.1751 -24.4566 -11.49
      vertex 25.3303 -24.3832 -11.49
    endloop
  endfacet
  facet normal 0.94165 -0.336595 0
    outer loop
      vertex 24.3254 -25.492 -10.5
      vertex 24.3832 -25.3303 -11.49
      vertex 24.3832 -25.3303 -10.5
    endloop
  endfacet
  facet normal 0.94165 -0.336595 0
    outer loop
      vertex 24.3832 -25.3303 -11.49
      vertex 24.3254 -25.492 -10.5
      vertex 24.3254 -25.492 -11.49
    endloop
  endfacet
  facet normal 0.514153 -0.857698 0
    outer loop
      vertex 25.0278 -24.5449 -11.49
      vertex 25.1751 -24.4566 -10.5
      vertex 25.0278 -24.5449 -10.5
    endloop
  endfacet
  facet normal 0.514153 -0.857698 0
    outer loop
      vertex 25.1751 -24.4566 -10.5
      vertex 25.0278 -24.5449 -11.49
      vertex 25.1751 -24.4566 -11.49
    endloop
  endfacet
  facet normal 0.969937 0.243357 0
    outer loop
      vertex 24.3254 -26.508 -10.5
      vertex 24.2836 -26.3414 -11.49
      vertex 24.2836 -26.3414 -10.5
    endloop
  endfacet
  facet normal 0.969937 0.243357 0
    outer loop
      vertex 24.2836 -26.3414 -11.49
      vertex 24.3254 -26.508 -10.5
      vertex 24.3254 -26.508 -11.49
    endloop
  endfacet
  facet normal 0.989178 0.146717 0
    outer loop
      vertex 24.2836 -26.3414 -10.5
      vertex 24.2584 -26.1715 -11.49
      vertex 24.2584 -26.1715 -10.5
    endloop
  endfacet
  facet normal 0.989178 0.146717 0
    outer loop
      vertex 24.2584 -26.1715 -11.49
      vertex 24.2836 -26.3414 -10.5
      vertex 24.2836 -26.3414 -11.49
    endloop
  endfacet
  facet normal -0.336595 0.94165 0
    outer loop
      vertex 26.6697 -27.6168 -11.49
      vertex 26.508 -27.6746 -10.5
      vertex 26.6697 -27.6168 -10.5
    endloop
  endfacet
  facet normal -0.336595 0.94165 0
    outer loop
      vertex 26.508 -27.6746 -10.5
      vertex 26.6697 -27.6168 -11.49
      vertex 26.508 -27.6746 -11.49
    endloop
  endfacet
  facet normal 0.803341 -0.59552 0
    outer loop
      vertex 24.5449 -25.0278 -10.5
      vertex 24.6472 -24.8898 -11.49
      vertex 24.6472 -24.8898 -10.5
    endloop
  endfacet
  facet normal 0.803341 -0.59552 0
    outer loop
      vertex 24.6472 -24.8898 -11.49
      vertex 24.5449 -25.0278 -10.5
      vertex 24.5449 -25.0278 -11.49
    endloop
  endfacet
  facet normal 0.989178 -0.146717 0
    outer loop
      vertex 24.2584 -25.8285 -10.5
      vertex 24.2836 -25.6586 -11.49
      vertex 24.2836 -25.6586 -10.5
    endloop
  endfacet
  facet normal 0.989178 -0.146717 0
    outer loop
      vertex 24.2836 -25.6586 -11.49
      vertex 24.2584 -25.8285 -10.5
      vertex 24.2584 -25.8285 -11.49
    endloop
  endfacet
  facet normal 0.671919 -0.740625 0
    outer loop
      vertex 24.7626 -24.7626 -11.49
      vertex 24.8898 -24.6472 -10.5
      vertex 24.7626 -24.7626 -10.5
    endloop
  endfacet
  facet normal 0.671919 -0.740625 0
    outer loop
      vertex 24.8898 -24.6472 -10.5
      vertex 24.7626 -24.7626 -11.49
      vertex 24.8898 -24.6472 -11.49
    endloop
  endfacet
  facet normal 0.803341 0.59552 0
    outer loop
      vertex 24.6472 -27.1102 -10.5
      vertex 24.5449 -26.9722 -11.49
      vertex 24.5449 -26.9722 -10.5
    endloop
  endfacet
  facet normal 0.803341 0.59552 0
    outer loop
      vertex 24.5449 -26.9722 -11.49
      vertex 24.6472 -27.1102 -10.5
      vertex 24.6472 -27.1102 -11.49
    endloop
  endfacet
  facet normal 0.857698 0.514153 0
    outer loop
      vertex 24.5449 -26.9722 -10.5
      vertex 24.4566 -26.8249 -11.49
      vertex 24.4566 -26.8249 -10.5
    endloop
  endfacet
  facet normal 0.857698 0.514153 0
    outer loop
      vertex 24.4566 -26.8249 -11.49
      vertex 24.5449 -26.9722 -10.5
      vertex 24.5449 -26.9722 -11.49
    endloop
  endfacet
  facet normal 0.0489209 -0.998803 0
    outer loop
      vertex 25.8285 -24.2584 -11.49
      vertex 26 -24.25 -10.5
      vertex 25.8285 -24.2584 -10.5
    endloop
  endfacet
  facet normal 0.0489209 -0.998803 0
    outer loop
      vertex 26 -24.25 -10.5
      vertex 25.8285 -24.2584 -11.49
      vertex 26 -24.25 -11.49
    endloop
  endfacet
  facet normal 0.998803 0.0489209 0
    outer loop
      vertex 24.2584 -26.1715 -10.5
      vertex 24.25 -26 -11.49
      vertex 24.25 -26 -10.5
    endloop
  endfacet
  facet normal 0.998803 0.0489209 0
    outer loop
      vertex 24.25 -26 -11.49
      vertex 24.2584 -26.1715 -10.5
      vertex 24.2584 -26.1715 -11.49
    endloop
  endfacet
  facet normal 0.336595 -0.94165 0
    outer loop
      vertex 25.3303 -24.3832 -11.49
      vertex 25.492 -24.3254 -10.5
      vertex 25.3303 -24.3832 -10.5
    endloop
  endfacet
  facet normal 0.336595 -0.94165 0
    outer loop
      vertex 25.492 -24.3254 -10.5
      vertex 25.3303 -24.3832 -11.49
      vertex 25.492 -24.3254 -11.49
    endloop
  endfacet
  facet normal -0.740625 -0.671919 0
    outer loop
      vertex 27.3528 -24.8898 -11.49
      vertex 27.2374 -24.7626 -10.5
      vertex 27.2374 -24.7626 -11.49
    endloop
  endfacet
  facet normal -0.740625 -0.671919 0
    outer loop
      vertex 27.2374 -24.7626 -10.5
      vertex 27.3528 -24.8898 -11.49
      vertex 27.3528 -24.8898 -10.5
    endloop
  endfacet
  facet normal -0.671919 -0.740625 0
    outer loop
      vertex 27.1102 -24.6472 -11.49
      vertex 27.2374 -24.7626 -10.5
      vertex 27.1102 -24.6472 -10.5
    endloop
  endfacet
  facet normal -0.671919 -0.740625 -0
    outer loop
      vertex 27.2374 -24.7626 -10.5
      vertex 27.1102 -24.6472 -11.49
      vertex 27.2374 -24.7626 -11.49
    endloop
  endfacet
  facet normal -0.862709 -0.246488 -0.441562
    outer loop
      vertex 28.9375 -25.4157 -14
      vertex 27.6746 -25.492 -11.49
      vertex 28.9373 -25.415 -14
    endloop
  endfacet
  facet normal -0.869125 -0.218064 -0.443927
    outer loop
      vertex 27.6746 -25.492 -11.49
      vertex 28.9375 -25.4157 -14
      vertex 27.7164 -25.6586 -11.49
    endloop
  endfacet
  facet normal -0.460432 0.768711 -0.443943
    outer loop
      vertex 27.664 -28.4903 -14
      vertex 27.4124 -28.641 -14
      vertex 26.9722 -27.4551 -11.49
    endloop
  endfacet
  facet normal 0.894995 0.0436955 -0.443932
    outer loop
      vertex 24.25 -26 -11.49
      vertex 23.0193 -26.2929 -14
      vertex 23.005 -26 -14
    endloop
  endfacet
  facet normal -0.894995 0.0436955 -0.443932
    outer loop
      vertex 28.995 -26 -14
      vertex 28.9807 -26.2929 -14
      vertex 27.75 -26 -11.49
    endloop
  endfacet
  facet normal -0.894983 0.0438359 -0.443942
    outer loop
      vertex 28.9807 -26.2929 -14
      vertex 27.7416 -26.1715 -11.49
      vertex 27.75 -26 -11.49
    endloop
  endfacet
  facet normal -0.887013 0.126716 -0.444016
    outer loop
      vertex 27.7416 -26.1715 -11.49
      vertex 28.9807 -26.2929 -14
      vertex 28.9806 -26.2936 -14
    endloop
  endfacet
  facet normal -0.217612 0.869224 -0.443954
    outer loop
      vertex 26.8694 -28.8661 -14
      vertex 26.585 -28.9373 -14
      vertex 26.508 -27.6746 -11.49
    endloop
  endfacet
  facet normal 0.704384 -0.563507 -0.431628
    outer loop
      vertex 24.5449 -25.0278 -11.49
      vertex 23.3586 -24.5881 -14
      vertex 23.359 -24.5876 -14
    endloop
  endfacet
  facet normal 0.768545 -0.460709 -0.443944
    outer loop
      vertex 23.3586 -24.5881 -14
      vertex 24.5449 -25.0278 -11.49
      vertex 24.4566 -25.1751 -11.49
    endloop
  endfacet
  facet normal -0.131468 -0.886366 -0.443928
    outer loop
      vertex 26.2936 -23.0194 -14
      vertex 26.3414 -24.2836 -11.49
      vertex 26.1715 -24.2584 -11.49
    endloop
  endfacet
  facet normal -0.147414 -0.884482 -0.442675
    outer loop
      vertex 26.3414 -24.2836 -11.49
      vertex 26.2936 -23.0194 -14
      vertex 26.2942 -23.0195 -14
    endloop
  endfacet
  facet normal 0.533866 0.719665 -0.443925
    outer loop
      vertex 24.8898 -27.3528 -11.49
      vertex 24.3355 -28.4899 -14
      vertex 24.1 -28.3152 -14
    endloop
  endfacet
  facet normal 0.353147 -0.82401 -0.443052
    outer loop
      vertex 24.5888 -23.3583 -14
      vertex 25.1751 -24.4566 -11.49
      vertex 24.5881 -23.3586 -14
    endloop
  endfacet
  facet normal 0.383097 -0.810037 -0.443934
    outer loop
      vertex 25.1751 -24.4566 -11.49
      vertex 24.5888 -23.3583 -14
      vertex 25.3303 -24.3832 -11.49
    endloop
  endfacet
  facet normal -0.825766 -0.3539 -0.439165
    outer loop
      vertex 28.8661 -25.1306 -14
      vertex 27.6168 -25.3303 -11.49
      vertex 28.8658 -25.1299 -14
    endloop
  endfacet
  facet normal -0.843762 -0.301604 -0.443961
    outer loop
      vertex 27.6168 -25.3303 -11.49
      vertex 28.8661 -25.1306 -14
      vertex 27.6746 -25.492 -11.49
    endloop
  endfacet
  facet normal -0.383272 0.809946 -0.443948
    outer loop
      vertex 27.4112 -28.6417 -14
      vertex 27.1462 -28.7671 -14
      vertex 26.6697 -27.6168 -11.49
    endloop
  endfacet
  facet normal -0.843761 -0.301627 -0.443946
    outer loop
      vertex 28.7671 -24.8538 -14
      vertex 28.8658 -25.1299 -14
      vertex 27.6168 -25.3303 -11.49
    endloop
  endfacet
  facet normal 0.383097 0.810037 -0.443934
    outer loop
      vertex 24.5888 -28.6417 -14
      vertex 25.1751 -27.5434 -11.49
      vertex 25.3303 -27.6168 -11.49
    endloop
  endfacet
  facet normal 0.353147 0.82401 -0.443052
    outer loop
      vertex 25.1751 -27.5434 -11.49
      vertex 24.5888 -28.6417 -14
      vertex 24.5881 -28.6414 -14
    endloop
  endfacet
  facet normal 0.383272 0.809946 -0.443948
    outer loop
      vertex 25.3303 -27.6168 -11.49
      vertex 24.8538 -28.7671 -14
      vertex 24.5888 -28.6417 -14
    endloop
  endfacet
  facet normal 0.768711 -0.460432 -0.443943
    outer loop
      vertex 23.5097 -24.336 -14
      vertex 24.5449 -25.0278 -11.49
      vertex 23.359 -24.5876 -14
    endloop
  endfacet
  facet normal -0.0436955 -0.894995 -0.443932
    outer loop
      vertex 26 -23.005 -14
      vertex 26.2929 -23.0193 -14
      vertex 26 -24.25 -11.49
    endloop
  endfacet
  facet normal -0.301627 -0.843761 -0.443946
    outer loop
      vertex 26.8701 -23.1342 -14
      vertex 27.1462 -23.2329 -14
      vertex 26.6697 -24.3832 -11.49
    endloop
  endfacet
  facet normal 0.301604 0.843762 -0.443961
    outer loop
      vertex 25.1306 -28.8661 -14
      vertex 25.3303 -27.6168 -11.49
      vertex 25.492 -27.6746 -11.49
    endloop
  endfacet
  facet normal 0.3539 0.825766 -0.439165
    outer loop
      vertex 25.3303 -27.6168 -11.49
      vertex 25.1306 -28.8661 -14
      vertex 25.1299 -28.8658 -14
    endloop
  endfacet
  facet normal -0.633454 0.633454 -0.444377
    outer loop
      vertex 28.1173 -28.1183 -14
      vertex 27.2374 -27.2374 -11.49
      vertex 28.1178 -28.1178 -14
    endloop
  endfacet
  facet normal -0.602069 0.663632 -0.443966
    outer loop
      vertex 27.2374 -27.2374 -11.49
      vertex 28.1173 -28.1183 -14
      vertex 27.1102 -27.3528 -11.49
    endloop
  endfacet
  facet normal 0.131383 0.886377 -0.443931
    outer loop
      vertex 25.6586 -27.7164 -11.49
      vertex 25.7058 -28.9805 -14
      vertex 25.4157 -28.9375 -14
    endloop
  endfacet
  facet normal -0.131383 -0.886377 -0.443931
    outer loop
      vertex 26.5843 -23.0625 -14
      vertex 26.3414 -24.2836 -11.49
      vertex 26.2942 -23.0195 -14
    endloop
  endfacet
  facet normal -0.704384 -0.563507 -0.431628
    outer loop
      vertex 28.6414 -24.5881 -14
      vertex 27.4551 -25.0278 -11.49
      vertex 28.641 -24.5876 -14
    endloop
  endfacet
  facet normal -0.768545 -0.460709 -0.443944
    outer loop
      vertex 27.4551 -25.0278 -11.49
      vertex 28.6414 -24.5881 -14
      vertex 27.5434 -25.1751 -11.49
    endloop
  endfacet
  facet normal 0.768711 0.460432 -0.443943
    outer loop
      vertex 24.5449 -26.9722 -11.49
      vertex 23.5097 -27.664 -14
      vertex 23.359 -27.4124 -14
    endloop
  endfacet
  facet normal 0.810037 0.383097 -0.443934
    outer loop
      vertex 24.4566 -26.8249 -11.49
      vertex 23.3583 -27.4112 -14
      vertex 24.3832 -26.6697 -11.49
    endloop
  endfacet
  facet normal 0.82401 0.353147 -0.443052
    outer loop
      vertex 23.3583 -27.4112 -14
      vertex 24.4566 -26.8249 -11.49
      vertex 23.3586 -27.4119 -14
    endloop
  endfacet
  facet normal -0.218064 -0.869125 -0.443927
    outer loop
      vertex 26.5843 -23.0625 -14
      vertex 26.508 -24.3254 -11.49
      vertex 26.3414 -24.2836 -11.49
    endloop
  endfacet
  facet normal -0.246488 -0.862709 -0.441562
    outer loop
      vertex 26.508 -24.3254 -11.49
      vertex 26.5843 -23.0625 -14
      vertex 26.585 -23.0627 -14
    endloop
  endfacet
  facet normal 0.126716 -0.887013 -0.444016
    outer loop
      vertex 25.7071 -23.0193 -14
      vertex 25.8285 -24.2584 -11.49
      vertex 25.7064 -23.0194 -14
    endloop
  endfacet
  facet normal 0.0438359 -0.894983 -0.443942
    outer loop
      vertex 25.8285 -24.2584 -11.49
      vertex 25.7071 -23.0193 -14
      vertex 26 -24.25 -11.49
    endloop
  endfacet
  facet normal -0.887013 -0.126716 -0.444016
    outer loop
      vertex 28.9807 -25.7071 -14
      vertex 27.7416 -25.8285 -11.49
      vertex 28.9806 -25.7064 -14
    endloop
  endfacet
  facet normal -0.894983 -0.0438359 -0.443942
    outer loop
      vertex 27.7416 -25.8285 -11.49
      vertex 28.9807 -25.7071 -14
      vertex 27.75 -26 -11.49
    endloop
  endfacet
  facet normal 0.460432 0.768711 -0.443943
    outer loop
      vertex 25.0278 -27.4551 -11.49
      vertex 24.5876 -28.641 -14
      vertex 24.336 -28.4903 -14
    endloop
  endfacet
  facet normal -0.886377 -0.131383 -0.443931
    outer loop
      vertex 28.9375 -25.4157 -14
      vertex 28.9805 -25.7058 -14
      vertex 27.7164 -25.6586 -11.49
    endloop
  endfacet
  facet normal -0.894995 -0.0436955 -0.443932
    outer loop
      vertex 28.9807 -25.7071 -14
      vertex 28.995 -26 -14
      vertex 27.75 -26 -11.49
    endloop
  endfacet
  facet normal -0.884482 -0.147414 -0.442675
    outer loop
      vertex 28.9806 -25.7064 -14
      vertex 27.7164 -25.6586 -11.49
      vertex 28.9805 -25.7058 -14
    endloop
  endfacet
  facet normal -0.886366 -0.131468 -0.443928
    outer loop
      vertex 27.7164 -25.6586 -11.49
      vertex 28.9806 -25.7064 -14
      vertex 27.7416 -25.8285 -11.49
    endloop
  endfacet
  facet normal -0.383097 -0.810037 -0.443934
    outer loop
      vertex 27.4112 -23.3583 -14
      vertex 26.8249 -24.4566 -11.49
      vertex 26.6697 -24.3832 -11.49
    endloop
  endfacet
  facet normal -0.353147 -0.82401 -0.443052
    outer loop
      vertex 26.8249 -24.4566 -11.49
      vertex 27.4112 -23.3583 -14
      vertex 27.4119 -23.3586 -14
    endloop
  endfacet
  facet normal -0.768711 -0.460432 -0.443943
    outer loop
      vertex 28.4903 -24.336 -14
      vertex 28.641 -24.5876 -14
      vertex 27.4551 -25.0278 -11.49
    endloop
  endfacet
  facet normal -0.809946 -0.383272 -0.443948
    outer loop
      vertex 28.6417 -24.5888 -14
      vertex 28.7671 -24.8538 -14
      vertex 27.6168 -25.3303 -11.49
    endloop
  endfacet
  facet normal 0.633454 -0.633454 -0.444377
    outer loop
      vertex 23.8827 -23.8817 -14
      vertex 24.7626 -24.7626 -11.49
      vertex 23.8822 -23.8822 -14
    endloop
  endfacet
  facet normal 0.602069 -0.663632 -0.443966
    outer loop
      vertex 24.7626 -24.7626 -11.49
      vertex 23.8827 -23.8817 -14
      vertex 24.8898 -24.6472 -11.49
    endloop
  endfacet
  facet normal 0.886377 -0.131383 -0.443931
    outer loop
      vertex 23.0625 -25.4157 -14
      vertex 24.2836 -25.6586 -11.49
      vertex 23.0195 -25.7058 -14
    endloop
  endfacet
  facet normal 0.533866 -0.719665 -0.443925
    outer loop
      vertex 24.3355 -23.5101 -14
      vertex 24.8898 -24.6472 -11.49
      vertex 24.1 -23.6848 -14
    endloop
  endfacet
  facet normal 0.147414 -0.884482 -0.442675
    outer loop
      vertex 25.7064 -23.0194 -14
      vertex 25.6586 -24.2836 -11.49
      vertex 25.7058 -23.0195 -14
    endloop
  endfacet
  facet normal 0.131468 -0.886366 -0.443928
    outer loop
      vertex 25.6586 -24.2836 -11.49
      vertex 25.7064 -23.0194 -14
      vertex 25.8285 -24.2584 -11.49
    endloop
  endfacet
  facet normal -0.301604 -0.843762 -0.443961
    outer loop
      vertex 26.8694 -23.1339 -14
      vertex 26.6697 -24.3832 -11.49
      vertex 26.508 -24.3254 -11.49
    endloop
  endfacet
  facet normal -0.3539 -0.825766 -0.439165
    outer loop
      vertex 26.6697 -24.3832 -11.49
      vertex 26.8694 -23.1339 -14
      vertex 26.8701 -23.1342 -14
    endloop
  endfacet
  facet normal -0.3539 0.825766 -0.439165
    outer loop
      vertex 26.8694 -28.8661 -14
      vertex 26.6697 -27.6168 -11.49
      vertex 26.8701 -28.8658 -14
    endloop
  endfacet
  facet normal -0.301604 0.843762 -0.443961
    outer loop
      vertex 26.6697 -27.6168 -11.49
      vertex 26.8694 -28.8661 -14
      vertex 26.508 -27.6746 -11.49
    endloop
  endfacet
  facet normal -0.82401 -0.353147 -0.443052
    outer loop
      vertex 28.6417 -24.5888 -14
      vertex 27.5434 -25.1751 -11.49
      vertex 28.6414 -24.5881 -14
    endloop
  endfacet
  facet normal -0.810037 -0.383097 -0.443934
    outer loop
      vertex 27.5434 -25.1751 -11.49
      vertex 28.6417 -24.5888 -14
      vertex 27.6168 -25.3303 -11.49
    endloop
  endfacet
  facet normal 0.886377 0.131383 -0.443931
    outer loop
      vertex 24.2836 -26.3414 -11.49
      vertex 23.0625 -26.5843 -14
      vertex 23.0195 -26.2942 -14
    endloop
  endfacet
  facet normal 0.809946 0.383272 -0.443948
    outer loop
      vertex 24.3832 -26.6697 -11.49
      vertex 23.3583 -27.4112 -14
      vertex 23.2329 -27.1462 -14
    endloop
  endfacet
  facet normal -0.560591 0.700738 -0.441253
    outer loop
      vertex 27.664 -28.4903 -14
      vertex 27.1102 -27.3528 -11.49
      vertex 27.6645 -28.4899 -14
    endloop
  endfacet
  facet normal -0.533615 0.719833 -0.443955
    outer loop
      vertex 27.1102 -27.3528 -11.49
      vertex 27.664 -28.4903 -14
      vertex 26.9722 -27.4551 -11.49
    endloop
  endfacet
  facet normal -0.147414 0.884482 -0.442675
    outer loop
      vertex 26.2936 -28.9806 -14
      vertex 26.3414 -27.7164 -11.49
      vertex 26.2942 -28.9805 -14
    endloop
  endfacet
  facet normal -0.131468 0.886366 -0.443928
    outer loop
      vertex 26.3414 -27.7164 -11.49
      vertex 26.2936 -28.9806 -14
      vertex 26.1715 -27.7416 -11.49
    endloop
  endfacet
  facet normal 0.460432 -0.768711 -0.443943
    outer loop
      vertex 24.5876 -23.359 -14
      vertex 25.0278 -24.5449 -11.49
      vertex 24.336 -23.5097 -14
    endloop
  endfacet
  facet normal -0.217612 -0.869224 -0.443954
    outer loop
      vertex 26.585 -23.0627 -14
      vertex 26.8694 -23.1339 -14
      vertex 26.508 -24.3254 -11.49
    endloop
  endfacet
  facet normal -0.460432 -0.768711 -0.443943
    outer loop
      vertex 27.4124 -23.359 -14
      vertex 27.664 -23.5097 -14
      vertex 26.9722 -24.5449 -11.49
    endloop
  endfacet
  facet normal -0.869224 -0.217612 -0.443954
    outer loop
      vertex 28.8661 -25.1306 -14
      vertex 28.9373 -25.415 -14
      vertex 27.6746 -25.492 -11.49
    endloop
  endfacet
  facet normal 0.884482 -0.147414 -0.442675
    outer loop
      vertex 24.2836 -25.6586 -11.49
      vertex 23.0194 -25.7064 -14
      vertex 23.0195 -25.7058 -14
    endloop
  endfacet
  facet normal 0.886366 -0.131468 -0.443928
    outer loop
      vertex 23.0194 -25.7064 -14
      vertex 24.2836 -25.6586 -11.49
      vertex 24.2584 -25.8285 -11.49
    endloop
  endfacet
  facet normal 0.862709 -0.246488 -0.441562
    outer loop
      vertex 24.3254 -25.492 -11.49
      vertex 23.0625 -25.4157 -14
      vertex 23.0627 -25.415 -14
    endloop
  endfacet
  facet normal 0.869125 -0.218064 -0.443927
    outer loop
      vertex 23.0625 -25.4157 -14
      vertex 24.3254 -25.492 -11.49
      vertex 24.2836 -25.6586 -11.49
    endloop
  endfacet
  facet normal -0.602069 -0.663632 -0.443966
    outer loop
      vertex 28.1173 -23.8817 -14
      vertex 27.2374 -24.7626 -11.49
      vertex 27.1102 -24.6472 -11.49
    endloop
  endfacet
  facet normal -0.633454 -0.633454 -0.444377
    outer loop
      vertex 27.2374 -24.7626 -11.49
      vertex 28.1173 -23.8817 -14
      vertex 28.1178 -23.8822 -14
    endloop
  endfacet
  facet normal 0.602069 0.663632 -0.443966
    outer loop
      vertex 23.8827 -28.1183 -14
      vertex 24.7626 -27.2374 -11.49
      vertex 24.8898 -27.3528 -11.49
    endloop
  endfacet
  facet normal 0.633454 0.633454 -0.444377
    outer loop
      vertex 24.7626 -27.2374 -11.49
      vertex 23.8827 -28.1183 -14
      vertex 23.8822 -28.1178 -14
    endloop
  endfacet
  facet normal 0.664014 0.601677 -0.443925
    outer loop
      vertex 24.6472 -27.1102 -11.49
      vertex 23.8817 -28.1173 -14
      vertex 23.6848 -27.9 -14
    endloop
  endfacet
  facet normal 0.131383 -0.886377 -0.443931
    outer loop
      vertex 25.7058 -23.0195 -14
      vertex 25.6586 -24.2836 -11.49
      vertex 25.4157 -23.0625 -14
    endloop
  endfacet
  facet normal -0.533866 0.719665 -0.443925
    outer loop
      vertex 27.9 -28.3152 -14
      vertex 27.6645 -28.4899 -14
      vertex 27.1102 -27.3528 -11.49
    endloop
  endfacet
  facet normal -0.383272 -0.809946 -0.443948
    outer loop
      vertex 27.1462 -23.2329 -14
      vertex 27.4112 -23.3583 -14
      vertex 26.6697 -24.3832 -11.49
    endloop
  endfacet
  facet normal 0.887013 -0.126716 -0.444016
    outer loop
      vertex 24.2584 -25.8285 -11.49
      vertex 23.0193 -25.7071 -14
      vertex 23.0194 -25.7064 -14
    endloop
  endfacet
  facet normal 0.894983 -0.0438359 -0.443942
    outer loop
      vertex 23.0193 -25.7071 -14
      vertex 24.2584 -25.8285 -11.49
      vertex 24.25 -26 -11.49
    endloop
  endfacet
  facet normal 0.3539 -0.825766 -0.439165
    outer loop
      vertex 25.1306 -23.1339 -14
      vertex 25.3303 -24.3832 -11.49
      vertex 25.1299 -23.1342 -14
    endloop
  endfacet
  facet normal 0.301604 -0.843762 -0.443961
    outer loop
      vertex 25.3303 -24.3832 -11.49
      vertex 25.1306 -23.1339 -14
      vertex 25.492 -24.3254 -11.49
    endloop
  endfacet
  facet normal 0.301627 0.843761 -0.443946
    outer loop
      vertex 25.3303 -27.6168 -11.49
      vertex 25.1299 -28.8658 -14
      vertex 24.8538 -28.7671 -14
    endloop
  endfacet
  facet normal 0.633454 -0.633454 -0.444377
    outer loop
      vertex 24.7626 -24.7626 -11.49
      vertex 23.8817 -23.8827 -14
      vertex 23.8822 -23.8822 -14
    endloop
  endfacet
  facet normal 0.663632 -0.602069 -0.443966
    outer loop
      vertex 23.8817 -23.8827 -14
      vertex 24.7626 -24.7626 -11.49
      vertex 24.6472 -24.8898 -11.49
    endloop
  endfacet
  facet normal 0.869224 -0.217612 -0.443954
    outer loop
      vertex 23.1339 -25.1306 -14
      vertex 24.3254 -25.492 -11.49
      vertex 23.0627 -25.415 -14
    endloop
  endfacet
  facet normal -0.869125 0.218064 -0.443927
    outer loop
      vertex 28.9375 -26.5843 -14
      vertex 27.6746 -26.508 -11.49
      vertex 27.7164 -26.3414 -11.49
    endloop
  endfacet
  facet normal -0.862709 0.246488 -0.441562
    outer loop
      vertex 27.6746 -26.508 -11.49
      vertex 28.9375 -26.5843 -14
      vertex 28.9373 -26.585 -14
    endloop
  endfacet
  facet normal 0.0436955 -0.894995 -0.443932
    outer loop
      vertex 26 -23.005 -14
      vertex 26 -24.25 -11.49
      vertex 25.7071 -23.0193 -14
    endloop
  endfacet
  facet normal -0.131383 0.886377 -0.443931
    outer loop
      vertex 26.3414 -27.7164 -11.49
      vertex 26.5843 -28.9375 -14
      vertex 26.2942 -28.9805 -14
    endloop
  endfacet
  facet normal -0.0438359 -0.894983 -0.443942
    outer loop
      vertex 26.2929 -23.0193 -14
      vertex 26.1715 -24.2584 -11.49
      vertex 26 -24.25 -11.49
    endloop
  endfacet
  facet normal -0.126716 -0.887013 -0.444016
    outer loop
      vertex 26.1715 -24.2584 -11.49
      vertex 26.2929 -23.0193 -14
      vertex 26.2936 -23.0194 -14
    endloop
  endfacet
  facet normal 0.82401 -0.353147 -0.443052
    outer loop
      vertex 24.4566 -25.1751 -11.49
      vertex 23.3583 -24.5888 -14
      vertex 23.3586 -24.5881 -14
    endloop
  endfacet
  facet normal 0.810037 -0.383097 -0.443934
    outer loop
      vertex 23.3583 -24.5888 -14
      vertex 24.4566 -25.1751 -11.49
      vertex 24.3832 -25.3303 -11.49
    endloop
  endfacet
  facet normal -0.533866 -0.719665 -0.443925
    outer loop
      vertex 27.6645 -23.5101 -14
      vertex 27.9 -23.6848 -14
      vertex 27.1102 -24.6472 -11.49
    endloop
  endfacet
  facet normal 0.217612 -0.869224 -0.443954
    outer loop
      vertex 25.415 -23.0627 -14
      vertex 25.492 -24.3254 -11.49
      vertex 25.1306 -23.1339 -14
    endloop
  endfacet
  facet normal -0.533615 -0.719833 -0.443955
    outer loop
      vertex 27.664 -23.5097 -14
      vertex 27.1102 -24.6472 -11.49
      vertex 26.9722 -24.5449 -11.49
    endloop
  endfacet
  facet normal -0.560591 -0.700738 -0.441253
    outer loop
      vertex 27.1102 -24.6472 -11.49
      vertex 27.664 -23.5097 -14
      vertex 27.6645 -23.5101 -14
    endloop
  endfacet
  facet normal 0.533615 0.719833 -0.443955
    outer loop
      vertex 24.336 -28.4903 -14
      vertex 24.8898 -27.3528 -11.49
      vertex 25.0278 -27.4551 -11.49
    endloop
  endfacet
  facet normal 0.560591 0.700738 -0.441253
    outer loop
      vertex 24.8898 -27.3528 -11.49
      vertex 24.336 -28.4903 -14
      vertex 24.3355 -28.4899 -14
    endloop
  endfacet
  facet normal -0.601677 -0.664014 -0.443925
    outer loop
      vertex 27.9 -23.6848 -14
      vertex 28.1173 -23.8817 -14
      vertex 27.1102 -24.6472 -11.49
    endloop
  endfacet
  facet normal 0.601677 -0.664014 -0.443925
    outer loop
      vertex 24.1 -23.6848 -14
      vertex 24.8898 -24.6472 -11.49
      vertex 23.8827 -23.8817 -14
    endloop
  endfacet
  facet normal -0.719665 0.533866 -0.443925
    outer loop
      vertex 28.4899 -27.6645 -14
      vertex 28.3152 -27.9 -14
      vertex 27.3528 -27.1102 -11.49
    endloop
  endfacet
  facet normal 0.719665 -0.533866 -0.443925
    outer loop
      vertex 23.6848 -24.1 -14
      vertex 24.6472 -24.8898 -11.49
      vertex 23.5101 -24.3355 -14
    endloop
  endfacet
  facet normal 0.719833 0.533615 -0.443955
    outer loop
      vertex 24.6472 -27.1102 -11.49
      vertex 23.5097 -27.664 -14
      vertex 24.5449 -26.9722 -11.49
    endloop
  endfacet
  facet normal 0.700738 0.560591 -0.441253
    outer loop
      vertex 23.5097 -27.664 -14
      vertex 24.6472 -27.1102 -11.49
      vertex 23.5101 -27.6645 -14
    endloop
  endfacet
  facet normal -0.700738 -0.560591 -0.441253
    outer loop
      vertex 28.4903 -24.336 -14
      vertex 27.3528 -24.8898 -11.49
      vertex 28.4899 -24.3355 -14
    endloop
  endfacet
  facet normal -0.719833 -0.533615 -0.443955
    outer loop
      vertex 27.3528 -24.8898 -11.49
      vertex 28.4903 -24.336 -14
      vertex 27.4551 -25.0278 -11.49
    endloop
  endfacet
  facet normal -0.664014 -0.601677 -0.443925
    outer loop
      vertex 28.1183 -23.8827 -14
      vertex 28.3152 -24.1 -14
      vertex 27.3528 -24.8898 -11.49
    endloop
  endfacet
  facet normal -0.633454 -0.633454 -0.444377
    outer loop
      vertex 28.1183 -23.8827 -14
      vertex 27.2374 -24.7626 -11.49
      vertex 28.1178 -23.8822 -14
    endloop
  endfacet
  facet normal -0.663632 -0.602069 -0.443966
    outer loop
      vertex 27.2374 -24.7626 -11.49
      vertex 28.1183 -23.8827 -14
      vertex 27.3528 -24.8898 -11.49
    endloop
  endfacet
  facet normal -0.719665 -0.533866 -0.443925
    outer loop
      vertex 28.3152 -24.1 -14
      vertex 28.4899 -24.3355 -14
      vertex 27.3528 -24.8898 -11.49
    endloop
  endfacet
  facet normal 0.301627 -0.843761 -0.443946
    outer loop
      vertex 25.1299 -23.1342 -14
      vertex 25.3303 -24.3832 -11.49
      vertex 24.8538 -23.2329 -14
    endloop
  endfacet
  facet normal 0.664014 -0.601677 -0.443925
    outer loop
      vertex 23.8817 -23.8827 -14
      vertex 24.6472 -24.8898 -11.49
      vertex 23.6848 -24.1 -14
    endloop
  endfacet
  facet normal -0.460709 -0.768545 -0.443944
    outer loop
      vertex 27.4119 -23.3586 -14
      vertex 26.9722 -24.5449 -11.49
      vertex 26.8249 -24.4566 -11.49
    endloop
  endfacet
  facet normal -0.563507 -0.704384 -0.431628
    outer loop
      vertex 26.9722 -24.5449 -11.49
      vertex 27.4119 -23.3586 -14
      vertex 27.4124 -23.359 -14
    endloop
  endfacet
  facet normal 0.825766 -0.3539 -0.439165
    outer loop
      vertex 24.3832 -25.3303 -11.49
      vertex 23.1339 -25.1306 -14
      vertex 23.1342 -25.1299 -14
    endloop
  endfacet
  facet normal 0.843762 -0.301604 -0.443961
    outer loop
      vertex 23.1339 -25.1306 -14
      vertex 24.3832 -25.3303 -11.49
      vertex 24.3254 -25.492 -11.49
    endloop
  endfacet
  facet normal 0.560591 -0.700738 -0.441253
    outer loop
      vertex 24.336 -23.5097 -14
      vertex 24.8898 -24.6472 -11.49
      vertex 24.3355 -23.5101 -14
    endloop
  endfacet
  facet normal 0.533615 -0.719833 -0.443955
    outer loop
      vertex 24.8898 -24.6472 -11.49
      vertex 24.336 -23.5097 -14
      vertex 25.0278 -24.5449 -11.49
    endloop
  endfacet
  facet normal 0.700738 -0.560591 -0.441253
    outer loop
      vertex 24.6472 -24.8898 -11.49
      vertex 23.5097 -24.336 -14
      vertex 23.5101 -24.3355 -14
    endloop
  endfacet
  facet normal 0.719833 -0.533615 -0.443955
    outer loop
      vertex 23.5097 -24.336 -14
      vertex 24.6472 -24.8898 -11.49
      vertex 24.5449 -25.0278 -11.49
    endloop
  endfacet
  facet normal -0.663632 0.602069 -0.443966
    outer loop
      vertex 28.1183 -28.1173 -14
      vertex 27.2374 -27.2374 -11.49
      vertex 27.3528 -27.1102 -11.49
    endloop
  endfacet
  facet normal -0.633454 0.633454 -0.444377
    outer loop
      vertex 27.2374 -27.2374 -11.49
      vertex 28.1183 -28.1173 -14
      vertex 28.1178 -28.1178 -14
    endloop
  endfacet
  facet normal 0.869125 0.218064 -0.443927
    outer loop
      vertex 24.3254 -26.508 -11.49
      vertex 23.0625 -26.5843 -14
      vertex 24.2836 -26.3414 -11.49
    endloop
  endfacet
  facet normal 0.862709 0.246488 -0.441562
    outer loop
      vertex 23.0625 -26.5843 -14
      vertex 24.3254 -26.508 -11.49
      vertex 23.0627 -26.585 -14
    endloop
  endfacet
  facet normal 0.246488 -0.862709 -0.441562
    outer loop
      vertex 25.4157 -23.0625 -14
      vertex 25.492 -24.3254 -11.49
      vertex 25.415 -23.0627 -14
    endloop
  endfacet
  facet normal 0.218064 -0.869125 -0.443927
    outer loop
      vertex 25.492 -24.3254 -11.49
      vertex 25.4157 -23.0625 -14
      vertex 25.6586 -24.2836 -11.49
    endloop
  endfacet
  facet normal 0.809946 -0.383272 -0.443948
    outer loop
      vertex 23.3583 -24.5888 -14
      vertex 24.3832 -25.3303 -11.49
      vertex 23.2329 -24.8538 -14
    endloop
  endfacet
  facet normal 0.843761 -0.301627 -0.443946
    outer loop
      vertex 23.2329 -24.8538 -14
      vertex 24.3832 -25.3303 -11.49
      vertex 23.1342 -25.1299 -14
    endloop
  endfacet
  facet normal 0.663632 0.602069 -0.443966
    outer loop
      vertex 24.7626 -27.2374 -11.49
      vertex 23.8817 -28.1173 -14
      vertex 24.6472 -27.1102 -11.49
    endloop
  endfacet
  facet normal 0.633454 0.633454 -0.444377
    outer loop
      vertex 23.8817 -28.1173 -14
      vertex 24.7626 -27.2374 -11.49
      vertex 23.8822 -28.1178 -14
    endloop
  endfacet
  facet normal 0.0438359 0.894983 -0.443942
    outer loop
      vertex 25.7071 -28.9807 -14
      vertex 25.8285 -27.7416 -11.49
      vertex 26 -27.75 -11.49
    endloop
  endfacet
  facet normal 0.126716 0.887013 -0.444016
    outer loop
      vertex 25.8285 -27.7416 -11.49
      vertex 25.7071 -28.9807 -14
      vertex 25.7064 -28.9806 -14
    endloop
  endfacet
  facet normal 0.768545 0.460709 -0.443944
    outer loop
      vertex 24.5449 -26.9722 -11.49
      vertex 23.3586 -27.4119 -14
      vertex 24.4566 -26.8249 -11.49
    endloop
  endfacet
  facet normal 0.704384 0.563507 -0.431628
    outer loop
      vertex 23.3586 -27.4119 -14
      vertex 24.5449 -26.9722 -11.49
      vertex 23.359 -27.4124 -14
    endloop
  endfacet
  facet normal 0.719665 0.533866 -0.443925
    outer loop
      vertex 24.6472 -27.1102 -11.49
      vertex 23.6848 -27.9 -14
      vertex 23.5101 -27.6645 -14
    endloop
  endfacet
  facet normal 0.843761 0.301627 -0.443946
    outer loop
      vertex 24.3832 -26.6697 -11.49
      vertex 23.2329 -27.1462 -14
      vertex 23.1342 -26.8701 -14
    endloop
  endfacet
  facet normal 0.601677 0.664014 -0.443925
    outer loop
      vertex 24.8898 -27.3528 -11.49
      vertex 24.1 -28.3152 -14
      vertex 23.8827 -28.1183 -14
    endloop
  endfacet
  facet normal 0.217612 0.869224 -0.443954
    outer loop
      vertex 25.492 -27.6746 -11.49
      vertex 25.415 -28.9373 -14
      vertex 25.1306 -28.8661 -14
    endloop
  endfacet
  facet normal 0.131468 0.886366 -0.443928
    outer loop
      vertex 25.7064 -28.9806 -14
      vertex 25.6586 -27.7164 -11.49
      vertex 25.8285 -27.7416 -11.49
    endloop
  endfacet
  facet normal 0.147414 0.884482 -0.442675
    outer loop
      vertex 25.6586 -27.7164 -11.49
      vertex 25.7064 -28.9806 -14
      vertex 25.7058 -28.9805 -14
    endloop
  endfacet
  facet normal -0.768545 0.460709 -0.443944
    outer loop
      vertex 28.6414 -27.4119 -14
      vertex 27.4551 -26.9722 -11.49
      vertex 27.5434 -26.8249 -11.49
    endloop
  endfacet
  facet normal -0.704384 0.563507 -0.431628
    outer loop
      vertex 27.4551 -26.9722 -11.49
      vertex 28.6414 -27.4119 -14
      vertex 28.641 -27.4124 -14
    endloop
  endfacet
  facet normal -0.768711 0.460432 -0.443943
    outer loop
      vertex 28.641 -27.4124 -14
      vertex 28.4903 -27.664 -14
      vertex 27.4551 -26.9722 -11.49
    endloop
  endfacet
  facet normal -0.301627 0.843761 -0.443946
    outer loop
      vertex 27.1462 -28.7671 -14
      vertex 26.8701 -28.8658 -14
      vertex 26.6697 -27.6168 -11.49
    endloop
  endfacet
  facet normal 0.383272 -0.809946 -0.443948
    outer loop
      vertex 24.8538 -23.2329 -14
      vertex 25.3303 -24.3832 -11.49
      vertex 24.5888 -23.3583 -14
    endloop
  endfacet
  facet normal -0.601677 0.664014 -0.443925
    outer loop
      vertex 28.1173 -28.1183 -14
      vertex 27.9 -28.3152 -14
      vertex 27.1102 -27.3528 -11.49
    endloop
  endfacet
  facet normal 0.843762 0.301604 -0.443961
    outer loop
      vertex 24.3832 -26.6697 -11.49
      vertex 23.1339 -26.8694 -14
      vertex 24.3254 -26.508 -11.49
    endloop
  endfacet
  facet normal 0.825766 0.3539 -0.439165
    outer loop
      vertex 23.1339 -26.8694 -14
      vertex 24.3832 -26.6697 -11.49
      vertex 23.1342 -26.8701 -14
    endloop
  endfacet
  facet normal 0.869224 0.217612 -0.443954
    outer loop
      vertex 24.3254 -26.508 -11.49
      vertex 23.1339 -26.8694 -14
      vertex 23.0627 -26.585 -14
    endloop
  endfacet
  facet normal -0.664014 0.601677 -0.443925
    outer loop
      vertex 28.3152 -27.9 -14
      vertex 28.1183 -28.1173 -14
      vertex 27.3528 -27.1102 -11.49
    endloop
  endfacet
  facet normal -0.0436955 0.894995 -0.443932
    outer loop
      vertex 26 -27.75 -11.49
      vertex 26.2929 -28.9807 -14
      vertex 26 -28.995 -14
    endloop
  endfacet
  facet normal -0.843761 0.301627 -0.443946
    outer loop
      vertex 28.8658 -26.8701 -14
      vertex 28.7671 -27.1462 -14
      vertex 27.6168 -26.6697 -11.49
    endloop
  endfacet
  facet normal -0.353147 0.82401 -0.443052
    outer loop
      vertex 27.4112 -28.6417 -14
      vertex 26.8249 -27.5434 -11.49
      vertex 27.4119 -28.6414 -14
    endloop
  endfacet
  facet normal -0.383097 0.810037 -0.443934
    outer loop
      vertex 26.8249 -27.5434 -11.49
      vertex 27.4112 -28.6417 -14
      vertex 26.6697 -27.6168 -11.49
    endloop
  endfacet
  facet normal 0.218064 0.869125 -0.443927
    outer loop
      vertex 25.4157 -28.9375 -14
      vertex 25.492 -27.6746 -11.49
      vertex 25.6586 -27.7164 -11.49
    endloop
  endfacet
  facet normal 0.246488 0.862709 -0.441562
    outer loop
      vertex 25.492 -27.6746 -11.49
      vertex 25.4157 -28.9375 -14
      vertex 25.415 -28.9373 -14
    endloop
  endfacet
  facet normal -0.719833 0.533615 -0.443955
    outer loop
      vertex 28.4903 -27.664 -14
      vertex 27.3528 -27.1102 -11.49
      vertex 27.4551 -26.9722 -11.49
    endloop
  endfacet
  facet normal -0.700738 0.560591 -0.441253
    outer loop
      vertex 27.3528 -27.1102 -11.49
      vertex 28.4903 -27.664 -14
      vertex 28.4899 -27.6645 -14
    endloop
  endfacet
  facet normal -0.563507 0.704384 -0.431628
    outer loop
      vertex 27.4119 -28.6414 -14
      vertex 26.9722 -27.4551 -11.49
      vertex 27.4124 -28.641 -14
    endloop
  endfacet
  facet normal -0.460709 0.768545 -0.443944
    outer loop
      vertex 26.9722 -27.4551 -11.49
      vertex 27.4119 -28.6414 -14
      vertex 26.8249 -27.5434 -11.49
    endloop
  endfacet
  facet normal -0.246488 0.862709 -0.441562
    outer loop
      vertex 26.5843 -28.9375 -14
      vertex 26.508 -27.6746 -11.49
      vertex 26.585 -28.9373 -14
    endloop
  endfacet
  facet normal -0.218064 0.869125 -0.443927
    outer loop
      vertex 26.508 -27.6746 -11.49
      vertex 26.5843 -28.9375 -14
      vertex 26.3414 -27.7164 -11.49
    endloop
  endfacet
  facet normal 0.894983 0.0438359 -0.443942
    outer loop
      vertex 24.2584 -26.1715 -11.49
      vertex 23.0193 -26.2929 -14
      vertex 24.25 -26 -11.49
    endloop
  endfacet
  facet normal 0.887013 0.126716 -0.444016
    outer loop
      vertex 23.0193 -26.2929 -14
      vertex 24.2584 -26.1715 -11.49
      vertex 23.0194 -26.2936 -14
    endloop
  endfacet
  facet normal 0.886366 0.131468 -0.443928
    outer loop
      vertex 24.2836 -26.3414 -11.49
      vertex 23.0194 -26.2936 -14
      vertex 24.2584 -26.1715 -11.49
    endloop
  endfacet
  facet normal 0.884482 0.147414 -0.442675
    outer loop
      vertex 23.0194 -26.2936 -14
      vertex 24.2836 -26.3414 -11.49
      vertex 23.0195 -26.2942 -14
    endloop
  endfacet
  facet normal 0.460709 0.768545 -0.443944
    outer loop
      vertex 24.5881 -28.6414 -14
      vertex 25.0278 -27.4551 -11.49
      vertex 25.1751 -27.5434 -11.49
    endloop
  endfacet
  facet normal 0.563507 0.704384 -0.431628
    outer loop
      vertex 25.0278 -27.4551 -11.49
      vertex 24.5881 -28.6414 -14
      vertex 24.5876 -28.641 -14
    endloop
  endfacet
  facet normal -0.126716 0.887013 -0.444016
    outer loop
      vertex 26.2929 -28.9807 -14
      vertex 26.1715 -27.7416 -11.49
      vertex 26.2936 -28.9806 -14
    endloop
  endfacet
  facet normal -0.0438359 0.894983 -0.443942
    outer loop
      vertex 26.1715 -27.7416 -11.49
      vertex 26.2929 -28.9807 -14
      vertex 26 -27.75 -11.49
    endloop
  endfacet
  facet normal 0.563507 -0.704384 -0.431628
    outer loop
      vertex 24.5881 -23.3586 -14
      vertex 25.0278 -24.5449 -11.49
      vertex 24.5876 -23.359 -14
    endloop
  endfacet
  facet normal 0.460709 -0.768545 -0.443944
    outer loop
      vertex 25.0278 -24.5449 -11.49
      vertex 24.5881 -23.3586 -14
      vertex 25.1751 -24.4566 -11.49
    endloop
  endfacet
  facet normal 0.894995 -0.0436955 -0.443932
    outer loop
      vertex 23.0193 -25.7071 -14
      vertex 24.25 -26 -11.49
      vertex 23.005 -26 -14
    endloop
  endfacet
  facet normal -0.869224 0.217612 -0.443954
    outer loop
      vertex 28.9373 -26.585 -14
      vertex 28.8661 -26.8694 -14
      vertex 27.6746 -26.508 -11.49
    endloop
  endfacet
  facet normal -0.809946 0.383272 -0.443948
    outer loop
      vertex 28.7671 -27.1462 -14
      vertex 28.6417 -27.4112 -14
      vertex 27.6168 -26.6697 -11.49
    endloop
  endfacet
  facet normal 0.0436955 0.894995 -0.443932
    outer loop
      vertex 26 -27.75 -11.49
      vertex 26 -28.995 -14
      vertex 25.7071 -28.9807 -14
    endloop
  endfacet
  facet normal -0.810037 0.383097 -0.443934
    outer loop
      vertex 28.6417 -27.4112 -14
      vertex 27.5434 -26.8249 -11.49
      vertex 27.6168 -26.6697 -11.49
    endloop
  endfacet
  facet normal -0.82401 0.353147 -0.443052
    outer loop
      vertex 27.5434 -26.8249 -11.49
      vertex 28.6417 -27.4112 -14
      vertex 28.6414 -27.4119 -14
    endloop
  endfacet
  facet normal -0.843762 0.301604 -0.443961
    outer loop
      vertex 28.8661 -26.8694 -14
      vertex 27.6168 -26.6697 -11.49
      vertex 27.6746 -26.508 -11.49
    endloop
  endfacet
  facet normal -0.825766 0.3539 -0.439165
    outer loop
      vertex 27.6168 -26.6697 -11.49
      vertex 28.8661 -26.8694 -14
      vertex 28.8658 -26.8701 -14
    endloop
  endfacet
  facet normal -0.886377 0.131383 -0.443931
    outer loop
      vertex 28.9805 -26.2942 -14
      vertex 28.9375 -26.5843 -14
      vertex 27.7164 -26.3414 -11.49
    endloop
  endfacet
  facet normal -0.884482 0.147414 -0.442675
    outer loop
      vertex 27.7164 -26.3414 -11.49
      vertex 28.9806 -26.2936 -14
      vertex 28.9805 -26.2942 -14
    endloop
  endfacet
  facet normal -0.886366 0.131468 -0.443928
    outer loop
      vertex 28.9806 -26.2936 -14
      vertex 27.7164 -26.3414 -11.49
      vertex 27.7416 -26.1715 -11.49
    endloop
  endfacet
  facet normal 0.989178 0.146717 0
    outer loop
      vertex -27.7164 -26.3414 -10.5
      vertex -27.7416 -26.1715 -11.49
      vertex -27.7416 -26.1715 -10.5
    endloop
  endfacet
  facet normal 0.989178 0.146717 0
    outer loop
      vertex -27.7416 -26.1715 -11.49
      vertex -27.7164 -26.3414 -10.5
      vertex -27.7164 -26.3414 -11.49
    endloop
  endfacet
  facet normal 0.998803 0.0489209 0
    outer loop
      vertex -27.7416 -26.1715 -10.5
      vertex -27.75 -26 -11.49
      vertex -27.75 -26 -10.5
    endloop
  endfacet
  facet normal 0.998803 0.0489209 0
    outer loop
      vertex -27.75 -26 -11.49
      vertex -27.7416 -26.1715 -10.5
      vertex -27.7416 -26.1715 -11.49
    endloop
  endfacet
  facet normal 0.969937 0.243357 0
    outer loop
      vertex -27.6746 -26.508 -10.5
      vertex -27.7164 -26.3414 -11.49
      vertex -27.7164 -26.3414 -10.5
    endloop
  endfacet
  facet normal 0.969937 0.243357 0
    outer loop
      vertex -27.7164 -26.3414 -11.49
      vertex -27.6746 -26.508 -10.5
      vertex -27.6746 -26.508 -11.49
    endloop
  endfacet
  facet normal 0.336595 -0.94165 0
    outer loop
      vertex -26.6697 -24.3832 -11.49
      vertex -26.508 -24.3254 -10.5
      vertex -26.6697 -24.3832 -10.5
    endloop
  endfacet
  facet normal 0.336595 -0.94165 0
    outer loop
      vertex -26.508 -24.3254 -10.5
      vertex -26.6697 -24.3832 -11.49
      vertex -26.508 -24.3254 -11.49
    endloop
  endfacet
  facet normal -0.671919 0.740625 0
    outer loop
      vertex -24.7626 -27.2374 -11.49
      vertex -24.8898 -27.3528 -10.5
      vertex -24.7626 -27.2374 -10.5
    endloop
  endfacet
  facet normal -0.671919 0.740625 0
    outer loop
      vertex -24.8898 -27.3528 -10.5
      vertex -24.7626 -27.2374 -11.49
      vertex -24.8898 -27.3528 -11.49
    endloop
  endfacet
  facet normal -0.969937 -0.243357 0
    outer loop
      vertex -24.2836 -25.6586 -11.49
      vertex -24.3254 -25.492 -10.5
      vertex -24.3254 -25.492 -11.49
    endloop
  endfacet
  facet normal -0.969937 -0.243357 0
    outer loop
      vertex -24.3254 -25.492 -10.5
      vertex -24.2836 -25.6586 -11.49
      vertex -24.2836 -25.6586 -10.5
    endloop
  endfacet
  facet normal 0.427535 0.903999 -0
    outer loop
      vertex -26.6697 -27.6168 -11.49
      vertex -26.8249 -27.5434 -10.5
      vertex -26.6697 -27.6168 -10.5
    endloop
  endfacet
  facet normal 0.427535 0.903999 0
    outer loop
      vertex -26.8249 -27.5434 -10.5
      vertex -26.6697 -27.6168 -11.49
      vertex -26.8249 -27.5434 -11.49
    endloop
  endfacet
  facet normal -0.243357 -0.969937 0
    outer loop
      vertex -25.6586 -24.2836 -11.49
      vertex -25.492 -24.3254 -10.5
      vertex -25.6586 -24.2836 -10.5
    endloop
  endfacet
  facet normal -0.243357 -0.969937 -0
    outer loop
      vertex -25.492 -24.3254 -10.5
      vertex -25.6586 -24.2836 -11.49
      vertex -25.492 -24.3254 -11.49
    endloop
  endfacet
  facet normal -0.146717 -0.989178 0
    outer loop
      vertex -25.8285 -24.2584 -11.49
      vertex -25.6586 -24.2836 -10.5
      vertex -25.8285 -24.2584 -10.5
    endloop
  endfacet
  facet normal -0.146717 -0.989178 -0
    outer loop
      vertex -25.6586 -24.2836 -10.5
      vertex -25.8285 -24.2584 -11.49
      vertex -25.6586 -24.2836 -11.49
    endloop
  endfacet
  facet normal 0.243357 0.969937 -0
    outer loop
      vertex -26.3414 -27.7164 -11.49
      vertex -26.508 -27.6746 -10.5
      vertex -26.3414 -27.7164 -10.5
    endloop
  endfacet
  facet normal 0.243357 0.969937 0
    outer loop
      vertex -26.508 -27.6746 -10.5
      vertex -26.3414 -27.7164 -11.49
      vertex -26.508 -27.6746 -11.49
    endloop
  endfacet
  facet normal -0.740625 0.671919 0
    outer loop
      vertex -24.7626 -27.2374 -11.49
      vertex -24.6472 -27.1102 -10.5
      vertex -24.6472 -27.1102 -11.49
    endloop
  endfacet
  facet normal -0.740625 0.671919 0
    outer loop
      vertex -24.6472 -27.1102 -10.5
      vertex -24.7626 -27.2374 -11.49
      vertex -24.7626 -27.2374 -10.5
    endloop
  endfacet
  facet normal -0.336595 0.94165 0
    outer loop
      vertex -25.3303 -27.6168 -11.49
      vertex -25.492 -27.6746 -10.5
      vertex -25.3303 -27.6168 -10.5
    endloop
  endfacet
  facet normal -0.336595 0.94165 0
    outer loop
      vertex -25.492 -27.6746 -10.5
      vertex -25.3303 -27.6168 -11.49
      vertex -25.492 -27.6746 -11.49
    endloop
  endfacet
  facet normal 0.0489209 -0.998803 0
    outer loop
      vertex -26.1715 -24.2584 -11.49
      vertex -26 -24.25 -10.5
      vertex -26.1715 -24.2584 -10.5
    endloop
  endfacet
  facet normal 0.0489209 -0.998803 0
    outer loop
      vertex -26 -24.25 -10.5
      vertex -26.1715 -24.2584 -11.49
      vertex -26 -24.25 -11.49
    endloop
  endfacet
  facet normal -0.0489209 0.998803 0
    outer loop
      vertex -25.8285 -27.7416 -11.49
      vertex -26 -27.75 -10.5
      vertex -25.8285 -27.7416 -10.5
    endloop
  endfacet
  facet normal -0.0489209 0.998803 0
    outer loop
      vertex -26 -27.75 -10.5
      vertex -25.8285 -27.7416 -11.49
      vertex -26 -27.75 -11.49
    endloop
  endfacet
  facet normal -0.59552 -0.803341 0
    outer loop
      vertex -25.0278 -24.5449 -11.49
      vertex -24.8898 -24.6472 -10.5
      vertex -25.0278 -24.5449 -10.5
    endloop
  endfacet
  facet normal -0.59552 -0.803341 -0
    outer loop
      vertex -24.8898 -24.6472 -10.5
      vertex -25.0278 -24.5449 -11.49
      vertex -24.8898 -24.6472 -11.49
    endloop
  endfacet
  facet normal -0.903999 -0.427535 0
    outer loop
      vertex -24.3832 -25.3303 -11.49
      vertex -24.4566 -25.1751 -10.5
      vertex -24.4566 -25.1751 -11.49
    endloop
  endfacet
  facet normal -0.903999 -0.427535 0
    outer loop
      vertex -24.4566 -25.1751 -10.5
      vertex -24.3832 -25.3303 -11.49
      vertex -24.3832 -25.3303 -10.5
    endloop
  endfacet
  facet normal -0.146717 0.989178 0
    outer loop
      vertex -25.6586 -27.7164 -11.49
      vertex -25.8285 -27.7416 -10.5
      vertex -25.6586 -27.7164 -10.5
    endloop
  endfacet
  facet normal -0.146717 0.989178 0
    outer loop
      vertex -25.8285 -27.7416 -10.5
      vertex -25.6586 -27.7164 -11.49
      vertex -25.8285 -27.7416 -11.49
    endloop
  endfacet
  facet normal 0.59552 -0.803341 0
    outer loop
      vertex -27.1102 -24.6472 -11.49
      vertex -26.9722 -24.5449 -10.5
      vertex -27.1102 -24.6472 -10.5
    endloop
  endfacet
  facet normal 0.59552 -0.803341 0
    outer loop
      vertex -26.9722 -24.5449 -10.5
      vertex -27.1102 -24.6472 -11.49
      vertex -26.9722 -24.5449 -11.49
    endloop
  endfacet
  facet normal 0.514153 0.857698 -0
    outer loop
      vertex -26.8249 -27.5434 -11.49
      vertex -26.9722 -27.4551 -10.5
      vertex -26.8249 -27.5434 -10.5
    endloop
  endfacet
  facet normal 0.514153 0.857698 0
    outer loop
      vertex -26.9722 -27.4551 -10.5
      vertex -26.8249 -27.5434 -11.49
      vertex -26.9722 -27.4551 -11.49
    endloop
  endfacet
  facet normal -0.998803 -0.0489209 0
    outer loop
      vertex -24.25 -26 -11.49
      vertex -24.2584 -25.8285 -10.5
      vertex -24.2584 -25.8285 -11.49
    endloop
  endfacet
  facet normal -0.998803 -0.0489209 0
    outer loop
      vertex -24.2584 -25.8285 -10.5
      vertex -24.25 -26 -11.49
      vertex -24.25 -26 -10.5
    endloop
  endfacet
  facet normal -0.903999 0.427535 0
    outer loop
      vertex -24.4566 -26.8249 -11.49
      vertex -24.3832 -26.6697 -10.5
      vertex -24.3832 -26.6697 -11.49
    endloop
  endfacet
  facet normal -0.903999 0.427535 0
    outer loop
      vertex -24.3832 -26.6697 -10.5
      vertex -24.4566 -26.8249 -11.49
      vertex -24.4566 -26.8249 -10.5
    endloop
  endfacet
  facet normal 0.969937 -0.243357 0
    outer loop
      vertex -27.7164 -25.6586 -10.5
      vertex -27.6746 -25.492 -11.49
      vertex -27.6746 -25.492 -10.5
    endloop
  endfacet
  facet normal 0.969937 -0.243357 0
    outer loop
      vertex -27.6746 -25.492 -11.49
      vertex -27.7164 -25.6586 -10.5
      vertex -27.7164 -25.6586 -11.49
    endloop
  endfacet
  facet normal 0.671919 0.740625 -0
    outer loop
      vertex -27.1102 -27.3528 -11.49
      vertex -27.2374 -27.2374 -10.5
      vertex -27.1102 -27.3528 -10.5
    endloop
  endfacet
  facet normal 0.671919 0.740625 0
    outer loop
      vertex -27.2374 -27.2374 -10.5
      vertex -27.1102 -27.3528 -11.49
      vertex -27.2374 -27.2374 -11.49
    endloop
  endfacet
  facet normal 0.59552 0.803341 -0
    outer loop
      vertex -26.9722 -27.4551 -11.49
      vertex -27.1102 -27.3528 -10.5
      vertex -26.9722 -27.4551 -10.5
    endloop
  endfacet
  facet normal 0.59552 0.803341 0
    outer loop
      vertex -27.1102 -27.3528 -10.5
      vertex -26.9722 -27.4551 -11.49
      vertex -27.1102 -27.3528 -11.49
    endloop
  endfacet
  facet normal -0.59552 0.803341 0
    outer loop
      vertex -24.8898 -27.3528 -11.49
      vertex -25.0278 -27.4551 -10.5
      vertex -24.8898 -27.3528 -10.5
    endloop
  endfacet
  facet normal -0.59552 0.803341 0
    outer loop
      vertex -25.0278 -27.4551 -10.5
      vertex -24.8898 -27.3528 -11.49
      vertex -25.0278 -27.4551 -11.49
    endloop
  endfacet
  facet normal 0.514153 -0.857698 0
    outer loop
      vertex -26.9722 -24.5449 -11.49
      vertex -26.8249 -24.4566 -10.5
      vertex -26.9722 -24.5449 -10.5
    endloop
  endfacet
  facet normal 0.514153 -0.857698 0
    outer loop
      vertex -26.8249 -24.4566 -10.5
      vertex -26.9722 -24.5449 -11.49
      vertex -26.8249 -24.4566 -11.49
    endloop
  endfacet
  facet normal 0.740625 0.671919 0
    outer loop
      vertex -27.2374 -27.2374 -10.5
      vertex -27.3528 -27.1102 -11.49
      vertex -27.3528 -27.1102 -10.5
    endloop
  endfacet
  facet normal 0.740625 0.671919 0
    outer loop
      vertex -27.3528 -27.1102 -11.49
      vertex -27.2374 -27.2374 -10.5
      vertex -27.2374 -27.2374 -11.49
    endloop
  endfacet
  facet normal 0.803341 0.59552 0
    outer loop
      vertex -27.3528 -27.1102 -10.5
      vertex -27.4551 -26.9722 -11.49
      vertex -27.4551 -26.9722 -10.5
    endloop
  endfacet
  facet normal 0.803341 0.59552 0
    outer loop
      vertex -27.4551 -26.9722 -11.49
      vertex -27.3528 -27.1102 -10.5
      vertex -27.3528 -27.1102 -11.49
    endloop
  endfacet
  facet normal 0.989178 -0.146717 0
    outer loop
      vertex -27.7416 -25.8285 -10.5
      vertex -27.7164 -25.6586 -11.49
      vertex -27.7164 -25.6586 -10.5
    endloop
  endfacet
  facet normal 0.989178 -0.146717 0
    outer loop
      vertex -27.7164 -25.6586 -11.49
      vertex -27.7416 -25.8285 -10.5
      vertex -27.7416 -25.8285 -11.49
    endloop
  endfacet
  facet normal -0.94165 0.336595 0
    outer loop
      vertex -24.3832 -26.6697 -11.49
      vertex -24.3254 -26.508 -10.5
      vertex -24.3254 -26.508 -11.49
    endloop
  endfacet
  facet normal -0.94165 0.336595 0
    outer loop
      vertex -24.3254 -26.508 -10.5
      vertex -24.3832 -26.6697 -11.49
      vertex -24.3832 -26.6697 -10.5
    endloop
  endfacet
  facet normal 0.903999 -0.427535 0
    outer loop
      vertex -27.6168 -25.3303 -10.5
      vertex -27.5434 -25.1751 -11.49
      vertex -27.5434 -25.1751 -10.5
    endloop
  endfacet
  facet normal 0.903999 -0.427535 0
    outer loop
      vertex -27.5434 -25.1751 -11.49
      vertex -27.6168 -25.3303 -10.5
      vertex -27.6168 -25.3303 -11.49
    endloop
  endfacet
  facet normal 0.998803 -0.0489209 0
    outer loop
      vertex -27.75 -26 -10.5
      vertex -27.7416 -25.8285 -11.49
      vertex -27.7416 -25.8285 -10.5
    endloop
  endfacet
  facet normal 0.998803 -0.0489209 0
    outer loop
      vertex -27.7416 -25.8285 -11.49
      vertex -27.75 -26 -10.5
      vertex -27.75 -26 -11.49
    endloop
  endfacet
  facet normal 0.243357 -0.969937 0
    outer loop
      vertex -26.508 -24.3254 -11.49
      vertex -26.3414 -24.2836 -10.5
      vertex -26.508 -24.3254 -10.5
    endloop
  endfacet
  facet normal 0.243357 -0.969937 0
    outer loop
      vertex -26.3414 -24.2836 -10.5
      vertex -26.508 -24.3254 -11.49
      vertex -26.3414 -24.2836 -11.49
    endloop
  endfacet
  facet normal 0.146717 -0.989178 0
    outer loop
      vertex -26.3414 -24.2836 -11.49
      vertex -26.1715 -24.2584 -10.5
      vertex -26.3414 -24.2836 -10.5
    endloop
  endfacet
  facet normal 0.146717 -0.989178 0
    outer loop
      vertex -26.1715 -24.2584 -10.5
      vertex -26.3414 -24.2836 -11.49
      vertex -26.1715 -24.2584 -11.49
    endloop
  endfacet
  facet normal 0.94165 0.336595 0
    outer loop
      vertex -27.6168 -26.6697 -10.5
      vertex -27.6746 -26.508 -11.49
      vertex -27.6746 -26.508 -10.5
    endloop
  endfacet
  facet normal 0.94165 0.336595 0
    outer loop
      vertex -27.6746 -26.508 -11.49
      vertex -27.6168 -26.6697 -10.5
      vertex -27.6168 -26.6697 -11.49
    endloop
  endfacet
  facet normal 0.803341 -0.59552 0
    outer loop
      vertex -27.4551 -25.0278 -10.5
      vertex -27.3528 -24.8898 -11.49
      vertex -27.3528 -24.8898 -10.5
    endloop
  endfacet
  facet normal 0.803341 -0.59552 0
    outer loop
      vertex -27.3528 -24.8898 -11.49
      vertex -27.4551 -25.0278 -10.5
      vertex -27.4551 -25.0278 -11.49
    endloop
  endfacet
  facet normal 0.857698 -0.514153 0
    outer loop
      vertex -27.5434 -25.1751 -10.5
      vertex -27.4551 -25.0278 -11.49
      vertex -27.4551 -25.0278 -10.5
    endloop
  endfacet
  facet normal 0.857698 -0.514153 0
    outer loop
      vertex -27.4551 -25.0278 -11.49
      vertex -27.5434 -25.1751 -10.5
      vertex -27.5434 -25.1751 -11.49
    endloop
  endfacet
  facet normal 0.427535 -0.903999 0
    outer loop
      vertex -26.8249 -24.4566 -11.49
      vertex -26.6697 -24.3832 -10.5
      vertex -26.8249 -24.4566 -10.5
    endloop
  endfacet
  facet normal 0.427535 -0.903999 0
    outer loop
      vertex -26.6697 -24.3832 -10.5
      vertex -26.8249 -24.4566 -11.49
      vertex -26.6697 -24.3832 -11.49
    endloop
  endfacet
  facet normal 0.0489209 0.998803 -0
    outer loop
      vertex -26 -27.75 -11.49
      vertex -26.1715 -27.7416 -10.5
      vertex -26 -27.75 -10.5
    endloop
  endfacet
  facet normal 0.0489209 0.998803 0
    outer loop
      vertex -26.1715 -27.7416 -10.5
      vertex -26 -27.75 -11.49
      vertex -26.1715 -27.7416 -11.49
    endloop
  endfacet
  facet normal 0.94165 -0.336595 0
    outer loop
      vertex -27.6746 -25.492 -10.5
      vertex -27.6168 -25.3303 -11.49
      vertex -27.6168 -25.3303 -10.5
    endloop
  endfacet
  facet normal 0.94165 -0.336595 0
    outer loop
      vertex -27.6168 -25.3303 -11.49
      vertex -27.6746 -25.492 -10.5
      vertex -27.6746 -25.492 -11.49
    endloop
  endfacet
  facet normal -0.243357 0.969937 0
    outer loop
      vertex -25.492 -27.6746 -11.49
      vertex -25.6586 -27.7164 -10.5
      vertex -25.492 -27.6746 -10.5
    endloop
  endfacet
  facet normal -0.243357 0.969937 0
    outer loop
      vertex -25.6586 -27.7164 -10.5
      vertex -25.492 -27.6746 -11.49
      vertex -25.6586 -27.7164 -11.49
    endloop
  endfacet
  facet normal 0.903999 0.427535 0
    outer loop
      vertex -27.5434 -26.8249 -10.5
      vertex -27.6168 -26.6697 -11.49
      vertex -27.6168 -26.6697 -10.5
    endloop
  endfacet
  facet normal 0.903999 0.427535 0
    outer loop
      vertex -27.6168 -26.6697 -11.49
      vertex -27.5434 -26.8249 -10.5
      vertex -27.5434 -26.8249 -11.49
    endloop
  endfacet
  facet normal -0.427535 0.903999 0
    outer loop
      vertex -25.1751 -27.5434 -11.49
      vertex -25.3303 -27.6168 -10.5
      vertex -25.1751 -27.5434 -10.5
    endloop
  endfacet
  facet normal -0.427535 0.903999 0
    outer loop
      vertex -25.3303 -27.6168 -10.5
      vertex -25.1751 -27.5434 -11.49
      vertex -25.3303 -27.6168 -11.49
    endloop
  endfacet
  facet normal 0.146717 0.989178 -0
    outer loop
      vertex -26.1715 -27.7416 -11.49
      vertex -26.3414 -27.7164 -10.5
      vertex -26.1715 -27.7416 -10.5
    endloop
  endfacet
  facet normal 0.146717 0.989178 0
    outer loop
      vertex -26.3414 -27.7164 -10.5
      vertex -26.1715 -27.7416 -11.49
      vertex -26.3414 -27.7164 -11.49
    endloop
  endfacet
  facet normal -0.857698 -0.514153 0
    outer loop
      vertex -24.4566 -25.1751 -11.49
      vertex -24.5449 -25.0278 -10.5
      vertex -24.5449 -25.0278 -11.49
    endloop
  endfacet
  facet normal -0.857698 -0.514153 0
    outer loop
      vertex -24.5449 -25.0278 -10.5
      vertex -24.4566 -25.1751 -11.49
      vertex -24.4566 -25.1751 -10.5
    endloop
  endfacet
  facet normal 0.857698 0.514153 0
    outer loop
      vertex -27.4551 -26.9722 -10.5
      vertex -27.5434 -26.8249 -11.49
      vertex -27.5434 -26.8249 -10.5
    endloop
  endfacet
  facet normal 0.857698 0.514153 0
    outer loop
      vertex -27.5434 -26.8249 -11.49
      vertex -27.4551 -26.9722 -10.5
      vertex -27.4551 -26.9722 -11.49
    endloop
  endfacet
  facet normal -0.514153 0.857698 0
    outer loop
      vertex -25.0278 -27.4551 -11.49
      vertex -25.1751 -27.5434 -10.5
      vertex -25.0278 -27.4551 -10.5
    endloop
  endfacet
  facet normal -0.514153 0.857698 0
    outer loop
      vertex -25.1751 -27.5434 -10.5
      vertex -25.0278 -27.4551 -11.49
      vertex -25.1751 -27.5434 -11.49
    endloop
  endfacet
  facet normal -0.740625 -0.671919 0
    outer loop
      vertex -24.6472 -24.8898 -11.49
      vertex -24.7626 -24.7626 -10.5
      vertex -24.7626 -24.7626 -11.49
    endloop
  endfacet
  facet normal -0.740625 -0.671919 0
    outer loop
      vertex -24.7626 -24.7626 -10.5
      vertex -24.6472 -24.8898 -11.49
      vertex -24.6472 -24.8898 -10.5
    endloop
  endfacet
  facet normal -0.427535 -0.903999 0
    outer loop
      vertex -25.3303 -24.3832 -11.49
      vertex -25.1751 -24.4566 -10.5
      vertex -25.3303 -24.3832 -10.5
    endloop
  endfacet
  facet normal -0.427535 -0.903999 -0
    outer loop
      vertex -25.1751 -24.4566 -10.5
      vertex -25.3303 -24.3832 -11.49
      vertex -25.1751 -24.4566 -11.49
    endloop
  endfacet
  facet normal -0.94165 -0.336595 0
    outer loop
      vertex -24.3254 -25.492 -11.49
      vertex -24.3832 -25.3303 -10.5
      vertex -24.3832 -25.3303 -11.49
    endloop
  endfacet
  facet normal -0.94165 -0.336595 0
    outer loop
      vertex -24.3832 -25.3303 -10.5
      vertex -24.3254 -25.492 -11.49
      vertex -24.3254 -25.492 -10.5
    endloop
  endfacet
  facet normal -0.514153 -0.857698 0
    outer loop
      vertex -25.1751 -24.4566 -11.49
      vertex -25.0278 -24.5449 -10.5
      vertex -25.1751 -24.4566 -10.5
    endloop
  endfacet
  facet normal -0.514153 -0.857698 -0
    outer loop
      vertex -25.0278 -24.5449 -10.5
      vertex -25.1751 -24.4566 -11.49
      vertex -25.0278 -24.5449 -11.49
    endloop
  endfacet
  facet normal -0.969937 0.243357 0
    outer loop
      vertex -24.3254 -26.508 -11.49
      vertex -24.2836 -26.3414 -10.5
      vertex -24.2836 -26.3414 -11.49
    endloop
  endfacet
  facet normal -0.969937 0.243357 0
    outer loop
      vertex -24.2836 -26.3414 -10.5
      vertex -24.3254 -26.508 -11.49
      vertex -24.3254 -26.508 -10.5
    endloop
  endfacet
  facet normal -0.989178 0.146717 0
    outer loop
      vertex -24.2836 -26.3414 -11.49
      vertex -24.2584 -26.1715 -10.5
      vertex -24.2584 -26.1715 -11.49
    endloop
  endfacet
  facet normal -0.989178 0.146717 0
    outer loop
      vertex -24.2584 -26.1715 -10.5
      vertex -24.2836 -26.3414 -11.49
      vertex -24.2836 -26.3414 -10.5
    endloop
  endfacet
  facet normal 0.336595 0.94165 -0
    outer loop
      vertex -26.508 -27.6746 -11.49
      vertex -26.6697 -27.6168 -10.5
      vertex -26.508 -27.6746 -10.5
    endloop
  endfacet
  facet normal 0.336595 0.94165 0
    outer loop
      vertex -26.6697 -27.6168 -10.5
      vertex -26.508 -27.6746 -11.49
      vertex -26.6697 -27.6168 -11.49
    endloop
  endfacet
  facet normal -0.803341 -0.59552 0
    outer loop
      vertex -24.5449 -25.0278 -11.49
      vertex -24.6472 -24.8898 -10.5
      vertex -24.6472 -24.8898 -11.49
    endloop
  endfacet
  facet normal -0.803341 -0.59552 0
    outer loop
      vertex -24.6472 -24.8898 -10.5
      vertex -24.5449 -25.0278 -11.49
      vertex -24.5449 -25.0278 -10.5
    endloop
  endfacet
  facet normal -0.989178 -0.146717 0
    outer loop
      vertex -24.2584 -25.8285 -11.49
      vertex -24.2836 -25.6586 -10.5
      vertex -24.2836 -25.6586 -11.49
    endloop
  endfacet
  facet normal -0.989178 -0.146717 0
    outer loop
      vertex -24.2836 -25.6586 -10.5
      vertex -24.2584 -25.8285 -11.49
      vertex -24.2584 -25.8285 -10.5
    endloop
  endfacet
  facet normal -0.671919 -0.740625 0
    outer loop
      vertex -24.8898 -24.6472 -11.49
      vertex -24.7626 -24.7626 -10.5
      vertex -24.8898 -24.6472 -10.5
    endloop
  endfacet
  facet normal -0.671919 -0.740625 -0
    outer loop
      vertex -24.7626 -24.7626 -10.5
      vertex -24.8898 -24.6472 -11.49
      vertex -24.7626 -24.7626 -11.49
    endloop
  endfacet
  facet normal -0.803341 0.59552 0
    outer loop
      vertex -24.6472 -27.1102 -11.49
      vertex -24.5449 -26.9722 -10.5
      vertex -24.5449 -26.9722 -11.49
    endloop
  endfacet
  facet normal -0.803341 0.59552 0
    outer loop
      vertex -24.5449 -26.9722 -10.5
      vertex -24.6472 -27.1102 -11.49
      vertex -24.6472 -27.1102 -10.5
    endloop
  endfacet
  facet normal -0.857698 0.514153 0
    outer loop
      vertex -24.5449 -26.9722 -11.49
      vertex -24.4566 -26.8249 -10.5
      vertex -24.4566 -26.8249 -11.49
    endloop
  endfacet
  facet normal -0.857698 0.514153 0
    outer loop
      vertex -24.4566 -26.8249 -10.5
      vertex -24.5449 -26.9722 -11.49
      vertex -24.5449 -26.9722 -10.5
    endloop
  endfacet
  facet normal -0.0489209 -0.998803 0
    outer loop
      vertex -26 -24.25 -11.49
      vertex -25.8285 -24.2584 -10.5
      vertex -26 -24.25 -10.5
    endloop
  endfacet
  facet normal -0.0489209 -0.998803 -0
    outer loop
      vertex -25.8285 -24.2584 -10.5
      vertex -26 -24.25 -11.49
      vertex -25.8285 -24.2584 -11.49
    endloop
  endfacet
  facet normal -0.998803 0.0489209 0
    outer loop
      vertex -24.2584 -26.1715 -11.49
      vertex -24.25 -26 -10.5
      vertex -24.25 -26 -11.49
    endloop
  endfacet
  facet normal -0.998803 0.0489209 0
    outer loop
      vertex -24.25 -26 -10.5
      vertex -24.2584 -26.1715 -11.49
      vertex -24.2584 -26.1715 -10.5
    endloop
  endfacet
  facet normal -0.336595 -0.94165 0
    outer loop
      vertex -25.492 -24.3254 -11.49
      vertex -25.3303 -24.3832 -10.5
      vertex -25.492 -24.3254 -10.5
    endloop
  endfacet
  facet normal -0.336595 -0.94165 -0
    outer loop
      vertex -25.3303 -24.3832 -10.5
      vertex -25.492 -24.3254 -11.49
      vertex -25.3303 -24.3832 -11.49
    endloop
  endfacet
  facet normal 0.740625 -0.671919 0
    outer loop
      vertex -27.3528 -24.8898 -10.5
      vertex -27.2374 -24.7626 -11.49
      vertex -27.2374 -24.7626 -10.5
    endloop
  endfacet
  facet normal 0.740625 -0.671919 0
    outer loop
      vertex -27.2374 -24.7626 -11.49
      vertex -27.3528 -24.8898 -10.5
      vertex -27.3528 -24.8898 -11.49
    endloop
  endfacet
  facet normal 0.671919 -0.740625 0
    outer loop
      vertex -27.2374 -24.7626 -11.49
      vertex -27.1102 -24.6472 -10.5
      vertex -27.2374 -24.7626 -10.5
    endloop
  endfacet
  facet normal 0.671919 -0.740625 0
    outer loop
      vertex -27.1102 -24.6472 -10.5
      vertex -27.2374 -24.7626 -11.49
      vertex -27.1102 -24.6472 -11.49
    endloop
  endfacet
  facet normal 0.862709 -0.246488 -0.441562
    outer loop
      vertex -27.6746 -25.492 -11.49
      vertex -28.9375 -25.4157 -14
      vertex -28.9373 -25.415 -14
    endloop
  endfacet
  facet normal 0.869125 -0.218064 -0.443927
    outer loop
      vertex -28.9375 -25.4157 -14
      vertex -27.6746 -25.492 -11.49
      vertex -27.7164 -25.6586 -11.49
    endloop
  endfacet
  facet normal 0.460432 0.768711 -0.443943
    outer loop
      vertex -27.4124 -28.641 -14
      vertex -27.664 -28.4903 -14
      vertex -26.9722 -27.4551 -11.49
    endloop
  endfacet
  facet normal -0.894995 0.0436955 -0.443932
    outer loop
      vertex -23.0193 -26.2929 -14
      vertex -24.25 -26 -11.49
      vertex -23.005 -26 -14
    endloop
  endfacet
  facet normal 0.894995 0.0436955 -0.443932
    outer loop
      vertex -28.9807 -26.2929 -14
      vertex -28.995 -26 -14
      vertex -27.75 -26 -11.49
    endloop
  endfacet
  facet normal 0.894983 0.0438359 -0.443942
    outer loop
      vertex -27.7416 -26.1715 -11.49
      vertex -28.9807 -26.2929 -14
      vertex -27.75 -26 -11.49
    endloop
  endfacet
  facet normal 0.887013 0.126716 -0.444016
    outer loop
      vertex -28.9807 -26.2929 -14
      vertex -27.7416 -26.1715 -11.49
      vertex -28.9806 -26.2936 -14
    endloop
  endfacet
  facet normal 0.217612 0.869224 -0.443954
    outer loop
      vertex -26.585 -28.9373 -14
      vertex -26.8694 -28.8661 -14
      vertex -26.508 -27.6746 -11.49
    endloop
  endfacet
  facet normal -0.704384 -0.563507 -0.431628
    outer loop
      vertex -23.3586 -24.5881 -14
      vertex -24.5449 -25.0278 -11.49
      vertex -23.359 -24.5876 -14
    endloop
  endfacet
  facet normal -0.768545 -0.460709 -0.443944
    outer loop
      vertex -24.5449 -25.0278 -11.49
      vertex -23.3586 -24.5881 -14
      vertex -24.4566 -25.1751 -11.49
    endloop
  endfacet
  facet normal 0.147414 -0.884482 -0.442675
    outer loop
      vertex -26.2936 -23.0194 -14
      vertex -26.3414 -24.2836 -11.49
      vertex -26.2942 -23.0195 -14
    endloop
  endfacet
  facet normal 0.131468 -0.886366 -0.443928
    outer loop
      vertex -26.3414 -24.2836 -11.49
      vertex -26.2936 -23.0194 -14
      vertex -26.1715 -24.2584 -11.49
    endloop
  endfacet
  facet normal -0.533866 0.719665 -0.443925
    outer loop
      vertex -24.3355 -28.4899 -14
      vertex -24.8898 -27.3528 -11.49
      vertex -24.1 -28.3152 -14
    endloop
  endfacet
  facet normal -0.383097 -0.810037 -0.443934
    outer loop
      vertex -24.5888 -23.3583 -14
      vertex -25.1751 -24.4566 -11.49
      vertex -25.3303 -24.3832 -11.49
    endloop
  endfacet
  facet normal -0.353147 -0.82401 -0.443052
    outer loop
      vertex -25.1751 -24.4566 -11.49
      vertex -24.5888 -23.3583 -14
      vertex -24.5881 -23.3586 -14
    endloop
  endfacet
  facet normal 0.825766 -0.3539 -0.439165
    outer loop
      vertex -27.6168 -25.3303 -11.49
      vertex -28.8661 -25.1306 -14
      vertex -28.8658 -25.1299 -14
    endloop
  endfacet
  facet normal 0.843762 -0.301604 -0.443961
    outer loop
      vertex -28.8661 -25.1306 -14
      vertex -27.6168 -25.3303 -11.49
      vertex -27.6746 -25.492 -11.49
    endloop
  endfacet
  facet normal 0.383272 0.809946 -0.443948
    outer loop
      vertex -27.1462 -28.7671 -14
      vertex -27.4112 -28.6417 -14
      vertex -26.6697 -27.6168 -11.49
    endloop
  endfacet
  facet normal 0.843761 -0.301627 -0.443946
    outer loop
      vertex -27.6168 -25.3303 -11.49
      vertex -28.8658 -25.1299 -14
      vertex -28.7671 -24.8538 -14
    endloop
  endfacet
  facet normal -0.353147 0.82401 -0.443052
    outer loop
      vertex -24.5888 -28.6417 -14
      vertex -25.1751 -27.5434 -11.49
      vertex -24.5881 -28.6414 -14
    endloop
  endfacet
  facet normal -0.383097 0.810037 -0.443934
    outer loop
      vertex -25.1751 -27.5434 -11.49
      vertex -24.5888 -28.6417 -14
      vertex -25.3303 -27.6168 -11.49
    endloop
  endfacet
  facet normal -0.383272 0.809946 -0.443948
    outer loop
      vertex -24.8538 -28.7671 -14
      vertex -25.3303 -27.6168 -11.49
      vertex -24.5888 -28.6417 -14
    endloop
  endfacet
  facet normal -0.768711 -0.460432 -0.443943
    outer loop
      vertex -23.359 -24.5876 -14
      vertex -24.5449 -25.0278 -11.49
      vertex -23.5097 -24.336 -14
    endloop
  endfacet
  facet normal 0.0436955 -0.894995 -0.443932
    outer loop
      vertex -26 -24.25 -11.49
      vertex -26.2929 -23.0193 -14
      vertex -26 -23.005 -14
    endloop
  endfacet
  facet normal 0.301627 -0.843761 -0.443946
    outer loop
      vertex -26.6697 -24.3832 -11.49
      vertex -27.1462 -23.2329 -14
      vertex -26.8701 -23.1342 -14
    endloop
  endfacet
  facet normal -0.3539 0.825766 -0.439165
    outer loop
      vertex -25.1306 -28.8661 -14
      vertex -25.3303 -27.6168 -11.49
      vertex -25.1299 -28.8658 -14
    endloop
  endfacet
  facet normal -0.301604 0.843762 -0.443961
    outer loop
      vertex -25.3303 -27.6168 -11.49
      vertex -25.1306 -28.8661 -14
      vertex -25.492 -27.6746 -11.49
    endloop
  endfacet
  facet normal 0.602069 0.663632 -0.443966
    outer loop
      vertex -28.1173 -28.1183 -14
      vertex -27.2374 -27.2374 -11.49
      vertex -27.1102 -27.3528 -11.49
    endloop
  endfacet
  facet normal 0.633454 0.633454 -0.444377
    outer loop
      vertex -27.2374 -27.2374 -11.49
      vertex -28.1173 -28.1183 -14
      vertex -28.1178 -28.1178 -14
    endloop
  endfacet
  facet normal -0.131383 0.886377 -0.443931
    outer loop
      vertex -25.4157 -28.9375 -14
      vertex -25.7058 -28.9805 -14
      vertex -25.6586 -27.7164 -11.49
    endloop
  endfacet
  facet normal 0.131383 -0.886377 -0.443931
    outer loop
      vertex -26.3414 -24.2836 -11.49
      vertex -26.5843 -23.0625 -14
      vertex -26.2942 -23.0195 -14
    endloop
  endfacet
  facet normal 0.704384 -0.563507 -0.431628
    outer loop
      vertex -27.4551 -25.0278 -11.49
      vertex -28.6414 -24.5881 -14
      vertex -28.641 -24.5876 -14
    endloop
  endfacet
  facet normal 0.768545 -0.460709 -0.443944
    outer loop
      vertex -28.6414 -24.5881 -14
      vertex -27.4551 -25.0278 -11.49
      vertex -27.5434 -25.1751 -11.49
    endloop
  endfacet
  facet normal -0.768711 0.460432 -0.443943
    outer loop
      vertex -23.5097 -27.664 -14
      vertex -24.5449 -26.9722 -11.49
      vertex -23.359 -27.4124 -14
    endloop
  endfacet
  facet normal -0.810037 0.383097 -0.443934
    outer loop
      vertex -23.3583 -27.4112 -14
      vertex -24.4566 -26.8249 -11.49
      vertex -24.3832 -26.6697 -11.49
    endloop
  endfacet
  facet normal -0.82401 0.353147 -0.443052
    outer loop
      vertex -24.4566 -26.8249 -11.49
      vertex -23.3583 -27.4112 -14
      vertex -23.3586 -27.4119 -14
    endloop
  endfacet
  facet normal 0.246488 -0.862709 -0.441562
    outer loop
      vertex -26.5843 -23.0625 -14
      vertex -26.508 -24.3254 -11.49
      vertex -26.585 -23.0627 -14
    endloop
  endfacet
  facet normal 0.218064 -0.869125 -0.443927
    outer loop
      vertex -26.508 -24.3254 -11.49
      vertex -26.5843 -23.0625 -14
      vertex -26.3414 -24.2836 -11.49
    endloop
  endfacet
  facet normal -0.0438359 -0.894983 -0.443942
    outer loop
      vertex -25.7071 -23.0193 -14
      vertex -25.8285 -24.2584 -11.49
      vertex -26 -24.25 -11.49
    endloop
  endfacet
  facet normal -0.126716 -0.887013 -0.444016
    outer loop
      vertex -25.8285 -24.2584 -11.49
      vertex -25.7071 -23.0193 -14
      vertex -25.7064 -23.0194 -14
    endloop
  endfacet
  facet normal 0.887013 -0.126716 -0.444016
    outer loop
      vertex -27.7416 -25.8285 -11.49
      vertex -28.9807 -25.7071 -14
      vertex -28.9806 -25.7064 -14
    endloop
  endfacet
  facet normal 0.894983 -0.0438359 -0.443942
    outer loop
      vertex -28.9807 -25.7071 -14
      vertex -27.7416 -25.8285 -11.49
      vertex -27.75 -26 -11.49
    endloop
  endfacet
  facet normal -0.460432 0.768711 -0.443943
    outer loop
      vertex -24.5876 -28.641 -14
      vertex -25.0278 -27.4551 -11.49
      vertex -24.336 -28.4903 -14
    endloop
  endfacet
  facet normal 0.886377 -0.131383 -0.443931
    outer loop
      vertex -27.7164 -25.6586 -11.49
      vertex -28.9805 -25.7058 -14
      vertex -28.9375 -25.4157 -14
    endloop
  endfacet
  facet normal 0.894995 -0.0436955 -0.443932
    outer loop
      vertex -27.75 -26 -11.49
      vertex -28.995 -26 -14
      vertex -28.9807 -25.7071 -14
    endloop
  endfacet
  facet normal 0.884482 -0.147414 -0.442675
    outer loop
      vertex -27.7164 -25.6586 -11.49
      vertex -28.9806 -25.7064 -14
      vertex -28.9805 -25.7058 -14
    endloop
  endfacet
  facet normal 0.886366 -0.131468 -0.443928
    outer loop
      vertex -28.9806 -25.7064 -14
      vertex -27.7164 -25.6586 -11.49
      vertex -27.7416 -25.8285 -11.49
    endloop
  endfacet
  facet normal 0.353147 -0.82401 -0.443052
    outer loop
      vertex -27.4112 -23.3583 -14
      vertex -26.8249 -24.4566 -11.49
      vertex -27.4119 -23.3586 -14
    endloop
  endfacet
  facet normal 0.383097 -0.810037 -0.443934
    outer loop
      vertex -26.8249 -24.4566 -11.49
      vertex -27.4112 -23.3583 -14
      vertex -26.6697 -24.3832 -11.49
    endloop
  endfacet
  facet normal 0.768711 -0.460432 -0.443943
    outer loop
      vertex -27.4551 -25.0278 -11.49
      vertex -28.641 -24.5876 -14
      vertex -28.4903 -24.336 -14
    endloop
  endfacet
  facet normal 0.809946 -0.383272 -0.443948
    outer loop
      vertex -27.6168 -25.3303 -11.49
      vertex -28.7671 -24.8538 -14
      vertex -28.6417 -24.5888 -14
    endloop
  endfacet
  facet normal -0.602069 -0.663632 -0.443966
    outer loop
      vertex -23.8827 -23.8817 -14
      vertex -24.7626 -24.7626 -11.49
      vertex -24.8898 -24.6472 -11.49
    endloop
  endfacet
  facet normal -0.633454 -0.633454 -0.444377
    outer loop
      vertex -24.7626 -24.7626 -11.49
      vertex -23.8827 -23.8817 -14
      vertex -23.8822 -23.8822 -14
    endloop
  endfacet
  facet normal -0.886377 -0.131383 -0.443931
    outer loop
      vertex -23.0195 -25.7058 -14
      vertex -24.2836 -25.6586 -11.49
      vertex -23.0625 -25.4157 -14
    endloop
  endfacet
  facet normal -0.533866 -0.719665 -0.443925
    outer loop
      vertex -24.1 -23.6848 -14
      vertex -24.8898 -24.6472 -11.49
      vertex -24.3355 -23.5101 -14
    endloop
  endfacet
  facet normal -0.131468 -0.886366 -0.443928
    outer loop
      vertex -25.7064 -23.0194 -14
      vertex -25.6586 -24.2836 -11.49
      vertex -25.8285 -24.2584 -11.49
    endloop
  endfacet
  facet normal -0.147414 -0.884482 -0.442675
    outer loop
      vertex -25.6586 -24.2836 -11.49
      vertex -25.7064 -23.0194 -14
      vertex -25.7058 -23.0195 -14
    endloop
  endfacet
  facet normal 0.3539 -0.825766 -0.439165
    outer loop
      vertex -26.8694 -23.1339 -14
      vertex -26.6697 -24.3832 -11.49
      vertex -26.8701 -23.1342 -14
    endloop
  endfacet
  facet normal 0.301604 -0.843762 -0.443961
    outer loop
      vertex -26.6697 -24.3832 -11.49
      vertex -26.8694 -23.1339 -14
      vertex -26.508 -24.3254 -11.49
    endloop
  endfacet
  facet normal 0.301604 0.843762 -0.443961
    outer loop
      vertex -26.8694 -28.8661 -14
      vertex -26.6697 -27.6168 -11.49
      vertex -26.508 -27.6746 -11.49
    endloop
  endfacet
  facet normal 0.3539 0.825766 -0.439165
    outer loop
      vertex -26.6697 -27.6168 -11.49
      vertex -26.8694 -28.8661 -14
      vertex -26.8701 -28.8658 -14
    endloop
  endfacet
  facet normal 0.82401 -0.353147 -0.443052
    outer loop
      vertex -27.5434 -25.1751 -11.49
      vertex -28.6417 -24.5888 -14
      vertex -28.6414 -24.5881 -14
    endloop
  endfacet
  facet normal 0.810037 -0.383097 -0.443934
    outer loop
      vertex -28.6417 -24.5888 -14
      vertex -27.5434 -25.1751 -11.49
      vertex -27.6168 -25.3303 -11.49
    endloop
  endfacet
  facet normal -0.886377 0.131383 -0.443931
    outer loop
      vertex -23.0625 -26.5843 -14
      vertex -24.2836 -26.3414 -11.49
      vertex -23.0195 -26.2942 -14
    endloop
  endfacet
  facet normal -0.809946 0.383272 -0.443948
    outer loop
      vertex -23.3583 -27.4112 -14
      vertex -24.3832 -26.6697 -11.49
      vertex -23.2329 -27.1462 -14
    endloop
  endfacet
  facet normal 0.533615 0.719833 -0.443955
    outer loop
      vertex -27.664 -28.4903 -14
      vertex -27.1102 -27.3528 -11.49
      vertex -26.9722 -27.4551 -11.49
    endloop
  endfacet
  facet normal 0.560591 0.700738 -0.441253
    outer loop
      vertex -27.1102 -27.3528 -11.49
      vertex -27.664 -28.4903 -14
      vertex -27.6645 -28.4899 -14
    endloop
  endfacet
  facet normal 0.131468 0.886366 -0.443928
    outer loop
      vertex -26.2936 -28.9806 -14
      vertex -26.3414 -27.7164 -11.49
      vertex -26.1715 -27.7416 -11.49
    endloop
  endfacet
  facet normal 0.147414 0.884482 -0.442675
    outer loop
      vertex -26.3414 -27.7164 -11.49
      vertex -26.2936 -28.9806 -14
      vertex -26.2942 -28.9805 -14
    endloop
  endfacet
  facet normal -0.460432 -0.768711 -0.443943
    outer loop
      vertex -24.336 -23.5097 -14
      vertex -25.0278 -24.5449 -11.49
      vertex -24.5876 -23.359 -14
    endloop
  endfacet
  facet normal 0.217612 -0.869224 -0.443954
    outer loop
      vertex -26.508 -24.3254 -11.49
      vertex -26.8694 -23.1339 -14
      vertex -26.585 -23.0627 -14
    endloop
  endfacet
  facet normal 0.460432 -0.768711 -0.443943
    outer loop
      vertex -26.9722 -24.5449 -11.49
      vertex -27.664 -23.5097 -14
      vertex -27.4124 -23.359 -14
    endloop
  endfacet
  facet normal 0.869224 -0.217612 -0.443954
    outer loop
      vertex -27.6746 -25.492 -11.49
      vertex -28.9373 -25.415 -14
      vertex -28.8661 -25.1306 -14
    endloop
  endfacet
  facet normal -0.884482 -0.147414 -0.442675
    outer loop
      vertex -23.0194 -25.7064 -14
      vertex -24.2836 -25.6586 -11.49
      vertex -23.0195 -25.7058 -14
    endloop
  endfacet
  facet normal -0.886366 -0.131468 -0.443928
    outer loop
      vertex -24.2836 -25.6586 -11.49
      vertex -23.0194 -25.7064 -14
      vertex -24.2584 -25.8285 -11.49
    endloop
  endfacet
  facet normal -0.862709 -0.246488 -0.441562
    outer loop
      vertex -23.0625 -25.4157 -14
      vertex -24.3254 -25.492 -11.49
      vertex -23.0627 -25.415 -14
    endloop
  endfacet
  facet normal -0.869125 -0.218064 -0.443927
    outer loop
      vertex -24.3254 -25.492 -11.49
      vertex -23.0625 -25.4157 -14
      vertex -24.2836 -25.6586 -11.49
    endloop
  endfacet
  facet normal 0.633454 -0.633454 -0.444377
    outer loop
      vertex -28.1173 -23.8817 -14
      vertex -27.2374 -24.7626 -11.49
      vertex -28.1178 -23.8822 -14
    endloop
  endfacet
  facet normal 0.602069 -0.663632 -0.443966
    outer loop
      vertex -27.2374 -24.7626 -11.49
      vertex -28.1173 -23.8817 -14
      vertex -27.1102 -24.6472 -11.49
    endloop
  endfacet
  facet normal -0.633454 0.633454 -0.444377
    outer loop
      vertex -23.8827 -28.1183 -14
      vertex -24.7626 -27.2374 -11.49
      vertex -23.8822 -28.1178 -14
    endloop
  endfacet
  facet normal -0.602069 0.663632 -0.443966
    outer loop
      vertex -24.7626 -27.2374 -11.49
      vertex -23.8827 -28.1183 -14
      vertex -24.8898 -27.3528 -11.49
    endloop
  endfacet
  facet normal -0.664014 0.601677 -0.443925
    outer loop
      vertex -23.8817 -28.1173 -14
      vertex -24.6472 -27.1102 -11.49
      vertex -23.6848 -27.9 -14
    endloop
  endfacet
  facet normal -0.131383 -0.886377 -0.443931
    outer loop
      vertex -25.6586 -24.2836 -11.49
      vertex -25.7058 -23.0195 -14
      vertex -25.4157 -23.0625 -14
    endloop
  endfacet
  facet normal 0.533866 0.719665 -0.443925
    outer loop
      vertex -27.6645 -28.4899 -14
      vertex -27.9 -28.3152 -14
      vertex -27.1102 -27.3528 -11.49
    endloop
  endfacet
  facet normal 0.383272 -0.809946 -0.443948
    outer loop
      vertex -26.6697 -24.3832 -11.49
      vertex -27.4112 -23.3583 -14
      vertex -27.1462 -23.2329 -14
    endloop
  endfacet
  facet normal -0.887013 -0.126716 -0.444016
    outer loop
      vertex -23.0193 -25.7071 -14
      vertex -24.2584 -25.8285 -11.49
      vertex -23.0194 -25.7064 -14
    endloop
  endfacet
  facet normal -0.894983 -0.0438359 -0.443942
    outer loop
      vertex -24.2584 -25.8285 -11.49
      vertex -23.0193 -25.7071 -14
      vertex -24.25 -26 -11.49
    endloop
  endfacet
  facet normal -0.301604 -0.843762 -0.443961
    outer loop
      vertex -25.1306 -23.1339 -14
      vertex -25.3303 -24.3832 -11.49
      vertex -25.492 -24.3254 -11.49
    endloop
  endfacet
  facet normal -0.3539 -0.825766 -0.439165
    outer loop
      vertex -25.3303 -24.3832 -11.49
      vertex -25.1306 -23.1339 -14
      vertex -25.1299 -23.1342 -14
    endloop
  endfacet
  facet normal -0.301627 0.843761 -0.443946
    outer loop
      vertex -25.1299 -28.8658 -14
      vertex -25.3303 -27.6168 -11.49
      vertex -24.8538 -28.7671 -14
    endloop
  endfacet
  facet normal -0.633454 -0.633454 -0.444377
    outer loop
      vertex -23.8817 -23.8827 -14
      vertex -24.7626 -24.7626 -11.49
      vertex -23.8822 -23.8822 -14
    endloop
  endfacet
  facet normal -0.663632 -0.602069 -0.443966
    outer loop
      vertex -24.7626 -24.7626 -11.49
      vertex -23.8817 -23.8827 -14
      vertex -24.6472 -24.8898 -11.49
    endloop
  endfacet
  facet normal -0.869224 -0.217612 -0.443954
    outer loop
      vertex -23.0627 -25.415 -14
      vertex -24.3254 -25.492 -11.49
      vertex -23.1339 -25.1306 -14
    endloop
  endfacet
  facet normal 0.869125 0.218064 -0.443927
    outer loop
      vertex -27.6746 -26.508 -11.49
      vertex -28.9375 -26.5843 -14
      vertex -27.7164 -26.3414 -11.49
    endloop
  endfacet
  facet normal 0.862709 0.246488 -0.441562
    outer loop
      vertex -28.9375 -26.5843 -14
      vertex -27.6746 -26.508 -11.49
      vertex -28.9373 -26.585 -14
    endloop
  endfacet
  facet normal -0.0436955 -0.894995 -0.443932
    outer loop
      vertex -25.7071 -23.0193 -14
      vertex -26 -24.25 -11.49
      vertex -26 -23.005 -14
    endloop
  endfacet
  facet normal 0.131383 0.886377 -0.443931
    outer loop
      vertex -26.2942 -28.9805 -14
      vertex -26.5843 -28.9375 -14
      vertex -26.3414 -27.7164 -11.49
    endloop
  endfacet
  facet normal 0.126716 -0.887013 -0.444016
    outer loop
      vertex -26.2929 -23.0193 -14
      vertex -26.1715 -24.2584 -11.49
      vertex -26.2936 -23.0194 -14
    endloop
  endfacet
  facet normal 0.0438359 -0.894983 -0.443942
    outer loop
      vertex -26.1715 -24.2584 -11.49
      vertex -26.2929 -23.0193 -14
      vertex -26 -24.25 -11.49
    endloop
  endfacet
  facet normal -0.82401 -0.353147 -0.443052
    outer loop
      vertex -23.3583 -24.5888 -14
      vertex -24.4566 -25.1751 -11.49
      vertex -23.3586 -24.5881 -14
    endloop
  endfacet
  facet normal -0.810037 -0.383097 -0.443934
    outer loop
      vertex -24.4566 -25.1751 -11.49
      vertex -23.3583 -24.5888 -14
      vertex -24.3832 -25.3303 -11.49
    endloop
  endfacet
  facet normal 0.533866 -0.719665 -0.443925
    outer loop
      vertex -27.1102 -24.6472 -11.49
      vertex -27.9 -23.6848 -14
      vertex -27.6645 -23.5101 -14
    endloop
  endfacet
  facet normal -0.217612 -0.869224 -0.443954
    outer loop
      vertex -25.1306 -23.1339 -14
      vertex -25.492 -24.3254 -11.49
      vertex -25.415 -23.0627 -14
    endloop
  endfacet
  facet normal 0.560591 -0.700738 -0.441253
    outer loop
      vertex -27.664 -23.5097 -14
      vertex -27.1102 -24.6472 -11.49
      vertex -27.6645 -23.5101 -14
    endloop
  endfacet
  facet normal 0.533615 -0.719833 -0.443955
    outer loop
      vertex -27.1102 -24.6472 -11.49
      vertex -27.664 -23.5097 -14
      vertex -26.9722 -24.5449 -11.49
    endloop
  endfacet
  facet normal -0.560591 0.700738 -0.441253
    outer loop
      vertex -24.336 -28.4903 -14
      vertex -24.8898 -27.3528 -11.49
      vertex -24.3355 -28.4899 -14
    endloop
  endfacet
  facet normal -0.533615 0.719833 -0.443955
    outer loop
      vertex -24.8898 -27.3528 -11.49
      vertex -24.336 -28.4903 -14
      vertex -25.0278 -27.4551 -11.49
    endloop
  endfacet
  facet normal 0.601677 -0.664014 -0.443925
    outer loop
      vertex -27.1102 -24.6472 -11.49
      vertex -28.1173 -23.8817 -14
      vertex -27.9 -23.6848 -14
    endloop
  endfacet
  facet normal -0.601677 -0.664014 -0.443925
    outer loop
      vertex -23.8827 -23.8817 -14
      vertex -24.8898 -24.6472 -11.49
      vertex -24.1 -23.6848 -14
    endloop
  endfacet
  facet normal 0.719665 0.533866 -0.443925
    outer loop
      vertex -28.3152 -27.9 -14
      vertex -28.4899 -27.6645 -14
      vertex -27.3528 -27.1102 -11.49
    endloop
  endfacet
  facet normal -0.719665 -0.533866 -0.443925
    outer loop
      vertex -23.5101 -24.3355 -14
      vertex -24.6472 -24.8898 -11.49
      vertex -23.6848 -24.1 -14
    endloop
  endfacet
  facet normal -0.719833 0.533615 -0.443955
    outer loop
      vertex -23.5097 -27.664 -14
      vertex -24.6472 -27.1102 -11.49
      vertex -24.5449 -26.9722 -11.49
    endloop
  endfacet
  facet normal -0.700738 0.560591 -0.441253
    outer loop
      vertex -24.6472 -27.1102 -11.49
      vertex -23.5097 -27.664 -14
      vertex -23.5101 -27.6645 -14
    endloop
  endfacet
  facet normal 0.700738 -0.560591 -0.441253
    outer loop
      vertex -27.3528 -24.8898 -11.49
      vertex -28.4903 -24.336 -14
      vertex -28.4899 -24.3355 -14
    endloop
  endfacet
  facet normal 0.719833 -0.533615 -0.443955
    outer loop
      vertex -28.4903 -24.336 -14
      vertex -27.3528 -24.8898 -11.49
      vertex -27.4551 -25.0278 -11.49
    endloop
  endfacet
  facet normal 0.664014 -0.601677 -0.443925
    outer loop
      vertex -27.3528 -24.8898 -11.49
      vertex -28.3152 -24.1 -14
      vertex -28.1183 -23.8827 -14
    endloop
  endfacet
  facet normal 0.633454 -0.633454 -0.444377
    outer loop
      vertex -27.2374 -24.7626 -11.49
      vertex -28.1183 -23.8827 -14
      vertex -28.1178 -23.8822 -14
    endloop
  endfacet
  facet normal 0.663632 -0.602069 -0.443966
    outer loop
      vertex -28.1183 -23.8827 -14
      vertex -27.2374 -24.7626 -11.49
      vertex -27.3528 -24.8898 -11.49
    endloop
  endfacet
  facet normal 0.719665 -0.533866 -0.443925
    outer loop
      vertex -27.3528 -24.8898 -11.49
      vertex -28.4899 -24.3355 -14
      vertex -28.3152 -24.1 -14
    endloop
  endfacet
  facet normal -0.301627 -0.843761 -0.443946
    outer loop
      vertex -24.8538 -23.2329 -14
      vertex -25.3303 -24.3832 -11.49
      vertex -25.1299 -23.1342 -14
    endloop
  endfacet
  facet normal -0.664014 -0.601677 -0.443925
    outer loop
      vertex -23.6848 -24.1 -14
      vertex -24.6472 -24.8898 -11.49
      vertex -23.8817 -23.8827 -14
    endloop
  endfacet
  facet normal 0.563507 -0.704384 -0.431628
    outer loop
      vertex -27.4119 -23.3586 -14
      vertex -26.9722 -24.5449 -11.49
      vertex -27.4124 -23.359 -14
    endloop
  endfacet
  facet normal 0.460709 -0.768545 -0.443944
    outer loop
      vertex -26.9722 -24.5449 -11.49
      vertex -27.4119 -23.3586 -14
      vertex -26.8249 -24.4566 -11.49
    endloop
  endfacet
  facet normal -0.825766 -0.3539 -0.439165
    outer loop
      vertex -23.1339 -25.1306 -14
      vertex -24.3832 -25.3303 -11.49
      vertex -23.1342 -25.1299 -14
    endloop
  endfacet
  facet normal -0.843762 -0.301604 -0.443961
    outer loop
      vertex -24.3832 -25.3303 -11.49
      vertex -23.1339 -25.1306 -14
      vertex -24.3254 -25.492 -11.49
    endloop
  endfacet
  facet normal -0.533615 -0.719833 -0.443955
    outer loop
      vertex -24.336 -23.5097 -14
      vertex -24.8898 -24.6472 -11.49
      vertex -25.0278 -24.5449 -11.49
    endloop
  endfacet
  facet normal -0.560591 -0.700738 -0.441253
    outer loop
      vertex -24.8898 -24.6472 -11.49
      vertex -24.336 -23.5097 -14
      vertex -24.3355 -23.5101 -14
    endloop
  endfacet
  facet normal -0.700738 -0.560591 -0.441253
    outer loop
      vertex -23.5097 -24.336 -14
      vertex -24.6472 -24.8898 -11.49
      vertex -23.5101 -24.3355 -14
    endloop
  endfacet
  facet normal -0.719833 -0.533615 -0.443955
    outer loop
      vertex -24.6472 -24.8898 -11.49
      vertex -23.5097 -24.336 -14
      vertex -24.5449 -25.0278 -11.49
    endloop
  endfacet
  facet normal 0.663632 0.602069 -0.443966
    outer loop
      vertex -27.2374 -27.2374 -11.49
      vertex -28.1183 -28.1173 -14
      vertex -27.3528 -27.1102 -11.49
    endloop
  endfacet
  facet normal 0.633454 0.633454 -0.444377
    outer loop
      vertex -28.1183 -28.1173 -14
      vertex -27.2374 -27.2374 -11.49
      vertex -28.1178 -28.1178 -14
    endloop
  endfacet
  facet normal -0.869125 0.218064 -0.443927
    outer loop
      vertex -23.0625 -26.5843 -14
      vertex -24.3254 -26.508 -11.49
      vertex -24.2836 -26.3414 -11.49
    endloop
  endfacet
  facet normal -0.862709 0.246488 -0.441562
    outer loop
      vertex -24.3254 -26.508 -11.49
      vertex -23.0625 -26.5843 -14
      vertex -23.0627 -26.585 -14
    endloop
  endfacet
  facet normal -0.218064 -0.869125 -0.443927
    outer loop
      vertex -25.4157 -23.0625 -14
      vertex -25.492 -24.3254 -11.49
      vertex -25.6586 -24.2836 -11.49
    endloop
  endfacet
  facet normal -0.246488 -0.862709 -0.441562
    outer loop
      vertex -25.492 -24.3254 -11.49
      vertex -25.4157 -23.0625 -14
      vertex -25.415 -23.0627 -14
    endloop
  endfacet
  facet normal -0.809946 -0.383272 -0.443948
    outer loop
      vertex -23.2329 -24.8538 -14
      vertex -24.3832 -25.3303 -11.49
      vertex -23.3583 -24.5888 -14
    endloop
  endfacet
  facet normal -0.843761 -0.301627 -0.443946
    outer loop
      vertex -23.1342 -25.1299 -14
      vertex -24.3832 -25.3303 -11.49
      vertex -23.2329 -24.8538 -14
    endloop
  endfacet
  facet normal -0.663632 0.602069 -0.443966
    outer loop
      vertex -23.8817 -28.1173 -14
      vertex -24.7626 -27.2374 -11.49
      vertex -24.6472 -27.1102 -11.49
    endloop
  endfacet
  facet normal -0.633454 0.633454 -0.444377
    outer loop
      vertex -24.7626 -27.2374 -11.49
      vertex -23.8817 -28.1173 -14
      vertex -23.8822 -28.1178 -14
    endloop
  endfacet
  facet normal -0.126716 0.887013 -0.444016
    outer loop
      vertex -25.7071 -28.9807 -14
      vertex -25.8285 -27.7416 -11.49
      vertex -25.7064 -28.9806 -14
    endloop
  endfacet
  facet normal -0.0438359 0.894983 -0.443942
    outer loop
      vertex -25.8285 -27.7416 -11.49
      vertex -25.7071 -28.9807 -14
      vertex -26 -27.75 -11.49
    endloop
  endfacet
  facet normal -0.768545 0.460709 -0.443944
    outer loop
      vertex -23.3586 -27.4119 -14
      vertex -24.5449 -26.9722 -11.49
      vertex -24.4566 -26.8249 -11.49
    endloop
  endfacet
  facet normal -0.704384 0.563507 -0.431628
    outer loop
      vertex -24.5449 -26.9722 -11.49
      vertex -23.3586 -27.4119 -14
      vertex -23.359 -27.4124 -14
    endloop
  endfacet
  facet normal -0.719665 0.533866 -0.443925
    outer loop
      vertex -23.6848 -27.9 -14
      vertex -24.6472 -27.1102 -11.49
      vertex -23.5101 -27.6645 -14
    endloop
  endfacet
  facet normal -0.843761 0.301627 -0.443946
    outer loop
      vertex -23.2329 -27.1462 -14
      vertex -24.3832 -26.6697 -11.49
      vertex -23.1342 -26.8701 -14
    endloop
  endfacet
  facet normal -0.601677 0.664014 -0.443925
    outer loop
      vertex -24.1 -28.3152 -14
      vertex -24.8898 -27.3528 -11.49
      vertex -23.8827 -28.1183 -14
    endloop
  endfacet
  facet normal -0.217612 0.869224 -0.443954
    outer loop
      vertex -25.415 -28.9373 -14
      vertex -25.492 -27.6746 -11.49
      vertex -25.1306 -28.8661 -14
    endloop
  endfacet
  facet normal -0.147414 0.884482 -0.442675
    outer loop
      vertex -25.7064 -28.9806 -14
      vertex -25.6586 -27.7164 -11.49
      vertex -25.7058 -28.9805 -14
    endloop
  endfacet
  facet normal -0.131468 0.886366 -0.443928
    outer loop
      vertex -25.6586 -27.7164 -11.49
      vertex -25.7064 -28.9806 -14
      vertex -25.8285 -27.7416 -11.49
    endloop
  endfacet
  facet normal 0.768545 0.460709 -0.443944
    outer loop
      vertex -27.4551 -26.9722 -11.49
      vertex -28.6414 -27.4119 -14
      vertex -27.5434 -26.8249 -11.49
    endloop
  endfacet
  facet normal 0.704384 0.563507 -0.431628
    outer loop
      vertex -28.6414 -27.4119 -14
      vertex -27.4551 -26.9722 -11.49
      vertex -28.641 -27.4124 -14
    endloop
  endfacet
  facet normal 0.768711 0.460432 -0.443943
    outer loop
      vertex -28.4903 -27.664 -14
      vertex -28.641 -27.4124 -14
      vertex -27.4551 -26.9722 -11.49
    endloop
  endfacet
  facet normal 0.301627 0.843761 -0.443946
    outer loop
      vertex -26.8701 -28.8658 -14
      vertex -27.1462 -28.7671 -14
      vertex -26.6697 -27.6168 -11.49
    endloop
  endfacet
  facet normal -0.383272 -0.809946 -0.443948
    outer loop
      vertex -24.5888 -23.3583 -14
      vertex -25.3303 -24.3832 -11.49
      vertex -24.8538 -23.2329 -14
    endloop
  endfacet
  facet normal 0.601677 0.664014 -0.443925
    outer loop
      vertex -27.9 -28.3152 -14
      vertex -28.1173 -28.1183 -14
      vertex -27.1102 -27.3528 -11.49
    endloop
  endfacet
  facet normal -0.843762 0.301604 -0.443961
    outer loop
      vertex -23.1339 -26.8694 -14
      vertex -24.3832 -26.6697 -11.49
      vertex -24.3254 -26.508 -11.49
    endloop
  endfacet
  facet normal -0.825766 0.3539 -0.439165
    outer loop
      vertex -24.3832 -26.6697 -11.49
      vertex -23.1339 -26.8694 -14
      vertex -23.1342 -26.8701 -14
    endloop
  endfacet
  facet normal -0.869224 0.217612 -0.443954
    outer loop
      vertex -23.1339 -26.8694 -14
      vertex -24.3254 -26.508 -11.49
      vertex -23.0627 -26.585 -14
    endloop
  endfacet
  facet normal 0.664014 0.601677 -0.443925
    outer loop
      vertex -28.1183 -28.1173 -14
      vertex -28.3152 -27.9 -14
      vertex -27.3528 -27.1102 -11.49
    endloop
  endfacet
  facet normal 0.0436955 0.894995 -0.443932
    outer loop
      vertex -26 -28.995 -14
      vertex -26.2929 -28.9807 -14
      vertex -26 -27.75 -11.49
    endloop
  endfacet
  facet normal 0.843761 0.301627 -0.443946
    outer loop
      vertex -28.7671 -27.1462 -14
      vertex -28.8658 -26.8701 -14
      vertex -27.6168 -26.6697 -11.49
    endloop
  endfacet
  facet normal 0.383097 0.810037 -0.443934
    outer loop
      vertex -27.4112 -28.6417 -14
      vertex -26.8249 -27.5434 -11.49
      vertex -26.6697 -27.6168 -11.49
    endloop
  endfacet
  facet normal 0.353147 0.82401 -0.443052
    outer loop
      vertex -26.8249 -27.5434 -11.49
      vertex -27.4112 -28.6417 -14
      vertex -27.4119 -28.6414 -14
    endloop
  endfacet
  facet normal -0.246488 0.862709 -0.441562
    outer loop
      vertex -25.4157 -28.9375 -14
      vertex -25.492 -27.6746 -11.49
      vertex -25.415 -28.9373 -14
    endloop
  endfacet
  facet normal -0.218064 0.869125 -0.443927
    outer loop
      vertex -25.492 -27.6746 -11.49
      vertex -25.4157 -28.9375 -14
      vertex -25.6586 -27.7164 -11.49
    endloop
  endfacet
  facet normal 0.719833 0.533615 -0.443955
    outer loop
      vertex -27.3528 -27.1102 -11.49
      vertex -28.4903 -27.664 -14
      vertex -27.4551 -26.9722 -11.49
    endloop
  endfacet
  facet normal 0.700738 0.560591 -0.441253
    outer loop
      vertex -28.4903 -27.664 -14
      vertex -27.3528 -27.1102 -11.49
      vertex -28.4899 -27.6645 -14
    endloop
  endfacet
  facet normal 0.460709 0.768545 -0.443944
    outer loop
      vertex -27.4119 -28.6414 -14
      vertex -26.9722 -27.4551 -11.49
      vertex -26.8249 -27.5434 -11.49
    endloop
  endfacet
  facet normal 0.563507 0.704384 -0.431628
    outer loop
      vertex -26.9722 -27.4551 -11.49
      vertex -27.4119 -28.6414 -14
      vertex -27.4124 -28.641 -14
    endloop
  endfacet
  facet normal 0.218064 0.869125 -0.443927
    outer loop
      vertex -26.5843 -28.9375 -14
      vertex -26.508 -27.6746 -11.49
      vertex -26.3414 -27.7164 -11.49
    endloop
  endfacet
  facet normal 0.246488 0.862709 -0.441562
    outer loop
      vertex -26.508 -27.6746 -11.49
      vertex -26.5843 -28.9375 -14
      vertex -26.585 -28.9373 -14
    endloop
  endfacet
  facet normal -0.894983 0.0438359 -0.443942
    outer loop
      vertex -23.0193 -26.2929 -14
      vertex -24.2584 -26.1715 -11.49
      vertex -24.25 -26 -11.49
    endloop
  endfacet
  facet normal -0.887013 0.126716 -0.444016
    outer loop
      vertex -24.2584 -26.1715 -11.49
      vertex -23.0193 -26.2929 -14
      vertex -23.0194 -26.2936 -14
    endloop
  endfacet
  facet normal -0.884482 0.147414 -0.442675
    outer loop
      vertex -24.2836 -26.3414 -11.49
      vertex -23.0194 -26.2936 -14
      vertex -23.0195 -26.2942 -14
    endloop
  endfacet
  facet normal -0.886366 0.131468 -0.443928
    outer loop
      vertex -23.0194 -26.2936 -14
      vertex -24.2836 -26.3414 -11.49
      vertex -24.2584 -26.1715 -11.49
    endloop
  endfacet
  facet normal -0.563507 0.704384 -0.431628
    outer loop
      vertex -24.5881 -28.6414 -14
      vertex -25.0278 -27.4551 -11.49
      vertex -24.5876 -28.641 -14
    endloop
  endfacet
  facet normal -0.460709 0.768545 -0.443944
    outer loop
      vertex -25.0278 -27.4551 -11.49
      vertex -24.5881 -28.6414 -14
      vertex -25.1751 -27.5434 -11.49
    endloop
  endfacet
  facet normal 0.0438359 0.894983 -0.443942
    outer loop
      vertex -26.2929 -28.9807 -14
      vertex -26.1715 -27.7416 -11.49
      vertex -26 -27.75 -11.49
    endloop
  endfacet
  facet normal 0.126716 0.887013 -0.444016
    outer loop
      vertex -26.1715 -27.7416 -11.49
      vertex -26.2929 -28.9807 -14
      vertex -26.2936 -28.9806 -14
    endloop
  endfacet
  facet normal -0.460709 -0.768545 -0.443944
    outer loop
      vertex -24.5881 -23.3586 -14
      vertex -25.0278 -24.5449 -11.49
      vertex -25.1751 -24.4566 -11.49
    endloop
  endfacet
  facet normal -0.563507 -0.704384 -0.431628
    outer loop
      vertex -25.0278 -24.5449 -11.49
      vertex -24.5881 -23.3586 -14
      vertex -24.5876 -23.359 -14
    endloop
  endfacet
  facet normal -0.894995 -0.0436955 -0.443932
    outer loop
      vertex -23.005 -26 -14
      vertex -24.25 -26 -11.49
      vertex -23.0193 -25.7071 -14
    endloop
  endfacet
  facet normal 0.869224 0.217612 -0.443954
    outer loop
      vertex -28.8661 -26.8694 -14
      vertex -28.9373 -26.585 -14
      vertex -27.6746 -26.508 -11.49
    endloop
  endfacet
  facet normal 0.809946 0.383272 -0.443948
    outer loop
      vertex -28.6417 -27.4112 -14
      vertex -28.7671 -27.1462 -14
      vertex -27.6168 -26.6697 -11.49
    endloop
  endfacet
  facet normal -0.0436955 0.894995 -0.443932
    outer loop
      vertex -25.7071 -28.9807 -14
      vertex -26 -28.995 -14
      vertex -26 -27.75 -11.49
    endloop
  endfacet
  facet normal 0.810037 0.383097 -0.443934
    outer loop
      vertex -27.5434 -26.8249 -11.49
      vertex -28.6417 -27.4112 -14
      vertex -27.6168 -26.6697 -11.49
    endloop
  endfacet
  facet normal 0.82401 0.353147 -0.443052
    outer loop
      vertex -28.6417 -27.4112 -14
      vertex -27.5434 -26.8249 -11.49
      vertex -28.6414 -27.4119 -14
    endloop
  endfacet
  facet normal 0.843762 0.301604 -0.443961
    outer loop
      vertex -27.6168 -26.6697 -11.49
      vertex -28.8661 -26.8694 -14
      vertex -27.6746 -26.508 -11.49
    endloop
  endfacet
  facet normal 0.825766 0.3539 -0.439165
    outer loop
      vertex -28.8661 -26.8694 -14
      vertex -27.6168 -26.6697 -11.49
      vertex -28.8658 -26.8701 -14
    endloop
  endfacet
  facet normal 0.886377 0.131383 -0.443931
    outer loop
      vertex -28.9375 -26.5843 -14
      vertex -28.9805 -26.2942 -14
      vertex -27.7164 -26.3414 -11.49
    endloop
  endfacet
  facet normal 0.886366 0.131468 -0.443928
    outer loop
      vertex -27.7164 -26.3414 -11.49
      vertex -28.9806 -26.2936 -14
      vertex -27.7416 -26.1715 -11.49
    endloop
  endfacet
  facet normal 0.884482 0.147414 -0.442675
    outer loop
      vertex -28.9806 -26.2936 -14
      vertex -27.7164 -26.3414 -11.49
      vertex -28.9805 -26.2942 -14
    endloop
  endfacet
  facet normal 1 -0 0
    outer loop
      vertex 29.1 5.65 -10.5
      vertex 29.1 29.1 -14
      vertex 29.1 29.1 -10.5
    endloop
  endfacet
  facet normal 1 0 0
    outer loop
      vertex 29.1 29.1 -14
      vertex 29.1 5.65 -10.5
      vertex 29.1 5.65 -14
    endloop
  endfacet
  facet normal 1 -0 0
    outer loop
      vertex 29.1 -29.1 -10.5
      vertex 29.1 -5.65 -14
      vertex 29.1 -5.65 -10.5
    endloop
  endfacet
  facet normal 1 0 0
    outer loop
      vertex 29.1 -5.65 -14
      vertex 29.1 -29.1 -10.5
      vertex 29.1 -29.1 -14
    endloop
  endfacet
  facet normal -1 0 0
    outer loop
      vertex -29.1 5.65 -14
      vertex -29.1 29.1 -10.5
      vertex -29.1 29.1 -14
    endloop
  endfacet
  facet normal -1 -0 0
    outer loop
      vertex -29.1 29.1 -10.5
      vertex -29.1 5.65 -14
      vertex -29.1 5.65 -10.5
    endloop
  endfacet
  facet normal -1 0 0
    outer loop
      vertex -29.1 -29.1 -14
      vertex -29.1 -5.65 -10.5
      vertex -29.1 -5.65 -14
    endloop
  endfacet
  facet normal -1 -0 0
    outer loop
      vertex -29.1 -5.65 -10.5
      vertex -29.1 -29.1 -14
      vertex -29.1 -29.1 -10.5
    endloop
  endfacet
  facet normal 0 1 -0
    outer loop
      vertex -5.65 29.1 -14
      vertex -29.1 29.1 -10.5
      vertex -5.65 29.1 -10.5
    endloop
  endfacet
  facet normal 0 1 0
    outer loop
      vertex -29.1 29.1 -10.5
      vertex -5.65 29.1 -14
      vertex -29.1 29.1 -14
    endloop
  endfacet
  facet normal 0 1 -0
    outer loop
      vertex 29.1 29.1 -14
      vertex 5.65 29.1 -10.5
      vertex 29.1 29.1 -10.5
    endloop
  endfacet
  facet normal 0 1 0
    outer loop
      vertex 5.65 29.1 -10.5
      vertex 29.1 29.1 -14
      vertex 5.65 29.1 -14
    endloop
  endfacet
  facet normal 0 -1 0
    outer loop
      vertex -29.1 -29.1 -14
      vertex -5.65 -29.1 -10.5
      vertex -29.1 -29.1 -10.5
    endloop
  endfacet
  facet normal 0 -1 -0
    outer loop
      vertex -5.65 -29.1 -10.5
      vertex -29.1 -29.1 -14
      vertex -5.65 -29.1 -14
    endloop
  endfacet
  facet normal 0 -1 0
    outer loop
      vertex 5.65 -29.1 -14
      vertex 29.1 -29.1 -10.5
      vertex 5.65 -29.1 -10.5
    endloop
  endfacet
  facet normal 0 -1 -0
    outer loop
      vertex 29.1 -29.1 -10.5
      vertex 5.65 -29.1 -14
      vertex 29.1 -29.1 -14
    endloop
  endfacet
  facet normal 0.707107 0.707107 0
    outer loop
      vertex 17.713 16.2281 0
      vertex 19.8343 14.1068 0
      vertex 17.713 16.2281 -3.5
    endloop
  endfacet
  facet normal 0.707107 0.707107 -0
    outer loop
      vertex 16.2281 17.713 -3.5
      vertex 14.1068 19.8343 0
      vertex 16.2281 17.713 0
    endloop
  endfacet
  facet normal 0.707107 0.707107 0
    outer loop
      vertex 14.1068 19.8343 0
      vertex 16.2281 17.713 -3.5
      vertex 14.1068 19.8343 -7
    endloop
  endfacet
  facet normal 0.707107 0.707107 -7.25055e-16
    outer loop
      vertex 17.713 16.2281 -3.5
      vertex 14.1068 19.8343 -7
      vertex 16.2281 17.713 -3.5
    endloop
  endfacet
  facet normal 0.707107 0.707107 -6.89247e-16
    outer loop
      vertex 17.713 16.2281 -3.5
      vertex 19.8343 14.1068 -7
      vertex 14.1068 19.8343 -7
    endloop
  endfacet
  facet normal 0.707107 0.707107 -0
    outer loop
      vertex 19.8343 14.1068 -7
      vertex 17.713 16.2281 -3.5
      vertex 19.8343 14.1068 0
    endloop
  endfacet
  facet normal 0 0 1
    outer loop
      vertex 17.713 16.2281 0
      vertex -14.1068 -19.8343 0
      vertex 19.8343 14.1068 0
    endloop
  endfacet
  facet normal 0 -0 1
    outer loop
      vertex -14.1068 -19.8343 0
      vertex 17.713 16.2281 0
      vertex -16.2281 -17.713 0
    endloop
  endfacet
  facet normal 0 0 1
    outer loop
      vertex 22.4 22.4 -7
      vertex 19.8343 14.1068 -7
      vertex 22.4 -22.4 -7
    endloop
  endfacet
  facet normal 0 0 1
    outer loop
      vertex 22.4 22.4 -7
      vertex 14.1068 19.8343 -7
      vertex 19.8343 14.1068 -7
    endloop
  endfacet
  facet normal 0 0 1
    outer loop
      vertex 14.1068 19.8343 -7
      vertex -22.4 22.4 -7
      vertex -19.8343 -14.1068 -7
    endloop
  endfacet
  facet normal -0 0 1
    outer loop
      vertex -22.4 22.4 -7
      vertex 14.1068 19.8343 -7
      vertex 22.4 22.4 -7
    endloop
  endfacet
  facet normal -0 0 1
    outer loop
      vertex -14.1068 -19.8343 -7
      vertex 22.4 -22.4 -7
      vertex 19.8343 14.1068 -7
    endloop
  endfacet
  facet normal 0 0 1
    outer loop
      vertex -14.1068 -19.8343 -7
      vertex -22.4 -22.4 -7
      vertex 22.4 -22.4 -7
    endloop
  endfacet
  facet normal 0 0 1
    outer loop
      vertex -19.8343 -14.1068 -7
      vertex -22.4 -22.4 -7
      vertex -14.1068 -19.8343 -7
    endloop
  endfacet
  facet normal 0 0 1
    outer loop
      vertex -22.4 -22.4 -7
      vertex -19.8343 -14.1068 -7
      vertex -22.4 22.4 -7
    endloop
  endfacet
  facet normal -0.707107 -0.707107 0
    outer loop
      vertex -19.8343 -14.1068 -7
      vertex -17.713 -16.2281 -3.5
      vertex -19.8343 -14.1068 0
    endloop
  endfacet
  facet normal -0.707107 -0.707107 -7.25055e-16
    outer loop
      vertex -19.8343 -14.1068 -7
      vertex -16.2281 -17.713 -3.5
      vertex -17.713 -16.2281 -3.5
    endloop
  endfacet
  facet normal -0.707107 -0.707107 -6.89247e-16
    outer loop
      vertex -14.1068 -19.8343 -7
      vertex -16.2281 -17.713 -3.5
      vertex -19.8343 -14.1068 -7
    endloop
  endfacet
  facet normal -0.707107 -0.707107 -0
    outer loop
      vertex -14.1068 -19.8343 0
      vertex -16.2281 -17.713 -3.5
      vertex -14.1068 -19.8343 -7
    endloop
  endfacet
  facet normal -0.707107 -0.707107 0
    outer loop
      vertex -16.2281 -17.713 -3.5
      vertex -14.1068 -19.8343 0
      vertex -16.2281 -17.713 0
    endloop
  endfacet
  facet normal -0.707107 -0.707107 0
    outer loop
      vertex -19.8343 -14.1068 0
      vertex -17.713 -16.2281 -3.5
      vertex -17.713 -16.2281 0
    endloop
  endfacet
  facet normal -0.707107 0.707107 0
    outer loop
      vertex -16.2281 -17.713 -3.5
      vertex 17.713 16.2281 0
      vertex 17.713 16.2281 -3.5
    endloop
  endfacet
  facet normal -0.707107 0.707107 0
    outer loop
      vertex 17.713 16.2281 0
      vertex -16.2281 -17.713 -3.5
      vertex -16.2281 -17.713 0
    endloop
  endfacet
  facet normal 0.707107 -0.707107 0
    outer loop
      vertex -14.1068 -19.8343 0
      vertex 19.8343 14.1068 -7
      vertex 19.8343 14.1068 0
    endloop
  endfacet
  facet normal 0.707107 -0.707107 0
    outer loop
      vertex 19.8343 14.1068 -7
      vertex -14.1068 -19.8343 0
      vertex -14.1068 -19.8343 -7
    endloop
  endfacet
  facet normal 0 0 1
    outer loop
      vertex 14.1068 19.8343 0
      vertex -17.713 -16.2281 0
      vertex 16.2281 17.713 0
    endloop
  endfacet
  facet normal 0 -0 1
    outer loop
      vertex -17.713 -16.2281 0
      vertex 14.1068 19.8343 0
      vertex -19.8343 -14.1068 0
    endloop
  endfacet
  facet normal -0.707107 0.707107 0
    outer loop
      vertex -19.8343 -14.1068 -7
      vertex 14.1068 19.8343 0
      vertex 14.1068 19.8343 -7
    endloop
  endfacet
  facet normal -0.707107 0.707107 0
    outer loop
      vertex 14.1068 19.8343 0
      vertex -19.8343 -14.1068 -7
      vertex -19.8343 -14.1068 0
    endloop
  endfacet
  facet normal 0.707107 -0.707107 0
    outer loop
      vertex -17.713 -16.2281 0
      vertex 16.2281 17.713 -3.5
      vertex 16.2281 17.713 0
    endloop
  endfacet
  facet normal 0.707107 -0.707107 0
    outer loop
      vertex 16.2281 17.713 -3.5
      vertex -17.713 -16.2281 0
      vertex -17.713 -16.2281 -3.5
    endloop
  endfacet
  facet normal 0 0 1
    outer loop
      vertex 16.2281 17.713 -3.5
      vertex -16.2281 -17.713 -3.5
      vertex 17.713 16.2281 -3.5
    endloop
  endfacet
  facet normal 0 -0 1
    outer loop
      vertex -16.2281 -17.713 -3.5
      vertex 16.2281 17.713 -3.5
      vertex -17.713 -16.2281 -3.5
    endloop
  endfacet
  facet normal 1 -0 0
    outer loop
      vertex 22.4 -22.4 -7
      vertex 22.4 22.4 -10.5
      vertex 22.4 22.4 -7
    endloop
  endfacet
  facet normal 1 0 0
    outer loop
      vertex 22.4 22.4 -10.5
      vertex 22.4 -22.4 -7
      vertex 22.4 -22.4 -10.5
    endloop
  endfacet
  facet normal -1 0 0
    outer loop
      vertex -22.4 -22.4 -10.5
      vertex -22.4 22.4 -7
      vertex -22.4 22.4 -10.5
    endloop
  endfacet
  facet normal -1 -0 0
    outer loop
      vertex -22.4 22.4 -7
      vertex -22.4 -22.4 -10.5
      vertex -22.4 -22.4 -7
    endloop
  endfacet
  facet normal 0 1 -0
    outer loop
      vertex 22.4 22.4 -10.5
      vertex -22.4 22.4 -7
      vertex 22.4 22.4 -7
    endloop
  endfacet
  facet normal 0 1 0
    outer loop
      vertex -22.4 22.4 -7
      vertex 22.4 22.4 -10.5
      vertex -22.4 22.4 -10.5
    endloop
  endfacet
  facet normal 0 -1 0
    outer loop
      vertex -22.4 -22.4 -10.5
      vertex 22.4 -22.4 -7
      vertex -22.4 -22.4 -7
    endloop
  endfacet
  facet normal 0 -1 -0
    outer loop
      vertex 22.4 -22.4 -7
      vertex -22.4 -22.4 -10.5
      vertex 22.4 -22.4 -10.5
    endloop
  endfacet
endsolid OpenSCAD_Model
