solid OpenSCAD_Model
  facet normal 0.0489126 -0.998803 0
    outer loop
      vertex -0.147025 22.4928 0
      vertex 0 22.5 3
      vertex -0.147025 22.4928 3
    endloop
  endfacet
  facet normal 0.0489126 -0.998803 0
    outer loop
      vertex 0 22.5 3
      vertex -0.147025 22.4928 0
      vertex 0 22.5 0
    endloop
  endfacet
  facet normal -0.998796 -0.0490565 0
    outer loop
      vertex 1.5 21 0
      vertex 1.49278 21.147 3
      vertex 1.49278 21.147 0
    endloop
  endfacet
  facet normal -0.998796 -0.0490565 0
    outer loop
      vertex 1.49278 21.147 3
      vertex 1.5 21 0
      vertex 1.5 21 3
    endloop
  endfacet
  facet normal 0.741027 -0.671475 0
    outer loop
      vertex -1.15952 21.9516 3
      vertex -1.06066 22.0607 0
      vertex -1.06066 22.0607 3
    endloop
  endfacet
  facet normal 0.741027 -0.671475 0
    outer loop
      vertex -1.06066 22.0607 0
      vertex -1.15952 21.9516 3
      vertex -1.15952 21.9516 0
    endloop
  endfacet
  facet normal 0.671353 0.741138 -0
    outer loop
      vertex -0.95159 19.8405 0
      vertex -1.06066 19.9393 3
      vertex -0.95159 19.8405 3
    endloop
  endfacet
  facet normal 0.671353 0.741138 0
    outer loop
      vertex -1.06066 19.9393 3
      vertex -0.95159 19.8405 0
      vertex -1.06066 19.9393 0
    endloop
  endfacet
  facet normal -0.514213 -0.857662 0
    outer loop
      vertex 0.707094 22.3229 0
      vertex 0.833355 22.2472 3
      vertex 0.707094 22.3229 3
    endloop
  endfacet
  facet normal -0.514213 -0.857662 -0
    outer loop
      vertex 0.833355 22.2472 3
      vertex 0.707094 22.3229 0
      vertex 0.833355 22.2472 0
    endloop
  endfacet
  facet normal 0.427347 -0.904088 0
    outer loop
      vertex -0.707094 22.3229 0
      vertex -0.574024 22.3858 3
      vertex -0.707094 22.3229 3
    endloop
  endfacet
  facet normal 0.427347 -0.904088 0
    outer loop
      vertex -0.574024 22.3858 3
      vertex -0.707094 22.3229 0
      vertex -0.574024 22.3858 0
    endloop
  endfacet
  facet normal 0.941548 -0.336879 0
    outer loop
      vertex -1.43541 21.4354 3
      vertex -1.38582 21.574 0
      vertex -1.38582 21.574 3
    endloop
  endfacet
  facet normal 0.941548 -0.336879 0
    outer loop
      vertex -1.38582 21.574 0
      vertex -1.43541 21.4354 3
      vertex -1.43541 21.4354 0
    endloop
  endfacet
  facet normal 0.857792 -0.513996 0
    outer loop
      vertex -1.32288 21.7071 3
      vertex -1.2472 21.8334 0
      vertex -1.2472 21.8334 3
    endloop
  endfacet
  facet normal 0.857792 -0.513996 0
    outer loop
      vertex -1.2472 21.8334 0
      vertex -1.32288 21.7071 3
      vertex -1.32288 21.7071 0
    endloop
  endfacet
  facet normal -0.146736 -0.989176 0
    outer loop
      vertex 0.147025 22.4928 0
      vertex 0.292635 22.4712 3
      vertex 0.147025 22.4928 3
    endloop
  endfacet
  facet normal -0.146736 -0.989176 -0
    outer loop
      vertex 0.292635 22.4712 3
      vertex 0.147025 22.4928 0
      vertex 0.292635 22.4712 0
    endloop
  endfacet
  facet normal -0.941548 -0.336879 0
    outer loop
      vertex 1.43541 21.4354 0
      vertex 1.38582 21.574 3
      vertex 1.38582 21.574 0
    endloop
  endfacet
  facet normal -0.941548 -0.336879 0
    outer loop
      vertex 1.38582 21.574 3
      vertex 1.43541 21.4354 0
      vertex 1.43541 21.4354 3
    endloop
  endfacet
  facet normal -0.90402 -0.427491 0
    outer loop
      vertex 1.38582 21.574 0
      vertex 1.32288 21.7071 3
      vertex 1.32288 21.7071 0
    endloop
  endfacet
  facet normal -0.90402 -0.427491 0
    outer loop
      vertex 1.32288 21.7071 3
      vertex 1.38582 21.574 0
      vertex 1.38582 21.574 3
    endloop
  endfacet
  facet normal 0.243188 -0.969979 0
    outer loop
      vertex -0.435427 22.4354 0
      vertex -0.292635 22.4712 3
      vertex -0.435427 22.4354 3
    endloop
  endfacet
  facet normal 0.243188 -0.969979 0
    outer loop
      vertex -0.292635 22.4712 3
      vertex -0.435427 22.4354 0
      vertex -0.292635 22.4712 0
    endloop
  endfacet
  facet normal 0.146736 -0.989176 0
    outer loop
      vertex -0.292635 22.4712 0
      vertex -0.147025 22.4928 3
      vertex -0.292635 22.4712 3
    endloop
  endfacet
  facet normal 0.146736 -0.989176 0
    outer loop
      vertex -0.147025 22.4928 3
      vertex -0.292635 22.4712 0
      vertex -0.147025 22.4928 0
    endloop
  endfacet
  facet normal 0.336945 -0.941524 0
    outer loop
      vertex -0.574024 22.3858 0
      vertex -0.435427 22.4354 3
      vertex -0.574024 22.3858 3
    endloop
  endfacet
  facet normal 0.336945 -0.941524 0
    outer loop
      vertex -0.435427 22.4354 3
      vertex -0.574024 22.3858 0
      vertex -0.435427 22.4354 0
    endloop
  endfacet
  facet normal 0.595747 -0.803172 0
    outer loop
      vertex -0.95159 22.1595 0
      vertex -0.833355 22.2472 3
      vertex -0.95159 22.1595 3
    endloop
  endfacet
  facet normal 0.595747 -0.803172 0
    outer loop
      vertex -0.833355 22.2472 3
      vertex -0.95159 22.1595 0
      vertex -0.833355 22.2472 0
    endloop
  endfacet
  facet normal 0.671353 -0.741138 0
    outer loop
      vertex -1.06066 22.0607 0
      vertex -0.95159 22.1595 3
      vertex -1.06066 22.0607 3
    endloop
  endfacet
  facet normal 0.671353 -0.741138 0
    outer loop
      vertex -0.95159 22.1595 3
      vertex -1.06066 22.0607 0
      vertex -0.95159 22.1595 0
    endloop
  endfacet
  facet normal 0.514213 -0.857662 0
    outer loop
      vertex -0.833355 22.2472 0
      vertex -0.707094 22.3229 3
      vertex -0.833355 22.2472 3
    endloop
  endfacet
  facet normal 0.514213 -0.857662 0
    outer loop
      vertex -0.707094 22.3229 3
      vertex -0.833355 22.2472 0
      vertex -0.707094 22.3229 0
    endloop
  endfacet
  facet normal 0.989174 -0.146746 0
    outer loop
      vertex -1.49278 21.147 3
      vertex -1.47118 21.2926 0
      vertex -1.47118 21.2926 3
    endloop
  endfacet
  facet normal 0.989174 -0.146746 0
    outer loop
      vertex -1.47118 21.2926 0
      vertex -1.49278 21.147 3
      vertex -1.49278 21.147 0
    endloop
  endfacet
  facet normal 0.970031 -0.242983 0
    outer loop
      vertex -1.47118 21.2926 3
      vertex -1.43541 21.4354 0
      vertex -1.43541 21.4354 3
    endloop
  endfacet
  facet normal 0.970031 -0.242983 0
    outer loop
      vertex -1.43541 21.4354 0
      vertex -1.47118 21.2926 3
      vertex -1.47118 21.2926 0
    endloop
  endfacet
  facet normal 0.998796 -0.0490565 0
    outer loop
      vertex -1.5 21 3
      vertex -1.49278 21.147 0
      vertex -1.49278 21.147 3
    endloop
  endfacet
  facet normal 0.998796 -0.0490565 0
    outer loop
      vertex -1.49278 21.147 0
      vertex -1.5 21 3
      vertex -1.5 21 0
    endloop
  endfacet
  facet normal 0.90402 -0.427491 0
    outer loop
      vertex -1.38582 21.574 3
      vertex -1.32288 21.7071 0
      vertex -1.32288 21.7071 3
    endloop
  endfacet
  facet normal 0.90402 -0.427491 0
    outer loop
      vertex -1.32288 21.7071 0
      vertex -1.38582 21.574 3
      vertex -1.38582 21.574 0
    endloop
  endfacet
  facet normal 0.803153 -0.595773 0
    outer loop
      vertex -1.2472 21.8334 3
      vertex -1.15952 21.9516 0
      vertex -1.15952 21.9516 3
    endloop
  endfacet
  facet normal 0.803153 -0.595773 0
    outer loop
      vertex -1.15952 21.9516 0
      vertex -1.2472 21.8334 3
      vertex -1.2472 21.8334 0
    endloop
  endfacet
  facet normal 0.595747 0.803172 -0
    outer loop
      vertex -0.833355 19.7528 0
      vertex -0.95159 19.8405 3
      vertex -0.833355 19.7528 3
    endloop
  endfacet
  facet normal 0.595747 0.803172 0
    outer loop
      vertex -0.95159 19.8405 3
      vertex -0.833355 19.7528 0
      vertex -0.95159 19.8405 0
    endloop
  endfacet
  facet normal 0.427347 0.904088 -0
    outer loop
      vertex -0.574024 19.6142 0
      vertex -0.707094 19.6771 3
      vertex -0.574024 19.6142 3
    endloop
  endfacet
  facet normal 0.427347 0.904088 0
    outer loop
      vertex -0.707094 19.6771 3
      vertex -0.574024 19.6142 0
      vertex -0.707094 19.6771 0
    endloop
  endfacet
  facet normal 0.243188 0.969979 -0
    outer loop
      vertex -0.292635 19.5288 0
      vertex -0.435427 19.5646 3
      vertex -0.292635 19.5288 3
    endloop
  endfacet
  facet normal 0.243188 0.969979 0
    outer loop
      vertex -0.435427 19.5646 3
      vertex -0.292635 19.5288 0
      vertex -0.435427 19.5646 0
    endloop
  endfacet
  facet normal 0.0489126 0.998803 -0
    outer loop
      vertex 0 19.5 0
      vertex -0.147025 19.5072 3
      vertex 0 19.5 3
    endloop
  endfacet
  facet normal 0.0489126 0.998803 0
    outer loop
      vertex -0.147025 19.5072 3
      vertex 0 19.5 0
      vertex -0.147025 19.5072 0
    endloop
  endfacet
  facet normal 0.857792 0.513996 0
    outer loop
      vertex -1.2472 20.1666 3
      vertex -1.32288 20.2929 0
      vertex -1.32288 20.2929 3
    endloop
  endfacet
  facet normal 0.857792 0.513996 0
    outer loop
      vertex -1.32288 20.2929 0
      vertex -1.2472 20.1666 3
      vertex -1.2472 20.1666 0
    endloop
  endfacet
  facet normal 0.741027 0.671475 0
    outer loop
      vertex -1.06066 19.9393 3
      vertex -1.15952 20.0484 0
      vertex -1.15952 20.0484 3
    endloop
  endfacet
  facet normal 0.741027 0.671475 0
    outer loop
      vertex -1.15952 20.0484 0
      vertex -1.06066 19.9393 3
      vertex -1.06066 19.9393 0
    endloop
  endfacet
  facet normal 0.941548 0.336879 0
    outer loop
      vertex -1.38582 20.426 3
      vertex -1.43541 20.5646 0
      vertex -1.43541 20.5646 3
    endloop
  endfacet
  facet normal 0.941548 0.336879 0
    outer loop
      vertex -1.43541 20.5646 0
      vertex -1.38582 20.426 3
      vertex -1.38582 20.426 0
    endloop
  endfacet
  facet normal 0.989174 0.146746 0
    outer loop
      vertex -1.47118 20.7074 3
      vertex -1.49278 20.853 0
      vertex -1.49278 20.853 3
    endloop
  endfacet
  facet normal 0.989174 0.146746 0
    outer loop
      vertex -1.49278 20.853 0
      vertex -1.47118 20.7074 3
      vertex -1.47118 20.7074 0
    endloop
  endfacet
  facet normal -0.0489126 -0.998803 0
    outer loop
      vertex 0 22.5 0
      vertex 0.147025 22.4928 3
      vertex 0 22.5 3
    endloop
  endfacet
  facet normal -0.0489126 -0.998803 -0
    outer loop
      vertex 0.147025 22.4928 3
      vertex 0 22.5 0
      vertex 0.147025 22.4928 0
    endloop
  endfacet
  facet normal -0.671353 -0.741138 0
    outer loop
      vertex 0.95159 22.1595 0
      vertex 1.06066 22.0607 3
      vertex 0.95159 22.1595 3
    endloop
  endfacet
  facet normal -0.671353 -0.741138 -0
    outer loop
      vertex 1.06066 22.0607 3
      vertex 0.95159 22.1595 0
      vertex 1.06066 22.0607 0
    endloop
  endfacet
  facet normal -0.336945 -0.941524 0
    outer loop
      vertex 0.435427 22.4354 0
      vertex 0.574024 22.3858 3
      vertex 0.435427 22.4354 3
    endloop
  endfacet
  facet normal -0.336945 -0.941524 -0
    outer loop
      vertex 0.574024 22.3858 3
      vertex 0.435427 22.4354 0
      vertex 0.574024 22.3858 0
    endloop
  endfacet
  facet normal -0.803153 0.595773 0
    outer loop
      vertex 1.15952 20.0484 0
      vertex 1.2472 20.1666 3
      vertex 1.2472 20.1666 0
    endloop
  endfacet
  facet normal -0.803153 0.595773 0
    outer loop
      vertex 1.2472 20.1666 3
      vertex 1.15952 20.0484 0
      vertex 1.15952 20.0484 3
    endloop
  endfacet
  facet normal -0.514213 0.857662 0
    outer loop
      vertex 0.833355 19.7528 0
      vertex 0.707094 19.6771 3
      vertex 0.833355 19.7528 3
    endloop
  endfacet
  facet normal -0.514213 0.857662 0
    outer loop
      vertex 0.707094 19.6771 3
      vertex 0.833355 19.7528 0
      vertex 0.707094 19.6771 0
    endloop
  endfacet
  facet normal -0.671353 0.741138 0
    outer loop
      vertex 1.06066 19.9393 0
      vertex 0.95159 19.8405 3
      vertex 1.06066 19.9393 3
    endloop
  endfacet
  facet normal -0.671353 0.741138 0
    outer loop
      vertex 0.95159 19.8405 3
      vertex 1.06066 19.9393 0
      vertex 0.95159 19.8405 0
    endloop
  endfacet
  facet normal 0.998796 0.0490565 0
    outer loop
      vertex -1.49278 20.853 3
      vertex -1.5 21 0
      vertex -1.5 21 3
    endloop
  endfacet
  facet normal 0.998796 0.0490565 0
    outer loop
      vertex -1.5 21 0
      vertex -1.49278 20.853 3
      vertex -1.49278 20.853 0
    endloop
  endfacet
  facet normal 0.514213 0.857662 -0
    outer loop
      vertex -0.707094 19.6771 0
      vertex -0.833355 19.7528 3
      vertex -0.707094 19.6771 3
    endloop
  endfacet
  facet normal 0.514213 0.857662 0
    outer loop
      vertex -0.833355 19.7528 3
      vertex -0.707094 19.6771 0
      vertex -0.833355 19.7528 0
    endloop
  endfacet
  facet normal 0.336945 0.941524 -0
    outer loop
      vertex -0.435427 19.5646 0
      vertex -0.574024 19.6142 3
      vertex -0.435427 19.5646 3
    endloop
  endfacet
  facet normal 0.336945 0.941524 0
    outer loop
      vertex -0.574024 19.6142 3
      vertex -0.435427 19.5646 0
      vertex -0.574024 19.6142 0
    endloop
  endfacet
  facet normal 0.146736 0.989176 -0
    outer loop
      vertex -0.147025 19.5072 0
      vertex -0.292635 19.5288 3
      vertex -0.147025 19.5072 3
    endloop
  endfacet
  facet normal 0.146736 0.989176 0
    outer loop
      vertex -0.292635 19.5288 3
      vertex -0.147025 19.5072 0
      vertex -0.292635 19.5288 0
    endloop
  endfacet
  facet normal -0.0489126 0.998803 0
    outer loop
      vertex 0.147025 19.5072 0
      vertex 0 19.5 3
      vertex 0.147025 19.5072 3
    endloop
  endfacet
  facet normal -0.0489126 0.998803 0
    outer loop
      vertex 0 19.5 3
      vertex 0.147025 19.5072 0
      vertex 0 19.5 0
    endloop
  endfacet
  facet normal 0.803153 0.595773 0
    outer loop
      vertex -1.15952 20.0484 3
      vertex -1.2472 20.1666 0
      vertex -1.2472 20.1666 3
    endloop
  endfacet
  facet normal 0.803153 0.595773 0
    outer loop
      vertex -1.2472 20.1666 0
      vertex -1.15952 20.0484 3
      vertex -1.15952 20.0484 0
    endloop
  endfacet
  facet normal 0.90402 0.427491 0
    outer loop
      vertex -1.32288 20.2929 3
      vertex -1.38582 20.426 0
      vertex -1.38582 20.426 3
    endloop
  endfacet
  facet normal 0.90402 0.427491 0
    outer loop
      vertex -1.38582 20.426 0
      vertex -1.32288 20.2929 3
      vertex -1.32288 20.2929 0
    endloop
  endfacet
  facet normal 0.970031 0.242983 0
    outer loop
      vertex -1.43541 20.5646 3
      vertex -1.47118 20.7074 0
      vertex -1.47118 20.7074 3
    endloop
  endfacet
  facet normal 0.970031 0.242983 0
    outer loop
      vertex -1.47118 20.7074 0
      vertex -1.43541 20.5646 3
      vertex -1.43541 20.5646 0
    endloop
  endfacet
  facet normal -0.243188 -0.969979 0
    outer loop
      vertex 0.292635 22.4712 0
      vertex 0.435427 22.4354 3
      vertex 0.292635 22.4712 3
    endloop
  endfacet
  facet normal -0.243188 -0.969979 -0
    outer loop
      vertex 0.435427 22.4354 3
      vertex 0.292635 22.4712 0
      vertex 0.435427 22.4354 0
    endloop
  endfacet
  facet normal -0.427347 -0.904088 0
    outer loop
      vertex 0.574024 22.3858 0
      vertex 0.707094 22.3229 3
      vertex 0.574024 22.3858 3
    endloop
  endfacet
  facet normal -0.427347 -0.904088 -0
    outer loop
      vertex 0.707094 22.3229 3
      vertex 0.574024 22.3858 0
      vertex 0.707094 22.3229 0
    endloop
  endfacet
  facet normal -0.595747 -0.803172 0
    outer loop
      vertex 0.833355 22.2472 0
      vertex 0.95159 22.1595 3
      vertex 0.833355 22.2472 3
    endloop
  endfacet
  facet normal -0.595747 -0.803172 -0
    outer loop
      vertex 0.95159 22.1595 3
      vertex 0.833355 22.2472 0
      vertex 0.95159 22.1595 0
    endloop
  endfacet
  facet normal -0.741027 0.671475 0
    outer loop
      vertex 1.06066 19.9393 0
      vertex 1.15952 20.0484 3
      vertex 1.15952 20.0484 0
    endloop
  endfacet
  facet normal -0.741027 0.671475 0
    outer loop
      vertex 1.15952 20.0484 3
      vertex 1.06066 19.9393 0
      vertex 1.06066 19.9393 3
    endloop
  endfacet
  facet normal -0.336945 0.941524 0
    outer loop
      vertex 0.574024 19.6142 0
      vertex 0.435427 19.5646 3
      vertex 0.574024 19.6142 3
    endloop
  endfacet
  facet normal -0.336945 0.941524 0
    outer loop
      vertex 0.435427 19.5646 3
      vertex 0.574024 19.6142 0
      vertex 0.435427 19.5646 0
    endloop
  endfacet
  facet normal -0.427347 0.904088 0
    outer loop
      vertex 0.707094 19.6771 0
      vertex 0.574024 19.6142 3
      vertex 0.707094 19.6771 3
    endloop
  endfacet
  facet normal -0.427347 0.904088 0
    outer loop
      vertex 0.574024 19.6142 3
      vertex 0.707094 19.6771 0
      vertex 0.574024 19.6142 0
    endloop
  endfacet
  facet normal -0.998796 0.0490565 0
    outer loop
      vertex 1.49278 20.853 0
      vertex 1.5 21 3
      vertex 1.5 21 0
    endloop
  endfacet
  facet normal -0.998796 0.0490565 0
    outer loop
      vertex 1.5 21 3
      vertex 1.49278 20.853 0
      vertex 1.49278 20.853 3
    endloop
  endfacet
  facet normal -0.90402 0.427491 0
    outer loop
      vertex 1.32288 20.2929 0
      vertex 1.38582 20.426 3
      vertex 1.38582 20.426 0
    endloop
  endfacet
  facet normal -0.90402 0.427491 0
    outer loop
      vertex 1.38582 20.426 3
      vertex 1.32288 20.2929 0
      vertex 1.32288 20.2929 3
    endloop
  endfacet
  facet normal -0.595747 0.803172 0
    outer loop
      vertex 0.95159 19.8405 0
      vertex 0.833355 19.7528 3
      vertex 0.95159 19.8405 3
    endloop
  endfacet
  facet normal -0.595747 0.803172 0
    outer loop
      vertex 0.833355 19.7528 3
      vertex 0.95159 19.8405 0
      vertex 0.833355 19.7528 0
    endloop
  endfacet
  facet normal -0.243188 0.969979 0
    outer loop
      vertex 0.435427 19.5646 0
      vertex 0.292635 19.5288 3
      vertex 0.435427 19.5646 3
    endloop
  endfacet
  facet normal -0.243188 0.969979 0
    outer loop
      vertex 0.292635 19.5288 3
      vertex 0.435427 19.5646 0
      vertex 0.292635 19.5288 0
    endloop
  endfacet
  facet normal -0.146736 0.989176 0
    outer loop
      vertex 0.292635 19.5288 0
      vertex 0.147025 19.5072 3
      vertex 0.292635 19.5288 3
    endloop
  endfacet
  facet normal -0.146736 0.989176 0
    outer loop
      vertex 0.147025 19.5072 3
      vertex 0.292635 19.5288 0
      vertex 0.147025 19.5072 0
    endloop
  endfacet
  facet normal -0.970031 -0.242983 0
    outer loop
      vertex 1.47118 21.2926 0
      vertex 1.43541 21.4354 3
      vertex 1.43541 21.4354 0
    endloop
  endfacet
  facet normal -0.970031 -0.242983 0
    outer loop
      vertex 1.43541 21.4354 3
      vertex 1.47118 21.2926 0
      vertex 1.47118 21.2926 3
    endloop
  endfacet
  facet normal -0.989174 -0.146746 0
    outer loop
      vertex 1.49278 21.147 0
      vertex 1.47118 21.2926 3
      vertex 1.47118 21.2926 0
    endloop
  endfacet
  facet normal -0.989174 -0.146746 0
    outer loop
      vertex 1.47118 21.2926 3
      vertex 1.49278 21.147 0
      vertex 1.49278 21.147 3
    endloop
  endfacet
  facet normal -0.741027 -0.671475 0
    outer loop
      vertex 1.15952 21.9516 0
      vertex 1.06066 22.0607 3
      vertex 1.06066 22.0607 0
    endloop
  endfacet
  facet normal -0.741027 -0.671475 0
    outer loop
      vertex 1.06066 22.0607 3
      vertex 1.15952 21.9516 0
      vertex 1.15952 21.9516 3
    endloop
  endfacet
  facet normal -0.803153 -0.595773 0
    outer loop
      vertex 1.2472 21.8334 0
      vertex 1.15952 21.9516 3
      vertex 1.15952 21.9516 0
    endloop
  endfacet
  facet normal -0.803153 -0.595773 0
    outer loop
      vertex 1.15952 21.9516 3
      vertex 1.2472 21.8334 0
      vertex 1.2472 21.8334 3
    endloop
  endfacet
  facet normal -0.857792 -0.513996 0
    outer loop
      vertex 1.32288 21.7071 0
      vertex 1.2472 21.8334 3
      vertex 1.2472 21.8334 0
    endloop
  endfacet
  facet normal -0.857792 -0.513996 0
    outer loop
      vertex 1.2472 21.8334 3
      vertex 1.32288 21.7071 0
      vertex 1.32288 21.7071 3
    endloop
  endfacet
  facet normal -0.989174 0.146746 0
    outer loop
      vertex 1.47118 20.7074 0
      vertex 1.49278 20.853 3
      vertex 1.49278 20.853 0
    endloop
  endfacet
  facet normal -0.989174 0.146746 0
    outer loop
      vertex 1.49278 20.853 3
      vertex 1.47118 20.7074 0
      vertex 1.47118 20.7074 3
    endloop
  endfacet
  facet normal -0.970031 0.242983 0
    outer loop
      vertex 1.43541 20.5646 0
      vertex 1.47118 20.7074 3
      vertex 1.47118 20.7074 0
    endloop
  endfacet
  facet normal -0.970031 0.242983 0
    outer loop
      vertex 1.47118 20.7074 3
      vertex 1.43541 20.5646 0
      vertex 1.43541 20.5646 3
    endloop
  endfacet
  facet normal -0.857792 0.513996 0
    outer loop
      vertex 1.2472 20.1666 0
      vertex 1.32288 20.2929 3
      vertex 1.32288 20.2929 0
    endloop
  endfacet
  facet normal -0.857792 0.513996 0
    outer loop
      vertex 1.32288 20.2929 3
      vertex 1.2472 20.1666 0
      vertex 1.2472 20.1666 3
    endloop
  endfacet
  facet normal -0.941548 0.336879 0
    outer loop
      vertex 1.38582 20.426 0
      vertex 1.43541 20.5646 3
      vertex 1.43541 20.5646 0
    endloop
  endfacet
  facet normal -0.941548 0.336879 0
    outer loop
      vertex 1.43541 20.5646 3
      vertex 1.38582 20.426 0
      vertex 1.38582 20.426 3
    endloop
  endfacet
  facet normal 0.840317 0.542096 0
    outer loop
      vertex -19.4058 -11.3737 3
      vertex -19.4856 -11.25 0
      vertex -19.4856 -11.25 3
    endloop
  endfacet
  facet normal 0.840317 0.542096 0
    outer loop
      vertex -19.4856 -11.25 0
      vertex -19.4058 -11.3737 3
      vertex -19.4058 -11.3737 0
    endloop
  endfacet
  facet normal -0.840357 -0.542034 0
    outer loop
      vertex -16.8875 -9.75 0
      vertex -16.9673 -9.62628 3
      vertex -16.9673 -9.62628 0
    endloop
  endfacet
  facet normal -0.840357 -0.542034 0
    outer loop
      vertex -16.9673 -9.62628 3
      vertex -16.8875 -9.75 0
      vertex -16.8875 -9.75 3
    endloop
  endfacet
  facet normal 0.541952 -0.840409 0
    outer loop
      vertex -19.0602 -9.28073 0
      vertex -18.9365 -9.20096 3
      vertex -19.0602 -9.28073 3
    endloop
  endfacet
  facet normal 0.541952 -0.840409 0
    outer loop
      vertex -18.9365 -9.20096 3
      vertex -19.0602 -9.28073 0
      vertex -18.9365 -9.20096 0
    endloop
  endfacet
  facet normal 0.999867 -0.0163022 0
    outer loop
      vertex -19.6857 -10.5491 3
      vertex -19.6833 -10.4019 0
      vertex -19.6833 -10.4019 3
    endloop
  endfacet
  facet normal 0.999867 -0.0163022 0
    outer loop
      vertex -19.6833 -10.4019 0
      vertex -19.6857 -10.5491 3
      vertex -19.6857 -10.5491 0
    endloop
  endfacet
  facet normal -0.179364 0.983783 0
    outer loop
      vertex -17.8459 -11.9608 0
      vertex -17.9907 -11.9872 3
      vertex -17.8459 -11.9608 3
    endloop
  endfacet
  facet normal -0.179364 0.983783 0
    outer loop
      vertex -17.9907 -11.9872 3
      vertex -17.8459 -11.9608 0
      vertex -17.9907 -11.9872 0
    endloop
  endfacet
  facet normal -0.983903 -0.178706 0
    outer loop
      vertex -16.6994 -10.3042 0
      vertex -16.7257 -10.1594 3
      vertex -16.7257 -10.1594 0
    endloop
  endfacet
  facet normal -0.983903 -0.178706 0
    outer loop
      vertex -16.7257 -10.1594 3
      vertex -16.6994 -10.3042 0
      vertex -16.6994 -10.3042 3
    endloop
  endfacet
  facet normal 0.930015 0.367522 0
    outer loop
      vertex -19.5528 -11.1191 3
      vertex -19.6069 -10.9822 0
      vertex -19.6069 -10.9822 3
    endloop
  endfacet
  facet normal 0.930015 0.367522 0
    outer loop
      vertex -19.6069 -10.9822 0
      vertex -19.5528 -11.1191 3
      vertex -19.5528 -11.1191 0
    endloop
  endfacet
  facet normal 0.762316 -0.647205 0
    outer loop
      vertex -19.3766 -9.58686 3
      vertex -19.2813 -9.47461 0
      vertex -19.2813 -9.47461 3
    endloop
  endfacet
  facet normal 0.762316 -0.647205 0
    outer loop
      vertex -19.2813 -9.47461 0
      vertex -19.3766 -9.58686 3
      vertex -19.3766 -9.58686 0
    endloop
  endfacet
  facet normal 0.8225 -0.568765 0
    outer loop
      vertex -19.4603 -9.7079 3
      vertex -19.3766 -9.58686 0
      vertex -19.3766 -9.58686 3
    endloop
  endfacet
  facet normal 0.8225 -0.568765 0
    outer loop
      vertex -19.3766 -9.58686 0
      vertex -19.4603 -9.7079 3
      vertex -19.4603 -9.7079 0
    endloop
  endfacet
  facet normal 0.783315 0.621625 0
    outer loop
      vertex -19.3143 -11.489 3
      vertex -19.4058 -11.3737 0
      vertex -19.4058 -11.3737 3
    endloop
  endfacet
  facet normal 0.783315 0.621625 0
    outer loop
      vertex -19.4058 -11.3737 0
      vertex -19.3143 -11.489 3
      vertex -19.3143 -11.489 0
    endloop
  endfacet
  facet normal 0.646977 0.762509 -0
    outer loop
      vertex -19.0997 -11.69 0
      vertex -19.2119 -11.5948 3
      vertex -19.0997 -11.69 3
    endloop
  endfacet
  facet normal 0.646977 0.762509 0
    outer loop
      vertex -19.2119 -11.5948 3
      vertex -19.0997 -11.69 0
      vertex -19.2119 -11.5948 0
    endloop
  endfacet
  facet normal 0.305811 0.952092 -0
    outer loop
      vertex -18.5748 -11.9489 0
      vertex -18.7149 -11.9039 3
      vertex -18.5748 -11.9489 3
    endloop
  endfacet
  facet normal 0.305811 0.952092 0
    outer loop
      vertex -18.7149 -11.9039 3
      vertex -18.5748 -11.9489 0
      vertex -18.7149 -11.9039 0
    endloop
  endfacet
  facet normal 0.485931 0.873997 -0
    outer loop
      vertex -18.85 -11.8453 0
      vertex -18.9786 -11.7738 3
      vertex -18.85 -11.8453 3
    endloop
  endfacet
  facet normal 0.485931 0.873997 0
    outer loop
      vertex -18.9786 -11.7738 3
      vertex -18.85 -11.8453 0
      vertex -18.9786 -11.7738 0
    endloop
  endfacet
  facet normal -0.274542 0.961575 0
    outer loop
      vertex -17.7044 -11.9204 0
      vertex -17.8459 -11.9608 3
      vertex -17.7044 -11.9204 3
    endloop
  endfacet
  facet normal -0.274542 0.961575 0
    outer loop
      vertex -17.8459 -11.9608 3
      vertex -17.7044 -11.9204 0
      vertex -17.8459 -11.9608 0
    endloop
  endfacet
  facet normal -0.456964 0.889485 0
    outer loop
      vertex -17.4365 -11.799 0
      vertex -17.5675 -11.8663 3
      vertex -17.4365 -11.799 3
    endloop
  endfacet
  facet normal -0.456964 0.889485 0
    outer loop
      vertex -17.5675 -11.8663 3
      vertex -17.4365 -11.799 0
      vertex -17.5675 -11.8663 0
    endloop
  endfacet
  facet normal -0.0814721 0.996676 0
    outer loop
      vertex -17.9907 -11.9872 0
      vertex -18.1375 -11.9992 3
      vertex -17.9907 -11.9872 3
    endloop
  endfacet
  facet normal -0.0814721 0.996676 0
    outer loop
      vertex -18.1375 -11.9992 3
      vertex -17.9907 -11.9872 0
      vertex -18.1375 -11.9992 0
    endloop
  endfacet
  facet normal 0.114083 0.993471 -0
    outer loop
      vertex -18.2846 -11.9968 0
      vertex -18.4309 -11.98 3
      vertex -18.2846 -11.9968 3
    endloop
  endfacet
  facet normal 0.114083 0.993471 0
    outer loop
      vertex -18.4309 -11.98 3
      vertex -18.2846 -11.9968 0
      vertex -18.4309 -11.98 0
    endloop
  endfacet
  facet normal -0.929978 -0.367615 0
    outer loop
      vertex -16.7661 -10.0178 0
      vertex -16.8202 -9.88094 3
      vertex -16.8202 -9.88094 0
    endloop
  endfacet
  facet normal -0.929978 -0.367615 0
    outer loop
      vertex -16.8202 -9.88094 3
      vertex -16.7661 -10.0178 0
      vertex -16.7661 -10.0178 3
    endloop
  endfacet
  facet normal -0.993385 0.11483 0
    outer loop
      vertex -16.7066 -10.7443 0
      vertex -16.6897 -10.5981 3
      vertex -16.6897 -10.5981 0
    endloop
  endfacet
  facet normal -0.993385 0.11483 0
    outer loop
      vertex -16.6897 -10.5981 3
      vertex -16.7066 -10.7443 0
      vertex -16.7066 -10.7443 3
    endloop
  endfacet
  facet normal -0.996616 -0.0822021 0
    outer loop
      vertex -16.6873 -10.4509 0
      vertex -16.6994 -10.3042 3
      vertex -16.6994 -10.3042 0
    endloop
  endfacet
  facet normal -0.996616 -0.0822021 0
    outer loop
      vertex -16.6994 -10.3042 3
      vertex -16.6873 -10.4509 0
      vertex -16.6873 -10.4509 3
    endloop
  endfacet
  facet normal -0.961626 -0.274362 0
    outer loop
      vertex -16.7257 -10.1594 0
      vertex -16.7661 -10.0178 3
      vertex -16.7661 -10.0178 0
    endloop
  endfacet
  facet normal -0.961626 -0.274362 0
    outer loop
      vertex -16.7661 -10.0178 3
      vertex -16.7257 -10.1594 0
      vertex -16.7257 -10.1594 3
    endloop
  endfacet
  facet normal -0.8894 -0.45713 0
    outer loop
      vertex -16.8202 -9.88094 0
      vertex -16.8875 -9.75 3
      vertex -16.8875 -9.75 0
    endloop
  endfacet
  facet normal -0.8894 -0.45713 0
    outer loop
      vertex -16.8875 -9.75 3
      vertex -16.8202 -9.88094 0
      vertex -16.8202 -9.88094 3
    endloop
  endfacet
  facet normal -0.874157 0.485643 0
    outer loop
      vertex -16.9127 -11.2921 0
      vertex -16.8412 -11.1634 3
      vertex -16.8412 -11.1634 0
    endloop
  endfacet
  facet normal -0.874157 0.485643 0
    outer loop
      vertex -16.8412 -11.1634 3
      vertex -16.9127 -11.2921 0
      vertex -16.9127 -11.2921 3
    endloop
  endfacet
  facet normal -0.951958 0.306229 0
    outer loop
      vertex -16.7827 -11.0284 0
      vertex -16.7376 -10.8882 3
      vertex -16.7376 -10.8882 0
    endloop
  endfacet
  facet normal -0.951958 0.306229 0
    outer loop
      vertex -16.7376 -10.8882 3
      vertex -16.7827 -11.0284 0
      vertex -16.7827 -11.0284 3
    endloop
  endfacet
  facet normal -0.762793 0.646642 0
    outer loop
      vertex -17.0917 -11.5254 0
      vertex -16.9965 -11.4131 3
      vertex -16.9965 -11.4131 0
    endloop
  endfacet
  facet normal -0.762793 0.646642 0
    outer loop
      vertex -16.9965 -11.4131 3
      vertex -17.0917 -11.5254 0
      vertex -17.0917 -11.5254 3
    endloop
  endfacet
  facet normal -0.621625 0.783315 0
    outer loop
      vertex -17.1975 -11.6278 0
      vertex -17.3128 -11.7193 3
      vertex -17.1975 -11.6278 3
    endloop
  endfacet
  facet normal -0.621625 0.783315 0
    outer loop
      vertex -17.3128 -11.7193 3
      vertex -17.1975 -11.6278 0
      vertex -17.3128 -11.7193 0
    endloop
  endfacet
  facet normal 0.889619 0.456703 0
    outer loop
      vertex -19.4856 -11.25 3
      vertex -19.5528 -11.1191 0
      vertex -19.5528 -11.1191 3
    endloop
  endfacet
  facet normal 0.889619 0.456703 0
    outer loop
      vertex -19.5528 -11.1191 0
      vertex -19.4856 -11.25 3
      vertex -19.4856 -11.25 0
    endloop
  endfacet
  facet normal 0.977433 -0.211245 0
    outer loop
      vertex -19.6665 -10.2557 3
      vertex -19.6354 -10.1118 0
      vertex -19.6354 -10.1118 3
    endloop
  endfacet
  facet normal 0.977433 -0.211245 0
    outer loop
      vertex -19.6354 -10.1118 0
      vertex -19.6665 -10.2557 3
      vertex -19.6665 -10.2557 0
    endloop
  endfacet
  facet normal -0.114294 -0.993447 0
    outer loop
      vertex -18.0884 -9.00321 0
      vertex -17.9422 -9.02003 3
      vertex -18.0884 -9.00321 3
    endloop
  endfacet
  facet normal -0.114294 -0.993447 -0
    outer loop
      vertex -17.9422 -9.02003 3
      vertex -18.0884 -9.00321 0
      vertex -17.9422 -9.02003 0
    endloop
  endfacet
  facet normal 0.718558 0.695467 0
    outer loop
      vertex -19.2119 -11.5948 3
      vertex -19.3143 -11.489 0
      vertex -19.3143 -11.489 3
    endloop
  endfacet
  facet normal 0.718558 0.695467 0
    outer loop
      vertex -19.3143 -11.489 0
      vertex -19.2119 -11.5948 3
      vertex -19.2119 -11.5948 0
    endloop
  endfacet
  facet normal 0.569033 0.822314 -0
    outer loop
      vertex -18.9786 -11.7738 0
      vertex -19.0997 -11.69 3
      vertex -18.9786 -11.7738 3
    endloop
  endfacet
  facet normal 0.569033 0.822314 0
    outer loop
      vertex -19.0997 -11.69 3
      vertex -18.9786 -11.7738 0
      vertex -19.0997 -11.69 0
    endloop
  endfacet
  facet normal 0.211245 0.977433 -0
    outer loop
      vertex -18.4309 -11.98 0
      vertex -18.5748 -11.9489 3
      vertex -18.4309 -11.98 3
    endloop
  endfacet
  facet normal 0.211245 0.977433 0
    outer loop
      vertex -18.5748 -11.9489 3
      vertex -18.4309 -11.98 0
      vertex -18.5748 -11.9489 0
    endloop
  endfacet
  facet normal 0.397931 0.917415 -0
    outer loop
      vertex -18.7149 -11.9039 0
      vertex -18.85 -11.8453 3
      vertex -18.7149 -11.9039 3
    endloop
  endfacet
  facet normal 0.397931 0.917415 0
    outer loop
      vertex -18.85 -11.8453 3
      vertex -18.7149 -11.9039 0
      vertex -18.85 -11.8453 0
    endloop
  endfacet
  facet normal -0.367522 0.930015 0
    outer loop
      vertex -17.5675 -11.8663 0
      vertex -17.7044 -11.9204 3
      vertex -17.5675 -11.8663 3
    endloop
  endfacet
  facet normal -0.367522 0.930015 0
    outer loop
      vertex -17.7044 -11.9204 3
      vertex -17.5675 -11.8663 0
      vertex -17.7044 -11.9204 0
    endloop
  endfacet
  facet normal -0.541616 0.840626 0
    outer loop
      vertex -17.3128 -11.7193 0
      vertex -17.4365 -11.799 3
      vertex -17.3128 -11.7193 3
    endloop
  endfacet
  facet normal -0.541616 0.840626 0
    outer loop
      vertex -17.4365 -11.799 3
      vertex -17.3128 -11.7193 0
      vertex -17.4365 -11.799 0
    endloop
  endfacet
  facet normal 0.0163133 0.999867 -0
    outer loop
      vertex -18.1375 -11.9992 0
      vertex -18.2846 -11.9968 3
      vertex -18.1375 -11.9992 3
    endloop
  endfacet
  facet normal 0.0163133 0.999867 0
    outer loop
      vertex -18.2846 -11.9968 3
      vertex -18.1375 -11.9992 0
      vertex -18.2846 -11.9968 0
    endloop
  endfacet
  facet normal -0.999867 0.0163022 0
    outer loop
      vertex -16.6897 -10.5981 0
      vertex -16.6873 -10.4509 3
      vertex -16.6873 -10.4509 0
    endloop
  endfacet
  facet normal -0.999867 0.0163022 0
    outer loop
      vertex -16.6873 -10.4509 3
      vertex -16.6897 -10.5981 0
      vertex -16.6897 -10.5981 3
    endloop
  endfacet
  facet normal -0.917556 0.397607 0
    outer loop
      vertex -16.8412 -11.1634 0
      vertex -16.7827 -11.0284 3
      vertex -16.7827 -11.0284 0
    endloop
  endfacet
  facet normal -0.917556 0.397607 0
    outer loop
      vertex -16.7827 -11.0284 3
      vertex -16.8412 -11.1634 0
      vertex -16.8412 -11.1634 3
    endloop
  endfacet
  facet normal -0.977573 0.210596 0
    outer loop
      vertex -16.7376 -10.8882 0
      vertex -16.7066 -10.7443 3
      vertex -16.7066 -10.7443 0
    endloop
  endfacet
  facet normal -0.977573 0.210596 0
    outer loop
      vertex -16.7066 -10.7443 3
      vertex -16.7376 -10.8882 0
      vertex -16.7376 -10.8882 3
    endloop
  endfacet
  facet normal -0.822094 0.569351 0
    outer loop
      vertex -16.9965 -11.4131 0
      vertex -16.9127 -11.2921 3
      vertex -16.9127 -11.2921 0
    endloop
  endfacet
  facet normal -0.822094 0.569351 0
    outer loop
      vertex -16.9127 -11.2921 3
      vertex -16.9965 -11.4131 0
      vertex -16.9965 -11.4131 3
    endloop
  endfacet
  facet normal -0.695467 0.718558 0
    outer loop
      vertex -17.0917 -11.5254 0
      vertex -17.1975 -11.6278 3
      vertex -17.0917 -11.5254 3
    endloop
  endfacet
  facet normal -0.695467 0.718558 0
    outer loop
      vertex -17.1975 -11.6278 3
      vertex -17.0917 -11.5254 0
      vertex -17.1975 -11.6278 0
    endloop
  endfacet
  facet normal 0.961626 0.274362 0
    outer loop
      vertex -19.6069 -10.9822 3
      vertex -19.6473 -10.8406 0
      vertex -19.6473 -10.8406 3
    endloop
  endfacet
  facet normal 0.961626 0.274362 0
    outer loop
      vertex -19.6473 -10.8406 0
      vertex -19.6069 -10.9822 3
      vertex -19.6069 -10.9822 0
    endloop
  endfacet
  facet normal 0.996671 0.0815273 0
    outer loop
      vertex -19.6737 -10.6958 3
      vertex -19.6857 -10.5491 0
      vertex -19.6857 -10.5491 3
    endloop
  endfacet
  facet normal 0.996671 0.0815273 0
    outer loop
      vertex -19.6857 -10.5491 0
      vertex -19.6737 -10.6958 3
      vertex -19.6737 -10.6958 0
    endloop
  endfacet
  facet normal 0.993462 -0.11416 0
    outer loop
      vertex -19.6833 -10.4019 3
      vertex -19.6665 -10.2557 0
      vertex -19.6665 -10.2557 3
    endloop
  endfacet
  facet normal 0.993462 -0.11416 0
    outer loop
      vertex -19.6665 -10.2557 0
      vertex -19.6833 -10.4019 3
      vertex -19.6833 -10.4019 0
    endloop
  endfacet
  facet normal 0.179035 -0.983843 0
    outer loop
      vertex -18.5271 -9.03918 0
      vertex -18.3823 -9.01283 3
      vertex -18.5271 -9.03918 3
    endloop
  endfacet
  facet normal 0.179035 -0.983843 0
    outer loop
      vertex -18.3823 -9.01283 3
      vertex -18.5271 -9.03918 0
      vertex -18.3823 -9.01283 0
    endloop
  endfacet
  facet normal -0.211115 -0.977461 0
    outer loop
      vertex -17.9422 -9.02003 0
      vertex -17.7983 -9.05111 3
      vertex -17.9422 -9.02003 3
    endloop
  endfacet
  facet normal -0.211115 -0.977461 -0
    outer loop
      vertex -17.7983 -9.05111 3
      vertex -17.9422 -9.02003 0
      vertex -17.7983 -9.05111 0
    endloop
  endfacet
  facet normal -0.569214 -0.82219 0
    outer loop
      vertex -17.3944 -9.2262 0
      vertex -17.2734 -9.30997 3
      vertex -17.3944 -9.2262 3
    endloop
  endfacet
  facet normal -0.569214 -0.82219 -0
    outer loop
      vertex -17.2734 -9.30997 3
      vertex -17.3944 -9.2262 0
      vertex -17.2734 -9.30997 0
    endloop
  endfacet
  facet normal 0.983783 0.179364 0
    outer loop
      vertex -19.6473 -10.8406 3
      vertex -19.6737 -10.6958 0
      vertex -19.6737 -10.6958 3
    endloop
  endfacet
  facet normal 0.983783 0.179364 0
    outer loop
      vertex -19.6737 -10.6958 0
      vertex -19.6473 -10.8406 3
      vertex -19.6473 -10.8406 0
    endloop
  endfacet
  facet normal 0.457026 -0.889454 0
    outer loop
      vertex -18.9365 -9.20096 0
      vertex -18.8056 -9.1337 3
      vertex -18.9365 -9.20096 3
    endloop
  endfacet
  facet normal 0.457026 -0.889454 0
    outer loop
      vertex -18.8056 -9.1337 3
      vertex -18.9365 -9.20096 0
      vertex -18.8056 -9.1337 0
    endloop
  endfacet
  facet normal -0.0163701 -0.999866 0
    outer loop
      vertex -18.2356 -9.0008 0
      vertex -18.0884 -9.00321 3
      vertex -18.2356 -9.0008 3
    endloop
  endfacet
  facet normal -0.0163701 -0.999866 -0
    outer loop
      vertex -18.0884 -9.00321 3
      vertex -18.2356 -9.0008 0
      vertex -18.0884 -9.00321 0
    endloop
  endfacet
  facet normal 0.0817297 -0.996655 0
    outer loop
      vertex -18.3823 -9.01283 0
      vertex -18.2356 -9.0008 3
      vertex -18.3823 -9.01283 3
    endloop
  endfacet
  facet normal 0.0817297 -0.996655 0
    outer loop
      vertex -18.2356 -9.0008 3
      vertex -18.3823 -9.01283 0
      vertex -18.2356 -9.0008 0
    endloop
  endfacet
  facet normal -0.397646 -0.917539 0
    outer loop
      vertex -17.6582 -9.09614 0
      vertex -17.5231 -9.15469 3
      vertex -17.6582 -9.09614 3
    endloop
  endfacet
  facet normal -0.397646 -0.917539 -0
    outer loop
      vertex -17.5231 -9.15469 3
      vertex -17.6582 -9.09614 0
      vertex -17.5231 -9.15469 0
    endloop
  endfacet
  facet normal -0.485695 -0.874128 0
    outer loop
      vertex -17.5231 -9.15469 0
      vertex -17.3944 -9.2262 3
      vertex -17.5231 -9.15469 3
    endloop
  endfacet
  facet normal -0.485695 -0.874128 -0
    outer loop
      vertex -17.3944 -9.2262 3
      vertex -17.5231 -9.15469 0
      vertex -17.3944 -9.2262 0
    endloop
  endfacet
  facet normal -0.305996 -0.952033 0
    outer loop
      vertex -17.7983 -9.05111 0
      vertex -17.6582 -9.09614 3
      vertex -17.7983 -9.05111 3
    endloop
  endfacet
  facet normal -0.305996 -0.952033 -0
    outer loop
      vertex -17.6582 -9.09614 3
      vertex -17.7983 -9.05111 0
      vertex -17.6582 -9.09614 0
    endloop
  endfacet
  facet normal -0.646761 -0.762693 0
    outer loop
      vertex -17.2734 -9.30997 0
      vertex -17.1611 -9.4052 3
      vertex -17.2734 -9.30997 3
    endloop
  endfacet
  facet normal -0.646761 -0.762693 -0
    outer loop
      vertex -17.1611 -9.4052 3
      vertex -17.2734 -9.30997 0
      vertex -17.1611 -9.4052 0
    endloop
  endfacet
  facet normal -0.718832 -0.695184 0
    outer loop
      vertex -17.0588 -9.51098 0
      vertex -17.1611 -9.4052 3
      vertex -17.1611 -9.4052 0
    endloop
  endfacet
  facet normal -0.718832 -0.695184 0
    outer loop
      vertex -17.1611 -9.4052 3
      vertex -17.0588 -9.51098 0
      vertex -17.0588 -9.51098 3
    endloop
  endfacet
  facet normal -0.783315 -0.621625 0
    outer loop
      vertex -16.9673 -9.62628 0
      vertex -17.0588 -9.51098 3
      vertex -17.0588 -9.51098 0
    endloop
  endfacet
  facet normal -0.783315 -0.621625 0
    outer loop
      vertex -17.0588 -9.51098 3
      vertex -16.9673 -9.62628 0
      vertex -16.9673 -9.62628 3
    endloop
  endfacet
  facet normal 0.695701 -0.718331 0
    outer loop
      vertex -19.2813 -9.47461 0
      vertex -19.1756 -9.37224 3
      vertex -19.2813 -9.47461 3
    endloop
  endfacet
  facet normal 0.695701 -0.718331 0
    outer loop
      vertex -19.1756 -9.37224 3
      vertex -19.2813 -9.47461 0
      vertex -19.1756 -9.37224 0
    endloop
  endfacet
  facet normal 0.621336 -0.783544 0
    outer loop
      vertex -19.1756 -9.37224 0
      vertex -19.0602 -9.28073 3
      vertex -19.1756 -9.37224 3
    endloop
  endfacet
  facet normal 0.621336 -0.783544 0
    outer loop
      vertex -19.0602 -9.28073 3
      vertex -19.1756 -9.37224 0
      vertex -19.0602 -9.28073 0
    endloop
  endfacet
  facet normal 0.952143 -0.305653 0
    outer loop
      vertex -19.6354 -10.1118 3
      vertex -19.5904 -9.97162 0
      vertex -19.5904 -9.97162 3
    endloop
  endfacet
  facet normal 0.952143 -0.305653 0
    outer loop
      vertex -19.5904 -9.97162 0
      vertex -19.6354 -10.1118 3
      vertex -19.6354 -10.1118 0
    endloop
  endfacet
  facet normal 0.917361 -0.398055 0
    outer loop
      vertex -19.5904 -9.97162 3
      vertex -19.5318 -9.83657 0
      vertex -19.5318 -9.83657 3
    endloop
  endfacet
  facet normal 0.917361 -0.398055 0
    outer loop
      vertex -19.5318 -9.83657 0
      vertex -19.5904 -9.97162 3
      vertex -19.5904 -9.97162 0
    endloop
  endfacet
  facet normal 0.874109 -0.485729 0
    outer loop
      vertex -19.5318 -9.83657 3
      vertex -19.4603 -9.7079 0
      vertex -19.4603 -9.7079 3
    endloop
  endfacet
  facet normal 0.874109 -0.485729 0
    outer loop
      vertex -19.4603 -9.7079 0
      vertex -19.5318 -9.83657 3
      vertex -19.5318 -9.83657 0
    endloop
  endfacet
  facet normal 0.367522 -0.930015 0
    outer loop
      vertex -18.8056 -9.1337 0
      vertex -18.6687 -9.0796 3
      vertex -18.8056 -9.1337 3
    endloop
  endfacet
  facet normal 0.367522 -0.930015 0
    outer loop
      vertex -18.6687 -9.0796 3
      vertex -18.8056 -9.1337 0
      vertex -18.6687 -9.0796 0
    endloop
  endfacet
  facet normal 0.274488 -0.961591 0
    outer loop
      vertex -18.6687 -9.0796 0
      vertex -18.5271 -9.03918 3
      vertex -18.6687 -9.0796 3
    endloop
  endfacet
  facet normal 0.274488 -0.961591 0
    outer loop
      vertex -18.5271 -9.03918 3
      vertex -18.6687 -9.0796 0
      vertex -18.5271 -9.03918 0
    endloop
  endfacet
  facet normal -0.999867 -0.0163022 0
    outer loop
      vertex 19.6857 -10.5491 0
      vertex 19.6833 -10.4019 3
      vertex 19.6833 -10.4019 0
    endloop
  endfacet
  facet normal -0.999867 -0.0163022 0
    outer loop
      vertex 19.6833 -10.4019 3
      vertex 19.6857 -10.5491 0
      vertex 19.6857 -10.5491 3
    endloop
  endfacet
  facet normal -0.762316 -0.647205 0
    outer loop
      vertex 19.3766 -9.58686 0
      vertex 19.2813 -9.47461 3
      vertex 19.2813 -9.47461 0
    endloop
  endfacet
  facet normal -0.762316 -0.647205 0
    outer loop
      vertex 19.2813 -9.47461 3
      vertex 19.3766 -9.58686 0
      vertex 19.3766 -9.58686 3
    endloop
  endfacet
  facet normal -0.0817297 -0.996655 0
    outer loop
      vertex 18.2356 -9.0008 0
      vertex 18.3823 -9.01283 3
      vertex 18.2356 -9.0008 3
    endloop
  endfacet
  facet normal -0.0817297 -0.996655 -0
    outer loop
      vertex 18.3823 -9.01283 3
      vertex 18.2356 -9.0008 0
      vertex 18.3823 -9.01283 0
    endloop
  endfacet
  facet normal 0.646761 -0.762693 0
    outer loop
      vertex 17.1611 -9.4052 0
      vertex 17.2734 -9.30997 3
      vertex 17.1611 -9.4052 3
    endloop
  endfacet
  facet normal 0.646761 -0.762693 0
    outer loop
      vertex 17.2734 -9.30997 3
      vertex 17.1611 -9.4052 0
      vertex 17.2734 -9.30997 0
    endloop
  endfacet
  facet normal -0.840317 0.542096 0
    outer loop
      vertex 19.4058 -11.3737 0
      vertex 19.4856 -11.25 3
      vertex 19.4856 -11.25 0
    endloop
  endfacet
  facet normal -0.840317 0.542096 0
    outer loop
      vertex 19.4856 -11.25 3
      vertex 19.4058 -11.3737 0
      vertex 19.4058 -11.3737 3
    endloop
  endfacet
  facet normal -0.874109 -0.485729 0
    outer loop
      vertex 19.5318 -9.83657 0
      vertex 19.4603 -9.7079 3
      vertex 19.4603 -9.7079 0
    endloop
  endfacet
  facet normal -0.874109 -0.485729 0
    outer loop
      vertex 19.4603 -9.7079 3
      vertex 19.5318 -9.83657 0
      vertex 19.5318 -9.83657 3
    endloop
  endfacet
  facet normal 0.397646 -0.917539 0
    outer loop
      vertex 17.5231 -9.15469 0
      vertex 17.6582 -9.09614 3
      vertex 17.5231 -9.15469 3
    endloop
  endfacet
  facet normal 0.397646 -0.917539 0
    outer loop
      vertex 17.6582 -9.09614 3
      vertex 17.5231 -9.15469 0
      vertex 17.6582 -9.09614 0
    endloop
  endfacet
  facet normal -0.274488 -0.961591 0
    outer loop
      vertex 18.5271 -9.03918 0
      vertex 18.6687 -9.0796 3
      vertex 18.5271 -9.03918 3
    endloop
  endfacet
  facet normal -0.274488 -0.961591 -0
    outer loop
      vertex 18.6687 -9.0796 3
      vertex 18.5271 -9.03918 0
      vertex 18.6687 -9.0796 0
    endloop
  endfacet
  facet normal -0.0163133 0.999867 0
    outer loop
      vertex 18.2846 -11.9968 0
      vertex 18.1375 -11.9992 3
      vertex 18.2846 -11.9968 3
    endloop
  endfacet
  facet normal -0.0163133 0.999867 0
    outer loop
      vertex 18.1375 -11.9992 3
      vertex 18.2846 -11.9968 0
      vertex 18.1375 -11.9992 0
    endloop
  endfacet
  facet normal 0.999867 0.0163022 0
    outer loop
      vertex 16.6897 -10.5981 3
      vertex 16.6873 -10.4509 0
      vertex 16.6873 -10.4509 3
    endloop
  endfacet
  facet normal 0.999867 0.0163022 0
    outer loop
      vertex 16.6873 -10.4509 0
      vertex 16.6897 -10.5981 3
      vertex 16.6897 -10.5981 0
    endloop
  endfacet
  facet normal -0.930015 0.367522 0
    outer loop
      vertex 19.5528 -11.1191 0
      vertex 19.6069 -10.9822 3
      vertex 19.6069 -10.9822 0
    endloop
  endfacet
  facet normal -0.930015 0.367522 0
    outer loop
      vertex 19.6069 -10.9822 3
      vertex 19.5528 -11.1191 0
      vertex 19.5528 -11.1191 3
    endloop
  endfacet
  facet normal -0.983783 0.179364 0
    outer loop
      vertex 19.6473 -10.8406 0
      vertex 19.6737 -10.6958 3
      vertex 19.6737 -10.6958 0
    endloop
  endfacet
  facet normal -0.983783 0.179364 0
    outer loop
      vertex 19.6737 -10.6958 3
      vertex 19.6473 -10.8406 0
      vertex 19.6473 -10.8406 3
    endloop
  endfacet
  facet normal -0.993462 -0.11416 0
    outer loop
      vertex 19.6833 -10.4019 0
      vertex 19.6665 -10.2557 3
      vertex 19.6665 -10.2557 0
    endloop
  endfacet
  facet normal -0.993462 -0.11416 0
    outer loop
      vertex 19.6665 -10.2557 3
      vertex 19.6833 -10.4019 0
      vertex 19.6833 -10.4019 3
    endloop
  endfacet
  facet normal -0.952143 -0.305653 0
    outer loop
      vertex 19.6354 -10.1118 0
      vertex 19.5904 -9.97162 3
      vertex 19.5904 -9.97162 0
    endloop
  endfacet
  facet normal -0.952143 -0.305653 0
    outer loop
      vertex 19.5904 -9.97162 3
      vertex 19.6354 -10.1118 0
      vertex 19.6354 -10.1118 3
    endloop
  endfacet
  facet normal -0.457026 -0.889454 0
    outer loop
      vertex 18.8056 -9.1337 0
      vertex 18.9365 -9.20096 3
      vertex 18.8056 -9.1337 3
    endloop
  endfacet
  facet normal -0.457026 -0.889454 -0
    outer loop
      vertex 18.9365 -9.20096 3
      vertex 18.8056 -9.1337 0
      vertex 18.9365 -9.20096 0
    endloop
  endfacet
  facet normal -0.695701 -0.718331 0
    outer loop
      vertex 19.1756 -9.37224 0
      vertex 19.2813 -9.47461 3
      vertex 19.1756 -9.37224 3
    endloop
  endfacet
  facet normal -0.695701 -0.718331 -0
    outer loop
      vertex 19.2813 -9.47461 3
      vertex 19.1756 -9.37224 0
      vertex 19.2813 -9.47461 0
    endloop
  endfacet
  facet normal -0.621336 -0.783544 0
    outer loop
      vertex 19.0602 -9.28073 0
      vertex 19.1756 -9.37224 3
      vertex 19.0602 -9.28073 3
    endloop
  endfacet
  facet normal -0.621336 -0.783544 -0
    outer loop
      vertex 19.1756 -9.37224 3
      vertex 19.0602 -9.28073 0
      vertex 19.1756 -9.37224 0
    endloop
  endfacet
  facet normal -0.8225 -0.568765 0
    outer loop
      vertex 19.4603 -9.7079 0
      vertex 19.3766 -9.58686 3
      vertex 19.3766 -9.58686 0
    endloop
  endfacet
  facet normal -0.8225 -0.568765 0
    outer loop
      vertex 19.3766 -9.58686 3
      vertex 19.4603 -9.7079 0
      vertex 19.4603 -9.7079 3
    endloop
  endfacet
  facet normal -0.917361 -0.398055 0
    outer loop
      vertex 19.5904 -9.97162 0
      vertex 19.5318 -9.83657 3
      vertex 19.5318 -9.83657 0
    endloop
  endfacet
  facet normal -0.917361 -0.398055 0
    outer loop
      vertex 19.5318 -9.83657 3
      vertex 19.5904 -9.97162 0
      vertex 19.5904 -9.97162 3
    endloop
  endfacet
  facet normal 0.8894 -0.45713 0
    outer loop
      vertex 16.8202 -9.88094 3
      vertex 16.8875 -9.75 0
      vertex 16.8875 -9.75 3
    endloop
  endfacet
  facet normal 0.8894 -0.45713 0
    outer loop
      vertex 16.8875 -9.75 0
      vertex 16.8202 -9.88094 3
      vertex 16.8202 -9.88094 0
    endloop
  endfacet
  facet normal 0.718832 -0.695184 0
    outer loop
      vertex 17.0588 -9.51098 3
      vertex 17.1611 -9.4052 0
      vertex 17.1611 -9.4052 3
    endloop
  endfacet
  facet normal 0.718832 -0.695184 0
    outer loop
      vertex 17.1611 -9.4052 0
      vertex 17.0588 -9.51098 3
      vertex 17.0588 -9.51098 0
    endloop
  endfacet
  facet normal 0.783315 -0.621625 0
    outer loop
      vertex 16.9673 -9.62628 3
      vertex 17.0588 -9.51098 0
      vertex 17.0588 -9.51098 3
    endloop
  endfacet
  facet normal 0.783315 -0.621625 0
    outer loop
      vertex 17.0588 -9.51098 0
      vertex 16.9673 -9.62628 3
      vertex 16.9673 -9.62628 0
    endloop
  endfacet
  facet normal 0.569214 -0.82219 0
    outer loop
      vertex 17.2734 -9.30997 0
      vertex 17.3944 -9.2262 3
      vertex 17.2734 -9.30997 3
    endloop
  endfacet
  facet normal 0.569214 -0.82219 0
    outer loop
      vertex 17.3944 -9.2262 3
      vertex 17.2734 -9.30997 0
      vertex 17.3944 -9.2262 0
    endloop
  endfacet
  facet normal 0.485695 -0.874128 0
    outer loop
      vertex 17.3944 -9.2262 0
      vertex 17.5231 -9.15469 3
      vertex 17.3944 -9.2262 3
    endloop
  endfacet
  facet normal 0.485695 -0.874128 0
    outer loop
      vertex 17.5231 -9.15469 3
      vertex 17.3944 -9.2262 0
      vertex 17.5231 -9.15469 0
    endloop
  endfacet
  facet normal -0.179035 -0.983843 0
    outer loop
      vertex 18.3823 -9.01283 0
      vertex 18.5271 -9.03918 3
      vertex 18.3823 -9.01283 3
    endloop
  endfacet
  facet normal -0.179035 -0.983843 -0
    outer loop
      vertex 18.5271 -9.03918 3
      vertex 18.3823 -9.01283 0
      vertex 18.5271 -9.03918 0
    endloop
  endfacet
  facet normal -0.367522 -0.930015 0
    outer loop
      vertex 18.6687 -9.0796 0
      vertex 18.8056 -9.1337 3
      vertex 18.6687 -9.0796 3
    endloop
  endfacet
  facet normal -0.367522 -0.930015 -0
    outer loop
      vertex 18.8056 -9.1337 3
      vertex 18.6687 -9.0796 0
      vertex 18.8056 -9.1337 0
    endloop
  endfacet
  facet normal 0.114294 -0.993447 0
    outer loop
      vertex 17.9422 -9.02003 0
      vertex 18.0884 -9.00321 3
      vertex 17.9422 -9.02003 3
    endloop
  endfacet
  facet normal 0.114294 -0.993447 0
    outer loop
      vertex 18.0884 -9.00321 3
      vertex 17.9422 -9.02003 0
      vertex 18.0884 -9.00321 0
    endloop
  endfacet
  facet normal 0.211115 -0.977461 0
    outer loop
      vertex 17.7983 -9.05111 0
      vertex 17.9422 -9.02003 3
      vertex 17.7983 -9.05111 3
    endloop
  endfacet
  facet normal 0.211115 -0.977461 0
    outer loop
      vertex 17.9422 -9.02003 3
      vertex 17.7983 -9.05111 0
      vertex 17.9422 -9.02003 0
    endloop
  endfacet
  facet normal 0.0163701 -0.999866 0
    outer loop
      vertex 18.0884 -9.00321 0
      vertex 18.2356 -9.0008 3
      vertex 18.0884 -9.00321 3
    endloop
  endfacet
  facet normal 0.0163701 -0.999866 0
    outer loop
      vertex 18.2356 -9.0008 3
      vertex 18.0884 -9.00321 0
      vertex 18.2356 -9.0008 0
    endloop
  endfacet
  facet normal 0.305996 -0.952033 0
    outer loop
      vertex 17.6582 -9.09614 0
      vertex 17.7983 -9.05111 3
      vertex 17.6582 -9.09614 3
    endloop
  endfacet
  facet normal 0.305996 -0.952033 0
    outer loop
      vertex 17.7983 -9.05111 3
      vertex 17.6582 -9.09614 0
      vertex 17.7983 -9.05111 0
    endloop
  endfacet
  facet normal -0.889619 0.456703 0
    outer loop
      vertex 19.4856 -11.25 0
      vertex 19.5528 -11.1191 3
      vertex 19.5528 -11.1191 0
    endloop
  endfacet
  facet normal -0.889619 0.456703 0
    outer loop
      vertex 19.5528 -11.1191 3
      vertex 19.4856 -11.25 0
      vertex 19.4856 -11.25 3
    endloop
  endfacet
  facet normal -0.718558 0.695467 0
    outer loop
      vertex 19.2119 -11.5948 0
      vertex 19.3143 -11.489 3
      vertex 19.3143 -11.489 0
    endloop
  endfacet
  facet normal -0.718558 0.695467 0
    outer loop
      vertex 19.3143 -11.489 3
      vertex 19.2119 -11.5948 0
      vertex 19.2119 -11.5948 3
    endloop
  endfacet
  facet normal -0.397931 0.917415 0
    outer loop
      vertex 18.85 -11.8453 0
      vertex 18.7149 -11.9039 3
      vertex 18.85 -11.8453 3
    endloop
  endfacet
  facet normal -0.397931 0.917415 0
    outer loop
      vertex 18.7149 -11.9039 3
      vertex 18.85 -11.8453 0
      vertex 18.7149 -11.9039 0
    endloop
  endfacet
  facet normal 0.929978 -0.367615 0
    outer loop
      vertex 16.7661 -10.0178 3
      vertex 16.8202 -9.88094 0
      vertex 16.8202 -9.88094 3
    endloop
  endfacet
  facet normal 0.929978 -0.367615 0
    outer loop
      vertex 16.8202 -9.88094 0
      vertex 16.7661 -10.0178 3
      vertex 16.7661 -10.0178 0
    endloop
  endfacet
  facet normal 0.274542 0.961575 -0
    outer loop
      vertex 17.8459 -11.9608 0
      vertex 17.7044 -11.9204 3
      vertex 17.8459 -11.9608 3
    endloop
  endfacet
  facet normal 0.274542 0.961575 0
    outer loop
      vertex 17.7044 -11.9204 3
      vertex 17.8459 -11.9608 0
      vertex 17.7044 -11.9204 0
    endloop
  endfacet
  facet normal -0.996671 0.0815273 0
    outer loop
      vertex 19.6737 -10.6958 0
      vertex 19.6857 -10.5491 3
      vertex 19.6857 -10.5491 0
    endloop
  endfacet
  facet normal -0.996671 0.0815273 0
    outer loop
      vertex 19.6857 -10.5491 3
      vertex 19.6737 -10.6958 0
      vertex 19.6737 -10.6958 3
    endloop
  endfacet
  facet normal -0.961626 0.274362 0
    outer loop
      vertex 19.6069 -10.9822 0
      vertex 19.6473 -10.8406 3
      vertex 19.6473 -10.8406 0
    endloop
  endfacet
  facet normal -0.961626 0.274362 0
    outer loop
      vertex 19.6473 -10.8406 3
      vertex 19.6069 -10.9822 0
      vertex 19.6069 -10.9822 3
    endloop
  endfacet
  facet normal -0.977433 -0.211245 0
    outer loop
      vertex 19.6665 -10.2557 0
      vertex 19.6354 -10.1118 3
      vertex 19.6354 -10.1118 0
    endloop
  endfacet
  facet normal -0.977433 -0.211245 0
    outer loop
      vertex 19.6354 -10.1118 3
      vertex 19.6665 -10.2557 0
      vertex 19.6665 -10.2557 3
    endloop
  endfacet
  facet normal -0.541952 -0.840409 0
    outer loop
      vertex 18.9365 -9.20096 0
      vertex 19.0602 -9.28073 3
      vertex 18.9365 -9.20096 3
    endloop
  endfacet
  facet normal -0.541952 -0.840409 -0
    outer loop
      vertex 19.0602 -9.28073 3
      vertex 18.9365 -9.20096 0
      vertex 19.0602 -9.28073 0
    endloop
  endfacet
  facet normal 0.840357 -0.542034 0
    outer loop
      vertex 16.8875 -9.75 3
      vertex 16.9673 -9.62628 0
      vertex 16.9673 -9.62628 3
    endloop
  endfacet
  facet normal 0.840357 -0.542034 0
    outer loop
      vertex 16.9673 -9.62628 0
      vertex 16.8875 -9.75 3
      vertex 16.8875 -9.75 0
    endloop
  endfacet
  facet normal -0.783315 0.621625 0
    outer loop
      vertex 19.3143 -11.489 0
      vertex 19.4058 -11.3737 3
      vertex 19.4058 -11.3737 0
    endloop
  endfacet
  facet normal -0.783315 0.621625 0
    outer loop
      vertex 19.4058 -11.3737 3
      vertex 19.3143 -11.489 0
      vertex 19.3143 -11.489 3
    endloop
  endfacet
  facet normal -0.569033 0.822314 0
    outer loop
      vertex 19.0997 -11.69 0
      vertex 18.9786 -11.7738 3
      vertex 19.0997 -11.69 3
    endloop
  endfacet
  facet normal -0.569033 0.822314 0
    outer loop
      vertex 18.9786 -11.7738 3
      vertex 19.0997 -11.69 0
      vertex 18.9786 -11.7738 0
    endloop
  endfacet
  facet normal -0.646977 0.762509 0
    outer loop
      vertex 19.2119 -11.5948 0
      vertex 19.0997 -11.69 3
      vertex 19.2119 -11.5948 3
    endloop
  endfacet
  facet normal -0.646977 0.762509 0
    outer loop
      vertex 19.0997 -11.69 3
      vertex 19.2119 -11.5948 0
      vertex 19.0997 -11.69 0
    endloop
  endfacet
  facet normal 0.541616 0.840626 -0
    outer loop
      vertex 17.4365 -11.799 0
      vertex 17.3128 -11.7193 3
      vertex 17.4365 -11.799 3
    endloop
  endfacet
  facet normal 0.541616 0.840626 0
    outer loop
      vertex 17.3128 -11.7193 3
      vertex 17.4365 -11.799 0
      vertex 17.3128 -11.7193 0
    endloop
  endfacet
  facet normal 0.822094 0.569351 0
    outer loop
      vertex 16.9965 -11.4131 3
      vertex 16.9127 -11.2921 0
      vertex 16.9127 -11.2921 3
    endloop
  endfacet
  facet normal 0.822094 0.569351 0
    outer loop
      vertex 16.9127 -11.2921 0
      vertex 16.9965 -11.4131 3
      vertex 16.9965 -11.4131 0
    endloop
  endfacet
  facet normal 0.983903 -0.178706 0
    outer loop
      vertex 16.6994 -10.3042 3
      vertex 16.7257 -10.1594 0
      vertex 16.7257 -10.1594 3
    endloop
  endfacet
  facet normal 0.983903 -0.178706 0
    outer loop
      vertex 16.7257 -10.1594 0
      vertex 16.6994 -10.3042 3
      vertex 16.6994 -10.3042 0
    endloop
  endfacet
  facet normal 0.996616 -0.0822021 0
    outer loop
      vertex 16.6873 -10.4509 3
      vertex 16.6994 -10.3042 0
      vertex 16.6994 -10.3042 3
    endloop
  endfacet
  facet normal 0.996616 -0.0822021 0
    outer loop
      vertex 16.6994 -10.3042 0
      vertex 16.6873 -10.4509 3
      vertex 16.6873 -10.4509 0
    endloop
  endfacet
  facet normal 0.961626 -0.274362 0
    outer loop
      vertex 16.7257 -10.1594 3
      vertex 16.7661 -10.0178 0
      vertex 16.7661 -10.0178 3
    endloop
  endfacet
  facet normal 0.961626 -0.274362 0
    outer loop
      vertex 16.7661 -10.0178 0
      vertex 16.7257 -10.1594 3
      vertex 16.7257 -10.1594 0
    endloop
  endfacet
  facet normal 0.367522 0.930015 -0
    outer loop
      vertex 17.7044 -11.9204 0
      vertex 17.5675 -11.8663 3
      vertex 17.7044 -11.9204 3
    endloop
  endfacet
  facet normal 0.367522 0.930015 0
    outer loop
      vertex 17.5675 -11.8663 3
      vertex 17.7044 -11.9204 0
      vertex 17.5675 -11.8663 0
    endloop
  endfacet
  facet normal 0.0814721 0.996676 -0
    outer loop
      vertex 18.1375 -11.9992 0
      vertex 17.9907 -11.9872 3
      vertex 18.1375 -11.9992 3
    endloop
  endfacet
  facet normal 0.0814721 0.996676 0
    outer loop
      vertex 17.9907 -11.9872 3
      vertex 18.1375 -11.9992 0
      vertex 17.9907 -11.9872 0
    endloop
  endfacet
  facet normal -0.485931 0.873997 0
    outer loop
      vertex 18.9786 -11.7738 0
      vertex 18.85 -11.8453 3
      vertex 18.9786 -11.7738 3
    endloop
  endfacet
  facet normal -0.485931 0.873997 0
    outer loop
      vertex 18.85 -11.8453 3
      vertex 18.9786 -11.7738 0
      vertex 18.85 -11.8453 0
    endloop
  endfacet
  facet normal 0.917556 0.397607 0
    outer loop
      vertex 16.8412 -11.1634 3
      vertex 16.7827 -11.0284 0
      vertex 16.7827 -11.0284 3
    endloop
  endfacet
  facet normal 0.917556 0.397607 0
    outer loop
      vertex 16.7827 -11.0284 0
      vertex 16.8412 -11.1634 3
      vertex 16.8412 -11.1634 0
    endloop
  endfacet
  facet normal 0.456964 0.889485 -0
    outer loop
      vertex 17.5675 -11.8663 0
      vertex 17.4365 -11.799 3
      vertex 17.5675 -11.8663 3
    endloop
  endfacet
  facet normal 0.456964 0.889485 0
    outer loop
      vertex 17.4365 -11.799 3
      vertex 17.5675 -11.8663 0
      vertex 17.4365 -11.799 0
    endloop
  endfacet
  facet normal 0.695467 0.718558 -0
    outer loop
      vertex 17.1975 -11.6278 0
      vertex 17.0917 -11.5254 3
      vertex 17.1975 -11.6278 3
    endloop
  endfacet
  facet normal 0.695467 0.718558 0
    outer loop
      vertex 17.0917 -11.5254 3
      vertex 17.1975 -11.6278 0
      vertex 17.0917 -11.5254 0
    endloop
  endfacet
  facet normal 0.621625 0.783315 -0
    outer loop
      vertex 17.3128 -11.7193 0
      vertex 17.1975 -11.6278 3
      vertex 17.3128 -11.7193 3
    endloop
  endfacet
  facet normal 0.621625 0.783315 0
    outer loop
      vertex 17.1975 -11.6278 3
      vertex 17.3128 -11.7193 0
      vertex 17.1975 -11.6278 0
    endloop
  endfacet
  facet normal 0.874157 0.485643 0
    outer loop
      vertex 16.9127 -11.2921 3
      vertex 16.8412 -11.1634 0
      vertex 16.8412 -11.1634 3
    endloop
  endfacet
  facet normal 0.874157 0.485643 0
    outer loop
      vertex 16.8412 -11.1634 0
      vertex 16.9127 -11.2921 3
      vertex 16.9127 -11.2921 0
    endloop
  endfacet
  facet normal 0.993385 0.11483 0
    outer loop
      vertex 16.7066 -10.7443 3
      vertex 16.6897 -10.5981 0
      vertex 16.6897 -10.5981 3
    endloop
  endfacet
  facet normal 0.993385 0.11483 0
    outer loop
      vertex 16.6897 -10.5981 0
      vertex 16.7066 -10.7443 3
      vertex 16.7066 -10.7443 0
    endloop
  endfacet
  facet normal 0.951958 0.306229 0
    outer loop
      vertex 16.7827 -11.0284 3
      vertex 16.7376 -10.8882 0
      vertex 16.7376 -10.8882 3
    endloop
  endfacet
  facet normal 0.951958 0.306229 0
    outer loop
      vertex 16.7376 -10.8882 0
      vertex 16.7827 -11.0284 3
      vertex 16.7827 -11.0284 0
    endloop
  endfacet
  facet normal 0.977573 0.210596 0
    outer loop
      vertex 16.7376 -10.8882 3
      vertex 16.7066 -10.7443 0
      vertex 16.7066 -10.7443 3
    endloop
  endfacet
  facet normal 0.977573 0.210596 0
    outer loop
      vertex 16.7066 -10.7443 0
      vertex 16.7376 -10.8882 3
      vertex 16.7376 -10.8882 0
    endloop
  endfacet
  facet normal 0.179364 0.983783 -0
    outer loop
      vertex 17.9907 -11.9872 0
      vertex 17.8459 -11.9608 3
      vertex 17.9907 -11.9872 3
    endloop
  endfacet
  facet normal 0.179364 0.983783 0
    outer loop
      vertex 17.8459 -11.9608 3
      vertex 17.9907 -11.9872 0
      vertex 17.8459 -11.9608 0
    endloop
  endfacet
  facet normal -0.114083 0.993471 0
    outer loop
      vertex 18.4309 -11.98 0
      vertex 18.2846 -11.9968 3
      vertex 18.4309 -11.98 3
    endloop
  endfacet
  facet normal -0.114083 0.993471 0
    outer loop
      vertex 18.2846 -11.9968 3
      vertex 18.4309 -11.98 0
      vertex 18.2846 -11.9968 0
    endloop
  endfacet
  facet normal -0.305811 0.952092 0
    outer loop
      vertex 18.7149 -11.9039 0
      vertex 18.5748 -11.9489 3
      vertex 18.7149 -11.9039 3
    endloop
  endfacet
  facet normal -0.305811 0.952092 0
    outer loop
      vertex 18.5748 -11.9489 3
      vertex 18.7149 -11.9039 0
      vertex 18.5748 -11.9489 0
    endloop
  endfacet
  facet normal -0.211245 0.977433 0
    outer loop
      vertex 18.5748 -11.9489 0
      vertex 18.4309 -11.98 3
      vertex 18.5748 -11.9489 3
    endloop
  endfacet
  facet normal -0.211245 0.977433 0
    outer loop
      vertex 18.4309 -11.98 3
      vertex 18.5748 -11.9489 0
      vertex 18.4309 -11.98 0
    endloop
  endfacet
  facet normal 0.762793 0.646642 0
    outer loop
      vertex 17.0917 -11.5254 3
      vertex 16.9965 -11.4131 0
      vertex 16.9965 -11.4131 3
    endloop
  endfacet
  facet normal 0.762793 0.646642 0
    outer loop
      vertex 16.9965 -11.4131 0
      vertex 17.0917 -11.5254 3
      vertex 17.0917 -11.5254 0
    endloop
  endfacet
  facet normal 0.998795 0.0490819 0
    outer loop
      vertex 24 0 3
      vertex 23.8844 2.35241 0
      vertex 23.8844 2.35241 3
    endloop
  endfacet
  facet normal 0.998795 0.0490819 0
    outer loop
      vertex 23.8844 2.35241 0
      vertex 24 0 3
      vertex 24 0 0
    endloop
  endfacet
  facet normal -0.998795 0.0490819 0
    outer loop
      vertex -24 0 0
      vertex -23.8844 2.35241 3
      vertex -23.8844 2.35241 0
    endloop
  endfacet
  facet normal -0.998795 0.0490819 0
    outer loop
      vertex -23.8844 2.35241 3
      vertex -24 0 0
      vertex -24 0 3
    endloop
  endfacet
  facet normal 0.0490819 0.998795 -0
    outer loop
      vertex 2.35241 23.8844 0
      vertex 0 24 3
      vertex 2.35241 23.8844 3
    endloop
  endfacet
  facet normal 0.0490819 0.998795 0
    outer loop
      vertex 0 24 3
      vertex 2.35241 23.8844 0
      vertex 0 24 0
    endloop
  endfacet
  facet normal 0.671522 0.740984 -0
    outer loop
      vertex 16.9706 16.9706 0
      vertex 15.2254 18.5522 3
      vertex 16.9706 16.9706 3
    endloop
  endfacet
  facet normal 0.671522 0.740984 0
    outer loop
      vertex 15.2254 18.5522 3
      vertex 16.9706 16.9706 0
      vertex 15.2254 18.5522 0
    endloop
  endfacet
  facet normal -0.671522 0.740984 0
    outer loop
      vertex -15.2254 18.5522 0
      vertex -16.9706 16.9706 3
      vertex -15.2254 18.5522 3
    endloop
  endfacet
  facet normal -0.671522 0.740984 0
    outer loop
      vertex -16.9706 16.9706 3
      vertex -15.2254 18.5522 0
      vertex -16.9706 16.9706 0
    endloop
  endfacet
  facet normal -0.336905 0.941539 0
    outer loop
      vertex -6.96683 22.9666 0
      vertex -9.1844 22.1731 3
      vertex -6.96683 22.9666 3
    endloop
  endfacet
  facet normal -0.336905 0.941539 0
    outer loop
      vertex -9.1844 22.1731 3
      vertex -6.96683 22.9666 0
      vertex -9.1844 22.1731 0
    endloop
  endfacet
  facet normal -0.970039 -0.242949 0
    outer loop
      vertex -22.9666 -6.96683 0
      vertex -23.5388 -4.68217 3
      vertex -23.5388 -4.68217 0
    endloop
  endfacet
  facet normal -0.970039 -0.242949 0
    outer loop
      vertex -23.5388 -4.68217 3
      vertex -22.9666 -6.96683 0
      vertex -22.9666 -6.96683 3
    endloop
  endfacet
  facet normal 0.903988 0.427559 0
    outer loop
      vertex 22.1731 9.1844 3
      vertex 21.1661 11.3135 0
      vertex 21.1661 11.3135 3
    endloop
  endfacet
  facet normal 0.903988 0.427559 0
    outer loop
      vertex 21.1661 11.3135 0
      vertex 22.1731 9.1844 3
      vertex 22.1731 9.1844 0
    endloop
  endfacet
  facet normal 0.336905 0.941539 -0
    outer loop
      vertex 9.1844 22.1731 0
      vertex 6.96683 22.9666 3
      vertex 9.1844 22.1731 3
    endloop
  endfacet
  facet normal 0.336905 0.941539 0
    outer loop
      vertex 6.96683 22.9666 3
      vertex 9.1844 22.1731 0
      vertex 6.96683 22.9666 0
    endloop
  endfacet
  facet normal -0.85774 0.514084 0
    outer loop
      vertex -21.1661 11.3135 0
      vertex -19.9553 13.3337 3
      vertex -19.9553 13.3337 0
    endloop
  endfacet
  facet normal -0.85774 0.514084 0
    outer loop
      vertex -19.9553 13.3337 3
      vertex -21.1661 11.3135 0
      vertex -21.1661 11.3135 3
    endloop
  endfacet
  facet normal -0.803183 0.595732 0
    outer loop
      vertex -19.9553 13.3337 0
      vertex -18.5522 15.2254 3
      vertex -18.5522 15.2254 0
    endloop
  endfacet
  facet normal -0.803183 0.595732 0
    outer loop
      vertex -18.5522 15.2254 3
      vertex -19.9553 13.3337 0
      vertex -19.9553 13.3337 3
    endloop
  endfacet
  facet normal -0.146736 0.989176 0
    outer loop
      vertex -2.35241 23.8844 0
      vertex -4.68217 23.5388 3
      vertex -2.35241 23.8844 3
    endloop
  endfacet
  facet normal -0.146736 0.989176 0
    outer loop
      vertex -4.68217 23.5388 3
      vertex -2.35241 23.8844 0
      vertex -4.68217 23.5388 0
    endloop
  endfacet
  facet normal 0.903988 -0.427559 0
    outer loop
      vertex 21.1661 -11.3135 3
      vertex 22.1731 -9.1844 0
      vertex 22.1731 -9.1844 3
    endloop
  endfacet
  facet normal 0.903988 -0.427559 0
    outer loop
      vertex 22.1731 -9.1844 0
      vertex 21.1661 -11.3135 3
      vertex 21.1661 -11.3135 0
    endloop
  endfacet
  facet normal 0.336905 -0.941539 0
    outer loop
      vertex 6.96683 -22.9666 0
      vertex 9.1844 -22.1731 3
      vertex 6.96683 -22.9666 3
    endloop
  endfacet
  facet normal 0.336905 -0.941539 0
    outer loop
      vertex 9.1844 -22.1731 3
      vertex 6.96683 -22.9666 0
      vertex 9.1844 -22.1731 0
    endloop
  endfacet
  facet normal 0.740984 -0.671522 0
    outer loop
      vertex 16.9706 -16.9706 3
      vertex 18.5522 -15.2254 0
      vertex 18.5522 -15.2254 3
    endloop
  endfacet
  facet normal 0.740984 -0.671522 0
    outer loop
      vertex 18.5522 -15.2254 0
      vertex 16.9706 -16.9706 3
      vertex 16.9706 -16.9706 0
    endloop
  endfacet
  facet normal 0.970039 -0.242949 0
    outer loop
      vertex 22.9666 -6.96683 3
      vertex 23.5388 -4.68217 0
      vertex 23.5388 -4.68217 3
    endloop
  endfacet
  facet normal 0.970039 -0.242949 0
    outer loop
      vertex 23.5388 -4.68217 0
      vertex 22.9666 -6.96683 3
      vertex 22.9666 -6.96683 0
    endloop
  endfacet
  facet normal -0.336905 -0.941539 0
    outer loop
      vertex -9.1844 -22.1731 0
      vertex -6.96683 -22.9666 3
      vertex -9.1844 -22.1731 3
    endloop
  endfacet
  facet normal -0.336905 -0.941539 -0
    outer loop
      vertex -6.96683 -22.9666 3
      vertex -9.1844 -22.1731 0
      vertex -6.96683 -22.9666 0
    endloop
  endfacet
  facet normal -0.803183 -0.595732 0
    outer loop
      vertex -18.5522 -15.2254 0
      vertex -19.9553 -13.3337 3
      vertex -19.9553 -13.3337 0
    endloop
  endfacet
  facet normal -0.803183 -0.595732 0
    outer loop
      vertex -19.9553 -13.3337 3
      vertex -18.5522 -15.2254 0
      vertex -18.5522 -15.2254 3
    endloop
  endfacet
  facet normal 0 0 -1
    outer loop
      vertex -16.7661 -10.0178 0
      vertex -14.9665 -10.0003 0
      vertex -16.7257 -10.1594 0
    endloop
  endfacet
  facet normal 0 0 -1
    outer loop
      vertex -16.8202 -9.88094 0
      vertex -14.9665 -10.0003 0
      vertex -16.7661 -10.0178 0
    endloop
  endfacet
  facet normal 0 0 -1
    outer loop
      vertex -14.9665 -10.0003 0
      vertex -16.8202 -9.88094 0
      vertex -15.8746 -8.48514 0
    endloop
  endfacet
  facet normal 0 0 -1
    outer loop
      vertex -16.8875 -9.75 0
      vertex -15.8746 -8.48514 0
      vertex -16.8202 -9.88094 0
    endloop
  endfacet
  facet normal 0 0 -1
    outer loop
      vertex -16.9673 -9.62628 0
      vertex -15.8746 -8.48514 0
      vertex -16.8875 -9.75 0
    endloop
  endfacet
  facet normal 0 0 -1
    outer loop
      vertex -17.0588 -9.51098 0
      vertex -15.8746 -8.48514 0
      vertex -16.9673 -9.62628 0
    endloop
  endfacet
  facet normal 0 0 -1
    outer loop
      vertex -17.1611 -9.4052 0
      vertex -15.8746 -8.48514 0
      vertex -17.0588 -9.51098 0
    endloop
  endfacet
  facet normal 0 0 -1
    outer loop
      vertex -17.2734 -9.30997 0
      vertex -15.8746 -8.48514 0
      vertex -17.1611 -9.4052 0
    endloop
  endfacet
  facet normal 0 0 -1
    outer loop
      vertex -17.3944 -9.2262 0
      vertex -15.8746 -8.48514 0
      vertex -17.2734 -9.30997 0
    endloop
  endfacet
  facet normal 0 0 -1
    outer loop
      vertex -17.5231 -9.15469 0
      vertex -15.8746 -8.48514 0
      vertex -17.3944 -9.2262 0
    endloop
  endfacet
  facet normal -0 0 -1
    outer loop
      vertex -15.8746 -8.48514 0
      vertex -17.5231 -9.15469 0
      vertex -16.6298 -6.8883 0
    endloop
  endfacet
  facet normal 0 0 -1
    outer loop
      vertex -17.6582 -9.09614 0
      vertex -16.6298 -6.8883 0
      vertex -17.5231 -9.15469 0
    endloop
  endfacet
  facet normal 0 0 -1
    outer loop
      vertex -17.7983 -9.05111 0
      vertex -16.6298 -6.8883 0
      vertex -17.6582 -9.09614 0
    endloop
  endfacet
  facet normal 0 0 -1
    outer loop
      vertex -17.9422 -9.02003 0
      vertex -16.6298 -6.8883 0
      vertex -17.7983 -9.05111 0
    endloop
  endfacet
  facet normal 0 0 -1
    outer loop
      vertex -18.0884 -9.00321 0
      vertex -16.6298 -6.8883 0
      vertex -17.9422 -9.02003 0
    endloop
  endfacet
  facet normal 0 0 -1
    outer loop
      vertex -18.2356 -9.0008 0
      vertex -16.6298 -6.8883 0
      vertex -18.0884 -9.00321 0
    endloop
  endfacet
  facet normal 0 0 -1
    outer loop
      vertex -18.3823 -9.01283 0
      vertex -16.6298 -6.8883 0
      vertex -18.2356 -9.0008 0
    endloop
  endfacet
  facet normal 0 0 -1
    outer loop
      vertex -18.5271 -9.03918 0
      vertex -16.6298 -6.8883 0
      vertex -18.3823 -9.01283 0
    endloop
  endfacet
  facet normal -0 0 -1
    outer loop
      vertex -16.6298 -6.8883 0
      vertex -18.5271 -9.03918 0
      vertex -17.2249 -5.22512 0
    endloop
  endfacet
  facet normal 0 0 -1
    outer loop
      vertex 4.68217 23.5388 0
      vertex 1.49278 20.853 0
      vertex 1.5 21 0
    endloop
  endfacet
  facet normal 0 0 -1
    outer loop
      vertex 3.51163 17.6541 0
      vertex 1.47118 20.7074 0
      vertex 1.49278 20.853 0
    endloop
  endfacet
  facet normal 0 0 -1
    outer loop
      vertex 3.51163 17.6541 0
      vertex 1.43541 20.5646 0
      vertex 1.47118 20.7074 0
    endloop
  endfacet
  facet normal 0 0 -1
    outer loop
      vertex 3.51163 17.6541 0
      vertex 1.38582 20.426 0
      vertex 1.43541 20.5646 0
    endloop
  endfacet
  facet normal 0 0 -1
    outer loop
      vertex 3.51163 17.6541 0
      vertex 1.32288 20.2929 0
      vertex 1.38582 20.426 0
    endloop
  endfacet
  facet normal 0 0 -1
    outer loop
      vertex 1.76431 17.9133 0
      vertex 1.2472 20.1666 0
      vertex 1.32288 20.2929 0
    endloop
  endfacet
  facet normal 0 0 -1
    outer loop
      vertex 1.76431 17.9133 0
      vertex 1.15952 20.0484 0
      vertex 1.2472 20.1666 0
    endloop
  endfacet
  facet normal 0 0 -1
    outer loop
      vertex 1.76431 17.9133 0
      vertex 1.06066 19.9393 0
      vertex 1.15952 20.0484 0
    endloop
  endfacet
  facet normal 0 0 -1
    outer loop
      vertex 1.76431 17.9133 0
      vertex 0.95159 19.8405 0
      vertex 1.06066 19.9393 0
    endloop
  endfacet
  facet normal 0 0 -1
    outer loop
      vertex 1.76431 17.9133 0
      vertex 0.833355 19.7528 0
      vertex 0.95159 19.8405 0
    endloop
  endfacet
  facet normal 0 0 -1
    outer loop
      vertex 1.76431 17.9133 0
      vertex 0.707094 19.6771 0
      vertex 0.833355 19.7528 0
    endloop
  endfacet
  facet normal 0 0 -1
    outer loop
      vertex 1.76431 17.9133 0
      vertex 0.574024 19.6142 0
      vertex 0.707094 19.6771 0
    endloop
  endfacet
  facet normal 0 0 -1
    outer loop
      vertex 0 18 0
      vertex 0.574024 19.6142 0
      vertex 1.76431 17.9133 0
    endloop
  endfacet
  facet normal 0 0 -1
    outer loop
      vertex 0.574024 19.6142 0
      vertex 0 18 0
      vertex 0.435427 19.5646 0
    endloop
  endfacet
  facet normal 0 0 -1
    outer loop
      vertex 0.435427 19.5646 0
      vertex 0 18 0
      vertex 0.292635 19.5288 0
    endloop
  endfacet
  facet normal 0 0 -1
    outer loop
      vertex 0.292635 19.5288 0
      vertex 0 18 0
      vertex 0.147025 19.5072 0
    endloop
  endfacet
  facet normal 0 0 -1
    outer loop
      vertex 0 18 0
      vertex 0 19.5 0
      vertex 0.147025 19.5072 0
    endloop
  endfacet
  facet normal 0 0 -1
    outer loop
      vertex 0 18 0
      vertex -0.147025 19.5072 0
      vertex 0 19.5 0
    endloop
  endfacet
  facet normal 0 0 -1
    outer loop
      vertex 0 18 0
      vertex -0.292635 19.5288 0
      vertex -0.147025 19.5072 0
    endloop
  endfacet
  facet normal 0 0 -1
    outer loop
      vertex 0 18 0
      vertex -0.435427 19.5646 0
      vertex -0.292635 19.5288 0
    endloop
  endfacet
  facet normal 0 0 -1
    outer loop
      vertex 0 18 0
      vertex -0.574024 19.6142 0
      vertex -0.435427 19.5646 0
    endloop
  endfacet
  facet normal 0 0 -1
    outer loop
      vertex -1.76431 17.9133 0
      vertex -0.574024 19.6142 0
      vertex 0 18 0
    endloop
  endfacet
  facet normal -0 0 -1
    outer loop
      vertex -0.574024 19.6142 0
      vertex -1.76431 17.9133 0
      vertex -0.707094 19.6771 0
    endloop
  endfacet
  facet normal -0 0 -1
    outer loop
      vertex -0.707094 19.6771 0
      vertex -1.76431 17.9133 0
      vertex -0.833355 19.7528 0
    endloop
  endfacet
  facet normal -0 0 -1
    outer loop
      vertex -0.833355 19.7528 0
      vertex -1.76431 17.9133 0
      vertex -0.95159 19.8405 0
    endloop
  endfacet
  facet normal -0 0 -1
    outer loop
      vertex -0.95159 19.8405 0
      vertex -1.76431 17.9133 0
      vertex -1.06066 19.9393 0
    endloop
  endfacet
  facet normal -0 0 -1
    outer loop
      vertex -1.06066 19.9393 0
      vertex -1.76431 17.9133 0
      vertex -1.15952 20.0484 0
    endloop
  endfacet
  facet normal -0 0 -1
    outer loop
      vertex -1.15952 20.0484 0
      vertex -1.76431 17.9133 0
      vertex -1.2472 20.1666 0
    endloop
  endfacet
  facet normal -0 0 -1
    outer loop
      vertex -1.47118 20.7074 0
      vertex -3.51163 17.6541 0
      vertex -1.49278 20.853 0
    endloop
  endfacet
  facet normal -0 0 -1
    outer loop
      vertex -1.43541 20.5646 0
      vertex -3.51163 17.6541 0
      vertex -1.47118 20.7074 0
    endloop
  endfacet
  facet normal -0 0 -1
    outer loop
      vertex -1.38582 20.426 0
      vertex -3.51163 17.6541 0
      vertex -1.43541 20.5646 0
    endloop
  endfacet
  facet normal -0 0 -1
    outer loop
      vertex -1.32288 20.2929 0
      vertex -3.51163 17.6541 0
      vertex -1.38582 20.426 0
    endloop
  endfacet
  facet normal 0 0 -1
    outer loop
      vertex -3.51163 17.6541 0
      vertex -1.32288 20.2929 0
      vertex -1.76431 17.9133 0
    endloop
  endfacet
  facet normal -0 0 -1
    outer loop
      vertex -1.2472 20.1666 0
      vertex -1.76431 17.9133 0
      vertex -1.32288 20.2929 0
    endloop
  endfacet
  facet normal 0 0 -1
    outer loop
      vertex 16.6298 -6.8883 0
      vertex 18.0884 -9.00321 0
      vertex 17.9422 -9.02003 0
    endloop
  endfacet
  facet normal 0 0 -1
    outer loop
      vertex 18.0884 -9.00321 0
      vertex 17.9133 -1.76431 0
      vertex 18 0 0
    endloop
  endfacet
  facet normal 0 0 -1
    outer loop
      vertex 16.6298 -6.8883 0
      vertex 17.9422 -9.02003 0
      vertex 17.7983 -9.05111 0
    endloop
  endfacet
  facet normal 0 0 -1
    outer loop
      vertex 16.6298 -6.8883 0
      vertex 17.7983 -9.05111 0
      vertex 17.6582 -9.09614 0
    endloop
  endfacet
  facet normal 0 0 -1
    outer loop
      vertex 18.0884 -9.00321 0
      vertex 17.6541 -3.51163 0
      vertex 17.9133 -1.76431 0
    endloop
  endfacet
  facet normal 0 0 -1
    outer loop
      vertex 16.6298 -6.8883 0
      vertex 17.6582 -9.09614 0
      vertex 17.5231 -9.15469 0
    endloop
  endfacet
  facet normal 0 0 -1
    outer loop
      vertex 15.8746 -8.48514 0
      vertex 17.5231 -9.15469 0
      vertex 17.3944 -9.2262 0
    endloop
  endfacet
  facet normal 0 0 -1
    outer loop
      vertex 15.8746 -8.48514 0
      vertex 17.3944 -9.2262 0
      vertex 17.2734 -9.30997 0
    endloop
  endfacet
  facet normal 0 0 -1
    outer loop
      vertex 18.0884 -9.00321 0
      vertex 17.2249 -5.22512 0
      vertex 17.6541 -3.51163 0
    endloop
  endfacet
  facet normal 0 0 -1
    outer loop
      vertex 15.8746 -8.48514 0
      vertex 17.2734 -9.30997 0
      vertex 17.1611 -9.4052 0
    endloop
  endfacet
  facet normal 0 0 -1
    outer loop
      vertex 15.8746 -8.48514 0
      vertex 17.1611 -9.4052 0
      vertex 17.0588 -9.51098 0
    endloop
  endfacet
  facet normal 0 0 -1
    outer loop
      vertex 15.8746 -8.48514 0
      vertex 17.0588 -9.51098 0
      vertex 16.9673 -9.62628 0
    endloop
  endfacet
  facet normal 0 0 -1
    outer loop
      vertex 15.8746 -8.48514 0
      vertex 16.9673 -9.62628 0
      vertex 16.8875 -9.75 0
    endloop
  endfacet
  facet normal 0 0 -1
    outer loop
      vertex 15.8746 -8.48514 0
      vertex 16.8875 -9.75 0
      vertex 16.8202 -9.88094 0
    endloop
  endfacet
  facet normal 0 0 -1
    outer loop
      vertex 14.9665 -10.0003 0
      vertex 16.8202 -9.88094 0
      vertex 16.7661 -10.0178 0
    endloop
  endfacet
  facet normal 0 0 -1
    outer loop
      vertex 14.9665 -10.0003 0
      vertex 16.7661 -10.0178 0
      vertex 16.7257 -10.1594 0
    endloop
  endfacet
  facet normal 0 0 -1
    outer loop
      vertex 14.9665 -10.0003 0
      vertex 16.7257 -10.1594 0
      vertex 16.6994 -10.3042 0
    endloop
  endfacet
  facet normal 0 0 -1
    outer loop
      vertex 18.0884 -9.00321 0
      vertex 16.6298 -6.8883 0
      vertex 17.2249 -5.22512 0
    endloop
  endfacet
  facet normal 0 0 -1
    outer loop
      vertex 14.9665 -10.0003 0
      vertex 16.6994 -10.3042 0
      vertex 16.6873 -10.4509 0
    endloop
  endfacet
  facet normal 0 0 -1
    outer loop
      vertex 18 0 0
      vertex 24 0 0
      vertex 23.8844 -2.35241 0
    endloop
  endfacet
  facet normal 0 0 -1
    outer loop
      vertex 18 0 0
      vertex 23.8844 -2.35241 0
      vertex 23.5388 -4.68217 0
    endloop
  endfacet
  facet normal 0 0 -1
    outer loop
      vertex 24 0 0
      vertex 18 0 0
      vertex 23.8844 2.35241 0
    endloop
  endfacet
  facet normal 0 0 -1
    outer loop
      vertex 18.5271 -9.03918 0
      vertex 23.5388 -4.68217 0
      vertex 22.9666 -6.96683 0
    endloop
  endfacet
  facet normal 0 0 -1
    outer loop
      vertex 17.9133 1.76431 0
      vertex 23.8844 2.35241 0
      vertex 18 0 0
    endloop
  endfacet
  facet normal 0 0 -1
    outer loop
      vertex 19.0602 -9.28073 0
      vertex 22.9666 -6.96683 0
      vertex 22.1731 -9.1844 0
    endloop
  endfacet
  facet normal -0 0 -1
    outer loop
      vertex 23.8844 2.35241 0
      vertex 17.9133 1.76431 0
      vertex 23.5388 4.68217 0
    endloop
  endfacet
  facet normal 0 0 -1
    outer loop
      vertex 19.6665 -10.2557 0
      vertex 22.1731 -9.1844 0
      vertex 21.1661 -11.3135 0
    endloop
  endfacet
  facet normal 0 0 -1
    outer loop
      vertex 17.6541 3.51163 0
      vertex 23.5388 4.68217 0
      vertex 17.9133 1.76431 0
    endloop
  endfacet
  facet normal 0 0 -1
    outer loop
      vertex 19.4058 -11.3737 0
      vertex 21.1661 -11.3135 0
      vertex 19.9553 -13.3337 0
    endloop
  endfacet
  facet normal 0 0 -1
    outer loop
      vertex 19.6665 -10.2557 0
      vertex 21.1661 -11.3135 0
      vertex 19.6833 -10.4019 0
    endloop
  endfacet
  facet normal 0 0 -1
    outer loop
      vertex 21.1661 -11.3135 0
      vertex 19.6857 -10.5491 0
      vertex 19.6833 -10.4019 0
    endloop
  endfacet
  facet normal 0 0 -1
    outer loop
      vertex 21.1661 -11.3135 0
      vertex 19.6737 -10.6958 0
      vertex 19.6857 -10.5491 0
    endloop
  endfacet
  facet normal 0 0 -1
    outer loop
      vertex 21.1661 -11.3135 0
      vertex 19.6473 -10.8406 0
      vertex 19.6737 -10.6958 0
    endloop
  endfacet
  facet normal 0 0 -1
    outer loop
      vertex 21.1661 -11.3135 0
      vertex 19.6069 -10.9822 0
      vertex 19.6473 -10.8406 0
    endloop
  endfacet
  facet normal 0 0 -1
    outer loop
      vertex 21.1661 -11.3135 0
      vertex 19.5528 -11.1191 0
      vertex 19.6069 -10.9822 0
    endloop
  endfacet
  facet normal 0 0 -1
    outer loop
      vertex 21.1661 -11.3135 0
      vertex 19.4856 -11.25 0
      vertex 19.5528 -11.1191 0
    endloop
  endfacet
  facet normal -0 0 -1
    outer loop
      vertex 21.1661 -11.3135 0
      vertex 19.4058 -11.3737 0
      vertex 19.4856 -11.25 0
    endloop
  endfacet
  facet normal 0 0 -1
    outer loop
      vertex 19.9553 -13.3337 0
      vertex 19.3143 -11.489 0
      vertex 19.4058 -11.3737 0
    endloop
  endfacet
  facet normal 0 0 -1
    outer loop
      vertex 19.9553 -13.3337 0
      vertex 19.2119 -11.5948 0
      vertex 19.3143 -11.489 0
    endloop
  endfacet
  facet normal 0 0 -1
    outer loop
      vertex 19.9553 -13.3337 0
      vertex 19.0997 -11.69 0
      vertex 19.2119 -11.5948 0
    endloop
  endfacet
  facet normal 0 0 -1
    outer loop
      vertex 19.9553 -13.3337 0
      vertex 18.9786 -11.7738 0
      vertex 19.0997 -11.69 0
    endloop
  endfacet
  facet normal 0 0 -1
    outer loop
      vertex 19.9553 -13.3337 0
      vertex 18.85 -11.8453 0
      vertex 18.9786 -11.7738 0
    endloop
  endfacet
  facet normal 0 0 -1
    outer loop
      vertex 19.9553 -13.3337 0
      vertex 18.7149 -11.9039 0
      vertex 18.85 -11.8453 0
    endloop
  endfacet
  facet normal 0 0 -1
    outer loop
      vertex 19.9553 -13.3337 0
      vertex 18.5748 -11.9489 0
      vertex 18.7149 -11.9039 0
    endloop
  endfacet
  facet normal 0 0 -1
    outer loop
      vertex 18.2846 -11.9968 0
      vertex 19.9553 -13.3337 0
      vertex 18.5522 -15.2254 0
    endloop
  endfacet
  facet normal 0 0 -1
    outer loop
      vertex 19.9553 -13.3337 0
      vertex 18.4309 -11.98 0
      vertex 18.5748 -11.9489 0
    endloop
  endfacet
  facet normal 0 0 -1
    outer loop
      vertex 19.9553 -13.3337 0
      vertex 18.2846 -11.9968 0
      vertex 18.4309 -11.98 0
    endloop
  endfacet
  facet normal 0 0 -1
    outer loop
      vertex 18.5522 -15.2254 0
      vertex 18.1375 -11.9992 0
      vertex 18.2846 -11.9968 0
    endloop
  endfacet
  facet normal 0 0 -1
    outer loop
      vertex 18.5522 -15.2254 0
      vertex 17.9907 -11.9872 0
      vertex 18.1375 -11.9992 0
    endloop
  endfacet
  facet normal 0 0 -1
    outer loop
      vertex 18.5522 -15.2254 0
      vertex 17.8459 -11.9608 0
      vertex 17.9907 -11.9872 0
    endloop
  endfacet
  facet normal 0 0 -1
    outer loop
      vertex 18.5522 -15.2254 0
      vertex 17.7044 -11.9204 0
      vertex 17.8459 -11.9608 0
    endloop
  endfacet
  facet normal 0 0 -1
    outer loop
      vertex 18.5522 -15.2254 0
      vertex 17.5675 -11.8663 0
      vertex 17.7044 -11.9204 0
    endloop
  endfacet
  facet normal 0 0 -1
    outer loop
      vertex 18.5522 -15.2254 0
      vertex 17.4365 -11.799 0
      vertex 17.5675 -11.8663 0
    endloop
  endfacet
  facet normal 0 0 -1
    outer loop
      vertex 18.5522 -15.2254 0
      vertex 17.3128 -11.7193 0
      vertex 17.4365 -11.799 0
    endloop
  endfacet
  facet normal 0 0 -1
    outer loop
      vertex 16.9706 -16.9706 0
      vertex 17.3128 -11.7193 0
      vertex 18.5522 -15.2254 0
    endloop
  endfacet
  facet normal 0 0 -1
    outer loop
      vertex 12.7279 -12.7279 0
      vertex 17.3128 -11.7193 0
      vertex 16.9706 -16.9706 0
    endloop
  endfacet
  facet normal -0 0 -1
    outer loop
      vertex 17.3128 -11.7193 0
      vertex 12.7279 -12.7279 0
      vertex 17.1975 -11.6278 0
    endloop
  endfacet
  facet normal 0 -0 -1
    outer loop
      vertex 13.9142 -11.4191 0
      vertex 17.1975 -11.6278 0
      vertex 12.7279 -12.7279 0
    endloop
  endfacet
  facet normal 0 0 -1
    outer loop
      vertex 17.1975 -11.6278 0
      vertex 13.9142 -11.4191 0
      vertex 17.0917 -11.5254 0
    endloop
  endfacet
  facet normal 0 0 -1
    outer loop
      vertex 17.0917 -11.5254 0
      vertex 13.9142 -11.4191 0
      vertex 16.9965 -11.4131 0
    endloop
  endfacet
  facet normal -0 0 -1
    outer loop
      vertex 16.9127 -11.2921 0
      vertex 13.9142 -11.4191 0
      vertex 16.8412 -11.1634 0
    endloop
  endfacet
  facet normal -0 0 -1
    outer loop
      vertex 16.8412 -11.1634 0
      vertex 13.9142 -11.4191 0
      vertex 16.7827 -11.0284 0
    endloop
  endfacet
  facet normal -0 0 -1
    outer loop
      vertex 16.7827 -11.0284 0
      vertex 13.9142 -11.4191 0
      vertex 16.7376 -10.8882 0
    endloop
  endfacet
  facet normal 0 -0 -1
    outer loop
      vertex 14.9665 -10.0003 0
      vertex 16.7376 -10.8882 0
      vertex 13.9142 -11.4191 0
    endloop
  endfacet
  facet normal 0 0 -1
    outer loop
      vertex 17.5231 -9.15469 0
      vertex 15.8746 -8.48514 0
      vertex 16.6298 -6.8883 0
    endloop
  endfacet
  facet normal 0 0 -1
    outer loop
      vertex 14.9665 -10.0003 0
      vertex 16.6873 -10.4509 0
      vertex 16.6897 -10.5981 0
    endloop
  endfacet
  facet normal 0 0 -1
    outer loop
      vertex 16.7376 -10.8882 0
      vertex 14.9665 -10.0003 0
      vertex 16.7066 -10.7443 0
    endloop
  endfacet
  facet normal 0 0 -1
    outer loop
      vertex 12.7279 -12.7279 0
      vertex 16.9706 -16.9706 0
      vertex 15.2254 -18.5522 0
    endloop
  endfacet
  facet normal -0 0 -1
    outer loop
      vertex 16.8202 -9.88094 0
      vertex 14.9665 -10.0003 0
      vertex 15.8746 -8.48514 0
    endloop
  endfacet
  facet normal 0 0 -1
    outer loop
      vertex 16.7066 -10.7443 0
      vertex 14.9665 -10.0003 0
      vertex 16.6897 -10.5981 0
    endloop
  endfacet
  facet normal 0 0 -1
    outer loop
      vertex 11.4191 -13.9142 0
      vertex 15.2254 -18.5522 0
      vertex 13.3337 -19.9553 0
    endloop
  endfacet
  facet normal -0 0 -1
    outer loop
      vertex 16.9965 -11.4131 0
      vertex 13.9142 -11.4191 0
      vertex 16.9127 -11.2921 0
    endloop
  endfacet
  facet normal 0 0 -1
    outer loop
      vertex 15.2254 -18.5522 0
      vertex 11.4191 -13.9142 0
      vertex 12.7279 -12.7279 0
    endloop
  endfacet
  facet normal 0 0 -1
    outer loop
      vertex 10.0003 -14.9665 0
      vertex 13.3337 -19.9553 0
      vertex 11.3135 -21.1661 0
    endloop
  endfacet
  facet normal 0 0 -1
    outer loop
      vertex 13.3337 -19.9553 0
      vertex 10.0003 -14.9665 0
      vertex 11.4191 -13.9142 0
    endloop
  endfacet
  facet normal 0 0 -1
    outer loop
      vertex 8.48514 -15.8746 0
      vertex 11.3135 -21.1661 0
      vertex 9.1844 -22.1731 0
    endloop
  endfacet
  facet normal 0 0 -1
    outer loop
      vertex 11.3135 -21.1661 0
      vertex 8.48514 -15.8746 0
      vertex 10.0003 -14.9665 0
    endloop
  endfacet
  facet normal 0 0 -1
    outer loop
      vertex 6.8883 -16.6298 0
      vertex 9.1844 -22.1731 0
      vertex 6.96683 -22.9666 0
    endloop
  endfacet
  facet normal 0 0 -1
    outer loop
      vertex 9.1844 -22.1731 0
      vertex 6.8883 -16.6298 0
      vertex 8.48514 -15.8746 0
    endloop
  endfacet
  facet normal 0 0 -1
    outer loop
      vertex 6.96683 -22.9666 0
      vertex 5.22512 -17.2249 0
      vertex 6.8883 -16.6298 0
    endloop
  endfacet
  facet normal 0 0 -1
    outer loop
      vertex 4.68217 -23.5388 0
      vertex 5.22512 -17.2249 0
      vertex 6.96683 -22.9666 0
    endloop
  endfacet
  facet normal 0 0 -1
    outer loop
      vertex 4.68217 -23.5388 0
      vertex 3.51163 -17.6541 0
      vertex 5.22512 -17.2249 0
    endloop
  endfacet
  facet normal 0 0 -1
    outer loop
      vertex 2.35241 -23.8844 0
      vertex 3.51163 -17.6541 0
      vertex 4.68217 -23.5388 0
    endloop
  endfacet
  facet normal 0 0 -1
    outer loop
      vertex 2.35241 -23.8844 0
      vertex 1.76431 -17.9133 0
      vertex 3.51163 -17.6541 0
    endloop
  endfacet
  facet normal 0 0 -1
    outer loop
      vertex 0 -24 0
      vertex 1.76431 -17.9133 0
      vertex 2.35241 -23.8844 0
    endloop
  endfacet
  facet normal 0 0 -1
    outer loop
      vertex 0 -24 0
      vertex 0 -18 0
      vertex 1.76431 -17.9133 0
    endloop
  endfacet
  facet normal 0 0 -1
    outer loop
      vertex 0 -24 0
      vertex -1.76431 -17.9133 0
      vertex 0 -18 0
    endloop
  endfacet
  facet normal 0 0 -1
    outer loop
      vertex -2.35241 -23.8844 0
      vertex -1.76431 -17.9133 0
      vertex 0 -24 0
    endloop
  endfacet
  facet normal 0 0 -1
    outer loop
      vertex -2.35241 -23.8844 0
      vertex -3.51163 -17.6541 0
      vertex -1.76431 -17.9133 0
    endloop
  endfacet
  facet normal 0 0 -1
    outer loop
      vertex -4.68217 -23.5388 0
      vertex -3.51163 -17.6541 0
      vertex -2.35241 -23.8844 0
    endloop
  endfacet
  facet normal 0 0 -1
    outer loop
      vertex -4.68217 -23.5388 0
      vertex -5.22512 -17.2249 0
      vertex -3.51163 -17.6541 0
    endloop
  endfacet
  facet normal 0 0 -1
    outer loop
      vertex -6.96683 -22.9666 0
      vertex -5.22512 -17.2249 0
      vertex -4.68217 -23.5388 0
    endloop
  endfacet
  facet normal -0 0 -1
    outer loop
      vertex -5.22512 -17.2249 0
      vertex -6.96683 -22.9666 0
      vertex -6.8883 -16.6298 0
    endloop
  endfacet
  facet normal 0 0 -1
    outer loop
      vertex -9.1844 -22.1731 0
      vertex -6.8883 -16.6298 0
      vertex -6.96683 -22.9666 0
    endloop
  endfacet
  facet normal -0 0 -1
    outer loop
      vertex -6.8883 -16.6298 0
      vertex -9.1844 -22.1731 0
      vertex -8.48514 -15.8746 0
    endloop
  endfacet
  facet normal 0 0 -1
    outer loop
      vertex -11.3135 -21.1661 0
      vertex -8.48514 -15.8746 0
      vertex -9.1844 -22.1731 0
    endloop
  endfacet
  facet normal -0 0 -1
    outer loop
      vertex -8.48514 -15.8746 0
      vertex -11.3135 -21.1661 0
      vertex -10.0003 -14.9665 0
    endloop
  endfacet
  facet normal 0 0 -1
    outer loop
      vertex -13.3337 -19.9553 0
      vertex -10.0003 -14.9665 0
      vertex -11.3135 -21.1661 0
    endloop
  endfacet
  facet normal -0 0 -1
    outer loop
      vertex -10.0003 -14.9665 0
      vertex -13.3337 -19.9553 0
      vertex -11.4191 -13.9142 0
    endloop
  endfacet
  facet normal 0 0 -1
    outer loop
      vertex -15.2254 -18.5522 0
      vertex -11.4191 -13.9142 0
      vertex -13.3337 -19.9553 0
    endloop
  endfacet
  facet normal -0 0 -1
    outer loop
      vertex -11.4191 -13.9142 0
      vertex -15.2254 -18.5522 0
      vertex -12.7279 -12.7279 0
    endloop
  endfacet
  facet normal 0 0 -1
    outer loop
      vertex -16.9706 -16.9706 0
      vertex -12.7279 -12.7279 0
      vertex -15.2254 -18.5522 0
    endloop
  endfacet
  facet normal 0 0 -1
    outer loop
      vertex -17.3128 -11.7193 0
      vertex -12.7279 -12.7279 0
      vertex -16.9706 -16.9706 0
    endloop
  endfacet
  facet normal 0 -0 -1
    outer loop
      vertex -17.1975 -11.6278 0
      vertex -12.7279 -12.7279 0
      vertex -17.3128 -11.7193 0
    endloop
  endfacet
  facet normal 0 -0 -1
    outer loop
      vertex -16.6897 -10.5981 0
      vertex -14.9665 -10.0003 0
      vertex -16.7066 -10.7443 0
    endloop
  endfacet
  facet normal 0 0 -1
    outer loop
      vertex -16.7257 -10.1594 0
      vertex -14.9665 -10.0003 0
      vertex -16.6994 -10.3042 0
    endloop
  endfacet
  facet normal 0 0 -1
    outer loop
      vertex -16.6994 -10.3042 0
      vertex -14.9665 -10.0003 0
      vertex -16.6873 -10.4509 0
    endloop
  endfacet
  facet normal 0 -0 -1
    outer loop
      vertex -16.6873 -10.4509 0
      vertex -14.9665 -10.0003 0
      vertex -16.6897 -10.5981 0
    endloop
  endfacet
  facet normal 0 0 -1
    outer loop
      vertex -14.9665 -10.0003 0
      vertex -16.7376 -10.8882 0
      vertex -16.7066 -10.7443 0
    endloop
  endfacet
  facet normal 0 0 -1
    outer loop
      vertex -14.9665 -10.0003 0
      vertex -16.7827 -11.0284 0
      vertex -16.7376 -10.8882 0
    endloop
  endfacet
  facet normal 0 0 -1
    outer loop
      vertex -13.9142 -11.4191 0
      vertex -16.7827 -11.0284 0
      vertex -14.9665 -10.0003 0
    endloop
  endfacet
  facet normal 0 -0 -1
    outer loop
      vertex -16.7827 -11.0284 0
      vertex -13.9142 -11.4191 0
      vertex -16.8412 -11.1634 0
    endloop
  endfacet
  facet normal 0 -0 -1
    outer loop
      vertex -16.9127 -11.2921 0
      vertex -13.9142 -11.4191 0
      vertex -16.9965 -11.4131 0
    endloop
  endfacet
  facet normal 0 -0 -1
    outer loop
      vertex -16.8412 -11.1634 0
      vertex -13.9142 -11.4191 0
      vertex -16.9127 -11.2921 0
    endloop
  endfacet
  facet normal -0 0 -1
    outer loop
      vertex -13.9142 -11.4191 0
      vertex -17.0917 -11.5254 0
      vertex -16.9965 -11.4131 0
    endloop
  endfacet
  facet normal 0 0 -1
    outer loop
      vertex -13.9142 -11.4191 0
      vertex -17.1975 -11.6278 0
      vertex -17.0917 -11.5254 0
    endloop
  endfacet
  facet normal 0 0 -1
    outer loop
      vertex -12.7279 -12.7279 0
      vertex -17.1975 -11.6278 0
      vertex -13.9142 -11.4191 0
    endloop
  endfacet
  facet normal 0 0 -1
    outer loop
      vertex -18.5522 -15.2254 0
      vertex -17.3128 -11.7193 0
      vertex -16.9706 -16.9706 0
    endloop
  endfacet
  facet normal 0 0 -1
    outer loop
      vertex -17.3128 -11.7193 0
      vertex -18.5522 -15.2254 0
      vertex -17.4365 -11.799 0
    endloop
  endfacet
  facet normal 0 0 -1
    outer loop
      vertex -17.4365 -11.799 0
      vertex -18.5522 -15.2254 0
      vertex -17.5675 -11.8663 0
    endloop
  endfacet
  facet normal 0 0 -1
    outer loop
      vertex -17.5675 -11.8663 0
      vertex -18.5522 -15.2254 0
      vertex -17.7044 -11.9204 0
    endloop
  endfacet
  facet normal 0 0 -1
    outer loop
      vertex -17.7044 -11.9204 0
      vertex -18.5522 -15.2254 0
      vertex -17.8459 -11.9608 0
    endloop
  endfacet
  facet normal 0 0 -1
    outer loop
      vertex -17.8459 -11.9608 0
      vertex -18.5522 -15.2254 0
      vertex -17.9907 -11.9872 0
    endloop
  endfacet
  facet normal 0 0 -1
    outer loop
      vertex -17.9907 -11.9872 0
      vertex -18.5522 -15.2254 0
      vertex -18.1375 -11.9992 0
    endloop
  endfacet
  facet normal -0 0 -1
    outer loop
      vertex -18.1375 -11.9992 0
      vertex -18.5522 -15.2254 0
      vertex -18.2846 -11.9968 0
    endloop
  endfacet
  facet normal 0 0 -1
    outer loop
      vertex -19.9553 -13.3337 0
      vertex -18.2846 -11.9968 0
      vertex -18.5522 -15.2254 0
    endloop
  endfacet
  facet normal -0 0 -1
    outer loop
      vertex -18.2846 -11.9968 0
      vertex -19.9553 -13.3337 0
      vertex -18.4309 -11.98 0
    endloop
  endfacet
  facet normal -0 0 -1
    outer loop
      vertex -18.4309 -11.98 0
      vertex -19.9553 -13.3337 0
      vertex -18.5748 -11.9489 0
    endloop
  endfacet
  facet normal -0 0 -1
    outer loop
      vertex -18.5748 -11.9489 0
      vertex -19.9553 -13.3337 0
      vertex -18.7149 -11.9039 0
    endloop
  endfacet
  facet normal -0 0 -1
    outer loop
      vertex -18.7149 -11.9039 0
      vertex -19.9553 -13.3337 0
      vertex -18.85 -11.8453 0
    endloop
  endfacet
  facet normal -0 0 -1
    outer loop
      vertex -18.85 -11.8453 0
      vertex -19.9553 -13.3337 0
      vertex -18.9786 -11.7738 0
    endloop
  endfacet
  facet normal -0 0 -1
    outer loop
      vertex -18.9786 -11.7738 0
      vertex -19.9553 -13.3337 0
      vertex -19.0997 -11.69 0
    endloop
  endfacet
  facet normal -0 0 -1
    outer loop
      vertex -19.0997 -11.69 0
      vertex -19.9553 -13.3337 0
      vertex -19.2119 -11.5948 0
    endloop
  endfacet
  facet normal -0 0 -1
    outer loop
      vertex -19.2119 -11.5948 0
      vertex -19.9553 -13.3337 0
      vertex -19.3143 -11.489 0
    endloop
  endfacet
  facet normal -0 0 -1
    outer loop
      vertex -19.3143 -11.489 0
      vertex -19.9553 -13.3337 0
      vertex -19.4058 -11.3737 0
    endloop
  endfacet
  facet normal 0 0 -1
    outer loop
      vertex -21.1661 -11.3135 0
      vertex -19.4058 -11.3737 0
      vertex -19.9553 -13.3337 0
    endloop
  endfacet
  facet normal 0 0 -1
    outer loop
      vertex -19.4058 -11.3737 0
      vertex -21.1661 -11.3135 0
      vertex -19.4856 -11.25 0
    endloop
  endfacet
  facet normal -0 0 -1
    outer loop
      vertex -19.4856 -11.25 0
      vertex -21.1661 -11.3135 0
      vertex -19.5528 -11.1191 0
    endloop
  endfacet
  facet normal -0 0 -1
    outer loop
      vertex -19.6473 -10.8406 0
      vertex -21.1661 -11.3135 0
      vertex -19.6737 -10.6958 0
    endloop
  endfacet
  facet normal -0 0 -1
    outer loop
      vertex -19.6069 -10.9822 0
      vertex -21.1661 -11.3135 0
      vertex -19.6473 -10.8406 0
    endloop
  endfacet
  facet normal -0 0 -1
    outer loop
      vertex -19.5528 -11.1191 0
      vertex -21.1661 -11.3135 0
      vertex -19.6069 -10.9822 0
    endloop
  endfacet
  facet normal 0 0 -1
    outer loop
      vertex 22.1731 -9.1844 0
      vertex 19.6665 -10.2557 0
      vertex 19.6354 -10.1118 0
    endloop
  endfacet
  facet normal 0 0 -1
    outer loop
      vertex 22.1731 -9.1844 0
      vertex 19.6354 -10.1118 0
      vertex 19.5904 -9.97162 0
    endloop
  endfacet
  facet normal 0 0 -1
    outer loop
      vertex 22.1731 -9.1844 0
      vertex 19.5904 -9.97162 0
      vertex 19.5318 -9.83657 0
    endloop
  endfacet
  facet normal -0 0 -1
    outer loop
      vertex 23.5388 4.68217 0
      vertex 17.6541 3.51163 0
      vertex 22.9666 6.96683 0
    endloop
  endfacet
  facet normal 0 0 -1
    outer loop
      vertex 22.1731 -9.1844 0
      vertex 19.5318 -9.83657 0
      vertex 19.4603 -9.7079 0
    endloop
  endfacet
  facet normal 0 0 -1
    outer loop
      vertex 22.1731 -9.1844 0
      vertex 19.4603 -9.7079 0
      vertex 19.3766 -9.58686 0
    endloop
  endfacet
  facet normal 0 0 -1
    outer loop
      vertex 19.2813 -9.47461 0
      vertex 22.1731 -9.1844 0
      vertex 19.3766 -9.58686 0
    endloop
  endfacet
  facet normal 0 0 -1
    outer loop
      vertex 19.1756 -9.37224 0
      vertex 22.1731 -9.1844 0
      vertex 19.2813 -9.47461 0
    endloop
  endfacet
  facet normal 0 0 -1
    outer loop
      vertex 19.0602 -9.28073 0
      vertex 22.1731 -9.1844 0
      vertex 19.1756 -9.37224 0
    endloop
  endfacet
  facet normal 0 0 -1
    outer loop
      vertex 22.9666 -6.96683 0
      vertex 19.0602 -9.28073 0
      vertex 18.9365 -9.20096 0
    endloop
  endfacet
  facet normal 0 0 -1
    outer loop
      vertex 22.9666 -6.96683 0
      vertex 18.9365 -9.20096 0
      vertex 18.8056 -9.1337 0
    endloop
  endfacet
  facet normal 0 0 -1
    outer loop
      vertex 18.6687 -9.0796 0
      vertex 22.9666 -6.96683 0
      vertex 18.8056 -9.1337 0
    endloop
  endfacet
  facet normal 0 0 -1
    outer loop
      vertex 18.5271 -9.03918 0
      vertex 22.9666 -6.96683 0
      vertex 18.6687 -9.0796 0
    endloop
  endfacet
  facet normal 0 0 -1
    outer loop
      vertex 17.2249 5.22512 0
      vertex 22.9666 6.96683 0
      vertex 17.6541 3.51163 0
    endloop
  endfacet
  facet normal 0 0 -1
    outer loop
      vertex 23.5388 -4.68217 0
      vertex 18.5271 -9.03918 0
      vertex 18.3823 -9.01283 0
    endloop
  endfacet
  facet normal -0 0 -1
    outer loop
      vertex 23.5388 -4.68217 0
      vertex 18.3823 -9.01283 0
      vertex 18 0 0
    endloop
  endfacet
  facet normal 0 0 -1
    outer loop
      vertex 18 0 0
      vertex 18.3823 -9.01283 0
      vertex 18.2356 -9.0008 0
    endloop
  endfacet
  facet normal 0 0 -1
    outer loop
      vertex 18 0 0
      vertex 18.2356 -9.0008 0
      vertex 18.0884 -9.00321 0
    endloop
  endfacet
  facet normal -0 0 -1
    outer loop
      vertex 22.9666 6.96683 0
      vertex 17.2249 5.22512 0
      vertex 22.1731 9.1844 0
    endloop
  endfacet
  facet normal 0 0 -1
    outer loop
      vertex 16.6298 6.8883 0
      vertex 22.1731 9.1844 0
      vertex 17.2249 5.22512 0
    endloop
  endfacet
  facet normal -0 0 -1
    outer loop
      vertex 22.1731 9.1844 0
      vertex 16.6298 6.8883 0
      vertex 21.1661 11.3135 0
    endloop
  endfacet
  facet normal 0 0 -1
    outer loop
      vertex 15.8746 8.48514 0
      vertex 21.1661 11.3135 0
      vertex 16.6298 6.8883 0
    endloop
  endfacet
  facet normal -0 0 -1
    outer loop
      vertex 21.1661 11.3135 0
      vertex 15.8746 8.48514 0
      vertex 19.9553 13.3337 0
    endloop
  endfacet
  facet normal 0 0 -1
    outer loop
      vertex 14.9665 10.0003 0
      vertex 19.9553 13.3337 0
      vertex 15.8746 8.48514 0
    endloop
  endfacet
  facet normal -0 0 -1
    outer loop
      vertex 19.9553 13.3337 0
      vertex 14.9665 10.0003 0
      vertex 18.5522 15.2254 0
    endloop
  endfacet
  facet normal 0 0 -1
    outer loop
      vertex 13.9142 11.4191 0
      vertex 18.5522 15.2254 0
      vertex 14.9665 10.0003 0
    endloop
  endfacet
  facet normal -0 0 -1
    outer loop
      vertex 18.5522 15.2254 0
      vertex 13.9142 11.4191 0
      vertex 16.9706 16.9706 0
    endloop
  endfacet
  facet normal 0 0 -1
    outer loop
      vertex 12.7279 12.7279 0
      vertex 16.9706 16.9706 0
      vertex 13.9142 11.4191 0
    endloop
  endfacet
  facet normal -0 0 -1
    outer loop
      vertex 16.9706 16.9706 0
      vertex 12.7279 12.7279 0
      vertex 15.2254 18.5522 0
    endloop
  endfacet
  facet normal 0 0 -1
    outer loop
      vertex 11.4191 13.9142 0
      vertex 15.2254 18.5522 0
      vertex 12.7279 12.7279 0
    endloop
  endfacet
  facet normal -0 0 -1
    outer loop
      vertex 15.2254 18.5522 0
      vertex 11.4191 13.9142 0
      vertex 13.3337 19.9553 0
    endloop
  endfacet
  facet normal 0 0 -1
    outer loop
      vertex 10.0003 14.9665 0
      vertex 13.3337 19.9553 0
      vertex 11.4191 13.9142 0
    endloop
  endfacet
  facet normal -0 0 -1
    outer loop
      vertex 13.3337 19.9553 0
      vertex 10.0003 14.9665 0
      vertex 11.3135 21.1661 0
    endloop
  endfacet
  facet normal 0 0 -1
    outer loop
      vertex 8.48514 15.8746 0
      vertex 11.3135 21.1661 0
      vertex 10.0003 14.9665 0
    endloop
  endfacet
  facet normal -0 0 -1
    outer loop
      vertex 11.3135 21.1661 0
      vertex 8.48514 15.8746 0
      vertex 9.1844 22.1731 0
    endloop
  endfacet
  facet normal 0 0 -1
    outer loop
      vertex 6.8883 16.6298 0
      vertex 9.1844 22.1731 0
      vertex 8.48514 15.8746 0
    endloop
  endfacet
  facet normal -0 0 -1
    outer loop
      vertex 9.1844 22.1731 0
      vertex 6.8883 16.6298 0
      vertex 6.96683 22.9666 0
    endloop
  endfacet
  facet normal 0 0 -1
    outer loop
      vertex 5.22512 17.2249 0
      vertex 6.96683 22.9666 0
      vertex 6.8883 16.6298 0
    endloop
  endfacet
  facet normal 0 0 -1
    outer loop
      vertex 5.22512 17.2249 0
      vertex 4.68217 23.5388 0
      vertex 6.96683 22.9666 0
    endloop
  endfacet
  facet normal 0 0 -1
    outer loop
      vertex 3.51163 17.6541 0
      vertex 4.68217 23.5388 0
      vertex 5.22512 17.2249 0
    endloop
  endfacet
  facet normal 0 0 -1
    outer loop
      vertex 1.49278 20.853 0
      vertex 4.68217 23.5388 0
      vertex 3.51163 17.6541 0
    endloop
  endfacet
  facet normal 0 0 -1
    outer loop
      vertex 1.32288 20.2929 0
      vertex 3.51163 17.6541 0
      vertex 1.76431 17.9133 0
    endloop
  endfacet
  facet normal 0 0 -1
    outer loop
      vertex 1.49278 21.147 0
      vertex 4.68217 23.5388 0
      vertex 1.5 21 0
    endloop
  endfacet
  facet normal 0 0 -1
    outer loop
      vertex 1.47118 21.2926 0
      vertex 4.68217 23.5388 0
      vertex 1.49278 21.147 0
    endloop
  endfacet
  facet normal 0 0 -1
    outer loop
      vertex 1.43541 21.4354 0
      vertex 4.68217 23.5388 0
      vertex 1.47118 21.2926 0
    endloop
  endfacet
  facet normal -0 0 -1
    outer loop
      vertex 4.68217 23.5388 0
      vertex 1.43541 21.4354 0
      vertex 2.35241 23.8844 0
    endloop
  endfacet
  facet normal 0 0 -1
    outer loop
      vertex 1.38582 21.574 0
      vertex 2.35241 23.8844 0
      vertex 1.43541 21.4354 0
    endloop
  endfacet
  facet normal 0 0 -1
    outer loop
      vertex 1.32288 21.7071 0
      vertex 2.35241 23.8844 0
      vertex 1.38582 21.574 0
    endloop
  endfacet
  facet normal 0 0 -1
    outer loop
      vertex 1.2472 21.8334 0
      vertex 2.35241 23.8844 0
      vertex 1.32288 21.7071 0
    endloop
  endfacet
  facet normal 0 0 -1
    outer loop
      vertex 1.15952 21.9516 0
      vertex 2.35241 23.8844 0
      vertex 1.2472 21.8334 0
    endloop
  endfacet
  facet normal 0 0 -1
    outer loop
      vertex 1.06066 22.0607 0
      vertex 2.35241 23.8844 0
      vertex 1.15952 21.9516 0
    endloop
  endfacet
  facet normal 0 0 -1
    outer loop
      vertex 0.95159 22.1595 0
      vertex 2.35241 23.8844 0
      vertex 1.06066 22.0607 0
    endloop
  endfacet
  facet normal 0 0 -1
    outer loop
      vertex 0.833355 22.2472 0
      vertex 2.35241 23.8844 0
      vertex 0.95159 22.1595 0
    endloop
  endfacet
  facet normal 0 0 -1
    outer loop
      vertex 0.707094 22.3229 0
      vertex 2.35241 23.8844 0
      vertex 0.833355 22.2472 0
    endloop
  endfacet
  facet normal 0 0 -1
    outer loop
      vertex 0.574024 22.3858 0
      vertex 2.35241 23.8844 0
      vertex 0.707094 22.3229 0
    endloop
  endfacet
  facet normal 0 0 -1
    outer loop
      vertex 0 24 0
      vertex 0.574024 22.3858 0
      vertex 0.435427 22.4354 0
    endloop
  endfacet
  facet normal 0 0 -1
    outer loop
      vertex 0 24 0
      vertex 0.435427 22.4354 0
      vertex 0.292635 22.4712 0
    endloop
  endfacet
  facet normal 0 0 -1
    outer loop
      vertex 0 24 0
      vertex 0.292635 22.4712 0
      vertex 0.147025 22.4928 0
    endloop
  endfacet
  facet normal 0 0 -1
    outer loop
      vertex 0 24 0
      vertex 0.147025 22.4928 0
      vertex 0 22.5 0
    endloop
  endfacet
  facet normal 0 0 -1
    outer loop
      vertex 0.574024 22.3858 0
      vertex 0 24 0
      vertex 2.35241 23.8844 0
    endloop
  endfacet
  facet normal 0 0 -1
    outer loop
      vertex -0.147025 22.4928 0
      vertex 0 24 0
      vertex 0 22.5 0
    endloop
  endfacet
  facet normal 0 0 -1
    outer loop
      vertex -0.292635 22.4712 0
      vertex 0 24 0
      vertex -0.147025 22.4928 0
    endloop
  endfacet
  facet normal 0 0 -1
    outer loop
      vertex -0.435427 22.4354 0
      vertex 0 24 0
      vertex -0.292635 22.4712 0
    endloop
  endfacet
  facet normal 0 0 -1
    outer loop
      vertex -0.574024 22.3858 0
      vertex 0 24 0
      vertex -0.435427 22.4354 0
    endloop
  endfacet
  facet normal 0 0 -1
    outer loop
      vertex -2.35241 23.8844 0
      vertex -0.574024 22.3858 0
      vertex -0.707094 22.3229 0
    endloop
  endfacet
  facet normal 0 0 -1
    outer loop
      vertex -2.35241 23.8844 0
      vertex -0.707094 22.3229 0
      vertex -0.833355 22.2472 0
    endloop
  endfacet
  facet normal 0 0 -1
    outer loop
      vertex -2.35241 23.8844 0
      vertex -0.833355 22.2472 0
      vertex -0.95159 22.1595 0
    endloop
  endfacet
  facet normal 0 0 -1
    outer loop
      vertex -2.35241 23.8844 0
      vertex -0.95159 22.1595 0
      vertex -1.06066 22.0607 0
    endloop
  endfacet
  facet normal 0 0 -1
    outer loop
      vertex -2.35241 23.8844 0
      vertex -1.06066 22.0607 0
      vertex -1.15952 21.9516 0
    endloop
  endfacet
  facet normal 0 0 -1
    outer loop
      vertex -2.35241 23.8844 0
      vertex -1.15952 21.9516 0
      vertex -1.2472 21.8334 0
    endloop
  endfacet
  facet normal 0 0 -1
    outer loop
      vertex -2.35241 23.8844 0
      vertex -1.2472 21.8334 0
      vertex -1.32288 21.7071 0
    endloop
  endfacet
  facet normal 0 0 -1
    outer loop
      vertex -4.68217 23.5388 0
      vertex -1.49278 20.853 0
      vertex -3.51163 17.6541 0
    endloop
  endfacet
  facet normal 0 0 -1
    outer loop
      vertex -0.574024 22.3858 0
      vertex -2.35241 23.8844 0
      vertex 0 24 0
    endloop
  endfacet
  facet normal 0 0 -1
    outer loop
      vertex -1.38582 21.574 0
      vertex -2.35241 23.8844 0
      vertex -1.32288 21.7071 0
    endloop
  endfacet
  facet normal 0 0 -1
    outer loop
      vertex -1.43541 21.4354 0
      vertex -2.35241 23.8844 0
      vertex -1.38582 21.574 0
    endloop
  endfacet
  facet normal 0 0 -1
    outer loop
      vertex -4.68217 23.5388 0
      vertex -1.43541 21.4354 0
      vertex -1.47118 21.2926 0
    endloop
  endfacet
  facet normal 0 0 -1
    outer loop
      vertex -4.68217 23.5388 0
      vertex -1.47118 21.2926 0
      vertex -1.49278 21.147 0
    endloop
  endfacet
  facet normal 0 0 -1
    outer loop
      vertex -1.49278 20.853 0
      vertex -4.68217 23.5388 0
      vertex -1.5 21 0
    endloop
  endfacet
  facet normal 0 0 -1
    outer loop
      vertex -1.5 21 0
      vertex -4.68217 23.5388 0
      vertex -1.49278 21.147 0
    endloop
  endfacet
  facet normal 0 0 -1
    outer loop
      vertex -1.43541 21.4354 0
      vertex -4.68217 23.5388 0
      vertex -2.35241 23.8844 0
    endloop
  endfacet
  facet normal 0 0 -1
    outer loop
      vertex -5.22512 17.2249 0
      vertex -4.68217 23.5388 0
      vertex -3.51163 17.6541 0
    endloop
  endfacet
  facet normal 0 0 -1
    outer loop
      vertex -6.96683 22.9666 0
      vertex -5.22512 17.2249 0
      vertex -6.8883 16.6298 0
    endloop
  endfacet
  facet normal 0 0 -1
    outer loop
      vertex -5.22512 17.2249 0
      vertex -6.96683 22.9666 0
      vertex -4.68217 23.5388 0
    endloop
  endfacet
  facet normal 0 0 -1
    outer loop
      vertex -9.1844 22.1731 0
      vertex -6.8883 16.6298 0
      vertex -8.48514 15.8746 0
    endloop
  endfacet
  facet normal 0 0 -1
    outer loop
      vertex -6.8883 16.6298 0
      vertex -9.1844 22.1731 0
      vertex -6.96683 22.9666 0
    endloop
  endfacet
  facet normal 0 0 -1
    outer loop
      vertex -11.3135 21.1661 0
      vertex -8.48514 15.8746 0
      vertex -10.0003 14.9665 0
    endloop
  endfacet
  facet normal 0 0 -1
    outer loop
      vertex -8.48514 15.8746 0
      vertex -11.3135 21.1661 0
      vertex -9.1844 22.1731 0
    endloop
  endfacet
  facet normal 0 0 -1
    outer loop
      vertex -13.3337 19.9553 0
      vertex -10.0003 14.9665 0
      vertex -11.4191 13.9142 0
    endloop
  endfacet
  facet normal 0 0 -1
    outer loop
      vertex -15.2254 18.5522 0
      vertex -11.4191 13.9142 0
      vertex -12.7279 12.7279 0
    endloop
  endfacet
  facet normal 0 0 -1
    outer loop
      vertex -10.0003 14.9665 0
      vertex -13.3337 19.9553 0
      vertex -11.3135 21.1661 0
    endloop
  endfacet
  facet normal 0 0 -1
    outer loop
      vertex -16.9706 16.9706 0
      vertex -12.7279 12.7279 0
      vertex -13.9142 11.4191 0
    endloop
  endfacet
  facet normal 0 0 -1
    outer loop
      vertex -18.5522 15.2254 0
      vertex -13.9142 11.4191 0
      vertex -14.9665 10.0003 0
    endloop
  endfacet
  facet normal 0 0 -1
    outer loop
      vertex -11.4191 13.9142 0
      vertex -15.2254 18.5522 0
      vertex -13.3337 19.9553 0
    endloop
  endfacet
  facet normal 0 0 -1
    outer loop
      vertex -19.9553 13.3337 0
      vertex -14.9665 10.0003 0
      vertex -15.8746 8.48514 0
    endloop
  endfacet
  facet normal 0 0 -1
    outer loop
      vertex -21.1661 11.3135 0
      vertex -15.8746 8.48514 0
      vertex -16.6298 6.8883 0
    endloop
  endfacet
  facet normal 0 0 -1
    outer loop
      vertex -12.7279 12.7279 0
      vertex -16.9706 16.9706 0
      vertex -15.2254 18.5522 0
    endloop
  endfacet
  facet normal 0 0 -1
    outer loop
      vertex -22.1731 9.1844 0
      vertex -16.6298 6.8883 0
      vertex -17.2249 5.22512 0
    endloop
  endfacet
  facet normal 0 0 -1
    outer loop
      vertex -22.9666 6.96683 0
      vertex -17.2249 5.22512 0
      vertex -17.6541 3.51163 0
    endloop
  endfacet
  facet normal 0 0 -1
    outer loop
      vertex -23.5388 4.68217 0
      vertex -17.6541 3.51163 0
      vertex -17.9133 1.76431 0
    endloop
  endfacet
  facet normal 0 0 -1
    outer loop
      vertex -18.6687 -9.0796 0
      vertex -17.2249 -5.22512 0
      vertex -18.5271 -9.03918 0
    endloop
  endfacet
  facet normal 0 0 -1
    outer loop
      vertex -18.8056 -9.1337 0
      vertex -17.2249 -5.22512 0
      vertex -18.6687 -9.0796 0
    endloop
  endfacet
  facet normal 0 0 -1
    outer loop
      vertex -23.5388 -4.68217 0
      vertex -17.6541 -3.51163 0
      vertex -22.9666 -6.96683 0
    endloop
  endfacet
  facet normal 0 0 -1
    outer loop
      vertex -23.8844 -2.35241 0
      vertex -17.9133 -1.76431 0
      vertex -23.5388 -4.68217 0
    endloop
  endfacet
  facet normal 0 0 -1
    outer loop
      vertex -13.9142 11.4191 0
      vertex -18.5522 15.2254 0
      vertex -16.9706 16.9706 0
    endloop
  endfacet
  facet normal -0 0 -1
    outer loop
      vertex -17.9133 -1.76431 0
      vertex -23.8844 -2.35241 0
      vertex -18 0 0
    endloop
  endfacet
  facet normal -0 0 -1
    outer loop
      vertex -17.2249 -5.22512 0
      vertex -22.9666 -6.96683 0
      vertex -17.6541 -3.51163 0
    endloop
  endfacet
  facet normal 0 0 -1
    outer loop
      vertex -17.2249 -5.22512 0
      vertex -18.8056 -9.1337 0
      vertex -22.9666 -6.96683 0
    endloop
  endfacet
  facet normal 0 0 -1
    outer loop
      vertex -22.9666 -6.96683 0
      vertex -18.8056 -9.1337 0
      vertex -18.9365 -9.20096 0
    endloop
  endfacet
  facet normal 0 0 -1
    outer loop
      vertex -22.9666 -6.96683 0
      vertex -18.9365 -9.20096 0
      vertex -19.0602 -9.28073 0
    endloop
  endfacet
  facet normal 0 0 -1
    outer loop
      vertex -22.1731 -9.1844 0
      vertex -19.0602 -9.28073 0
      vertex -19.1756 -9.37224 0
    endloop
  endfacet
  facet normal 0 0 -1
    outer loop
      vertex -22.1731 -9.1844 0
      vertex -19.1756 -9.37224 0
      vertex -19.2813 -9.47461 0
    endloop
  endfacet
  facet normal 0 0 -1
    outer loop
      vertex -22.1731 -9.1844 0
      vertex -19.2813 -9.47461 0
      vertex -19.3766 -9.58686 0
    endloop
  endfacet
  facet normal 0 0 -1
    outer loop
      vertex -22.1731 -9.1844 0
      vertex -19.3766 -9.58686 0
      vertex -19.4603 -9.7079 0
    endloop
  endfacet
  facet normal 0 0 -1
    outer loop
      vertex -22.1731 -9.1844 0
      vertex -19.4603 -9.7079 0
      vertex -19.5318 -9.83657 0
    endloop
  endfacet
  facet normal 0 0 -1
    outer loop
      vertex -22.1731 -9.1844 0
      vertex -19.5318 -9.83657 0
      vertex -19.5904 -9.97162 0
    endloop
  endfacet
  facet normal 0 0 -1
    outer loop
      vertex -22.1731 -9.1844 0
      vertex -19.5904 -9.97162 0
      vertex -19.6354 -10.1118 0
    endloop
  endfacet
  facet normal 0 0 -1
    outer loop
      vertex -22.1731 -9.1844 0
      vertex -19.6354 -10.1118 0
      vertex -19.6665 -10.2557 0
    endloop
  endfacet
  facet normal 0 0 -1
    outer loop
      vertex -21.1661 -11.3135 0
      vertex -19.6665 -10.2557 0
      vertex -19.6833 -10.4019 0
    endloop
  endfacet
  facet normal -0 0 -1
    outer loop
      vertex -19.6737 -10.6958 0
      vertex -21.1661 -11.3135 0
      vertex -19.6857 -10.5491 0
    endloop
  endfacet
  facet normal -0 0 -1
    outer loop
      vertex -19.6857 -10.5491 0
      vertex -21.1661 -11.3135 0
      vertex -19.6833 -10.4019 0
    endloop
  endfacet
  facet normal 0 0 -1
    outer loop
      vertex -14.9665 10.0003 0
      vertex -19.9553 13.3337 0
      vertex -18.5522 15.2254 0
    endloop
  endfacet
  facet normal -0 0 -1
    outer loop
      vertex -19.6665 -10.2557 0
      vertex -21.1661 -11.3135 0
      vertex -22.1731 -9.1844 0
    endloop
  endfacet
  facet normal 0 0 -1
    outer loop
      vertex -15.8746 8.48514 0
      vertex -21.1661 11.3135 0
      vertex -19.9553 13.3337 0
    endloop
  endfacet
  facet normal 0 0 -1
    outer loop
      vertex -19.0602 -9.28073 0
      vertex -22.1731 -9.1844 0
      vertex -22.9666 -6.96683 0
    endloop
  endfacet
  facet normal 0 0 -1
    outer loop
      vertex -16.6298 6.8883 0
      vertex -22.1731 9.1844 0
      vertex -21.1661 11.3135 0
    endloop
  endfacet
  facet normal -0 0 -1
    outer loop
      vertex -17.6541 -3.51163 0
      vertex -23.5388 -4.68217 0
      vertex -17.9133 -1.76431 0
    endloop
  endfacet
  facet normal 0 0 -1
    outer loop
      vertex -17.2249 5.22512 0
      vertex -22.9666 6.96683 0
      vertex -22.1731 9.1844 0
    endloop
  endfacet
  facet normal 0 0 -1
    outer loop
      vertex -24 0 0
      vertex -18 0 0
      vertex -23.8844 -2.35241 0
    endloop
  endfacet
  facet normal 0 0 -1
    outer loop
      vertex -17.6541 3.51163 0
      vertex -23.5388 4.68217 0
      vertex -22.9666 6.96683 0
    endloop
  endfacet
  facet normal 0 0 -1
    outer loop
      vertex -18 0 0
      vertex -24 0 0
      vertex -17.9133 1.76431 0
    endloop
  endfacet
  facet normal 0 0 -1
    outer loop
      vertex -17.9133 1.76431 0
      vertex -23.8844 2.35241 0
      vertex -23.5388 4.68217 0
    endloop
  endfacet
  facet normal -0 0 -1
    outer loop
      vertex -17.9133 1.76431 0
      vertex -24 0 0
      vertex -23.8844 2.35241 0
    endloop
  endfacet
  facet normal 0.970039 0.242949 0
    outer loop
      vertex 23.5388 4.68217 3
      vertex 22.9666 6.96683 0
      vertex 22.9666 6.96683 3
    endloop
  endfacet
  facet normal 0.970039 0.242949 0
    outer loop
      vertex 22.9666 6.96683 0
      vertex 23.5388 4.68217 3
      vertex 23.5388 4.68217 0
    endloop
  endfacet
  facet normal 0.989176 0.146736 0
    outer loop
      vertex 23.8844 2.35241 3
      vertex 23.5388 4.68217 0
      vertex 23.5388 4.68217 3
    endloop
  endfacet
  facet normal 0.989176 0.146736 0
    outer loop
      vertex 23.5388 4.68217 0
      vertex 23.8844 2.35241 3
      vertex 23.8844 2.35241 0
    endloop
  endfacet
  facet normal 0.941539 0.336905 0
    outer loop
      vertex 22.9666 6.96683 3
      vertex 22.1731 9.1844 0
      vertex 22.1731 9.1844 3
    endloop
  endfacet
  facet normal 0.941539 0.336905 0
    outer loop
      vertex 22.1731 9.1844 0
      vertex 22.9666 6.96683 3
      vertex 22.9666 6.96683 0
    endloop
  endfacet
  facet normal 0.803183 0.595732 0
    outer loop
      vertex 19.9553 13.3337 3
      vertex 18.5522 15.2254 0
      vertex 18.5522 15.2254 3
    endloop
  endfacet
  facet normal 0.803183 0.595732 0
    outer loop
      vertex 18.5522 15.2254 0
      vertex 19.9553 13.3337 3
      vertex 19.9553 13.3337 0
    endloop
  endfacet
  facet normal 0.85774 0.514084 0
    outer loop
      vertex 21.1661 11.3135 3
      vertex 19.9553 13.3337 0
      vertex 19.9553 13.3337 3
    endloop
  endfacet
  facet normal 0.85774 0.514084 0
    outer loop
      vertex 19.9553 13.3337 0
      vertex 21.1661 11.3135 3
      vertex 21.1661 11.3135 0
    endloop
  endfacet
  facet normal 0.242949 0.970039 -0
    outer loop
      vertex 6.96683 22.9666 0
      vertex 4.68217 23.5388 3
      vertex 6.96683 22.9666 3
    endloop
  endfacet
  facet normal 0.242949 0.970039 0
    outer loop
      vertex 4.68217 23.5388 3
      vertex 6.96683 22.9666 0
      vertex 4.68217 23.5388 0
    endloop
  endfacet
  facet normal 0.146736 0.989176 -0
    outer loop
      vertex 4.68217 23.5388 0
      vertex 2.35241 23.8844 3
      vertex 4.68217 23.5388 3
    endloop
  endfacet
  facet normal 0.146736 0.989176 0
    outer loop
      vertex 2.35241 23.8844 3
      vertex 4.68217 23.5388 0
      vertex 2.35241 23.8844 0
    endloop
  endfacet
  facet normal 0.514084 0.85774 -0
    outer loop
      vertex 13.3337 19.9553 0
      vertex 11.3135 21.1661 3
      vertex 13.3337 19.9553 3
    endloop
  endfacet
  facet normal 0.514084 0.85774 0
    outer loop
      vertex 11.3135 21.1661 3
      vertex 13.3337 19.9553 0
      vertex 11.3135 21.1661 0
    endloop
  endfacet
  facet normal 0.595732 0.803183 -0
    outer loop
      vertex 15.2254 18.5522 0
      vertex 13.3337 19.9553 3
      vertex 15.2254 18.5522 3
    endloop
  endfacet
  facet normal 0.595732 0.803183 0
    outer loop
      vertex 13.3337 19.9553 3
      vertex 15.2254 18.5522 0
      vertex 13.3337 19.9553 0
    endloop
  endfacet
  facet normal -0.970039 0.242949 0
    outer loop
      vertex -23.5388 4.68217 0
      vertex -22.9666 6.96683 3
      vertex -22.9666 6.96683 0
    endloop
  endfacet
  facet normal -0.970039 0.242949 0
    outer loop
      vertex -22.9666 6.96683 3
      vertex -23.5388 4.68217 0
      vertex -23.5388 4.68217 3
    endloop
  endfacet
  facet normal -0.740984 0.671522 0
    outer loop
      vertex -18.5522 15.2254 0
      vertex -16.9706 16.9706 3
      vertex -16.9706 16.9706 0
    endloop
  endfacet
  facet normal -0.740984 0.671522 0
    outer loop
      vertex -16.9706 16.9706 3
      vertex -18.5522 15.2254 0
      vertex -18.5522 15.2254 3
    endloop
  endfacet
  facet normal -0.903988 0.427559 0
    outer loop
      vertex -22.1731 9.1844 0
      vertex -21.1661 11.3135 3
      vertex -21.1661 11.3135 0
    endloop
  endfacet
  facet normal -0.903988 0.427559 0
    outer loop
      vertex -21.1661 11.3135 3
      vertex -22.1731 9.1844 0
      vertex -22.1731 9.1844 3
    endloop
  endfacet
  facet normal -0.941539 0.336905 0
    outer loop
      vertex -22.9666 6.96683 0
      vertex -22.1731 9.1844 3
      vertex -22.1731 9.1844 0
    endloop
  endfacet
  facet normal -0.941539 0.336905 0
    outer loop
      vertex -22.1731 9.1844 3
      vertex -22.9666 6.96683 0
      vertex -22.9666 6.96683 3
    endloop
  endfacet
  facet normal -0.989176 0.146736 0
    outer loop
      vertex -23.8844 2.35241 0
      vertex -23.5388 4.68217 3
      vertex -23.5388 4.68217 0
    endloop
  endfacet
  facet normal -0.989176 0.146736 0
    outer loop
      vertex -23.5388 4.68217 3
      vertex -23.8844 2.35241 0
      vertex -23.8844 2.35241 3
    endloop
  endfacet
  facet normal 0 0 1
    outer loop
      vertex -14.9665 -10.0003 3
      vertex -16.6994 -10.3042 3
      vertex -16.6873 -10.4509 3
    endloop
  endfacet
  facet normal 0 0 1
    outer loop
      vertex -15.8746 -8.48514 3
      vertex -16.7257 -10.1594 3
      vertex -16.6994 -10.3042 3
    endloop
  endfacet
  facet normal 0 0 1
    outer loop
      vertex -15.8746 -8.48514 3
      vertex -16.7661 -10.0178 3
      vertex -16.7257 -10.1594 3
    endloop
  endfacet
  facet normal 0 0 1
    outer loop
      vertex -15.8746 -8.48514 3
      vertex -16.8202 -9.88094 3
      vertex -16.7661 -10.0178 3
    endloop
  endfacet
  facet normal 0 0 1
    outer loop
      vertex -15.8746 -8.48514 3
      vertex -16.8875 -9.75 3
      vertex -16.8202 -9.88094 3
    endloop
  endfacet
  facet normal 0 0 1
    outer loop
      vertex -15.8746 -8.48514 3
      vertex -16.9673 -9.62628 3
      vertex -16.8875 -9.75 3
    endloop
  endfacet
  facet normal 0 0 1
    outer loop
      vertex -15.8746 -8.48514 3
      vertex -17.0588 -9.51098 3
      vertex -16.9673 -9.62628 3
    endloop
  endfacet
  facet normal 0 0 1
    outer loop
      vertex -15.8746 -8.48514 3
      vertex -17.1611 -9.4052 3
      vertex -17.0588 -9.51098 3
    endloop
  endfacet
  facet normal 0 0 1
    outer loop
      vertex -18.5271 -9.03918 3
      vertex -16.6298 -6.8883 3
      vertex -17.2249 -5.22512 3
    endloop
  endfacet
  facet normal 0 0 1
    outer loop
      vertex -15.8746 -8.48514 3
      vertex -17.2734 -9.30997 3
      vertex -17.1611 -9.4052 3
    endloop
  endfacet
  facet normal 0 0 1
    outer loop
      vertex -15.8746 -8.48514 3
      vertex -17.3944 -9.2262 3
      vertex -17.2734 -9.30997 3
    endloop
  endfacet
  facet normal 0 0 1
    outer loop
      vertex -15.8746 -8.48514 3
      vertex -17.5231 -9.15469 3
      vertex -17.3944 -9.2262 3
    endloop
  endfacet
  facet normal 0 0 1
    outer loop
      vertex -22.9666 -6.96683 3
      vertex -17.2249 -5.22512 3
      vertex -17.6541 -3.51163 3
    endloop
  endfacet
  facet normal 0 0 1
    outer loop
      vertex -16.6298 -6.8883 3
      vertex -17.6582 -9.09614 3
      vertex -17.5231 -9.15469 3
    endloop
  endfacet
  facet normal 0 0 1
    outer loop
      vertex -16.6298 -6.8883 3
      vertex -17.7983 -9.05111 3
      vertex -17.6582 -9.09614 3
    endloop
  endfacet
  facet normal 0 0 1
    outer loop
      vertex -23.5388 -4.68217 3
      vertex -17.6541 -3.51163 3
      vertex -17.9133 -1.76431 3
    endloop
  endfacet
  facet normal 0 0 1
    outer loop
      vertex -16.6298 -6.8883 3
      vertex -17.9422 -9.02003 3
      vertex -17.7983 -9.05111 3
    endloop
  endfacet
  facet normal 0 0 1
    outer loop
      vertex -23.8844 -2.35241 3
      vertex -17.9133 -1.76431 3
      vertex -18 0 3
    endloop
  endfacet
  facet normal 0 0 1
    outer loop
      vertex -16.6298 -6.8883 3
      vertex -18.0884 -9.00321 3
      vertex -17.9422 -9.02003 3
    endloop
  endfacet
  facet normal -0 0 1
    outer loop
      vertex 1.47118 20.7074 3
      vertex 3.51163 17.6541 3
      vertex 1.49278 20.853 3
    endloop
  endfacet
  facet normal -0 0 1
    outer loop
      vertex 1.43541 20.5646 3
      vertex 3.51163 17.6541 3
      vertex 1.47118 20.7074 3
    endloop
  endfacet
  facet normal -0 0 1
    outer loop
      vertex 1.38582 20.426 3
      vertex 3.51163 17.6541 3
      vertex 1.43541 20.5646 3
    endloop
  endfacet
  facet normal -0 0 1
    outer loop
      vertex 1.32288 20.2929 3
      vertex 3.51163 17.6541 3
      vertex 1.38582 20.426 3
    endloop
  endfacet
  facet normal 0 0 1
    outer loop
      vertex 3.51163 17.6541 3
      vertex 1.32288 20.2929 3
      vertex 1.76431 17.9133 3
    endloop
  endfacet
  facet normal -0 0 1
    outer loop
      vertex 1.2472 20.1666 3
      vertex 1.76431 17.9133 3
      vertex 1.32288 20.2929 3
    endloop
  endfacet
  facet normal -0 0 1
    outer loop
      vertex 1.15952 20.0484 3
      vertex 1.76431 17.9133 3
      vertex 1.2472 20.1666 3
    endloop
  endfacet
  facet normal -0 0 1
    outer loop
      vertex 1.06066 19.9393 3
      vertex 1.76431 17.9133 3
      vertex 1.15952 20.0484 3
    endloop
  endfacet
  facet normal -0 0 1
    outer loop
      vertex 0.95159 19.8405 3
      vertex 1.76431 17.9133 3
      vertex 1.06066 19.9393 3
    endloop
  endfacet
  facet normal -0 0 1
    outer loop
      vertex 0.833355 19.7528 3
      vertex 1.76431 17.9133 3
      vertex 0.95159 19.8405 3
    endloop
  endfacet
  facet normal -0 0 1
    outer loop
      vertex 0.707094 19.6771 3
      vertex 1.76431 17.9133 3
      vertex 0.833355 19.7528 3
    endloop
  endfacet
  facet normal -0 0 1
    outer loop
      vertex 0.574024 19.6142 3
      vertex 1.76431 17.9133 3
      vertex 0.707094 19.6771 3
    endloop
  endfacet
  facet normal 0 0 1
    outer loop
      vertex 0 18 3
      vertex 0.574024 19.6142 3
      vertex 0.435427 19.5646 3
    endloop
  endfacet
  facet normal 0 0 1
    outer loop
      vertex 0 18 3
      vertex 0.435427 19.5646 3
      vertex 0.292635 19.5288 3
    endloop
  endfacet
  facet normal 0 0 1
    outer loop
      vertex 0 18 3
      vertex 0.292635 19.5288 3
      vertex 0.147025 19.5072 3
    endloop
  endfacet
  facet normal 0 0 1
    outer loop
      vertex 0 18 3
      vertex 0.147025 19.5072 3
      vertex 0 19.5 3
    endloop
  endfacet
  facet normal 0 0 1
    outer loop
      vertex 0.574024 19.6142 3
      vertex 0 18 3
      vertex 1.76431 17.9133 3
    endloop
  endfacet
  facet normal 0 0 1
    outer loop
      vertex -0.147025 19.5072 3
      vertex 0 18 3
      vertex 0 19.5 3
    endloop
  endfacet
  facet normal 0 0 1
    outer loop
      vertex -0.292635 19.5288 3
      vertex 0 18 3
      vertex -0.147025 19.5072 3
    endloop
  endfacet
  facet normal 0 0 1
    outer loop
      vertex -0.435427 19.5646 3
      vertex 0 18 3
      vertex -0.292635 19.5288 3
    endloop
  endfacet
  facet normal 0 0 1
    outer loop
      vertex -0.574024 19.6142 3
      vertex 0 18 3
      vertex -0.435427 19.5646 3
    endloop
  endfacet
  facet normal 0 0 1
    outer loop
      vertex -1.76431 17.9133 3
      vertex -0.574024 19.6142 3
      vertex -0.707094 19.6771 3
    endloop
  endfacet
  facet normal 0 0 1
    outer loop
      vertex -1.76431 17.9133 3
      vertex -0.707094 19.6771 3
      vertex -0.833355 19.7528 3
    endloop
  endfacet
  facet normal 0 0 1
    outer loop
      vertex -1.76431 17.9133 3
      vertex -0.833355 19.7528 3
      vertex -0.95159 19.8405 3
    endloop
  endfacet
  facet normal 0 0 1
    outer loop
      vertex -1.76431 17.9133 3
      vertex -0.95159 19.8405 3
      vertex -1.06066 19.9393 3
    endloop
  endfacet
  facet normal 0 0 1
    outer loop
      vertex -1.76431 17.9133 3
      vertex -1.06066 19.9393 3
      vertex -1.15952 20.0484 3
    endloop
  endfacet
  facet normal 0 0 1
    outer loop
      vertex -1.76431 17.9133 3
      vertex -1.15952 20.0484 3
      vertex -1.2472 20.1666 3
    endloop
  endfacet
  facet normal 0 0 1
    outer loop
      vertex -1.76431 17.9133 3
      vertex -1.2472 20.1666 3
      vertex -1.32288 20.2929 3
    endloop
  endfacet
  facet normal 0 0 1
    outer loop
      vertex -0.574024 19.6142 3
      vertex -1.76431 17.9133 3
      vertex 0 18 3
    endloop
  endfacet
  facet normal 0 0 1
    outer loop
      vertex -3.51163 17.6541 3
      vertex -1.32288 20.2929 3
      vertex -1.38582 20.426 3
    endloop
  endfacet
  facet normal 0 0 1
    outer loop
      vertex -3.51163 17.6541 3
      vertex -1.38582 20.426 3
      vertex -1.43541 20.5646 3
    endloop
  endfacet
  facet normal 0 0 1
    outer loop
      vertex -3.51163 17.6541 3
      vertex -1.43541 20.5646 3
      vertex -1.47118 20.7074 3
    endloop
  endfacet
  facet normal 0 0 1
    outer loop
      vertex -3.51163 17.6541 3
      vertex -1.47118 20.7074 3
      vertex -1.49278 20.853 3
    endloop
  endfacet
  facet normal 0 0 1
    outer loop
      vertex -4.68217 23.5388 3
      vertex -1.49278 20.853 3
      vertex -1.5 21 3
    endloop
  endfacet
  facet normal 0 0 1
    outer loop
      vertex 18 0 3
      vertex 24 0 3
      vertex 23.8844 2.35241 3
    endloop
  endfacet
  facet normal 0 0 1
    outer loop
      vertex 17.9133 1.76431 3
      vertex 23.8844 2.35241 3
      vertex 23.5388 4.68217 3
    endloop
  endfacet
  facet normal 0 0 1
    outer loop
      vertex 24 0 3
      vertex 18 0 3
      vertex 23.8844 -2.35241 3
    endloop
  endfacet
  facet normal 0 0 1
    outer loop
      vertex 17.6541 3.51163 3
      vertex 23.5388 4.68217 3
      vertex 22.9666 6.96683 3
    endloop
  endfacet
  facet normal -0 0 1
    outer loop
      vertex 17.9133 -1.76431 3
      vertex 23.8844 -2.35241 3
      vertex 18 0 3
    endloop
  endfacet
  facet normal 0 0 1
    outer loop
      vertex 17.2249 5.22512 3
      vertex 22.9666 6.96683 3
      vertex 22.1731 9.1844 3
    endloop
  endfacet
  facet normal 0 0 1
    outer loop
      vertex 23.8844 -2.35241 3
      vertex 17.9133 -1.76431 3
      vertex 23.5388 -4.68217 3
    endloop
  endfacet
  facet normal 0 0 1
    outer loop
      vertex 16.6298 6.8883 3
      vertex 22.1731 9.1844 3
      vertex 21.1661 11.3135 3
    endloop
  endfacet
  facet normal -0 0 1
    outer loop
      vertex 17.6541 -3.51163 3
      vertex 23.5388 -4.68217 3
      vertex 17.9133 -1.76431 3
    endloop
  endfacet
  facet normal 0 0 1
    outer loop
      vertex 15.8746 8.48514 3
      vertex 21.1661 11.3135 3
      vertex 19.9553 13.3337 3
    endloop
  endfacet
  facet normal 0 0 1
    outer loop
      vertex 23.5388 -4.68217 3
      vertex 17.6541 -3.51163 3
      vertex 22.9666 -6.96683 3
    endloop
  endfacet
  facet normal -0 -0 1
    outer loop
      vertex 19.6857 -10.5491 3
      vertex 21.1661 -11.3135 3
      vertex 19.6833 -10.4019 3
    endloop
  endfacet
  facet normal -0 0 1
    outer loop
      vertex 19.6737 -10.6958 3
      vertex 21.1661 -11.3135 3
      vertex 19.6857 -10.5491 3
    endloop
  endfacet
  facet normal 0 0 1
    outer loop
      vertex 21.1661 -11.3135 3
      vertex 19.6665 -10.2557 3
      vertex 19.6833 -10.4019 3
    endloop
  endfacet
  facet normal 0 0 1
    outer loop
      vertex 22.1731 -9.1844 3
      vertex 19.6665 -10.2557 3
      vertex 21.1661 -11.3135 3
    endloop
  endfacet
  facet normal -0 0 1
    outer loop
      vertex 17.2249 -5.22512 3
      vertex 22.9666 -6.96683 3
      vertex 17.6541 -3.51163 3
    endloop
  endfacet
  facet normal 0 -0 1
    outer loop
      vertex 19.6665 -10.2557 3
      vertex 22.1731 -9.1844 3
      vertex 19.6354 -10.1118 3
    endloop
  endfacet
  facet normal 0 -0 1
    outer loop
      vertex 19.6354 -10.1118 3
      vertex 22.1731 -9.1844 3
      vertex 19.5904 -9.97162 3
    endloop
  endfacet
  facet normal 0 -0 1
    outer loop
      vertex 18.8056 -9.1337 3
      vertex 22.9666 -6.96683 3
      vertex 17.2249 -5.22512 3
    endloop
  endfacet
  facet normal 0 -0 1
    outer loop
      vertex 19.5904 -9.97162 3
      vertex 22.1731 -9.1844 3
      vertex 19.5318 -9.83657 3
    endloop
  endfacet
  facet normal 0 -0 1
    outer loop
      vertex 19.5318 -9.83657 3
      vertex 22.1731 -9.1844 3
      vertex 19.4603 -9.7079 3
    endloop
  endfacet
  facet normal 0 -0 1
    outer loop
      vertex 19.4603 -9.7079 3
      vertex 22.1731 -9.1844 3
      vertex 19.3766 -9.58686 3
    endloop
  endfacet
  facet normal 0 0 1
    outer loop
      vertex 22.1731 -9.1844 3
      vertex 19.2813 -9.47461 3
      vertex 19.3766 -9.58686 3
    endloop
  endfacet
  facet normal 0 0 1
    outer loop
      vertex 22.1731 -9.1844 3
      vertex 19.1756 -9.37224 3
      vertex 19.2813 -9.47461 3
    endloop
  endfacet
  facet normal 0 0 1
    outer loop
      vertex 22.1731 -9.1844 3
      vertex 19.0602 -9.28073 3
      vertex 19.1756 -9.37224 3
    endloop
  endfacet
  facet normal 0 0 1
    outer loop
      vertex 14.9665 10.0003 3
      vertex 19.9553 13.3337 3
      vertex 18.5522 15.2254 3
    endloop
  endfacet
  facet normal 0 -0 1
    outer loop
      vertex 19.0602 -9.28073 3
      vertex 22.9666 -6.96683 3
      vertex 18.9365 -9.20096 3
    endloop
  endfacet
  facet normal 0 0 1
    outer loop
      vertex 22.9666 -6.96683 3
      vertex 19.0602 -9.28073 3
      vertex 22.1731 -9.1844 3
    endloop
  endfacet
  facet normal 0 0 1
    outer loop
      vertex 22.9666 -6.96683 3
      vertex 18.8056 -9.1337 3
      vertex 18.9365 -9.20096 3
    endloop
  endfacet
  facet normal 0 0 1
    outer loop
      vertex 18.8056 -9.1337 3
      vertex 17.2249 -5.22512 3
      vertex 18.6687 -9.0796 3
    endloop
  endfacet
  facet normal 0 0 1
    outer loop
      vertex 18.6687 -9.0796 3
      vertex 17.2249 -5.22512 3
      vertex 18.5271 -9.03918 3
    endloop
  endfacet
  facet normal 0 0 1
    outer loop
      vertex 23.8844 2.35241 3
      vertex 17.9133 1.76431 3
      vertex 18 0 3
    endloop
  endfacet
  facet normal 0 0 1
    outer loop
      vertex 23.5388 4.68217 3
      vertex 17.6541 3.51163 3
      vertex 17.9133 1.76431 3
    endloop
  endfacet
  facet normal 0 0 1
    outer loop
      vertex 22.9666 6.96683 3
      vertex 17.2249 5.22512 3
      vertex 17.6541 3.51163 3
    endloop
  endfacet
  facet normal 0 0 1
    outer loop
      vertex 13.9142 11.4191 3
      vertex 18.5522 15.2254 3
      vertex 16.9706 16.9706 3
    endloop
  endfacet
  facet normal 0 0 1
    outer loop
      vertex 22.1731 9.1844 3
      vertex 16.6298 6.8883 3
      vertex 17.2249 5.22512 3
    endloop
  endfacet
  facet normal 0 0 1
    outer loop
      vertex 21.1661 11.3135 3
      vertex 15.8746 8.48514 3
      vertex 16.6298 6.8883 3
    endloop
  endfacet
  facet normal 0 0 1
    outer loop
      vertex 12.7279 12.7279 3
      vertex 16.9706 16.9706 3
      vertex 15.2254 18.5522 3
    endloop
  endfacet
  facet normal 0 0 1
    outer loop
      vertex 19.9553 13.3337 3
      vertex 14.9665 10.0003 3
      vertex 15.8746 8.48514 3
    endloop
  endfacet
  facet normal 0 0 1
    outer loop
      vertex 18.5522 15.2254 3
      vertex 13.9142 11.4191 3
      vertex 14.9665 10.0003 3
    endloop
  endfacet
  facet normal 0 0 1
    outer loop
      vertex 11.4191 13.9142 3
      vertex 15.2254 18.5522 3
      vertex 13.3337 19.9553 3
    endloop
  endfacet
  facet normal 0 0 1
    outer loop
      vertex 16.9706 16.9706 3
      vertex 12.7279 12.7279 3
      vertex 13.9142 11.4191 3
    endloop
  endfacet
  facet normal 0 0 1
    outer loop
      vertex 15.2254 18.5522 3
      vertex 11.4191 13.9142 3
      vertex 12.7279 12.7279 3
    endloop
  endfacet
  facet normal 0 0 1
    outer loop
      vertex 10.0003 14.9665 3
      vertex 13.3337 19.9553 3
      vertex 11.3135 21.1661 3
    endloop
  endfacet
  facet normal 0 0 1
    outer loop
      vertex 13.3337 19.9553 3
      vertex 10.0003 14.9665 3
      vertex 11.4191 13.9142 3
    endloop
  endfacet
  facet normal 0 0 1
    outer loop
      vertex 8.48514 15.8746 3
      vertex 11.3135 21.1661 3
      vertex 9.1844 22.1731 3
    endloop
  endfacet
  facet normal 0 0 1
    outer loop
      vertex 11.3135 21.1661 3
      vertex 8.48514 15.8746 3
      vertex 10.0003 14.9665 3
    endloop
  endfacet
  facet normal 0 0 1
    outer loop
      vertex 6.8883 16.6298 3
      vertex 9.1844 22.1731 3
      vertex 6.96683 22.9666 3
    endloop
  endfacet
  facet normal 0 0 1
    outer loop
      vertex 9.1844 22.1731 3
      vertex 6.8883 16.6298 3
      vertex 8.48514 15.8746 3
    endloop
  endfacet
  facet normal 0 0 1
    outer loop
      vertex 6.96683 22.9666 3
      vertex 5.22512 17.2249 3
      vertex 6.8883 16.6298 3
    endloop
  endfacet
  facet normal 0 0 1
    outer loop
      vertex 4.68217 23.5388 3
      vertex 5.22512 17.2249 3
      vertex 6.96683 22.9666 3
    endloop
  endfacet
  facet normal 0 0 1
    outer loop
      vertex 4.68217 23.5388 3
      vertex 3.51163 17.6541 3
      vertex 5.22512 17.2249 3
    endloop
  endfacet
  facet normal 0 0 1
    outer loop
      vertex 1.43541 21.4354 3
      vertex 4.68217 23.5388 3
      vertex 2.35241 23.8844 3
    endloop
  endfacet
  facet normal 0 0 1
    outer loop
      vertex 1.49278 20.853 3
      vertex 4.68217 23.5388 3
      vertex 1.5 21 3
    endloop
  endfacet
  facet normal 0 0 1
    outer loop
      vertex 4.68217 23.5388 3
      vertex 1.49278 20.853 3
      vertex 3.51163 17.6541 3
    endloop
  endfacet
  facet normal 0 0 1
    outer loop
      vertex 4.68217 23.5388 3
      vertex 1.49278 21.147 3
      vertex 1.5 21 3
    endloop
  endfacet
  facet normal 0 0 1
    outer loop
      vertex 4.68217 23.5388 3
      vertex 1.47118 21.2926 3
      vertex 1.49278 21.147 3
    endloop
  endfacet
  facet normal 0 0 1
    outer loop
      vertex 4.68217 23.5388 3
      vertex 1.43541 21.4354 3
      vertex 1.47118 21.2926 3
    endloop
  endfacet
  facet normal 0 0 1
    outer loop
      vertex 2.35241 23.8844 3
      vertex 1.38582 21.574 3
      vertex 1.43541 21.4354 3
    endloop
  endfacet
  facet normal 0 0 1
    outer loop
      vertex 2.35241 23.8844 3
      vertex 1.32288 21.7071 3
      vertex 1.38582 21.574 3
    endloop
  endfacet
  facet normal 0 0 1
    outer loop
      vertex 2.35241 23.8844 3
      vertex 1.2472 21.8334 3
      vertex 1.32288 21.7071 3
    endloop
  endfacet
  facet normal 0 0 1
    outer loop
      vertex 2.35241 23.8844 3
      vertex 1.15952 21.9516 3
      vertex 1.2472 21.8334 3
    endloop
  endfacet
  facet normal 0 0 1
    outer loop
      vertex 2.35241 23.8844 3
      vertex 1.06066 22.0607 3
      vertex 1.15952 21.9516 3
    endloop
  endfacet
  facet normal 0 0 1
    outer loop
      vertex 2.35241 23.8844 3
      vertex 0.95159 22.1595 3
      vertex 1.06066 22.0607 3
    endloop
  endfacet
  facet normal 0 0 1
    outer loop
      vertex 2.35241 23.8844 3
      vertex 0.833355 22.2472 3
      vertex 0.95159 22.1595 3
    endloop
  endfacet
  facet normal 0 0 1
    outer loop
      vertex 2.35241 23.8844 3
      vertex 0.707094 22.3229 3
      vertex 0.833355 22.2472 3
    endloop
  endfacet
  facet normal 0 0 1
    outer loop
      vertex 2.35241 23.8844 3
      vertex 0.574024 22.3858 3
      vertex 0.707094 22.3229 3
    endloop
  endfacet
  facet normal 0 0 1
    outer loop
      vertex 0 24 3
      vertex 0.574024 22.3858 3
      vertex 2.35241 23.8844 3
    endloop
  endfacet
  facet normal 0 0 1
    outer loop
      vertex 0.574024 22.3858 3
      vertex 0 24 3
      vertex 0.435427 22.4354 3
    endloop
  endfacet
  facet normal 0 0 1
    outer loop
      vertex 0.435427 22.4354 3
      vertex 0 24 3
      vertex 0.292635 22.4712 3
    endloop
  endfacet
  facet normal 0 0 1
    outer loop
      vertex 0.292635 22.4712 3
      vertex 0 24 3
      vertex 0.147025 22.4928 3
    endloop
  endfacet
  facet normal 0 0 1
    outer loop
      vertex 0 24 3
      vertex 0 22.5 3
      vertex 0.147025 22.4928 3
    endloop
  endfacet
  facet normal 0 0 1
    outer loop
      vertex 0 24 3
      vertex -0.147025 22.4928 3
      vertex 0 22.5 3
    endloop
  endfacet
  facet normal 0 0 1
    outer loop
      vertex 0 24 3
      vertex -0.292635 22.4712 3
      vertex -0.147025 22.4928 3
    endloop
  endfacet
  facet normal 0 0 1
    outer loop
      vertex 0 24 3
      vertex -0.435427 22.4354 3
      vertex -0.292635 22.4712 3
    endloop
  endfacet
  facet normal 0 0 1
    outer loop
      vertex 0 24 3
      vertex -0.574024 22.3858 3
      vertex -0.435427 22.4354 3
    endloop
  endfacet
  facet normal -0 0 1
    outer loop
      vertex -2.35241 23.8844 3
      vertex -0.574024 22.3858 3
      vertex 0 24 3
    endloop
  endfacet
  facet normal 0 0 1
    outer loop
      vertex -0.574024 22.3858 3
      vertex -2.35241 23.8844 3
      vertex -0.707094 22.3229 3
    endloop
  endfacet
  facet normal 0 0 1
    outer loop
      vertex -0.707094 22.3229 3
      vertex -2.35241 23.8844 3
      vertex -0.833355 22.2472 3
    endloop
  endfacet
  facet normal 0 0 1
    outer loop
      vertex -0.833355 22.2472 3
      vertex -2.35241 23.8844 3
      vertex -0.95159 22.1595 3
    endloop
  endfacet
  facet normal 0 0 1
    outer loop
      vertex -0.95159 22.1595 3
      vertex -2.35241 23.8844 3
      vertex -1.06066 22.0607 3
    endloop
  endfacet
  facet normal 0 0 1
    outer loop
      vertex -1.06066 22.0607 3
      vertex -2.35241 23.8844 3
      vertex -1.15952 21.9516 3
    endloop
  endfacet
  facet normal 0 0 1
    outer loop
      vertex -1.15952 21.9516 3
      vertex -2.35241 23.8844 3
      vertex -1.2472 21.8334 3
    endloop
  endfacet
  facet normal 0 0 1
    outer loop
      vertex -4.68217 23.5388 3
      vertex -1.5 21 3
      vertex -1.49278 21.147 3
    endloop
  endfacet
  facet normal 0 0 1
    outer loop
      vertex -1.2472 21.8334 3
      vertex -2.35241 23.8844 3
      vertex -1.32288 21.7071 3
    endloop
  endfacet
  facet normal 0 0 1
    outer loop
      vertex -2.35241 23.8844 3
      vertex -1.38582 21.574 3
      vertex -1.32288 21.7071 3
    endloop
  endfacet
  facet normal 0 0 1
    outer loop
      vertex -2.35241 23.8844 3
      vertex -1.43541 21.4354 3
      vertex -1.38582 21.574 3
    endloop
  endfacet
  facet normal -0 0 1
    outer loop
      vertex -4.68217 23.5388 3
      vertex -1.43541 21.4354 3
      vertex -2.35241 23.8844 3
    endloop
  endfacet
  facet normal 0 0 1
    outer loop
      vertex -1.43541 21.4354 3
      vertex -4.68217 23.5388 3
      vertex -1.47118 21.2926 3
    endloop
  endfacet
  facet normal 0 0 1
    outer loop
      vertex -1.47118 21.2926 3
      vertex -4.68217 23.5388 3
      vertex -1.49278 21.147 3
    endloop
  endfacet
  facet normal 0 0 1
    outer loop
      vertex -1.32288 20.2929 3
      vertex -3.51163 17.6541 3
      vertex -1.76431 17.9133 3
    endloop
  endfacet
  facet normal 0 0 1
    outer loop
      vertex -1.49278 20.853 3
      vertex -4.68217 23.5388 3
      vertex -3.51163 17.6541 3
    endloop
  endfacet
  facet normal 0 0 1
    outer loop
      vertex -4.68217 23.5388 3
      vertex -5.22512 17.2249 3
      vertex -3.51163 17.6541 3
    endloop
  endfacet
  facet normal -0 0 1
    outer loop
      vertex -6.96683 22.9666 3
      vertex -5.22512 17.2249 3
      vertex -4.68217 23.5388 3
    endloop
  endfacet
  facet normal 0 0 1
    outer loop
      vertex -5.22512 17.2249 3
      vertex -6.96683 22.9666 3
      vertex -6.8883 16.6298 3
    endloop
  endfacet
  facet normal -0 0 1
    outer loop
      vertex -9.1844 22.1731 3
      vertex -6.8883 16.6298 3
      vertex -6.96683 22.9666 3
    endloop
  endfacet
  facet normal 0 0 1
    outer loop
      vertex -6.8883 16.6298 3
      vertex -9.1844 22.1731 3
      vertex -8.48514 15.8746 3
    endloop
  endfacet
  facet normal -0 0 1
    outer loop
      vertex -11.3135 21.1661 3
      vertex -8.48514 15.8746 3
      vertex -9.1844 22.1731 3
    endloop
  endfacet
  facet normal 0 0 1
    outer loop
      vertex -8.48514 15.8746 3
      vertex -11.3135 21.1661 3
      vertex -10.0003 14.9665 3
    endloop
  endfacet
  facet normal -0 0 1
    outer loop
      vertex -13.3337 19.9553 3
      vertex -10.0003 14.9665 3
      vertex -11.3135 21.1661 3
    endloop
  endfacet
  facet normal 0 0 1
    outer loop
      vertex -10.0003 14.9665 3
      vertex -13.3337 19.9553 3
      vertex -11.4191 13.9142 3
    endloop
  endfacet
  facet normal -0 0 1
    outer loop
      vertex -15.2254 18.5522 3
      vertex -11.4191 13.9142 3
      vertex -13.3337 19.9553 3
    endloop
  endfacet
  facet normal 0 0 1
    outer loop
      vertex -11.4191 13.9142 3
      vertex -15.2254 18.5522 3
      vertex -12.7279 12.7279 3
    endloop
  endfacet
  facet normal -0 0 1
    outer loop
      vertex -16.9706 16.9706 3
      vertex -12.7279 12.7279 3
      vertex -15.2254 18.5522 3
    endloop
  endfacet
  facet normal 0 0 1
    outer loop
      vertex -12.7279 12.7279 3
      vertex -16.9706 16.9706 3
      vertex -13.9142 11.4191 3
    endloop
  endfacet
  facet normal -0 0 1
    outer loop
      vertex -18.5522 15.2254 3
      vertex -13.9142 11.4191 3
      vertex -16.9706 16.9706 3
    endloop
  endfacet
  facet normal 0 0 1
    outer loop
      vertex -13.9142 11.4191 3
      vertex -18.5522 15.2254 3
      vertex -14.9665 10.0003 3
    endloop
  endfacet
  facet normal -0 0 1
    outer loop
      vertex -19.9553 13.3337 3
      vertex -14.9665 10.0003 3
      vertex -18.5522 15.2254 3
    endloop
  endfacet
  facet normal 0 0 1
    outer loop
      vertex -14.9665 10.0003 3
      vertex -19.9553 13.3337 3
      vertex -15.8746 8.48514 3
    endloop
  endfacet
  facet normal -0 0 1
    outer loop
      vertex -21.1661 11.3135 3
      vertex -15.8746 8.48514 3
      vertex -19.9553 13.3337 3
    endloop
  endfacet
  facet normal 0 0 1
    outer loop
      vertex -15.8746 8.48514 3
      vertex -21.1661 11.3135 3
      vertex -16.6298 6.8883 3
    endloop
  endfacet
  facet normal 0 0 1
    outer loop
      vertex -16.6298 -6.8883 3
      vertex -18.2356 -9.0008 3
      vertex -18.0884 -9.00321 3
    endloop
  endfacet
  facet normal 0 0 1
    outer loop
      vertex -16.6298 -6.8883 3
      vertex -18.3823 -9.01283 3
      vertex -18.2356 -9.0008 3
    endloop
  endfacet
  facet normal 0 0 1
    outer loop
      vertex -17.6541 -3.51163 3
      vertex -23.5388 -4.68217 3
      vertex -22.9666 -6.96683 3
    endloop
  endfacet
  facet normal 0 0 1
    outer loop
      vertex -24 0 3
      vertex -18 0 3
      vertex -17.9133 1.76431 3
    endloop
  endfacet
  facet normal -0 0 1
    outer loop
      vertex -22.1731 9.1844 3
      vertex -16.6298 6.8883 3
      vertex -21.1661 11.3135 3
    endloop
  endfacet
  facet normal 0 0 1
    outer loop
      vertex -16.6298 6.8883 3
      vertex -22.1731 9.1844 3
      vertex -17.2249 5.22512 3
    endloop
  endfacet
  facet normal -0 0 1
    outer loop
      vertex -22.9666 6.96683 3
      vertex -17.2249 5.22512 3
      vertex -22.1731 9.1844 3
    endloop
  endfacet
  facet normal 0 0 1
    outer loop
      vertex -17.2249 5.22512 3
      vertex -22.9666 6.96683 3
      vertex -17.6541 3.51163 3
    endloop
  endfacet
  facet normal -0 0 1
    outer loop
      vertex -23.5388 4.68217 3
      vertex -17.6541 3.51163 3
      vertex -22.9666 6.96683 3
    endloop
  endfacet
  facet normal 0 0 1
    outer loop
      vertex -17.6541 3.51163 3
      vertex -23.5388 4.68217 3
      vertex -17.9133 1.76431 3
    endloop
  endfacet
  facet normal -0 0 1
    outer loop
      vertex -23.8844 2.35241 3
      vertex -17.9133 1.76431 3
      vertex -23.5388 4.68217 3
    endloop
  endfacet
  facet normal 0 0 1
    outer loop
      vertex -24 0 3
      vertex -17.9133 1.76431 3
      vertex -23.8844 2.35241 3
    endloop
  endfacet
  facet normal 0 0 1
    outer loop
      vertex -18 0 3
      vertex -24 0 3
      vertex -23.8844 -2.35241 3
    endloop
  endfacet
  facet normal 0 0 1
    outer loop
      vertex -17.9133 -1.76431 3
      vertex -23.8844 -2.35241 3
      vertex -23.5388 -4.68217 3
    endloop
  endfacet
  facet normal 0 0 1
    outer loop
      vertex -16.6298 -6.8883 3
      vertex -18.5271 -9.03918 3
      vertex -18.3823 -9.01283 3
    endloop
  endfacet
  facet normal 0 -0 1
    outer loop
      vertex -18.8056 -9.1337 3
      vertex -17.2249 -5.22512 3
      vertex -22.9666 -6.96683 3
    endloop
  endfacet
  facet normal 0 0 1
    outer loop
      vertex -17.2249 -5.22512 3
      vertex -18.6687 -9.0796 3
      vertex -18.5271 -9.03918 3
    endloop
  endfacet
  facet normal 0 0 1
    outer loop
      vertex -17.2249 -5.22512 3
      vertex -18.8056 -9.1337 3
      vertex -18.6687 -9.0796 3
    endloop
  endfacet
  facet normal 0 0 1
    outer loop
      vertex -18.8056 -9.1337 3
      vertex -22.9666 -6.96683 3
      vertex -18.9365 -9.20096 3
    endloop
  endfacet
  facet normal -0 -0 1
    outer loop
      vertex -22.1731 -9.1844 3
      vertex -19.0602 -9.28073 3
      vertex -22.9666 -6.96683 3
    endloop
  endfacet
  facet normal 0 0 1
    outer loop
      vertex -18.9365 -9.20096 3
      vertex -22.9666 -6.96683 3
      vertex -19.0602 -9.28073 3
    endloop
  endfacet
  facet normal -0 0 1
    outer loop
      vertex 19.6473 -10.8406 3
      vertex 21.1661 -11.3135 3
      vertex 19.6737 -10.6958 3
    endloop
  endfacet
  facet normal -0 0 1
    outer loop
      vertex 19.6069 -10.9822 3
      vertex 21.1661 -11.3135 3
      vertex 19.6473 -10.8406 3
    endloop
  endfacet
  facet normal -0 0 1
    outer loop
      vertex 19.5528 -11.1191 3
      vertex 21.1661 -11.3135 3
      vertex 19.6069 -10.9822 3
    endloop
  endfacet
  facet normal -0 0 1
    outer loop
      vertex 19.4856 -11.25 3
      vertex 21.1661 -11.3135 3
      vertex 19.5528 -11.1191 3
    endloop
  endfacet
  facet normal 0 0 1
    outer loop
      vertex 19.4058 -11.3737 3
      vertex 21.1661 -11.3135 3
      vertex 19.4856 -11.25 3
    endloop
  endfacet
  facet normal 0 0 1
    outer loop
      vertex 21.1661 -11.3135 3
      vertex 19.4058 -11.3737 3
      vertex 19.9553 -13.3337 3
    endloop
  endfacet
  facet normal -0 0 1
    outer loop
      vertex 19.3143 -11.489 3
      vertex 19.9553 -13.3337 3
      vertex 19.4058 -11.3737 3
    endloop
  endfacet
  facet normal -0 0 1
    outer loop
      vertex 19.2119 -11.5948 3
      vertex 19.9553 -13.3337 3
      vertex 19.3143 -11.489 3
    endloop
  endfacet
  facet normal -0 0 1
    outer loop
      vertex 19.0997 -11.69 3
      vertex 19.9553 -13.3337 3
      vertex 19.2119 -11.5948 3
    endloop
  endfacet
  facet normal -0 0 1
    outer loop
      vertex 18.9786 -11.7738 3
      vertex 19.9553 -13.3337 3
      vertex 19.0997 -11.69 3
    endloop
  endfacet
  facet normal -0 0 1
    outer loop
      vertex 18.85 -11.8453 3
      vertex 19.9553 -13.3337 3
      vertex 18.9786 -11.7738 3
    endloop
  endfacet
  facet normal -0 0 1
    outer loop
      vertex 18.7149 -11.9039 3
      vertex 19.9553 -13.3337 3
      vertex 18.85 -11.8453 3
    endloop
  endfacet
  facet normal -0 0 1
    outer loop
      vertex 18.5748 -11.9489 3
      vertex 19.9553 -13.3337 3
      vertex 18.7149 -11.9039 3
    endloop
  endfacet
  facet normal -0 0 1
    outer loop
      vertex 18.4309 -11.98 3
      vertex 19.9553 -13.3337 3
      vertex 18.5748 -11.9489 3
    endloop
  endfacet
  facet normal -0 0 1
    outer loop
      vertex 18.2846 -11.9968 3
      vertex 19.9553 -13.3337 3
      vertex 18.4309 -11.98 3
    endloop
  endfacet
  facet normal 0 0 1
    outer loop
      vertex 19.9553 -13.3337 3
      vertex 18.2846 -11.9968 3
      vertex 18.5522 -15.2254 3
    endloop
  endfacet
  facet normal -0 0 1
    outer loop
      vertex 18.1375 -11.9992 3
      vertex 18.5522 -15.2254 3
      vertex 18.2846 -11.9968 3
    endloop
  endfacet
  facet normal 0 0 1
    outer loop
      vertex 17.9907 -11.9872 3
      vertex 18.5522 -15.2254 3
      vertex 18.1375 -11.9992 3
    endloop
  endfacet
  facet normal 0 0 1
    outer loop
      vertex 17.8459 -11.9608 3
      vertex 18.5522 -15.2254 3
      vertex 17.9907 -11.9872 3
    endloop
  endfacet
  facet normal 0 0 1
    outer loop
      vertex 17.7044 -11.9204 3
      vertex 18.5522 -15.2254 3
      vertex 17.8459 -11.9608 3
    endloop
  endfacet
  facet normal 0 0 1
    outer loop
      vertex 17.5675 -11.8663 3
      vertex 18.5522 -15.2254 3
      vertex 17.7044 -11.9204 3
    endloop
  endfacet
  facet normal 0 0 1
    outer loop
      vertex 17.4365 -11.799 3
      vertex 18.5522 -15.2254 3
      vertex 17.5675 -11.8663 3
    endloop
  endfacet
  facet normal 0 0 1
    outer loop
      vertex 17.3128 -11.7193 3
      vertex 18.5522 -15.2254 3
      vertex 17.4365 -11.799 3
    endloop
  endfacet
  facet normal 0 0 1
    outer loop
      vertex 12.7279 -12.7279 3
      vertex 17.3128 -11.7193 3
      vertex 17.1975 -11.6278 3
    endloop
  endfacet
  facet normal 0 0 1
    outer loop
      vertex 13.9142 -11.4191 3
      vertex 17.1975 -11.6278 3
      vertex 17.0917 -11.5254 3
    endloop
  endfacet
  facet normal -0 0 1
    outer loop
      vertex 13.9142 -11.4191 3
      vertex 17.0917 -11.5254 3
      vertex 16.9965 -11.4131 3
    endloop
  endfacet
  facet normal 0 0 1
    outer loop
      vertex 17.3128 -11.7193 3
      vertex 16.9706 -16.9706 3
      vertex 18.5522 -15.2254 3
    endloop
  endfacet
  facet normal 0 0 1
    outer loop
      vertex 13.9142 -11.4191 3
      vertex 16.9965 -11.4131 3
      vertex 16.9127 -11.2921 3
    endloop
  endfacet
  facet normal 0 0 1
    outer loop
      vertex 13.9142 -11.4191 3
      vertex 16.9127 -11.2921 3
      vertex 16.8412 -11.1634 3
    endloop
  endfacet
  facet normal 0 0 1
    outer loop
      vertex 13.9142 -11.4191 3
      vertex 16.8412 -11.1634 3
      vertex 16.7827 -11.0284 3
    endloop
  endfacet
  facet normal 0 0 1
    outer loop
      vertex 13.9142 -11.4191 3
      vertex 16.7827 -11.0284 3
      vertex 16.7376 -10.8882 3
    endloop
  endfacet
  facet normal 0 0 1
    outer loop
      vertex 14.9665 -10.0003 3
      vertex 16.7376 -10.8882 3
      vertex 16.7066 -10.7443 3
    endloop
  endfacet
  facet normal 0 0 1
    outer loop
      vertex 14.9665 -10.0003 3
      vertex 16.7066 -10.7443 3
      vertex 16.6897 -10.5981 3
    endloop
  endfacet
  facet normal 0 0 1
    outer loop
      vertex 16.7257 -10.1594 3
      vertex 14.9665 -10.0003 3
      vertex 16.6994 -10.3042 3
    endloop
  endfacet
  facet normal 0 0 1
    outer loop
      vertex 16.6994 -10.3042 3
      vertex 14.9665 -10.0003 3
      vertex 16.6873 -10.4509 3
    endloop
  endfacet
  facet normal 0 0 1
    outer loop
      vertex 16.6873 -10.4509 3
      vertex 14.9665 -10.0003 3
      vertex 16.6897 -10.5981 3
    endloop
  endfacet
  facet normal 0 0 1
    outer loop
      vertex 16.7376 -10.8882 3
      vertex 14.9665 -10.0003 3
      vertex 13.9142 -11.4191 3
    endloop
  endfacet
  facet normal 0 0 1
    outer loop
      vertex 17.1975 -11.6278 3
      vertex 13.9142 -11.4191 3
      vertex 12.7279 -12.7279 3
    endloop
  endfacet
  facet normal 0 0 1
    outer loop
      vertex 17.3128 -11.7193 3
      vertex 12.7279 -12.7279 3
      vertex 16.9706 -16.9706 3
    endloop
  endfacet
  facet normal 0 0 1
    outer loop
      vertex 16.9706 -16.9706 3
      vertex 12.7279 -12.7279 3
      vertex 15.2254 -18.5522 3
    endloop
  endfacet
  facet normal -0 0 1
    outer loop
      vertex 11.4191 -13.9142 3
      vertex 15.2254 -18.5522 3
      vertex 12.7279 -12.7279 3
    endloop
  endfacet
  facet normal 0 0 1
    outer loop
      vertex 15.2254 -18.5522 3
      vertex 11.4191 -13.9142 3
      vertex 13.3337 -19.9553 3
    endloop
  endfacet
  facet normal -0 0 1
    outer loop
      vertex 10.0003 -14.9665 3
      vertex 13.3337 -19.9553 3
      vertex 11.4191 -13.9142 3
    endloop
  endfacet
  facet normal 0 0 1
    outer loop
      vertex 13.3337 -19.9553 3
      vertex 10.0003 -14.9665 3
      vertex 11.3135 -21.1661 3
    endloop
  endfacet
  facet normal -0 0 1
    outer loop
      vertex 8.48514 -15.8746 3
      vertex 11.3135 -21.1661 3
      vertex 10.0003 -14.9665 3
    endloop
  endfacet
  facet normal 0 0 1
    outer loop
      vertex 11.3135 -21.1661 3
      vertex 8.48514 -15.8746 3
      vertex 9.1844 -22.1731 3
    endloop
  endfacet
  facet normal -0 0 1
    outer loop
      vertex 6.8883 -16.6298 3
      vertex 9.1844 -22.1731 3
      vertex 8.48514 -15.8746 3
    endloop
  endfacet
  facet normal 0 0 1
    outer loop
      vertex 9.1844 -22.1731 3
      vertex 6.8883 -16.6298 3
      vertex 6.96683 -22.9666 3
    endloop
  endfacet
  facet normal -0 0 1
    outer loop
      vertex 5.22512 -17.2249 3
      vertex 6.96683 -22.9666 3
      vertex 6.8883 -16.6298 3
    endloop
  endfacet
  facet normal 0 0 1
    outer loop
      vertex 5.22512 -17.2249 3
      vertex 4.68217 -23.5388 3
      vertex 6.96683 -22.9666 3
    endloop
  endfacet
  facet normal -0 0 1
    outer loop
      vertex 3.51163 -17.6541 3
      vertex 4.68217 -23.5388 3
      vertex 5.22512 -17.2249 3
    endloop
  endfacet
  facet normal 0 0 1
    outer loop
      vertex 3.51163 -17.6541 3
      vertex 2.35241 -23.8844 3
      vertex 4.68217 -23.5388 3
    endloop
  endfacet
  facet normal -0 0 1
    outer loop
      vertex 1.76431 -17.9133 3
      vertex 2.35241 -23.8844 3
      vertex 3.51163 -17.6541 3
    endloop
  endfacet
  facet normal -0 0 1
    outer loop
      vertex 0 -18 3
      vertex 2.35241 -23.8844 3
      vertex 1.76431 -17.9133 3
    endloop
  endfacet
  facet normal 0 0 1
    outer loop
      vertex 0 -18 3
      vertex 0 -24 3
      vertex 2.35241 -23.8844 3
    endloop
  endfacet
  facet normal 0 0 1
    outer loop
      vertex -1.76431 -17.9133 3
      vertex 0 -24 3
      vertex 0 -18 3
    endloop
  endfacet
  facet normal 0 0 1
    outer loop
      vertex -1.76431 -17.9133 3
      vertex -2.35241 -23.8844 3
      vertex 0 -24 3
    endloop
  endfacet
  facet normal 0 0 1
    outer loop
      vertex -3.51163 -17.6541 3
      vertex -2.35241 -23.8844 3
      vertex -1.76431 -17.9133 3
    endloop
  endfacet
  facet normal 0 0 1
    outer loop
      vertex -3.51163 -17.6541 3
      vertex -4.68217 -23.5388 3
      vertex -2.35241 -23.8844 3
    endloop
  endfacet
  facet normal 0 0 1
    outer loop
      vertex -5.22512 -17.2249 3
      vertex -4.68217 -23.5388 3
      vertex -3.51163 -17.6541 3
    endloop
  endfacet
  facet normal 0 0 1
    outer loop
      vertex -6.96683 -22.9666 3
      vertex -5.22512 -17.2249 3
      vertex -6.8883 -16.6298 3
    endloop
  endfacet
  facet normal 0 0 1
    outer loop
      vertex -5.22512 -17.2249 3
      vertex -6.96683 -22.9666 3
      vertex -4.68217 -23.5388 3
    endloop
  endfacet
  facet normal 0 0 1
    outer loop
      vertex -9.1844 -22.1731 3
      vertex -6.8883 -16.6298 3
      vertex -8.48514 -15.8746 3
    endloop
  endfacet
  facet normal 0 0 1
    outer loop
      vertex -6.8883 -16.6298 3
      vertex -9.1844 -22.1731 3
      vertex -6.96683 -22.9666 3
    endloop
  endfacet
  facet normal 0 0 1
    outer loop
      vertex -11.3135 -21.1661 3
      vertex -8.48514 -15.8746 3
      vertex -10.0003 -14.9665 3
    endloop
  endfacet
  facet normal 0 0 1
    outer loop
      vertex -8.48514 -15.8746 3
      vertex -11.3135 -21.1661 3
      vertex -9.1844 -22.1731 3
    endloop
  endfacet
  facet normal 0 0 1
    outer loop
      vertex -13.3337 -19.9553 3
      vertex -10.0003 -14.9665 3
      vertex -11.4191 -13.9142 3
    endloop
  endfacet
  facet normal 0 0 1
    outer loop
      vertex -15.2254 -18.5522 3
      vertex -11.4191 -13.9142 3
      vertex -12.7279 -12.7279 3
    endloop
  endfacet
  facet normal 0 0 1
    outer loop
      vertex -10.0003 -14.9665 3
      vertex -13.3337 -19.9553 3
      vertex -11.3135 -21.1661 3
    endloop
  endfacet
  facet normal -0 0 1
    outer loop
      vertex -17.1975 -11.6278 3
      vertex -12.7279 -12.7279 3
      vertex -13.9142 -11.4191 3
    endloop
  endfacet
  facet normal -0 0 1
    outer loop
      vertex -16.7827 -11.0284 3
      vertex -13.9142 -11.4191 3
      vertex -14.9665 -10.0003 3
    endloop
  endfacet
  facet normal 0 0 1
    outer loop
      vertex -11.4191 -13.9142 3
      vertex -15.2254 -18.5522 3
      vertex -13.3337 -19.9553 3
    endloop
  endfacet
  facet normal 0 0 1
    outer loop
      vertex -16.6994 -10.3042 3
      vertex -14.9665 -10.0003 3
      vertex -15.8746 -8.48514 3
    endloop
  endfacet
  facet normal 0 0 1
    outer loop
      vertex -17.5231 -9.15469 3
      vertex -15.8746 -8.48514 3
      vertex -16.6298 -6.8883 3
    endloop
  endfacet
  facet normal 0 0 1
    outer loop
      vertex -14.9665 -10.0003 3
      vertex -16.6873 -10.4509 3
      vertex -16.6897 -10.5981 3
    endloop
  endfacet
  facet normal 0 0 1
    outer loop
      vertex -14.9665 -10.0003 3
      vertex -16.6897 -10.5981 3
      vertex -16.7066 -10.7443 3
    endloop
  endfacet
  facet normal 0 0 1
    outer loop
      vertex -16.7376 -10.8882 3
      vertex -14.9665 -10.0003 3
      vertex -16.7066 -10.7443 3
    endloop
  endfacet
  facet normal 0 0 1
    outer loop
      vertex -16.7827 -11.0284 3
      vertex -14.9665 -10.0003 3
      vertex -16.7376 -10.8882 3
    endloop
  endfacet
  facet normal 0 0 1
    outer loop
      vertex -13.9142 -11.4191 3
      vertex -16.7827 -11.0284 3
      vertex -16.8412 -11.1634 3
    endloop
  endfacet
  facet normal 0 0 1
    outer loop
      vertex -13.9142 -11.4191 3
      vertex -16.8412 -11.1634 3
      vertex -16.9127 -11.2921 3
    endloop
  endfacet
  facet normal 0 0 1
    outer loop
      vertex -13.9142 -11.4191 3
      vertex -16.9127 -11.2921 3
      vertex -16.9965 -11.4131 3
    endloop
  endfacet
  facet normal 0 0 1
    outer loop
      vertex -12.7279 -12.7279 3
      vertex -16.9706 -16.9706 3
      vertex -15.2254 -18.5522 3
    endloop
  endfacet
  facet normal 0 0 1
    outer loop
      vertex -17.0917 -11.5254 3
      vertex -13.9142 -11.4191 3
      vertex -16.9965 -11.4131 3
    endloop
  endfacet
  facet normal 0 0 1
    outer loop
      vertex -17.1975 -11.6278 3
      vertex -13.9142 -11.4191 3
      vertex -17.0917 -11.5254 3
    endloop
  endfacet
  facet normal 0 0 1
    outer loop
      vertex -12.7279 -12.7279 3
      vertex -17.1975 -11.6278 3
      vertex -17.3128 -11.7193 3
    endloop
  endfacet
  facet normal 0 0 1
    outer loop
      vertex -12.7279 -12.7279 3
      vertex -17.3128 -11.7193 3
      vertex -16.9706 -16.9706 3
    endloop
  endfacet
  facet normal 0 0 1
    outer loop
      vertex -18.5522 -15.2254 3
      vertex -17.3128 -11.7193 3
      vertex -17.4365 -11.799 3
    endloop
  endfacet
  facet normal 0 0 1
    outer loop
      vertex -18.5522 -15.2254 3
      vertex -17.4365 -11.799 3
      vertex -17.5675 -11.8663 3
    endloop
  endfacet
  facet normal 0 0 1
    outer loop
      vertex -18.5522 -15.2254 3
      vertex -17.5675 -11.8663 3
      vertex -17.7044 -11.9204 3
    endloop
  endfacet
  facet normal 0 0 1
    outer loop
      vertex -18.5522 -15.2254 3
      vertex -17.7044 -11.9204 3
      vertex -17.8459 -11.9608 3
    endloop
  endfacet
  facet normal 0 0 1
    outer loop
      vertex -18.5522 -15.2254 3
      vertex -17.8459 -11.9608 3
      vertex -17.9907 -11.9872 3
    endloop
  endfacet
  facet normal 0 0 1
    outer loop
      vertex -18.5522 -15.2254 3
      vertex -17.9907 -11.9872 3
      vertex -18.1375 -11.9992 3
    endloop
  endfacet
  facet normal 0 0 1
    outer loop
      vertex -18.5522 -15.2254 3
      vertex -18.1375 -11.9992 3
      vertex -18.2846 -11.9968 3
    endloop
  endfacet
  facet normal 0 0 1
    outer loop
      vertex -19.9553 -13.3337 3
      vertex -18.2846 -11.9968 3
      vertex -18.4309 -11.98 3
    endloop
  endfacet
  facet normal 0 0 1
    outer loop
      vertex -17.3128 -11.7193 3
      vertex -18.5522 -15.2254 3
      vertex -16.9706 -16.9706 3
    endloop
  endfacet
  facet normal 0 0 1
    outer loop
      vertex -19.9553 -13.3337 3
      vertex -18.4309 -11.98 3
      vertex -18.5748 -11.9489 3
    endloop
  endfacet
  facet normal 0 0 1
    outer loop
      vertex -19.9553 -13.3337 3
      vertex -18.5748 -11.9489 3
      vertex -18.7149 -11.9039 3
    endloop
  endfacet
  facet normal 0 0 1
    outer loop
      vertex -19.9553 -13.3337 3
      vertex -18.7149 -11.9039 3
      vertex -18.85 -11.8453 3
    endloop
  endfacet
  facet normal 0 0 1
    outer loop
      vertex -19.9553 -13.3337 3
      vertex -18.85 -11.8453 3
      vertex -18.9786 -11.7738 3
    endloop
  endfacet
  facet normal 0 0 1
    outer loop
      vertex -19.9553 -13.3337 3
      vertex -18.9786 -11.7738 3
      vertex -19.0997 -11.69 3
    endloop
  endfacet
  facet normal 0 0 1
    outer loop
      vertex -19.9553 -13.3337 3
      vertex -19.0997 -11.69 3
      vertex -19.2119 -11.5948 3
    endloop
  endfacet
  facet normal 0 0 1
    outer loop
      vertex -19.9553 -13.3337 3
      vertex -19.2119 -11.5948 3
      vertex -19.3143 -11.489 3
    endloop
  endfacet
  facet normal 0 0 1
    outer loop
      vertex -19.9553 -13.3337 3
      vertex -19.3143 -11.489 3
      vertex -19.4058 -11.3737 3
    endloop
  endfacet
  facet normal -0 0 1
    outer loop
      vertex -21.1661 -11.3135 3
      vertex -19.4058 -11.3737 3
      vertex -19.4856 -11.25 3
    endloop
  endfacet
  facet normal 0 0 1
    outer loop
      vertex -21.1661 -11.3135 3
      vertex -19.4856 -11.25 3
      vertex -19.5528 -11.1191 3
    endloop
  endfacet
  facet normal 0 0 1
    outer loop
      vertex -21.1661 -11.3135 3
      vertex -19.5528 -11.1191 3
      vertex -19.6069 -10.9822 3
    endloop
  endfacet
  facet normal 0 0 1
    outer loop
      vertex -21.1661 -11.3135 3
      vertex -19.6069 -10.9822 3
      vertex -19.6473 -10.8406 3
    endloop
  endfacet
  facet normal 0 0 1
    outer loop
      vertex -18.2846 -11.9968 3
      vertex -19.9553 -13.3337 3
      vertex -18.5522 -15.2254 3
    endloop
  endfacet
  facet normal 0 0 1
    outer loop
      vertex -21.1661 -11.3135 3
      vertex -19.6473 -10.8406 3
      vertex -19.6737 -10.6958 3
    endloop
  endfacet
  facet normal 0 0 1
    outer loop
      vertex -21.1661 -11.3135 3
      vertex -19.6737 -10.6958 3
      vertex -19.6857 -10.5491 3
    endloop
  endfacet
  facet normal 0 0 1
    outer loop
      vertex -19.0602 -9.28073 3
      vertex -22.1731 -9.1844 3
      vertex -19.1756 -9.37224 3
    endloop
  endfacet
  facet normal 0 0 1
    outer loop
      vertex -19.1756 -9.37224 3
      vertex -22.1731 -9.1844 3
      vertex -19.2813 -9.47461 3
    endloop
  endfacet
  facet normal 0 0 1
    outer loop
      vertex -19.4058 -11.3737 3
      vertex -21.1661 -11.3135 3
      vertex -19.9553 -13.3337 3
    endloop
  endfacet
  facet normal 0 0 1
    outer loop
      vertex -19.2813 -9.47461 3
      vertex -22.1731 -9.1844 3
      vertex -19.3766 -9.58686 3
    endloop
  endfacet
  facet normal 0 0 1
    outer loop
      vertex -19.6833 -10.4019 3
      vertex -21.1661 -11.3135 3
      vertex -19.6857 -10.5491 3
    endloop
  endfacet
  facet normal 0 0 1
    outer loop
      vertex -19.3766 -9.58686 3
      vertex -22.1731 -9.1844 3
      vertex -19.4603 -9.7079 3
    endloop
  endfacet
  facet normal 0 0 1
    outer loop
      vertex -19.6665 -10.2557 3
      vertex -21.1661 -11.3135 3
      vertex -19.6833 -10.4019 3
    endloop
  endfacet
  facet normal 0 0 1
    outer loop
      vertex -19.4603 -9.7079 3
      vertex -22.1731 -9.1844 3
      vertex -19.5318 -9.83657 3
    endloop
  endfacet
  facet normal 0 -0 1
    outer loop
      vertex -21.1661 -11.3135 3
      vertex -19.6665 -10.2557 3
      vertex -22.1731 -9.1844 3
    endloop
  endfacet
  facet normal 0 0 1
    outer loop
      vertex -19.5318 -9.83657 3
      vertex -22.1731 -9.1844 3
      vertex -19.5904 -9.97162 3
    endloop
  endfacet
  facet normal 0 0 1
    outer loop
      vertex -19.6354 -10.1118 3
      vertex -22.1731 -9.1844 3
      vertex -19.6665 -10.2557 3
    endloop
  endfacet
  facet normal 0 0 1
    outer loop
      vertex -19.5904 -9.97162 3
      vertex -22.1731 -9.1844 3
      vertex -19.6354 -10.1118 3
    endloop
  endfacet
  facet normal -0 0 1
    outer loop
      vertex 16.6298 -6.8883 3
      vertex 18.5271 -9.03918 3
      vertex 17.2249 -5.22512 3
    endloop
  endfacet
  facet normal 0 0 1
    outer loop
      vertex 18.5271 -9.03918 3
      vertex 16.6298 -6.8883 3
      vertex 18.3823 -9.01283 3
    endloop
  endfacet
  facet normal 0 0 1
    outer loop
      vertex 18.3823 -9.01283 3
      vertex 16.6298 -6.8883 3
      vertex 18.2356 -9.0008 3
    endloop
  endfacet
  facet normal 0 0 1
    outer loop
      vertex 18.2356 -9.0008 3
      vertex 16.6298 -6.8883 3
      vertex 18.0884 -9.00321 3
    endloop
  endfacet
  facet normal 0 0 1
    outer loop
      vertex 18.0884 -9.00321 3
      vertex 16.6298 -6.8883 3
      vertex 17.9422 -9.02003 3
    endloop
  endfacet
  facet normal 0 0 1
    outer loop
      vertex 17.9422 -9.02003 3
      vertex 16.6298 -6.8883 3
      vertex 17.7983 -9.05111 3
    endloop
  endfacet
  facet normal 0 0 1
    outer loop
      vertex 17.7983 -9.05111 3
      vertex 16.6298 -6.8883 3
      vertex 17.6582 -9.09614 3
    endloop
  endfacet
  facet normal 0 0 1
    outer loop
      vertex 17.6582 -9.09614 3
      vertex 16.6298 -6.8883 3
      vertex 17.5231 -9.15469 3
    endloop
  endfacet
  facet normal -0 0 1
    outer loop
      vertex 15.8746 -8.48514 3
      vertex 17.5231 -9.15469 3
      vertex 16.6298 -6.8883 3
    endloop
  endfacet
  facet normal 0 0 1
    outer loop
      vertex 17.5231 -9.15469 3
      vertex 15.8746 -8.48514 3
      vertex 17.3944 -9.2262 3
    endloop
  endfacet
  facet normal 0 0 1
    outer loop
      vertex 17.3944 -9.2262 3
      vertex 15.8746 -8.48514 3
      vertex 17.2734 -9.30997 3
    endloop
  endfacet
  facet normal 0 0 1
    outer loop
      vertex 17.2734 -9.30997 3
      vertex 15.8746 -8.48514 3
      vertex 17.1611 -9.4052 3
    endloop
  endfacet
  facet normal 0 0 1
    outer loop
      vertex 17.1611 -9.4052 3
      vertex 15.8746 -8.48514 3
      vertex 17.0588 -9.51098 3
    endloop
  endfacet
  facet normal 0 0 1
    outer loop
      vertex 17.0588 -9.51098 3
      vertex 15.8746 -8.48514 3
      vertex 16.9673 -9.62628 3
    endloop
  endfacet
  facet normal 0 0 1
    outer loop
      vertex 16.9673 -9.62628 3
      vertex 15.8746 -8.48514 3
      vertex 16.8875 -9.75 3
    endloop
  endfacet
  facet normal 0 0 1
    outer loop
      vertex 16.8875 -9.75 3
      vertex 15.8746 -8.48514 3
      vertex 16.8202 -9.88094 3
    endloop
  endfacet
  facet normal 0 0 1
    outer loop
      vertex 14.9665 -10.0003 3
      vertex 16.8202 -9.88094 3
      vertex 15.8746 -8.48514 3
    endloop
  endfacet
  facet normal 0 0 1
    outer loop
      vertex 16.7661 -10.0178 3
      vertex 14.9665 -10.0003 3
      vertex 16.7257 -10.1594 3
    endloop
  endfacet
  facet normal 0 0 1
    outer loop
      vertex 16.8202 -9.88094 3
      vertex 14.9665 -10.0003 3
      vertex 16.7661 -10.0178 3
    endloop
  endfacet
  facet normal -0.427559 0.903988 0
    outer loop
      vertex -9.1844 22.1731 0
      vertex -11.3135 21.1661 3
      vertex -9.1844 22.1731 3
    endloop
  endfacet
  facet normal -0.427559 0.903988 0
    outer loop
      vertex -11.3135 21.1661 3
      vertex -9.1844 22.1731 0
      vertex -11.3135 21.1661 0
    endloop
  endfacet
  facet normal -0.514084 0.85774 0
    outer loop
      vertex -11.3135 21.1661 0
      vertex -13.3337 19.9553 3
      vertex -11.3135 21.1661 3
    endloop
  endfacet
  facet normal -0.514084 0.85774 0
    outer loop
      vertex -13.3337 19.9553 3
      vertex -11.3135 21.1661 0
      vertex -13.3337 19.9553 0
    endloop
  endfacet
  facet normal -0.595732 0.803183 0
    outer loop
      vertex -13.3337 19.9553 0
      vertex -15.2254 18.5522 3
      vertex -13.3337 19.9553 3
    endloop
  endfacet
  facet normal -0.595732 0.803183 0
    outer loop
      vertex -15.2254 18.5522 3
      vertex -13.3337 19.9553 0
      vertex -15.2254 18.5522 0
    endloop
  endfacet
  facet normal -0.242949 0.970039 0
    outer loop
      vertex -4.68217 23.5388 0
      vertex -6.96683 22.9666 3
      vertex -4.68217 23.5388 3
    endloop
  endfacet
  facet normal -0.242949 0.970039 0
    outer loop
      vertex -6.96683 22.9666 3
      vertex -4.68217 23.5388 0
      vertex -6.96683 22.9666 0
    endloop
  endfacet
  facet normal -0.0490819 0.998795 0
    outer loop
      vertex 0 24 0
      vertex -2.35241 23.8844 3
      vertex 0 24 3
    endloop
  endfacet
  facet normal -0.0490819 0.998795 0
    outer loop
      vertex -2.35241 23.8844 3
      vertex 0 24 0
      vertex -2.35241 23.8844 0
    endloop
  endfacet
  facet normal 0.146736 -0.989176 0
    outer loop
      vertex 2.35241 -23.8844 0
      vertex 4.68217 -23.5388 3
      vertex 2.35241 -23.8844 3
    endloop
  endfacet
  facet normal 0.146736 -0.989176 0
    outer loop
      vertex 4.68217 -23.5388 3
      vertex 2.35241 -23.8844 0
      vertex 4.68217 -23.5388 0
    endloop
  endfacet
  facet normal 0.0490819 -0.998795 0
    outer loop
      vertex 0 -24 0
      vertex 2.35241 -23.8844 3
      vertex 0 -24 3
    endloop
  endfacet
  facet normal 0.0490819 -0.998795 0
    outer loop
      vertex 2.35241 -23.8844 3
      vertex 0 -24 0
      vertex 2.35241 -23.8844 0
    endloop
  endfacet
  facet normal 0.514084 -0.85774 0
    outer loop
      vertex 11.3135 -21.1661 0
      vertex 13.3337 -19.9553 3
      vertex 11.3135 -21.1661 3
    endloop
  endfacet
  facet normal 0.514084 -0.85774 0
    outer loop
      vertex 13.3337 -19.9553 3
      vertex 11.3135 -21.1661 0
      vertex 13.3337 -19.9553 0
    endloop
  endfacet
  facet normal 0.671522 -0.740984 0
    outer loop
      vertex 15.2254 -18.5522 0
      vertex 16.9706 -16.9706 3
      vertex 15.2254 -18.5522 3
    endloop
  endfacet
  facet normal 0.671522 -0.740984 0
    outer loop
      vertex 16.9706 -16.9706 3
      vertex 15.2254 -18.5522 0
      vertex 16.9706 -16.9706 0
    endloop
  endfacet
  facet normal 0.595732 -0.803183 0
    outer loop
      vertex 13.3337 -19.9553 0
      vertex 15.2254 -18.5522 3
      vertex 13.3337 -19.9553 3
    endloop
  endfacet
  facet normal 0.595732 -0.803183 0
    outer loop
      vertex 15.2254 -18.5522 3
      vertex 13.3337 -19.9553 0
      vertex 15.2254 -18.5522 0
    endloop
  endfacet
  facet normal 0.803183 -0.595732 0
    outer loop
      vertex 18.5522 -15.2254 3
      vertex 19.9553 -13.3337 0
      vertex 19.9553 -13.3337 3
    endloop
  endfacet
  facet normal 0.803183 -0.595732 0
    outer loop
      vertex 19.9553 -13.3337 0
      vertex 18.5522 -15.2254 3
      vertex 18.5522 -15.2254 0
    endloop
  endfacet
  facet normal 0.85774 -0.514084 0
    outer loop
      vertex 19.9553 -13.3337 3
      vertex 21.1661 -11.3135 0
      vertex 21.1661 -11.3135 3
    endloop
  endfacet
  facet normal 0.85774 -0.514084 0
    outer loop
      vertex 21.1661 -11.3135 0
      vertex 19.9553 -13.3337 3
      vertex 19.9553 -13.3337 0
    endloop
  endfacet
  facet normal -0.671522 -0.740984 0
    outer loop
      vertex -16.9706 -16.9706 0
      vertex -15.2254 -18.5522 3
      vertex -16.9706 -16.9706 3
    endloop
  endfacet
  facet normal -0.671522 -0.740984 -0
    outer loop
      vertex -15.2254 -18.5522 3
      vertex -16.9706 -16.9706 0
      vertex -15.2254 -18.5522 0
    endloop
  endfacet
  facet normal -0.595732 -0.803183 0
    outer loop
      vertex -15.2254 -18.5522 0
      vertex -13.3337 -19.9553 3
      vertex -15.2254 -18.5522 3
    endloop
  endfacet
  facet normal -0.595732 -0.803183 -0
    outer loop
      vertex -13.3337 -19.9553 3
      vertex -15.2254 -18.5522 0
      vertex -13.3337 -19.9553 0
    endloop
  endfacet
  facet normal -0.514084 -0.85774 0
    outer loop
      vertex -13.3337 -19.9553 0
      vertex -11.3135 -21.1661 3
      vertex -13.3337 -19.9553 3
    endloop
  endfacet
  facet normal -0.514084 -0.85774 -0
    outer loop
      vertex -11.3135 -21.1661 3
      vertex -13.3337 -19.9553 0
      vertex -11.3135 -21.1661 0
    endloop
  endfacet
  facet normal -0.146736 -0.989176 0
    outer loop
      vertex -4.68217 -23.5388 0
      vertex -2.35241 -23.8844 3
      vertex -4.68217 -23.5388 3
    endloop
  endfacet
  facet normal -0.146736 -0.989176 -0
    outer loop
      vertex -2.35241 -23.8844 3
      vertex -4.68217 -23.5388 0
      vertex -2.35241 -23.8844 0
    endloop
  endfacet
  facet normal -0.903988 -0.427559 0
    outer loop
      vertex -21.1661 -11.3135 0
      vertex -22.1731 -9.1844 3
      vertex -22.1731 -9.1844 0
    endloop
  endfacet
  facet normal -0.903988 -0.427559 0
    outer loop
      vertex -22.1731 -9.1844 3
      vertex -21.1661 -11.3135 0
      vertex -21.1661 -11.3135 3
    endloop
  endfacet
  facet normal -0.85774 -0.514084 0
    outer loop
      vertex -19.9553 -13.3337 0
      vertex -21.1661 -11.3135 3
      vertex -21.1661 -11.3135 0
    endloop
  endfacet
  facet normal -0.85774 -0.514084 0
    outer loop
      vertex -21.1661 -11.3135 3
      vertex -19.9553 -13.3337 0
      vertex -19.9553 -13.3337 3
    endloop
  endfacet
  facet normal -0.941539 -0.336905 0
    outer loop
      vertex -22.1731 -9.1844 0
      vertex -22.9666 -6.96683 3
      vertex -22.9666 -6.96683 0
    endloop
  endfacet
  facet normal -0.941539 -0.336905 0
    outer loop
      vertex -22.9666 -6.96683 3
      vertex -22.1731 -9.1844 0
      vertex -22.1731 -9.1844 3
    endloop
  endfacet
  facet normal -0.998795 -0.0490819 0
    outer loop
      vertex -23.8844 -2.35241 0
      vertex -24 0 3
      vertex -24 0 0
    endloop
  endfacet
  facet normal -0.998795 -0.0490819 0
    outer loop
      vertex -24 0 3
      vertex -23.8844 -2.35241 0
      vertex -23.8844 -2.35241 3
    endloop
  endfacet
  facet normal 0.740984 0.671522 0
    outer loop
      vertex 18.5522 15.2254 3
      vertex 16.9706 16.9706 0
      vertex 16.9706 16.9706 3
    endloop
  endfacet
  facet normal 0.740984 0.671522 0
    outer loop
      vertex 16.9706 16.9706 0
      vertex 18.5522 15.2254 3
      vertex 18.5522 15.2254 0
    endloop
  endfacet
  facet normal 0.427559 0.903988 -0
    outer loop
      vertex 11.3135 21.1661 0
      vertex 9.1844 22.1731 3
      vertex 11.3135 21.1661 3
    endloop
  endfacet
  facet normal 0.427559 0.903988 0
    outer loop
      vertex 9.1844 22.1731 3
      vertex 11.3135 21.1661 0
      vertex 9.1844 22.1731 0
    endloop
  endfacet
  facet normal 0.427559 -0.903988 0
    outer loop
      vertex 9.1844 -22.1731 0
      vertex 11.3135 -21.1661 3
      vertex 9.1844 -22.1731 3
    endloop
  endfacet
  facet normal 0.427559 -0.903988 0
    outer loop
      vertex 11.3135 -21.1661 3
      vertex 9.1844 -22.1731 0
      vertex 11.3135 -21.1661 0
    endloop
  endfacet
  facet normal 0.941539 -0.336905 0
    outer loop
      vertex 22.1731 -9.1844 3
      vertex 22.9666 -6.96683 0
      vertex 22.9666 -6.96683 3
    endloop
  endfacet
  facet normal 0.941539 -0.336905 0
    outer loop
      vertex 22.9666 -6.96683 0
      vertex 22.1731 -9.1844 3
      vertex 22.1731 -9.1844 0
    endloop
  endfacet
  facet normal 0.989176 -0.146736 0
    outer loop
      vertex 23.5388 -4.68217 3
      vertex 23.8844 -2.35241 0
      vertex 23.8844 -2.35241 3
    endloop
  endfacet
  facet normal 0.989176 -0.146736 0
    outer loop
      vertex 23.8844 -2.35241 0
      vertex 23.5388 -4.68217 3
      vertex 23.5388 -4.68217 0
    endloop
  endfacet
  facet normal 0.998795 -0.0490819 0
    outer loop
      vertex 23.8844 -2.35241 3
      vertex 24 0 0
      vertex 24 0 3
    endloop
  endfacet
  facet normal 0.998795 -0.0490819 0
    outer loop
      vertex 24 0 0
      vertex 23.8844 -2.35241 3
      vertex 23.8844 -2.35241 0
    endloop
  endfacet
  facet normal -0.427559 -0.903988 0
    outer loop
      vertex -11.3135 -21.1661 0
      vertex -9.1844 -22.1731 3
      vertex -11.3135 -21.1661 3
    endloop
  endfacet
  facet normal -0.427559 -0.903988 -0
    outer loop
      vertex -9.1844 -22.1731 3
      vertex -11.3135 -21.1661 0
      vertex -9.1844 -22.1731 0
    endloop
  endfacet
  facet normal -0.242949 -0.970039 0
    outer loop
      vertex -6.96683 -22.9666 0
      vertex -4.68217 -23.5388 3
      vertex -6.96683 -22.9666 3
    endloop
  endfacet
  facet normal -0.242949 -0.970039 -0
    outer loop
      vertex -4.68217 -23.5388 3
      vertex -6.96683 -22.9666 0
      vertex -4.68217 -23.5388 0
    endloop
  endfacet
  facet normal -0.0490819 -0.998795 0
    outer loop
      vertex -2.35241 -23.8844 0
      vertex 0 -24 3
      vertex -2.35241 -23.8844 3
    endloop
  endfacet
  facet normal -0.0490819 -0.998795 -0
    outer loop
      vertex 0 -24 3
      vertex -2.35241 -23.8844 0
      vertex 0 -24 0
    endloop
  endfacet
  facet normal -0.740984 -0.671522 0
    outer loop
      vertex -16.9706 -16.9706 0
      vertex -18.5522 -15.2254 3
      vertex -18.5522 -15.2254 0
    endloop
  endfacet
  facet normal -0.740984 -0.671522 0
    outer loop
      vertex -18.5522 -15.2254 3
      vertex -16.9706 -16.9706 0
      vertex -16.9706 -16.9706 3
    endloop
  endfacet
  facet normal -0.989176 -0.146736 0
    outer loop
      vertex -23.5388 -4.68217 0
      vertex -23.8844 -2.35241 3
      vertex -23.8844 -2.35241 0
    endloop
  endfacet
  facet normal -0.989176 -0.146736 0
    outer loop
      vertex -23.8844 -2.35241 3
      vertex -23.5388 -4.68217 0
      vertex -23.5388 -4.68217 3
    endloop
  endfacet
  facet normal 0.242949 -0.970039 0
    outer loop
      vertex 4.68217 -23.5388 0
      vertex 6.96683 -22.9666 3
      vertex 4.68217 -23.5388 3
    endloop
  endfacet
  facet normal 0.242949 -0.970039 0
    outer loop
      vertex 6.96683 -22.9666 3
      vertex 4.68217 -23.5388 0
      vertex 6.96683 -22.9666 0
    endloop
  endfacet
  facet normal -0.970032 -0.242977 0
    outer loop
      vertex 17.6541 3.51163 0
      vertex 17.2249 5.22512 3
      vertex 17.2249 5.22512 0
    endloop
  endfacet
  facet normal -0.970032 -0.242977 0
    outer loop
      vertex 17.2249 5.22512 3
      vertex 17.6541 3.51163 0
      vertex 17.6541 3.51163 3
    endloop
  endfacet
  facet normal -0.998795 -0.0490818 0
    outer loop
      vertex 18 0 0
      vertex 17.9133 1.76431 3
      vertex 17.9133 1.76431 0
    endloop
  endfacet
  facet normal -0.998795 -0.0490818 0
    outer loop
      vertex 17.9133 1.76431 3
      vertex 18 0 0
      vertex 18 0 3
    endloop
  endfacet
  facet normal 0.998795 -0.0490818 0
    outer loop
      vertex -18 0 3
      vertex -17.9133 1.76431 0
      vertex -17.9133 1.76431 3
    endloop
  endfacet
  facet normal 0.998795 -0.0490818 0
    outer loop
      vertex -17.9133 1.76431 0
      vertex -18 0 3
      vertex -18 0 0
    endloop
  endfacet
  facet normal -0.0490818 -0.998795 0
    outer loop
      vertex 0 18 0
      vertex 1.76431 17.9133 3
      vertex 0 18 3
    endloop
  endfacet
  facet normal -0.0490818 -0.998795 -0
    outer loop
      vertex 1.76431 17.9133 3
      vertex 0 18 0
      vertex 1.76431 17.9133 0
    endloop
  endfacet
  facet normal -0.671582 -0.740931 0
    outer loop
      vertex 11.4191 13.9142 0
      vertex 12.7279 12.7279 3
      vertex 11.4191 13.9142 3
    endloop
  endfacet
  facet normal -0.671582 -0.740931 -0
    outer loop
      vertex 12.7279 12.7279 3
      vertex 11.4191 13.9142 0
      vertex 12.7279 12.7279 0
    endloop
  endfacet
  facet normal 0.671582 -0.740931 0
    outer loop
      vertex -12.7279 12.7279 0
      vertex -11.4191 13.9142 3
      vertex -12.7279 12.7279 3
    endloop
  endfacet
  facet normal 0.671582 -0.740931 0
    outer loop
      vertex -11.4191 13.9142 3
      vertex -12.7279 12.7279 0
      vertex -11.4191 13.9142 0
    endloop
  endfacet
  facet normal 0.336892 -0.941543 0
    outer loop
      vertex -6.8883 16.6298 0
      vertex -5.22512 17.2249 3
      vertex -6.8883 16.6298 3
    endloop
  endfacet
  facet normal 0.336892 -0.941543 0
    outer loop
      vertex -5.22512 17.2249 3
      vertex -6.8883 16.6298 0
      vertex -5.22512 17.2249 0
    endloop
  endfacet
  facet normal 0.803195 0.595716 0
    outer loop
      vertex -13.9142 -11.4191 3
      vertex -14.9665 -10.0003 0
      vertex -14.9665 -10.0003 3
    endloop
  endfacet
  facet normal 0.803195 0.595716 0
    outer loop
      vertex -14.9665 -10.0003 0
      vertex -13.9142 -11.4191 3
      vertex -13.9142 -11.4191 0
    endloop
  endfacet
  facet normal -0.941543 -0.336892 0
    outer loop
      vertex 17.2249 5.22512 0
      vertex 16.6298 6.8883 3
      vertex 16.6298 6.8883 0
    endloop
  endfacet
  facet normal -0.941543 -0.336892 0
    outer loop
      vertex 16.6298 6.8883 3
      vertex 17.2249 5.22512 0
      vertex 17.2249 5.22512 3
    endloop
  endfacet
  facet normal -0.336892 -0.941543 0
    outer loop
      vertex 5.22512 17.2249 0
      vertex 6.8883 16.6298 3
      vertex 5.22512 17.2249 3
    endloop
  endfacet
  facet normal -0.336892 -0.941543 -0
    outer loop
      vertex 6.8883 16.6298 3
      vertex 5.22512 17.2249 0
      vertex 6.8883 16.6298 0
    endloop
  endfacet
  facet normal -0.242977 -0.970032 0
    outer loop
      vertex 3.51163 17.6541 0
      vertex 5.22512 17.2249 3
      vertex 3.51163 17.6541 3
    endloop
  endfacet
  facet normal -0.242977 -0.970032 -0
    outer loop
      vertex 5.22512 17.2249 3
      vertex 3.51163 17.6541 0
      vertex 5.22512 17.2249 0
    endloop
  endfacet
  facet normal 0.857742 -0.514081 0
    outer loop
      vertex -15.8746 8.48514 3
      vertex -14.9665 10.0003 0
      vertex -14.9665 10.0003 3
    endloop
  endfacet
  facet normal 0.857742 -0.514081 0
    outer loop
      vertex -14.9665 10.0003 0
      vertex -15.8746 8.48514 3
      vertex -15.8746 8.48514 0
    endloop
  endfacet
  facet normal 0.803195 -0.595716 0
    outer loop
      vertex -14.9665 10.0003 3
      vertex -13.9142 11.4191 0
      vertex -13.9142 11.4191 3
    endloop
  endfacet
  facet normal 0.803195 -0.595716 0
    outer loop
      vertex -13.9142 11.4191 0
      vertex -14.9665 10.0003 3
      vertex -14.9665 10.0003 0
    endloop
  endfacet
  facet normal -0.904 0.427532 0
    outer loop
      vertex 15.8746 -8.48514 0
      vertex 16.6298 -6.8883 3
      vertex 16.6298 -6.8883 0
    endloop
  endfacet
  facet normal -0.904 0.427532 0
    outer loop
      vertex 16.6298 -6.8883 3
      vertex 15.8746 -8.48514 0
      vertex 15.8746 -8.48514 3
    endloop
  endfacet
  facet normal -0.336892 0.941543 0
    outer loop
      vertex 6.8883 -16.6298 0
      vertex 5.22512 -17.2249 3
      vertex 6.8883 -16.6298 3
    endloop
  endfacet
  facet normal -0.336892 0.941543 0
    outer loop
      vertex 5.22512 -17.2249 3
      vertex 6.8883 -16.6298 0
      vertex 5.22512 -17.2249 0
    endloop
  endfacet
  facet normal -0.740931 0.671582 0
    outer loop
      vertex 12.7279 -12.7279 0
      vertex 13.9142 -11.4191 3
      vertex 13.9142 -11.4191 0
    endloop
  endfacet
  facet normal -0.740931 0.671582 0
    outer loop
      vertex 13.9142 -11.4191 3
      vertex 12.7279 -12.7279 0
      vertex 12.7279 -12.7279 3
    endloop
  endfacet
  facet normal -0.970032 0.242977 0
    outer loop
      vertex 17.2249 -5.22512 0
      vertex 17.6541 -3.51163 3
      vertex 17.6541 -3.51163 0
    endloop
  endfacet
  facet normal -0.970032 0.242977 0
    outer loop
      vertex 17.6541 -3.51163 3
      vertex 17.2249 -5.22512 0
      vertex 17.2249 -5.22512 3
    endloop
  endfacet
  facet normal 0.336892 0.941543 -0
    outer loop
      vertex -5.22512 -17.2249 0
      vertex -6.8883 -16.6298 3
      vertex -5.22512 -17.2249 3
    endloop
  endfacet
  facet normal 0.336892 0.941543 0
    outer loop
      vertex -6.8883 -16.6298 3
      vertex -5.22512 -17.2249 0
      vertex -6.8883 -16.6298 0
    endloop
  endfacet
  facet normal 0.514081 0.857742 -0
    outer loop
      vertex -8.48514 -15.8746 0
      vertex -10.0003 -14.9665 3
      vertex -8.48514 -15.8746 3
    endloop
  endfacet
  facet normal 0.514081 0.857742 0
    outer loop
      vertex -10.0003 -14.9665 3
      vertex -8.48514 -15.8746 0
      vertex -10.0003 -14.9665 0
    endloop
  endfacet
  facet normal -0.989176 -0.146736 0
    outer loop
      vertex 17.9133 1.76431 0
      vertex 17.6541 3.51163 3
      vertex 17.6541 3.51163 0
    endloop
  endfacet
  facet normal -0.989176 -0.146736 0
    outer loop
      vertex 17.6541 3.51163 3
      vertex 17.9133 1.76431 0
      vertex 17.9133 1.76431 3
    endloop
  endfacet
  facet normal -0.904 -0.427532 0
    outer loop
      vertex 16.6298 6.8883 0
      vertex 15.8746 8.48514 3
      vertex 15.8746 8.48514 0
    endloop
  endfacet
  facet normal -0.904 -0.427532 0
    outer loop
      vertex 15.8746 8.48514 3
      vertex 16.6298 6.8883 0
      vertex 16.6298 6.8883 3
    endloop
  endfacet
  facet normal -0.857742 -0.514081 0
    outer loop
      vertex 15.8746 8.48514 0
      vertex 14.9665 10.0003 3
      vertex 14.9665 10.0003 0
    endloop
  endfacet
  facet normal -0.857742 -0.514081 0
    outer loop
      vertex 14.9665 10.0003 3
      vertex 15.8746 8.48514 0
      vertex 15.8746 8.48514 3
    endloop
  endfacet
  facet normal -0.803195 -0.595716 0
    outer loop
      vertex 14.9665 10.0003 0
      vertex 13.9142 11.4191 3
      vertex 13.9142 11.4191 0
    endloop
  endfacet
  facet normal -0.803195 -0.595716 0
    outer loop
      vertex 13.9142 11.4191 3
      vertex 14.9665 10.0003 0
      vertex 14.9665 10.0003 3
    endloop
  endfacet
  facet normal -0.146736 -0.989176 0
    outer loop
      vertex 1.76431 17.9133 0
      vertex 3.51163 17.6541 3
      vertex 1.76431 17.9133 3
    endloop
  endfacet
  facet normal -0.146736 -0.989176 -0
    outer loop
      vertex 3.51163 17.6541 3
      vertex 1.76431 17.9133 0
      vertex 3.51163 17.6541 0
    endloop
  endfacet
  facet normal -0.595716 -0.803195 0
    outer loop
      vertex 10.0003 14.9665 0
      vertex 11.4191 13.9142 3
      vertex 10.0003 14.9665 3
    endloop
  endfacet
  facet normal -0.595716 -0.803195 -0
    outer loop
      vertex 11.4191 13.9142 3
      vertex 10.0003 14.9665 0
      vertex 11.4191 13.9142 0
    endloop
  endfacet
  facet normal -0.514081 -0.857742 0
    outer loop
      vertex 8.48514 15.8746 0
      vertex 10.0003 14.9665 3
      vertex 8.48514 15.8746 3
    endloop
  endfacet
  facet normal -0.514081 -0.857742 -0
    outer loop
      vertex 10.0003 14.9665 3
      vertex 8.48514 15.8746 0
      vertex 10.0003 14.9665 0
    endloop
  endfacet
  facet normal 0.740931 -0.671582 0
    outer loop
      vertex -13.9142 11.4191 3
      vertex -12.7279 12.7279 0
      vertex -12.7279 12.7279 3
    endloop
  endfacet
  facet normal 0.740931 -0.671582 0
    outer loop
      vertex -12.7279 12.7279 0
      vertex -13.9142 11.4191 3
      vertex -13.9142 11.4191 0
    endloop
  endfacet
  facet normal 0.904 -0.427532 0
    outer loop
      vertex -16.6298 6.8883 3
      vertex -15.8746 8.48514 0
      vertex -15.8746 8.48514 3
    endloop
  endfacet
  facet normal 0.904 -0.427532 0
    outer loop
      vertex -15.8746 8.48514 0
      vertex -16.6298 6.8883 3
      vertex -16.6298 6.8883 0
    endloop
  endfacet
  facet normal 0.970032 -0.242977 0
    outer loop
      vertex -17.6541 3.51163 3
      vertex -17.2249 5.22512 0
      vertex -17.2249 5.22512 3
    endloop
  endfacet
  facet normal 0.970032 -0.242977 0
    outer loop
      vertex -17.2249 5.22512 0
      vertex -17.6541 3.51163 3
      vertex -17.6541 3.51163 0
    endloop
  endfacet
  facet normal 0.989176 -0.146736 0
    outer loop
      vertex -17.9133 1.76431 3
      vertex -17.6541 3.51163 0
      vertex -17.6541 3.51163 3
    endloop
  endfacet
  facet normal 0.989176 -0.146736 0
    outer loop
      vertex -17.6541 3.51163 0
      vertex -17.9133 1.76431 3
      vertex -17.9133 1.76431 0
    endloop
  endfacet
  facet normal 0.514081 -0.857742 0
    outer loop
      vertex -10.0003 14.9665 0
      vertex -8.48514 15.8746 3
      vertex -10.0003 14.9665 3
    endloop
  endfacet
  facet normal 0.514081 -0.857742 0
    outer loop
      vertex -8.48514 15.8746 3
      vertex -10.0003 14.9665 0
      vertex -8.48514 15.8746 0
    endloop
  endfacet
  facet normal 0.595716 -0.803195 0
    outer loop
      vertex -11.4191 13.9142 0
      vertex -10.0003 14.9665 3
      vertex -11.4191 13.9142 3
    endloop
  endfacet
  facet normal 0.595716 -0.803195 0
    outer loop
      vertex -10.0003 14.9665 3
      vertex -11.4191 13.9142 0
      vertex -10.0003 14.9665 0
    endloop
  endfacet
  facet normal 0.0490818 -0.998795 0
    outer loop
      vertex -1.76431 17.9133 0
      vertex 0 18 3
      vertex -1.76431 17.9133 3
    endloop
  endfacet
  facet normal 0.0490818 -0.998795 0
    outer loop
      vertex 0 18 3
      vertex -1.76431 17.9133 0
      vertex 0 18 0
    endloop
  endfacet
  facet normal 0.146736 -0.989176 0
    outer loop
      vertex -3.51163 17.6541 0
      vertex -1.76431 17.9133 3
      vertex -3.51163 17.6541 3
    endloop
  endfacet
  facet normal 0.146736 -0.989176 0
    outer loop
      vertex -1.76431 17.9133 3
      vertex -3.51163 17.6541 0
      vertex -1.76431 17.9133 0
    endloop
  endfacet
  facet normal -0.242977 0.970032 0
    outer loop
      vertex 5.22512 -17.2249 0
      vertex 3.51163 -17.6541 3
      vertex 5.22512 -17.2249 3
    endloop
  endfacet
  facet normal -0.242977 0.970032 0
    outer loop
      vertex 3.51163 -17.6541 3
      vertex 5.22512 -17.2249 0
      vertex 3.51163 -17.6541 0
    endloop
  endfacet
  facet normal -0.514081 0.857742 0
    outer loop
      vertex 10.0003 -14.9665 0
      vertex 8.48514 -15.8746 3
      vertex 10.0003 -14.9665 3
    endloop
  endfacet
  facet normal -0.514081 0.857742 0
    outer loop
      vertex 8.48514 -15.8746 3
      vertex 10.0003 -14.9665 0
      vertex 8.48514 -15.8746 0
    endloop
  endfacet
  facet normal -0.671582 0.740931 0
    outer loop
      vertex 12.7279 -12.7279 0
      vertex 11.4191 -13.9142 3
      vertex 12.7279 -12.7279 3
    endloop
  endfacet
  facet normal -0.671582 0.740931 0
    outer loop
      vertex 11.4191 -13.9142 3
      vertex 12.7279 -12.7279 0
      vertex 11.4191 -13.9142 0
    endloop
  endfacet
  facet normal -0.803195 0.595716 0
    outer loop
      vertex 13.9142 -11.4191 0
      vertex 14.9665 -10.0003 3
      vertex 14.9665 -10.0003 0
    endloop
  endfacet
  facet normal -0.803195 0.595716 0
    outer loop
      vertex 14.9665 -10.0003 3
      vertex 13.9142 -11.4191 0
      vertex 13.9142 -11.4191 3
    endloop
  endfacet
  facet normal -0.857742 0.514081 0
    outer loop
      vertex 14.9665 -10.0003 0
      vertex 15.8746 -8.48514 3
      vertex 15.8746 -8.48514 0
    endloop
  endfacet
  facet normal -0.857742 0.514081 0
    outer loop
      vertex 15.8746 -8.48514 3
      vertex 14.9665 -10.0003 0
      vertex 14.9665 -10.0003 3
    endloop
  endfacet
  facet normal 0.146736 0.989176 -0
    outer loop
      vertex -1.76431 -17.9133 0
      vertex -3.51163 -17.6541 3
      vertex -1.76431 -17.9133 3
    endloop
  endfacet
  facet normal 0.146736 0.989176 0
    outer loop
      vertex -3.51163 -17.6541 3
      vertex -1.76431 -17.9133 0
      vertex -3.51163 -17.6541 0
    endloop
  endfacet
  facet normal 0.671582 0.740931 -0
    outer loop
      vertex -11.4191 -13.9142 0
      vertex -12.7279 -12.7279 3
      vertex -11.4191 -13.9142 3
    endloop
  endfacet
  facet normal 0.671582 0.740931 0
    outer loop
      vertex -12.7279 -12.7279 3
      vertex -11.4191 -13.9142 0
      vertex -12.7279 -12.7279 0
    endloop
  endfacet
  facet normal 0.0490818 0.998795 -0
    outer loop
      vertex 0 -18 0
      vertex -1.76431 -17.9133 3
      vertex 0 -18 3
    endloop
  endfacet
  facet normal 0.0490818 0.998795 0
    outer loop
      vertex -1.76431 -17.9133 3
      vertex 0 -18 0
      vertex -1.76431 -17.9133 0
    endloop
  endfacet
  facet normal 0.595716 0.803195 -0
    outer loop
      vertex -10.0003 -14.9665 0
      vertex -11.4191 -13.9142 3
      vertex -10.0003 -14.9665 3
    endloop
  endfacet
  facet normal 0.595716 0.803195 0
    outer loop
      vertex -11.4191 -13.9142 3
      vertex -10.0003 -14.9665 0
      vertex -11.4191 -13.9142 0
    endloop
  endfacet
  facet normal 0.740931 0.671582 0
    outer loop
      vertex -12.7279 -12.7279 3
      vertex -13.9142 -11.4191 0
      vertex -13.9142 -11.4191 3
    endloop
  endfacet
  facet normal 0.740931 0.671582 0
    outer loop
      vertex -13.9142 -11.4191 0
      vertex -12.7279 -12.7279 3
      vertex -12.7279 -12.7279 0
    endloop
  endfacet
  facet normal 0.904 0.427532 0
    outer loop
      vertex -15.8746 -8.48514 3
      vertex -16.6298 -6.8883 0
      vertex -16.6298 -6.8883 3
    endloop
  endfacet
  facet normal 0.904 0.427532 0
    outer loop
      vertex -16.6298 -6.8883 0
      vertex -15.8746 -8.48514 3
      vertex -15.8746 -8.48514 0
    endloop
  endfacet
  facet normal 0.970032 0.242977 0
    outer loop
      vertex -17.2249 -5.22512 3
      vertex -17.6541 -3.51163 0
      vertex -17.6541 -3.51163 3
    endloop
  endfacet
  facet normal 0.970032 0.242977 0
    outer loop
      vertex -17.6541 -3.51163 0
      vertex -17.2249 -5.22512 3
      vertex -17.2249 -5.22512 0
    endloop
  endfacet
  facet normal 0.998795 0.0490818 0
    outer loop
      vertex -17.9133 -1.76431 3
      vertex -18 0 0
      vertex -18 0 3
    endloop
  endfacet
  facet normal 0.998795 0.0490818 0
    outer loop
      vertex -18 0 0
      vertex -17.9133 -1.76431 3
      vertex -17.9133 -1.76431 0
    endloop
  endfacet
  facet normal -0.740931 -0.671582 0
    outer loop
      vertex 13.9142 11.4191 0
      vertex 12.7279 12.7279 3
      vertex 12.7279 12.7279 0
    endloop
  endfacet
  facet normal -0.740931 -0.671582 0
    outer loop
      vertex 12.7279 12.7279 3
      vertex 13.9142 11.4191 0
      vertex 13.9142 11.4191 3
    endloop
  endfacet
  facet normal -0.427532 -0.904 0
    outer loop
      vertex 6.8883 16.6298 0
      vertex 8.48514 15.8746 3
      vertex 6.8883 16.6298 3
    endloop
  endfacet
  facet normal -0.427532 -0.904 -0
    outer loop
      vertex 8.48514 15.8746 3
      vertex 6.8883 16.6298 0
      vertex 8.48514 15.8746 0
    endloop
  endfacet
  facet normal 0.941543 -0.336892 0
    outer loop
      vertex -17.2249 5.22512 3
      vertex -16.6298 6.8883 0
      vertex -16.6298 6.8883 3
    endloop
  endfacet
  facet normal 0.941543 -0.336892 0
    outer loop
      vertex -16.6298 6.8883 0
      vertex -17.2249 5.22512 3
      vertex -17.2249 5.22512 0
    endloop
  endfacet
  facet normal 0.427532 -0.904 0
    outer loop
      vertex -8.48514 15.8746 0
      vertex -6.8883 16.6298 3
      vertex -8.48514 15.8746 3
    endloop
  endfacet
  facet normal 0.427532 -0.904 0
    outer loop
      vertex -6.8883 16.6298 3
      vertex -8.48514 15.8746 0
      vertex -6.8883 16.6298 0
    endloop
  endfacet
  facet normal 0.242977 -0.970032 0
    outer loop
      vertex -5.22512 17.2249 0
      vertex -3.51163 17.6541 3
      vertex -5.22512 17.2249 3
    endloop
  endfacet
  facet normal 0.242977 -0.970032 0
    outer loop
      vertex -3.51163 17.6541 3
      vertex -5.22512 17.2249 0
      vertex -3.51163 17.6541 0
    endloop
  endfacet
  facet normal -0.0490818 0.998795 0
    outer loop
      vertex 1.76431 -17.9133 0
      vertex 0 -18 3
      vertex 1.76431 -17.9133 3
    endloop
  endfacet
  facet normal -0.0490818 0.998795 0
    outer loop
      vertex 0 -18 3
      vertex 1.76431 -17.9133 0
      vertex 0 -18 0
    endloop
  endfacet
  facet normal -0.427532 0.904 0
    outer loop
      vertex 8.48514 -15.8746 0
      vertex 6.8883 -16.6298 3
      vertex 8.48514 -15.8746 3
    endloop
  endfacet
  facet normal -0.427532 0.904 0
    outer loop
      vertex 6.8883 -16.6298 3
      vertex 8.48514 -15.8746 0
      vertex 6.8883 -16.6298 0
    endloop
  endfacet
  facet normal -0.595716 0.803195 0
    outer loop
      vertex 11.4191 -13.9142 0
      vertex 10.0003 -14.9665 3
      vertex 11.4191 -13.9142 3
    endloop
  endfacet
  facet normal -0.595716 0.803195 0
    outer loop
      vertex 10.0003 -14.9665 3
      vertex 11.4191 -13.9142 0
      vertex 10.0003 -14.9665 0
    endloop
  endfacet
  facet normal -0.941543 0.336892 0
    outer loop
      vertex 16.6298 -6.8883 0
      vertex 17.2249 -5.22512 3
      vertex 17.2249 -5.22512 0
    endloop
  endfacet
  facet normal -0.941543 0.336892 0
    outer loop
      vertex 17.2249 -5.22512 3
      vertex 16.6298 -6.8883 0
      vertex 16.6298 -6.8883 3
    endloop
  endfacet
  facet normal -0.989176 0.146736 0
    outer loop
      vertex 17.6541 -3.51163 0
      vertex 17.9133 -1.76431 3
      vertex 17.9133 -1.76431 0
    endloop
  endfacet
  facet normal -0.989176 0.146736 0
    outer loop
      vertex 17.9133 -1.76431 3
      vertex 17.6541 -3.51163 0
      vertex 17.6541 -3.51163 3
    endloop
  endfacet
  facet normal -0.998795 0.0490818 0
    outer loop
      vertex 17.9133 -1.76431 0
      vertex 18 0 3
      vertex 18 0 0
    endloop
  endfacet
  facet normal -0.998795 0.0490818 0
    outer loop
      vertex 18 0 3
      vertex 17.9133 -1.76431 0
      vertex 17.9133 -1.76431 3
    endloop
  endfacet
  facet normal 0.242977 0.970032 -0
    outer loop
      vertex -3.51163 -17.6541 0
      vertex -5.22512 -17.2249 3
      vertex -3.51163 -17.6541 3
    endloop
  endfacet
  facet normal 0.242977 0.970032 0
    outer loop
      vertex -5.22512 -17.2249 3
      vertex -3.51163 -17.6541 0
      vertex -5.22512 -17.2249 0
    endloop
  endfacet
  facet normal 0.427532 0.904 -0
    outer loop
      vertex -6.8883 -16.6298 0
      vertex -8.48514 -15.8746 3
      vertex -6.8883 -16.6298 3
    endloop
  endfacet
  facet normal 0.427532 0.904 0
    outer loop
      vertex -8.48514 -15.8746 3
      vertex -6.8883 -16.6298 0
      vertex -8.48514 -15.8746 0
    endloop
  endfacet
  facet normal 0.857742 0.514081 0
    outer loop
      vertex -14.9665 -10.0003 3
      vertex -15.8746 -8.48514 0
      vertex -15.8746 -8.48514 3
    endloop
  endfacet
  facet normal 0.857742 0.514081 0
    outer loop
      vertex -15.8746 -8.48514 0
      vertex -14.9665 -10.0003 3
      vertex -14.9665 -10.0003 0
    endloop
  endfacet
  facet normal 0.989176 0.146736 0
    outer loop
      vertex -17.6541 -3.51163 3
      vertex -17.9133 -1.76431 0
      vertex -17.9133 -1.76431 3
    endloop
  endfacet
  facet normal 0.989176 0.146736 0
    outer loop
      vertex -17.9133 -1.76431 0
      vertex -17.6541 -3.51163 3
      vertex -17.6541 -3.51163 0
    endloop
  endfacet
  facet normal 0.941543 0.336892 0
    outer loop
      vertex -16.6298 -6.8883 3
      vertex -17.2249 -5.22512 0
      vertex -17.2249 -5.22512 3
    endloop
  endfacet
  facet normal 0.941543 0.336892 0
    outer loop
      vertex -17.2249 -5.22512 0
      vertex -16.6298 -6.8883 3
      vertex -16.6298 -6.8883 0
    endloop
  endfacet
  facet normal -0.146736 0.989176 0
    outer loop
      vertex 3.51163 -17.6541 0
      vertex 1.76431 -17.9133 3
      vertex 3.51163 -17.6541 3
    endloop
  endfacet
  facet normal -0.146736 0.989176 0
    outer loop
      vertex 1.76431 -17.9133 3
      vertex 3.51163 -17.6541 0
      vertex 1.76431 -17.9133 0
    endloop
  endfacet
endsolid OpenSCAD_Model
