solid OpenSCAD_Model
  facet normal 1 0 0
    outer loop
      vertex -14 5.65 -25.6
      vertex -14 -5.65 -25.6
      vertex -14 5.65 -29.1
    endloop
  endfacet
  facet normal 1 -0 0
    outer loop
      vertex -14 25.6 5.65
      vertex -14 29.1 -5.65
      vertex -14 29.1 5.65
    endloop
  endfacet
  facet normal 1 0 0
    outer loop
      vertex -14 29.1 -5.65
      vertex -14 25.6 5.65
      vertex -14 25.6 -5.65
    endloop
  endfacet
  facet normal 1 0 0
    outer loop
      vertex -14 29.1 5.65
      vertex -14 36.5 36.5
      vertex -14 29.1 29.1
    endloop
  endfacet
  facet normal 1 0 0
    outer loop
      vertex -14 36.5 36.5
      vertex -14 5.65 29.1
      vertex -14 29.1 29.1
    endloop
  endfacet
  facet normal 1 0 0
    outer loop
      vertex -14 5.65 29.1
      vertex -14 -5.65 29.1
      vertex -14 5.65 25.6
    endloop
  endfacet
  facet normal 1 0 0
    outer loop
      vertex -14 36.5 36.5
      vertex -14 -5.65 29.1
      vertex -14 5.65 29.1
    endloop
  endfacet
  facet normal 1 -0 0
    outer loop
      vertex -14 -36.5 36.5
      vertex -14 -5.65 29.1
      vertex -14 36.5 36.5
    endloop
  endfacet
  facet normal 1 0 0
    outer loop
      vertex -14 -36.5 36.5
      vertex -14 -29.1 5.65
      vertex -14 -29.1 29.1
    endloop
  endfacet
  facet normal 1 0 0
    outer loop
      vertex -14 -29.1 5.65
      vertex -14 -36.5 36.5
      vertex -14 -29.1 -5.65
    endloop
  endfacet
  facet normal 1 0 0
    outer loop
      vertex -14 -36.5 -37
      vertex -14 -29.1 -5.65
      vertex -14 -36.5 36.5
    endloop
  endfacet
  facet normal 1 0 0
    outer loop
      vertex -14 -5.65 29.1
      vertex -14 -36.5 36.5
      vertex -14 -29.1 29.1
    endloop
  endfacet
  facet normal 1 0 0
    outer loop
      vertex -14 36.5 36.5
      vertex -14 29.1 5.65
      vertex -14 36.5 -37
    endloop
  endfacet
  facet normal 1 -0 0
    outer loop
      vertex -14 29.1 -5.65
      vertex -14 36.5 -37
      vertex -14 29.1 5.65
    endloop
  endfacet
  facet normal 1 -0 0
    outer loop
      vertex -14 29.1 -29.1
      vertex -14 36.5 -37
      vertex -14 29.1 -5.65
    endloop
  endfacet
  facet normal 1 -0 0
    outer loop
      vertex -14 5.65 -29.1
      vertex -14 36.5 -37
      vertex -14 29.1 -29.1
    endloop
  endfacet
  facet normal 1 0 0
    outer loop
      vertex -14 -5.65 -29.1
      vertex -14 5.65 -29.1
      vertex -14 -5.65 -25.6
    endloop
  endfacet
  facet normal 1 -0 0
    outer loop
      vertex -14 -5.65 -29.1
      vertex -14 36.5 -37
      vertex -14 5.65 -29.1
    endloop
  endfacet
  facet normal 1 0 0
    outer loop
      vertex -14 -36.5 -37
      vertex -14 -5.65 -29.1
      vertex -14 -29.1 -29.1
    endloop
  endfacet
  facet normal 1 0 0
    outer loop
      vertex -14 -5.65 -29.1
      vertex -14 -36.5 -37
      vertex -14 36.5 -37
    endloop
  endfacet
  facet normal 1 0 0
    outer loop
      vertex -14 -29.1 -5.65
      vertex -14 -36.5 -37
      vertex -14 -29.1 -29.1
    endloop
  endfacet
  facet normal 1 0 0
    outer loop
      vertex -14 5.65 25.6
      vertex -14 -5.65 29.1
      vertex -14 -5.65 25.6
    endloop
  endfacet
  facet normal 1 -0 0
    outer loop
      vertex -14 -29.1 5.65
      vertex -14 -25.6 -5.65
      vertex -14 -25.6 5.65
    endloop
  endfacet
  facet normal 1 0 0
    outer loop
      vertex -14 -25.6 -5.65
      vertex -14 -29.1 5.65
      vertex -14 -29.1 -5.65
    endloop
  endfacet
  facet normal 1 0 0
    outer loop
      vertex -14 27.8 26
      vertex -14 28.995 26
      vertex -14 28.9807 26.2929
    endloop
  endfacet
  facet normal 1 0 0
    outer loop
      vertex -14 28.9805 26.2942
      vertex -14 28.9807 26.2929
      vertex -14 28.9806 26.2936
    endloop
  endfacet
  facet normal 1 0 0
    outer loop
      vertex -14 28.995 26
      vertex -14 27.8 26
      vertex -14 28.9807 25.7071
    endloop
  endfacet
  facet normal 1 0 0
    outer loop
      vertex -14 28.9807 26.2929
      vertex -14 28.9805 26.2942
      vertex -14 27.7913 26.1764
    endloop
  endfacet
  facet normal 1 -0 0
    outer loop
      vertex -14 27.7913 25.8236
      vertex -14 28.9807 25.7071
      vertex -14 27.8 26
    endloop
  endfacet
  facet normal 1 0 0
    outer loop
      vertex -14 27.7913 26.1764
      vertex -14 28.9805 26.2942
      vertex -14 28.9375 26.5843
    endloop
  endfacet
  facet normal 1 0 -0
    outer loop
      vertex -14 28.9805 25.7058
      vertex -14 28.9807 25.7071
      vertex -14 27.7913 25.8236
    endloop
  endfacet
  facet normal 1 0 0
    outer loop
      vertex -14 27.7654 26.3512
      vertex -14 28.9375 26.5843
      vertex -14 28.9373 26.585
    endloop
  endfacet
  facet normal 1 0 0
    outer loop
      vertex -14 28.9807 25.7071
      vertex -14 28.9805 25.7058
      vertex -14 28.9806 25.7064
    endloop
  endfacet
  facet normal 1 0 0
    outer loop
      vertex -14 27.7654 26.3512
      vertex -14 28.9373 26.585
      vertex -14 28.8661 26.8694
    endloop
  endfacet
  facet normal 1 0 0
    outer loop
      vertex -14 28.9805 25.7058
      vertex -14 27.7913 25.8236
      vertex -14 28.9375 25.4157
    endloop
  endfacet
  facet normal 1 0 0
    outer loop
      vertex -14 27.7225 26.5225
      vertex -14 28.8661 26.8694
      vertex -14 28.8658 26.8701
    endloop
  endfacet
  facet normal 1 -0 0
    outer loop
      vertex -14 27.7654 25.6488
      vertex -14 28.9375 25.4157
      vertex -14 27.7913 25.8236
    endloop
  endfacet
  facet normal 1 0 0
    outer loop
      vertex -14 27.7225 26.5225
      vertex -14 28.8658 26.8701
      vertex -14 28.7671 27.1462
    endloop
  endfacet
  facet normal 1 0 0
    outer loop
      vertex -14 28.9375 25.4157
      vertex -14 27.7654 25.6488
      vertex -14 28.9373 25.415
    endloop
  endfacet
  facet normal 1 0 0
    outer loop
      vertex -14 27.663 26.6888
      vertex -14 28.7671 27.1462
      vertex -14 28.6417 27.4112
    endloop
  endfacet
  facet normal 1 0 0
    outer loop
      vertex -14 28.9373 25.415
      vertex -14 27.7654 25.6488
      vertex -14 28.8661 25.1306
    endloop
  endfacet
  facet normal 1 0 0
    outer loop
      vertex -14 28.641 27.4124
      vertex -14 28.6417 27.4112
      vertex -14 28.6414 27.4119
    endloop
  endfacet
  facet normal 1 -0 0
    outer loop
      vertex -14 27.7225 25.4775
      vertex -14 28.8661 25.1306
      vertex -14 27.7654 25.6488
    endloop
  endfacet
  facet normal 1 0 0
    outer loop
      vertex -14 28.6417 27.4112
      vertex -14 28.641 27.4124
      vertex -14 27.5875 26.8485
    endloop
  endfacet
  facet normal 1 0 0
    outer loop
      vertex -14 28.8661 25.1306
      vertex -14 27.7225 25.4775
      vertex -14 28.8658 25.1299
    endloop
  endfacet
  facet normal 1 0 0
    outer loop
      vertex -14 27.5875 26.8485
      vertex -14 28.641 27.4124
      vertex -14 28.4903 27.664
    endloop
  endfacet
  facet normal 1 0 0
    outer loop
      vertex -14 28.8658 25.1299
      vertex -14 27.7225 25.4775
      vertex -14 28.7671 24.8538
    endloop
  endfacet
  facet normal 1 0 0
    outer loop
      vertex -14 27.4966 27
      vertex -14 28.4903 27.664
      vertex -14 28.4899 27.6645
    endloop
  endfacet
  facet normal 1 -0 0
    outer loop
      vertex -14 27.663 25.3112
      vertex -14 28.7671 24.8538
      vertex -14 27.7225 25.4775
    endloop
  endfacet
  facet normal 1 0 0
    outer loop
      vertex -14 27.4966 27
      vertex -14 28.4899 27.6645
      vertex -14 28.3152 27.9
    endloop
  endfacet
  facet normal 1 0 0
    outer loop
      vertex -14 28.7671 24.8538
      vertex -14 27.663 25.3112
      vertex -14 28.6417 24.5888
    endloop
  endfacet
  facet normal 1 0 0
    outer loop
      vertex -14 27.3914 27.1419
      vertex -14 28.3152 27.9
      vertex -14 28.1183 28.1173
    endloop
  endfacet
  facet normal 1 -0 0
    outer loop
      vertex -14 27.5875 25.1515
      vertex -14 28.6417 24.5888
      vertex -14 27.663 25.3112
    endloop
  endfacet
  facet normal -1 0 0
    outer loop
      vertex -14 28.1173 28.1183
      vertex -14 28.1183 28.1173
      vertex -14 28.1178 28.1178
    endloop
  endfacet
  facet normal 1 0 -0
    outer loop
      vertex -14 28.641 24.5876
      vertex -14 28.6417 24.5888
      vertex -14 27.5875 25.1515
    endloop
  endfacet
  facet normal 1 0 0
    outer loop
      vertex -14 28.1183 28.1173
      vertex -14 28.1173 28.1183
      vertex -14 27.2728 27.2728
    endloop
  endfacet
  facet normal 1 0 0
    outer loop
      vertex -14 28.6417 24.5888
      vertex -14 28.641 24.5876
      vertex -14 28.6414 24.5881
    endloop
  endfacet
  facet normal 1 0 0
    outer loop
      vertex -14 27.2728 27.2728
      vertex -14 28.1173 28.1183
      vertex -14 27.9 28.3152
    endloop
  endfacet
  facet normal 1 0 0
    outer loop
      vertex -14 28.641 24.5876
      vertex -14 27.5875 25.1515
      vertex -14 28.4903 24.336
    endloop
  endfacet
  facet normal 1 -0 0
    outer loop
      vertex -14 27.4966 25
      vertex -14 28.4903 24.336
      vertex -14 27.5875 25.1515
    endloop
  endfacet
  facet normal 1 0 0
    outer loop
      vertex -14 28.9807 26.2929
      vertex -14 27.7913 26.1764
      vertex -14 27.8 26
    endloop
  endfacet
  facet normal 1 0 0
    outer loop
      vertex -14 28.9375 26.5843
      vertex -14 27.7654 26.3512
      vertex -14 27.7913 26.1764
    endloop
  endfacet
  facet normal 1 0 0
    outer loop
      vertex -14 28.8661 26.8694
      vertex -14 27.7225 26.5225
      vertex -14 27.7654 26.3512
    endloop
  endfacet
  facet normal 1 0 0
    outer loop
      vertex -14 27.1419 27.3914
      vertex -14 27.9 28.3152
      vertex -14 27.6645 28.4899
    endloop
  endfacet
  facet normal 1 0 0
    outer loop
      vertex -14 27 27.4966
      vertex -14 27.6645 28.4899
      vertex -14 27.664 28.4903
    endloop
  endfacet
  facet normal 1 0 0
    outer loop
      vertex -14 28.7671 27.1462
      vertex -14 27.663 26.6888
      vertex -14 27.7225 26.5225
    endloop
  endfacet
  facet normal 1 0 0
    outer loop
      vertex -14 28.6417 27.4112
      vertex -14 27.5875 26.8485
      vertex -14 27.663 26.6888
    endloop
  endfacet
  facet normal 1 0 0
    outer loop
      vertex -14 28.4903 27.664
      vertex -14 27.4966 27
      vertex -14 27.5875 26.8485
    endloop
  endfacet
  facet normal 1 0 0
    outer loop
      vertex -14 27 27.4966
      vertex -14 27.664 28.4903
      vertex -14 27.4124 28.641
    endloop
  endfacet
  facet normal 1 0 0
    outer loop
      vertex -14 27.4112 28.6417
      vertex -14 27.4124 28.641
      vertex -14 27.4119 28.6414
    endloop
  endfacet
  facet normal 1 0 0
    outer loop
      vertex -14 27.4124 28.641
      vertex -14 27.4112 28.6417
      vertex -14 26.8485 27.5875
    endloop
  endfacet
  facet normal 1 0 0
    outer loop
      vertex -14 28.3152 27.9
      vertex -14 27.3914 27.1419
      vertex -14 27.4966 27
    endloop
  endfacet
  facet normal 1 0 0
    outer loop
      vertex -14 28.1183 28.1173
      vertex -14 27.2728 27.2728
      vertex -14 27.3914 27.1419
    endloop
  endfacet
  facet normal 1 0 0
    outer loop
      vertex -14 26.8485 27.5875
      vertex -14 27.4112 28.6417
      vertex -14 27.1462 28.7671
    endloop
  endfacet
  facet normal 1 0 0
    outer loop
      vertex -14 27.9 28.3152
      vertex -14 27.1419 27.3914
      vertex -14 27.2728 27.2728
    endloop
  endfacet
  facet normal 1 0 0
    outer loop
      vertex -14 27.6645 28.4899
      vertex -14 27 27.4966
      vertex -14 27.1419 27.3914
    endloop
  endfacet
  facet normal 1 0 0
    outer loop
      vertex -14 26.6888 27.663
      vertex -14 27.1462 28.7671
      vertex -14 26.8701 28.8658
    endloop
  endfacet
  facet normal 1 0 0
    outer loop
      vertex -14 26.5225 27.7225
      vertex -14 26.8701 28.8658
      vertex -14 26.8694 28.8661
    endloop
  endfacet
  facet normal 1 0 0
    outer loop
      vertex -14 27.4124 28.641
      vertex -14 26.8485 27.5875
      vertex -14 27 27.4966
    endloop
  endfacet
  facet normal 1 0 0
    outer loop
      vertex -14 27.1462 28.7671
      vertex -14 26.6888 27.663
      vertex -14 26.8485 27.5875
    endloop
  endfacet
  facet normal 1 0 0
    outer loop
      vertex -14 26.5225 27.7225
      vertex -14 26.8694 28.8661
      vertex -14 26.585 28.9373
    endloop
  endfacet
  facet normal 1 0 0
    outer loop
      vertex -14 26.3512 27.7654
      vertex -14 26.585 28.9373
      vertex -14 26.5843 28.9375
    endloop
  endfacet
  facet normal 1 0 0
    outer loop
      vertex -14 26.8701 28.8658
      vertex -14 26.5225 27.7225
      vertex -14 26.6888 27.663
    endloop
  endfacet
  facet normal 1 0 0
    outer loop
      vertex -14 26.585 28.9373
      vertex -14 26.3512 27.7654
      vertex -14 26.5225 27.7225
    endloop
  endfacet
  facet normal 1 0 0
    outer loop
      vertex -14 26.2942 28.9805
      vertex -14 26.3512 27.7654
      vertex -14 26.5843 28.9375
    endloop
  endfacet
  facet normal 1 0 0
    outer loop
      vertex -14 26.2929 28.9807
      vertex -14 26.2942 28.9805
      vertex -14 26.2936 28.9806
    endloop
  endfacet
  facet normal 1 0 0
    outer loop
      vertex -14 26.2942 28.9805
      vertex -14 26.2929 28.9807
      vertex -14 26.1764 27.7913
    endloop
  endfacet
  facet normal 1 0 0
    outer loop
      vertex -14 26.2942 28.9805
      vertex -14 26.1764 27.7913
      vertex -14 26.3512 27.7654
    endloop
  endfacet
  facet normal 1 0 0
    outer loop
      vertex -14 26 28.995
      vertex -14 26.1764 27.7913
      vertex -14 26.2929 28.9807
    endloop
  endfacet
  facet normal 1 0 0
    outer loop
      vertex -14 26 28.995
      vertex -14 26 27.8
      vertex -14 26.1764 27.7913
    endloop
  endfacet
  facet normal 1 0 0
    outer loop
      vertex -14 26 28.995
      vertex -14 25.8236 27.7913
      vertex -14 26 27.8
    endloop
  endfacet
  facet normal 1 -0 0
    outer loop
      vertex -14 25.7071 28.9807
      vertex -14 25.8236 27.7913
      vertex -14 26 28.995
    endloop
  endfacet
  facet normal 1 0 0
    outer loop
      vertex -14 25.7058 28.9805
      vertex -14 25.7071 28.9807
      vertex -14 25.7064 28.9806
    endloop
  endfacet
  facet normal 1 0 0
    outer loop
      vertex -14 25.7071 28.9807
      vertex -14 25.7058 28.9805
      vertex -14 25.8236 27.7913
    endloop
  endfacet
  facet normal 1 0 0
    outer loop
      vertex -14 25.7058 28.9805
      vertex -14 25.6488 27.7654
      vertex -14 25.8236 27.7913
    endloop
  endfacet
  facet normal 1 -0 0
    outer loop
      vertex -14 25.4157 28.9375
      vertex -14 25.6488 27.7654
      vertex -14 25.7058 28.9805
    endloop
  endfacet
  facet normal 1 -0 0
    outer loop
      vertex -14 25.415 28.9373
      vertex -14 25.6488 27.7654
      vertex -14 25.4157 28.9375
    endloop
  endfacet
  facet normal 1 0 0
    outer loop
      vertex -14 25.6488 27.7654
      vertex -14 25.415 28.9373
      vertex -14 25.4775 27.7225
    endloop
  endfacet
  facet normal 1 -0 0
    outer loop
      vertex -14 25.1306 28.8661
      vertex -14 25.4775 27.7225
      vertex -14 25.415 28.9373
    endloop
  endfacet
  facet normal 1 -0 0
    outer loop
      vertex -14 25.1299 28.8658
      vertex -14 25.4775 27.7225
      vertex -14 25.1306 28.8661
    endloop
  endfacet
  facet normal 1 0 0
    outer loop
      vertex -14 25.4775 27.7225
      vertex -14 25.1299 28.8658
      vertex -14 25.3112 27.663
    endloop
  endfacet
  facet normal 1 -0 0
    outer loop
      vertex -14 24.8538 28.7671
      vertex -14 25.3112 27.663
      vertex -14 25.1299 28.8658
    endloop
  endfacet
  facet normal 1 0 0
    outer loop
      vertex -14 25.3112 27.663
      vertex -14 24.8538 28.7671
      vertex -14 25.1515 27.5875
    endloop
  endfacet
  facet normal 1 -0 0
    outer loop
      vertex -14 24.5888 28.6417
      vertex -14 25.1515 27.5875
      vertex -14 24.8538 28.7671
    endloop
  endfacet
  facet normal 1 -0 0
    outer loop
      vertex -14 24.5876 28.641
      vertex -14 25.1515 27.5875
      vertex -14 24.5888 28.6417
    endloop
  endfacet
  facet normal 1 0 0
    outer loop
      vertex -14 25.1515 27.5875
      vertex -14 24.5876 28.641
      vertex -14 25 27.4966
    endloop
  endfacet
  facet normal 1 -0 0
    outer loop
      vertex -14 24.336 28.4903
      vertex -14 25 27.4966
      vertex -14 24.5876 28.641
    endloop
  endfacet
  facet normal 1 -0 0
    outer loop
      vertex -14 24.3355 28.4899
      vertex -14 25 27.4966
      vertex -14 24.336 28.4903
    endloop
  endfacet
  facet normal 1 0 0
    outer loop
      vertex -14 24.5876 28.641
      vertex -14 24.5888 28.6417
      vertex -14 24.5881 28.6414
    endloop
  endfacet
  facet normal 1 0 0
    outer loop
      vertex -14 25 27.4966
      vertex -14 24.3355 28.4899
      vertex -14 24.8581 27.3914
    endloop
  endfacet
  facet normal 1 -0 0
    outer loop
      vertex -14 24.1 28.3152
      vertex -14 24.8581 27.3914
      vertex -14 24.3355 28.4899
    endloop
  endfacet
  facet normal 1 0 0
    outer loop
      vertex -14 24.8581 27.3914
      vertex -14 24.1 28.3152
      vertex -14 24.7272 27.2728
    endloop
  endfacet
  facet normal 1 -0 0
    outer loop
      vertex -14 23.8827 28.1183
      vertex -14 24.7272 27.2728
      vertex -14 24.1 28.3152
    endloop
  endfacet
  facet normal 1 -0 0
    outer loop
      vertex -14 23.8817 28.1173
      vertex -14 24.7272 27.2728
      vertex -14 23.8827 28.1183
    endloop
  endfacet
  facet normal 1 0 0
    outer loop
      vertex -14 24.7272 27.2728
      vertex -14 23.8817 28.1173
      vertex -14 24.6086 27.1419
    endloop
  endfacet
  facet normal 1 -0 0
    outer loop
      vertex -14 23.6848 27.9
      vertex -14 24.6086 27.1419
      vertex -14 23.8817 28.1173
    endloop
  endfacet
  facet normal 1 0 0
    outer loop
      vertex -14 24.6086 27.1419
      vertex -14 23.6848 27.9
      vertex -14 24.5034 27
    endloop
  endfacet
  facet normal 1 -0 0
    outer loop
      vertex -14 23.5101 27.6645
      vertex -14 24.5034 27
      vertex -14 23.6848 27.9
    endloop
  endfacet
  facet normal 1 0 0
    outer loop
      vertex -14 24.5034 27
      vertex -14 23.5097 27.664
      vertex -14 24.4125 26.8485
    endloop
  endfacet
  facet normal 1 -0 0
    outer loop
      vertex -14 23.5097 27.664
      vertex -14 24.5034 27
      vertex -14 23.5101 27.6645
    endloop
  endfacet
  facet normal 1 0 0
    outer loop
      vertex -14 28.4903 24.336
      vertex -14 27.4966 25
      vertex -14 28.4899 24.3355
    endloop
  endfacet
  facet normal 1 0 0
    outer loop
      vertex -14 28.4899 24.3355
      vertex -14 27.4966 25
      vertex -14 28.3152 24.1
    endloop
  endfacet
  facet normal 1 -0 0
    outer loop
      vertex -14 27.3914 24.8581
      vertex -14 28.3152 24.1
      vertex -14 27.4966 25
    endloop
  endfacet
  facet normal 1 0 0
    outer loop
      vertex -14 28.3152 24.1
      vertex -14 27.3914 24.8581
      vertex -14 28.1183 23.8827
    endloop
  endfacet
  facet normal 1 -0 0
    outer loop
      vertex -14 27.2728 24.7272
      vertex -14 28.1183 23.8827
      vertex -14 27.3914 24.8581
    endloop
  endfacet
  facet normal 1 0 -0
    outer loop
      vertex -14 28.1173 23.8817
      vertex -14 28.1183 23.8827
      vertex -14 27.2728 24.7272
    endloop
  endfacet
  facet normal -1 0 0
    outer loop
      vertex -14 28.1183 23.8827
      vertex -14 28.1173 23.8817
      vertex -14 28.1178 23.8822
    endloop
  endfacet
  facet normal 1 0 0
    outer loop
      vertex -14 28.1173 23.8817
      vertex -14 27.2728 24.7272
      vertex -14 27.9 23.6848
    endloop
  endfacet
  facet normal 1 -0 0
    outer loop
      vertex -14 27.1419 24.6086
      vertex -14 27.9 23.6848
      vertex -14 27.2728 24.7272
    endloop
  endfacet
  facet normal 1 0 0
    outer loop
      vertex -14 27.9 23.6848
      vertex -14 27.1419 24.6086
      vertex -14 27.6645 23.5101
    endloop
  endfacet
  facet normal 1 -0 0
    outer loop
      vertex -14 27 24.5034
      vertex -14 27.6645 23.5101
      vertex -14 27.1419 24.6086
    endloop
  endfacet
  facet normal 1 0 0
    outer loop
      vertex -14 27.6645 23.5101
      vertex -14 27 24.5034
      vertex -14 27.664 23.5097
    endloop
  endfacet
  facet normal 1 0 0
    outer loop
      vertex -14 27.664 23.5097
      vertex -14 27 24.5034
      vertex -14 27.4124 23.359
    endloop
  endfacet
  facet normal 1 -0 0
    outer loop
      vertex -14 26.8485 24.4125
      vertex -14 27.4124 23.359
      vertex -14 27 24.5034
    endloop
  endfacet
  facet normal 1 0 -0
    outer loop
      vertex -14 27.4112 23.3583
      vertex -14 27.4124 23.359
      vertex -14 26.8485 24.4125
    endloop
  endfacet
  facet normal 1 0 0
    outer loop
      vertex -14 27.4124 23.359
      vertex -14 27.4112 23.3583
      vertex -14 27.4119 23.3586
    endloop
  endfacet
  facet normal 1 0 0
    outer loop
      vertex -14 27.4112 23.3583
      vertex -14 26.8485 24.4125
      vertex -14 27.1462 23.2329
    endloop
  endfacet
  facet normal 1 -0 0
    outer loop
      vertex -14 26.6888 24.337
      vertex -14 27.1462 23.2329
      vertex -14 26.8485 24.4125
    endloop
  endfacet
  facet normal 1 0 0
    outer loop
      vertex -14 27.1462 23.2329
      vertex -14 26.6888 24.337
      vertex -14 26.8701 23.1342
    endloop
  endfacet
  facet normal 1 -0 0
    outer loop
      vertex -14 26.5225 24.2775
      vertex -14 26.8701 23.1342
      vertex -14 26.6888 24.337
    endloop
  endfacet
  facet normal 1 0 0
    outer loop
      vertex -14 26.8701 23.1342
      vertex -14 26.5225 24.2775
      vertex -14 26.8694 23.1339
    endloop
  endfacet
  facet normal 1 0 0
    outer loop
      vertex -14 26.8694 23.1339
      vertex -14 26.5225 24.2775
      vertex -14 26.585 23.0627
    endloop
  endfacet
  facet normal 1 -0 0
    outer loop
      vertex -14 26.3512 24.2346
      vertex -14 26.585 23.0627
      vertex -14 26.5225 24.2775
    endloop
  endfacet
  facet normal 1 0 0
    outer loop
      vertex -14 26.585 23.0627
      vertex -14 26.3512 24.2346
      vertex -14 26.5843 23.0625
    endloop
  endfacet
  facet normal 1 0 0
    outer loop
      vertex -14 26.3512 24.2346
      vertex -14 26.2942 23.0195
      vertex -14 26.5843 23.0625
    endloop
  endfacet
  facet normal 1 -0 0
    outer loop
      vertex -14 26.1764 24.2087
      vertex -14 26.2942 23.0195
      vertex -14 26.3512 24.2346
    endloop
  endfacet
  facet normal 1 0 -0
    outer loop
      vertex -14 26.2929 23.0193
      vertex -14 26.2942 23.0195
      vertex -14 26.1764 24.2087
    endloop
  endfacet
  facet normal 1 0 0
    outer loop
      vertex -14 26.2942 23.0195
      vertex -14 26.2929 23.0193
      vertex -14 26.2936 23.0194
    endloop
  endfacet
  facet normal 1 -0 0
    outer loop
      vertex -14 26 24.2
      vertex -14 26.2929 23.0193
      vertex -14 26.1764 24.2087
    endloop
  endfacet
  facet normal 1 0 0
    outer loop
      vertex -14 26 24.2
      vertex -14 26 23.005
      vertex -14 26.2929 23.0193
    endloop
  endfacet
  facet normal 1 0 0
    outer loop
      vertex -14 25.8236 24.2087
      vertex -14 26 23.005
      vertex -14 26 24.2
    endloop
  endfacet
  facet normal 1 0 0
    outer loop
      vertex -14 25.8236 24.2087
      vertex -14 25.7071 23.0193
      vertex -14 26 23.005
    endloop
  endfacet
  facet normal 1 -0 0
    outer loop
      vertex -14 25.7058 23.0195
      vertex -14 25.7071 23.0193
      vertex -14 25.8236 24.2087
    endloop
  endfacet
  facet normal 1 0 0
    outer loop
      vertex -14 25.7071 23.0193
      vertex -14 25.7058 23.0195
      vertex -14 25.7064 23.0194
    endloop
  endfacet
  facet normal 1 0 0
    outer loop
      vertex -14 25.6488 24.2346
      vertex -14 25.7058 23.0195
      vertex -14 25.8236 24.2087
    endloop
  endfacet
  facet normal 1 0 0
    outer loop
      vertex -14 25.415 23.0627
      vertex -14 25.6488 24.2346
      vertex -14 25.4775 24.2775
    endloop
  endfacet
  facet normal 1 0 0
    outer loop
      vertex -14 25.6488 24.2346
      vertex -14 25.4157 23.0625
      vertex -14 25.7058 23.0195
    endloop
  endfacet
  facet normal 1 0 0
    outer loop
      vertex -14 25.6488 24.2346
      vertex -14 25.415 23.0627
      vertex -14 25.4157 23.0625
    endloop
  endfacet
  facet normal 1 0 0
    outer loop
      vertex -14 25.1299 23.1342
      vertex -14 25.4775 24.2775
      vertex -14 25.3112 24.337
    endloop
  endfacet
  facet normal 1 0 0
    outer loop
      vertex -14 24.8538 23.2329
      vertex -14 25.3112 24.337
      vertex -14 25.1515 24.4125
    endloop
  endfacet
  facet normal 1 0 0
    outer loop
      vertex -14 25.4775 24.2775
      vertex -14 25.1306 23.1339
      vertex -14 25.415 23.0627
    endloop
  endfacet
  facet normal 1 0 0
    outer loop
      vertex -14 25.4775 24.2775
      vertex -14 25.1299 23.1342
      vertex -14 25.1306 23.1339
    endloop
  endfacet
  facet normal 1 0 0
    outer loop
      vertex -14 24.5876 23.359
      vertex -14 25.1515 24.4125
      vertex -14 25 24.5034
    endloop
  endfacet
  facet normal 1 0 0
    outer loop
      vertex -14 24.3355 23.5101
      vertex -14 25 24.5034
      vertex -14 24.8581 24.6086
    endloop
  endfacet
  facet normal 1 0 0
    outer loop
      vertex -14 25.3112 24.337
      vertex -14 24.8538 23.2329
      vertex -14 25.1299 23.1342
    endloop
  endfacet
  facet normal 1 0 0
    outer loop
      vertex -14 24.1 23.6848
      vertex -14 24.8581 24.6086
      vertex -14 24.7272 24.7272
    endloop
  endfacet
  facet normal 1 0 0
    outer loop
      vertex -14 23.8817 23.8827
      vertex -14 24.7272 24.7272
      vertex -14 24.6086 24.8581
    endloop
  endfacet
  facet normal 1 0 0
    outer loop
      vertex -14 25.1515 24.4125
      vertex -14 24.5888 23.3583
      vertex -14 24.8538 23.2329
    endloop
  endfacet
  facet normal 1 0 0
    outer loop
      vertex -14 25.1515 24.4125
      vertex -14 24.5876 23.359
      vertex -14 24.5888 23.3583
    endloop
  endfacet
  facet normal 1 0 0
    outer loop
      vertex -14 24.5888 23.3583
      vertex -14 24.5876 23.359
      vertex -14 24.5881 23.3586
    endloop
  endfacet
  facet normal 1 0 0
    outer loop
      vertex -14 23.6848 24.1
      vertex -14 24.6086 24.8581
      vertex -14 24.5034 25
    endloop
  endfacet
  facet normal 1 0 0
    outer loop
      vertex -14 23.5097 24.336
      vertex -14 24.5034 25
      vertex -14 24.4125 25.1515
    endloop
  endfacet
  facet normal 1 0 0
    outer loop
      vertex -14 23.3583 24.5888
      vertex -14 24.4125 25.1515
      vertex -14 24.337 25.3112
    endloop
  endfacet
  facet normal 1 0 0
    outer loop
      vertex -14 25 24.5034
      vertex -14 24.336 23.5097
      vertex -14 24.5876 23.359
    endloop
  endfacet
  facet normal 1 0 0
    outer loop
      vertex -14 25 24.5034
      vertex -14 24.3355 23.5101
      vertex -14 24.336 23.5097
    endloop
  endfacet
  facet normal 1 0 0
    outer loop
      vertex -14 23.2329 24.8538
      vertex -14 24.337 25.3112
      vertex -14 24.2775 25.4775
    endloop
  endfacet
  facet normal 1 0 0
    outer loop
      vertex -14 23.1339 25.1306
      vertex -14 24.2775 25.4775
      vertex -14 24.2346 25.6488
    endloop
  endfacet
  facet normal 1 0 0
    outer loop
      vertex -14 23.0625 25.4157
      vertex -14 24.2346 25.6488
      vertex -14 24.2087 25.8236
    endloop
  endfacet
  facet normal 1 0 0
    outer loop
      vertex -14 24.8581 24.6086
      vertex -14 24.1 23.6848
      vertex -14 24.3355 23.5101
    endloop
  endfacet
  facet normal 1 0 0
    outer loop
      vertex -14 23.0193 25.7071
      vertex -14 24.2087 25.8236
      vertex -14 24.2 26
    endloop
  endfacet
  facet normal 1 -0 0
    outer loop
      vertex -14 23.359 27.4124
      vertex -14 24.4125 26.8485
      vertex -14 23.5097 27.664
    endloop
  endfacet
  facet normal 1 -0 0
    outer loop
      vertex -14 23.3583 27.4112
      vertex -14 24.4125 26.8485
      vertex -14 23.359 27.4124
    endloop
  endfacet
  facet normal 1 0 0
    outer loop
      vertex -14 24.7272 24.7272
      vertex -14 23.8827 23.8817
      vertex -14 24.1 23.6848
    endloop
  endfacet
  facet normal -1 0 0
    outer loop
      vertex -14 23.8817 28.1173
      vertex -14 23.8827 28.1183
      vertex -14 23.8822 28.1178
    endloop
  endfacet
  facet normal 1 0 0
    outer loop
      vertex -14 24.4125 26.8485
      vertex -14 23.3583 27.4112
      vertex -14 24.337 26.6888
    endloop
  endfacet
  facet normal 1 0 0
    outer loop
      vertex -14 24.7272 24.7272
      vertex -14 23.8817 23.8827
      vertex -14 23.8827 23.8817
    endloop
  endfacet
  facet normal -1 0 0
    outer loop
      vertex -14 23.8827 23.8817
      vertex -14 23.8817 23.8827
      vertex -14 23.8822 23.8822
    endloop
  endfacet
  facet normal 1 -0 0
    outer loop
      vertex -14 23.2329 27.1462
      vertex -14 24.337 26.6888
      vertex -14 23.3583 27.4112
    endloop
  endfacet
  facet normal 1 0 0
    outer loop
      vertex -14 24.6086 24.8581
      vertex -14 23.6848 24.1
      vertex -14 23.8817 23.8827
    endloop
  endfacet
  facet normal 1 0 0
    outer loop
      vertex -14 24.337 26.6888
      vertex -14 23.2329 27.1462
      vertex -14 24.2775 26.5225
    endloop
  endfacet
  facet normal 1 0 0
    outer loop
      vertex -14 24.5034 25
      vertex -14 23.5101 24.3355
      vertex -14 23.6848 24.1
    endloop
  endfacet
  facet normal 1 -0 0
    outer loop
      vertex -14 23.1342 26.8701
      vertex -14 24.2775 26.5225
      vertex -14 23.2329 27.1462
    endloop
  endfacet
  facet normal 1 -0 0
    outer loop
      vertex -14 23.1339 26.8694
      vertex -14 24.2775 26.5225
      vertex -14 23.1342 26.8701
    endloop
  endfacet
  facet normal 1 0 0
    outer loop
      vertex -14 24.4125 25.1515
      vertex -14 23.359 24.5876
      vertex -14 23.5097 24.336
    endloop
  endfacet
  facet normal 1 0 0
    outer loop
      vertex -14 24.5034 25
      vertex -14 23.5097 24.336
      vertex -14 23.5101 24.3355
    endloop
  endfacet
  facet normal 1 0 0
    outer loop
      vertex -14 23.3583 27.4112
      vertex -14 23.359 27.4124
      vertex -14 23.3586 27.4119
    endloop
  endfacet
  facet normal 1 0 0
    outer loop
      vertex -14 24.2775 26.5225
      vertex -14 23.1339 26.8694
      vertex -14 24.2346 26.3512
    endloop
  endfacet
  facet normal 1 0 0
    outer loop
      vertex -14 24.4125 25.1515
      vertex -14 23.3583 24.5888
      vertex -14 23.359 24.5876
    endloop
  endfacet
  facet normal 1 0 0
    outer loop
      vertex -14 23.359 24.5876
      vertex -14 23.3583 24.5888
      vertex -14 23.3586 24.5881
    endloop
  endfacet
  facet normal 1 -0 0
    outer loop
      vertex -14 23.0627 26.585
      vertex -14 24.2346 26.3512
      vertex -14 23.1339 26.8694
    endloop
  endfacet
  facet normal 1 0 0
    outer loop
      vertex -14 24.337 25.3112
      vertex -14 23.2329 24.8538
      vertex -14 23.3583 24.5888
    endloop
  endfacet
  facet normal 1 -0 0
    outer loop
      vertex -14 23.0625 26.5843
      vertex -14 24.2346 26.3512
      vertex -14 23.0627 26.585
    endloop
  endfacet
  facet normal 1 0 0
    outer loop
      vertex -14 24.2775 25.4775
      vertex -14 23.1342 25.1299
      vertex -14 23.2329 24.8538
    endloop
  endfacet
  facet normal 1 0 0
    outer loop
      vertex -14 24.2346 26.3512
      vertex -14 23.0625 26.5843
      vertex -14 24.2087 26.1764
    endloop
  endfacet
  facet normal 1 -0 0
    outer loop
      vertex -14 23.0195 26.2942
      vertex -14 24.2087 26.1764
      vertex -14 23.0625 26.5843
    endloop
  endfacet
  facet normal 1 0 0
    outer loop
      vertex -14 24.2346 25.6488
      vertex -14 23.0627 25.415
      vertex -14 23.1339 25.1306
    endloop
  endfacet
  facet normal 1 0 0
    outer loop
      vertex -14 24.2775 25.4775
      vertex -14 23.1339 25.1306
      vertex -14 23.1342 25.1299
    endloop
  endfacet
  facet normal 1 -0 0
    outer loop
      vertex -14 23.0193 26.2929
      vertex -14 24.2087 26.1764
      vertex -14 23.0195 26.2942
    endloop
  endfacet
  facet normal 1 0 0
    outer loop
      vertex -14 24.2087 26.1764
      vertex -14 23.0193 26.2929
      vertex -14 24.2 26
    endloop
  endfacet
  facet normal 1 0 0
    outer loop
      vertex -14 24.2087 25.8236
      vertex -14 23.0195 25.7058
      vertex -14 23.0625 25.4157
    endloop
  endfacet
  facet normal 1 0 0
    outer loop
      vertex -14 24.2346 25.6488
      vertex -14 23.0625 25.4157
      vertex -14 23.0627 25.415
    endloop
  endfacet
  facet normal 1 0 0
    outer loop
      vertex -14 23.0193 26.2929
      vertex -14 23.0195 26.2942
      vertex -14 23.0194 26.2936
    endloop
  endfacet
  facet normal 1 0 0
    outer loop
      vertex -14 23.005 26
      vertex -14 24.2 26
      vertex -14 23.0193 26.2929
    endloop
  endfacet
  facet normal 1 0 0
    outer loop
      vertex -14 24.2087 25.8236
      vertex -14 23.0193 25.7071
      vertex -14 23.0195 25.7058
    endloop
  endfacet
  facet normal 1 0 0
    outer loop
      vertex -14 23.0195 25.7058
      vertex -14 23.0193 25.7071
      vertex -14 23.0194 25.7064
    endloop
  endfacet
  facet normal 1 0 0
    outer loop
      vertex -14 24.2 26
      vertex -14 23.005 26
      vertex -14 23.0193 25.7071
    endloop
  endfacet
  facet normal 1 0 0
    outer loop
      vertex -14 -24.2 26
      vertex -14 -23.005 26
      vertex -14 -23.0193 26.2929
    endloop
  endfacet
  facet normal 1 0 0
    outer loop
      vertex -14 -23.0195 26.2942
      vertex -14 -23.0193 26.2929
      vertex -14 -23.0194 26.2936
    endloop
  endfacet
  facet normal 1 0 0
    outer loop
      vertex -14 -23.005 26
      vertex -14 -24.2 26
      vertex -14 -23.0193 25.7071
    endloop
  endfacet
  facet normal 1 0 0
    outer loop
      vertex -14 -23.0193 26.2929
      vertex -14 -23.0195 26.2942
      vertex -14 -24.2087 26.1764
    endloop
  endfacet
  facet normal 1 -0 0
    outer loop
      vertex -14 -24.2087 25.8236
      vertex -14 -23.0193 25.7071
      vertex -14 -24.2 26
    endloop
  endfacet
  facet normal 1 0 0
    outer loop
      vertex -14 -24.2087 26.1764
      vertex -14 -23.0195 26.2942
      vertex -14 -23.0625 26.5843
    endloop
  endfacet
  facet normal 1 0 -0
    outer loop
      vertex -14 -23.0195 25.7058
      vertex -14 -23.0193 25.7071
      vertex -14 -24.2087 25.8236
    endloop
  endfacet
  facet normal 1 0 0
    outer loop
      vertex -14 -24.2346 26.3512
      vertex -14 -23.0625 26.5843
      vertex -14 -23.0627 26.585
    endloop
  endfacet
  facet normal 1 0 0
    outer loop
      vertex -14 -23.0193 25.7071
      vertex -14 -23.0195 25.7058
      vertex -14 -23.0194 25.7064
    endloop
  endfacet
  facet normal 1 0 0
    outer loop
      vertex -14 -24.2346 26.3512
      vertex -14 -23.0627 26.585
      vertex -14 -23.1339 26.8694
    endloop
  endfacet
  facet normal 1 0 0
    outer loop
      vertex -14 -23.0195 25.7058
      vertex -14 -24.2087 25.8236
      vertex -14 -23.0625 25.4157
    endloop
  endfacet
  facet normal 1 0 0
    outer loop
      vertex -14 -24.2775 26.5225
      vertex -14 -23.1339 26.8694
      vertex -14 -23.1342 26.8701
    endloop
  endfacet
  facet normal 1 -0 0
    outer loop
      vertex -14 -24.2346 25.6488
      vertex -14 -23.0625 25.4157
      vertex -14 -24.2087 25.8236
    endloop
  endfacet
  facet normal 1 0 0
    outer loop
      vertex -14 -24.2775 26.5225
      vertex -14 -23.1342 26.8701
      vertex -14 -23.2329 27.1462
    endloop
  endfacet
  facet normal 1 0 0
    outer loop
      vertex -14 -23.0625 25.4157
      vertex -14 -24.2346 25.6488
      vertex -14 -23.0627 25.415
    endloop
  endfacet
  facet normal 1 0 0
    outer loop
      vertex -14 -24.337 26.6888
      vertex -14 -23.2329 27.1462
      vertex -14 -23.3583 27.4112
    endloop
  endfacet
  facet normal 1 0 0
    outer loop
      vertex -14 -23.0627 25.415
      vertex -14 -24.2346 25.6488
      vertex -14 -23.1339 25.1306
    endloop
  endfacet
  facet normal 1 0 0
    outer loop
      vertex -14 -23.359 27.4124
      vertex -14 -23.3583 27.4112
      vertex -14 -23.3586 27.4119
    endloop
  endfacet
  facet normal 1 -0 0
    outer loop
      vertex -14 -24.2775 25.4775
      vertex -14 -23.1339 25.1306
      vertex -14 -24.2346 25.6488
    endloop
  endfacet
  facet normal 1 0 0
    outer loop
      vertex -14 -23.3583 27.4112
      vertex -14 -23.359 27.4124
      vertex -14 -24.4125 26.8485
    endloop
  endfacet
  facet normal 1 0 0
    outer loop
      vertex -14 -23.1339 25.1306
      vertex -14 -24.2775 25.4775
      vertex -14 -23.1342 25.1299
    endloop
  endfacet
  facet normal 1 0 0
    outer loop
      vertex -14 -24.4125 26.8485
      vertex -14 -23.359 27.4124
      vertex -14 -23.5097 27.664
    endloop
  endfacet
  facet normal 1 0 0
    outer loop
      vertex -14 -23.1342 25.1299
      vertex -14 -24.2775 25.4775
      vertex -14 -23.2329 24.8538
    endloop
  endfacet
  facet normal 1 0 0
    outer loop
      vertex -14 -24.5034 27
      vertex -14 -23.5097 27.664
      vertex -14 -23.5101 27.6645
    endloop
  endfacet
  facet normal 1 -0 0
    outer loop
      vertex -14 -24.337 25.3112
      vertex -14 -23.2329 24.8538
      vertex -14 -24.2775 25.4775
    endloop
  endfacet
  facet normal 1 0 0
    outer loop
      vertex -14 -24.5034 27
      vertex -14 -23.5101 27.6645
      vertex -14 -23.6848 27.9
    endloop
  endfacet
  facet normal 1 0 0
    outer loop
      vertex -14 -23.2329 24.8538
      vertex -14 -24.337 25.3112
      vertex -14 -23.3583 24.5888
    endloop
  endfacet
  facet normal 1 0 0
    outer loop
      vertex -14 -24.6086 27.1419
      vertex -14 -23.6848 27.9
      vertex -14 -23.8817 28.1173
    endloop
  endfacet
  facet normal 1 -0 0
    outer loop
      vertex -14 -24.4125 25.1515
      vertex -14 -23.3583 24.5888
      vertex -14 -24.337 25.3112
    endloop
  endfacet
  facet normal -1 0 0
    outer loop
      vertex -14 -23.8827 28.1183
      vertex -14 -23.8817 28.1173
      vertex -14 -23.8822 28.1178
    endloop
  endfacet
  facet normal 1 0 -0
    outer loop
      vertex -14 -23.359 24.5876
      vertex -14 -23.3583 24.5888
      vertex -14 -24.4125 25.1515
    endloop
  endfacet
  facet normal 1 0 0
    outer loop
      vertex -14 -23.8817 28.1173
      vertex -14 -23.8827 28.1183
      vertex -14 -24.7272 27.2728
    endloop
  endfacet
  facet normal 1 0 0
    outer loop
      vertex -14 -23.3583 24.5888
      vertex -14 -23.359 24.5876
      vertex -14 -23.3586 24.5881
    endloop
  endfacet
  facet normal 1 0 0
    outer loop
      vertex -14 -24.7272 27.2728
      vertex -14 -23.8827 28.1183
      vertex -14 -24.1 28.3152
    endloop
  endfacet
  facet normal 1 0 0
    outer loop
      vertex -14 -23.359 24.5876
      vertex -14 -24.4125 25.1515
      vertex -14 -23.5097 24.336
    endloop
  endfacet
  facet normal 1 -0 0
    outer loop
      vertex -14 -24.5034 25
      vertex -14 -23.5097 24.336
      vertex -14 -24.4125 25.1515
    endloop
  endfacet
  facet normal 1 0 0
    outer loop
      vertex -14 -23.0193 26.2929
      vertex -14 -24.2087 26.1764
      vertex -14 -24.2 26
    endloop
  endfacet
  facet normal 1 0 0
    outer loop
      vertex -14 -23.0625 26.5843
      vertex -14 -24.2346 26.3512
      vertex -14 -24.2087 26.1764
    endloop
  endfacet
  facet normal 1 0 0
    outer loop
      vertex -14 -23.1339 26.8694
      vertex -14 -24.2775 26.5225
      vertex -14 -24.2346 26.3512
    endloop
  endfacet
  facet normal 1 0 0
    outer loop
      vertex -14 -24.8581 27.3914
      vertex -14 -24.1 28.3152
      vertex -14 -24.3355 28.4899
    endloop
  endfacet
  facet normal 1 0 0
    outer loop
      vertex -14 -25 27.4966
      vertex -14 -24.3355 28.4899
      vertex -14 -24.336 28.4903
    endloop
  endfacet
  facet normal 1 0 0
    outer loop
      vertex -14 -23.2329 27.1462
      vertex -14 -24.337 26.6888
      vertex -14 -24.2775 26.5225
    endloop
  endfacet
  facet normal 1 0 0
    outer loop
      vertex -14 -23.3583 27.4112
      vertex -14 -24.4125 26.8485
      vertex -14 -24.337 26.6888
    endloop
  endfacet
  facet normal 1 0 0
    outer loop
      vertex -14 -23.5097 27.664
      vertex -14 -24.5034 27
      vertex -14 -24.4125 26.8485
    endloop
  endfacet
  facet normal 1 0 0
    outer loop
      vertex -14 -25 27.4966
      vertex -14 -24.336 28.4903
      vertex -14 -24.5876 28.641
    endloop
  endfacet
  facet normal 1 0 0
    outer loop
      vertex -14 -24.5888 28.6417
      vertex -14 -24.5876 28.641
      vertex -14 -24.5881 28.6414
    endloop
  endfacet
  facet normal 1 0 0
    outer loop
      vertex -14 -24.5876 28.641
      vertex -14 -24.5888 28.6417
      vertex -14 -25.1515 27.5875
    endloop
  endfacet
  facet normal 1 0 0
    outer loop
      vertex -14 -23.6848 27.9
      vertex -14 -24.6086 27.1419
      vertex -14 -24.5034 27
    endloop
  endfacet
  facet normal 1 0 0
    outer loop
      vertex -14 -23.8817 28.1173
      vertex -14 -24.7272 27.2728
      vertex -14 -24.6086 27.1419
    endloop
  endfacet
  facet normal 1 0 0
    outer loop
      vertex -14 -25.1515 27.5875
      vertex -14 -24.5888 28.6417
      vertex -14 -24.8538 28.7671
    endloop
  endfacet
  facet normal 1 0 0
    outer loop
      vertex -14 -24.1 28.3152
      vertex -14 -24.8581 27.3914
      vertex -14 -24.7272 27.2728
    endloop
  endfacet
  facet normal 1 0 0
    outer loop
      vertex -14 -24.3355 28.4899
      vertex -14 -25 27.4966
      vertex -14 -24.8581 27.3914
    endloop
  endfacet
  facet normal 1 0 0
    outer loop
      vertex -14 -25.3112 27.663
      vertex -14 -24.8538 28.7671
      vertex -14 -25.1299 28.8658
    endloop
  endfacet
  facet normal 1 0 0
    outer loop
      vertex -14 -25.4775 27.7225
      vertex -14 -25.1299 28.8658
      vertex -14 -25.1306 28.8661
    endloop
  endfacet
  facet normal 1 0 0
    outer loop
      vertex -14 -24.5876 28.641
      vertex -14 -25.1515 27.5875
      vertex -14 -25 27.4966
    endloop
  endfacet
  facet normal 1 0 0
    outer loop
      vertex -14 -24.8538 28.7671
      vertex -14 -25.3112 27.663
      vertex -14 -25.1515 27.5875
    endloop
  endfacet
  facet normal 1 0 0
    outer loop
      vertex -14 -25.4775 27.7225
      vertex -14 -25.1306 28.8661
      vertex -14 -25.415 28.9373
    endloop
  endfacet
  facet normal 1 0 0
    outer loop
      vertex -14 -25.6488 27.7654
      vertex -14 -25.415 28.9373
      vertex -14 -25.4157 28.9375
    endloop
  endfacet
  facet normal 1 0 0
    outer loop
      vertex -14 -25.1299 28.8658
      vertex -14 -25.4775 27.7225
      vertex -14 -25.3112 27.663
    endloop
  endfacet
  facet normal 1 0 0
    outer loop
      vertex -14 -25.415 28.9373
      vertex -14 -25.6488 27.7654
      vertex -14 -25.4775 27.7225
    endloop
  endfacet
  facet normal 1 0 0
    outer loop
      vertex -14 -25.7058 28.9805
      vertex -14 -25.6488 27.7654
      vertex -14 -25.4157 28.9375
    endloop
  endfacet
  facet normal 1 0 0
    outer loop
      vertex -14 -25.7071 28.9807
      vertex -14 -25.7058 28.9805
      vertex -14 -25.7064 28.9806
    endloop
  endfacet
  facet normal 1 0 0
    outer loop
      vertex -14 -25.7058 28.9805
      vertex -14 -25.7071 28.9807
      vertex -14 -25.8236 27.7913
    endloop
  endfacet
  facet normal 1 0 0
    outer loop
      vertex -14 -25.7058 28.9805
      vertex -14 -25.8236 27.7913
      vertex -14 -25.6488 27.7654
    endloop
  endfacet
  facet normal 1 0 0
    outer loop
      vertex -14 -26 28.995
      vertex -14 -25.8236 27.7913
      vertex -14 -25.7071 28.9807
    endloop
  endfacet
  facet normal 1 0 0
    outer loop
      vertex -14 -26 28.995
      vertex -14 -26 27.8
      vertex -14 -25.8236 27.7913
    endloop
  endfacet
  facet normal 1 0 0
    outer loop
      vertex -14 -26 28.995
      vertex -14 -26.1764 27.7913
      vertex -14 -26 27.8
    endloop
  endfacet
  facet normal 1 -0 0
    outer loop
      vertex -14 -26.2929 28.9807
      vertex -14 -26.1764 27.7913
      vertex -14 -26 28.995
    endloop
  endfacet
  facet normal 1 0 0
    outer loop
      vertex -14 -26.2942 28.9805
      vertex -14 -26.2929 28.9807
      vertex -14 -26.2936 28.9806
    endloop
  endfacet
  facet normal 1 0 0
    outer loop
      vertex -14 -26.2929 28.9807
      vertex -14 -26.2942 28.9805
      vertex -14 -26.1764 27.7913
    endloop
  endfacet
  facet normal 1 0 0
    outer loop
      vertex -14 -26.2942 28.9805
      vertex -14 -26.3512 27.7654
      vertex -14 -26.1764 27.7913
    endloop
  endfacet
  facet normal 1 -0 0
    outer loop
      vertex -14 -26.5843 28.9375
      vertex -14 -26.3512 27.7654
      vertex -14 -26.2942 28.9805
    endloop
  endfacet
  facet normal 1 -0 0
    outer loop
      vertex -14 -26.585 28.9373
      vertex -14 -26.3512 27.7654
      vertex -14 -26.5843 28.9375
    endloop
  endfacet
  facet normal 1 0 0
    outer loop
      vertex -14 -26.3512 27.7654
      vertex -14 -26.585 28.9373
      vertex -14 -26.5225 27.7225
    endloop
  endfacet
  facet normal 1 -0 0
    outer loop
      vertex -14 -26.8694 28.8661
      vertex -14 -26.5225 27.7225
      vertex -14 -26.585 28.9373
    endloop
  endfacet
  facet normal 1 -0 0
    outer loop
      vertex -14 -26.8701 28.8658
      vertex -14 -26.5225 27.7225
      vertex -14 -26.8694 28.8661
    endloop
  endfacet
  facet normal 1 0 0
    outer loop
      vertex -14 -26.5225 27.7225
      vertex -14 -26.8701 28.8658
      vertex -14 -26.6888 27.663
    endloop
  endfacet
  facet normal 1 -0 0
    outer loop
      vertex -14 -27.1462 28.7671
      vertex -14 -26.6888 27.663
      vertex -14 -26.8701 28.8658
    endloop
  endfacet
  facet normal 1 0 0
    outer loop
      vertex -14 -26.6888 27.663
      vertex -14 -27.1462 28.7671
      vertex -14 -26.8485 27.5875
    endloop
  endfacet
  facet normal 1 -0 0
    outer loop
      vertex -14 -27.4112 28.6417
      vertex -14 -26.8485 27.5875
      vertex -14 -27.1462 28.7671
    endloop
  endfacet
  facet normal 1 -0 0
    outer loop
      vertex -14 -27.4124 28.641
      vertex -14 -26.8485 27.5875
      vertex -14 -27.4112 28.6417
    endloop
  endfacet
  facet normal 1 0 0
    outer loop
      vertex -14 -26.8485 27.5875
      vertex -14 -27.4124 28.641
      vertex -14 -27 27.4966
    endloop
  endfacet
  facet normal 1 -0 0
    outer loop
      vertex -14 -27.664 28.4903
      vertex -14 -27 27.4966
      vertex -14 -27.4124 28.641
    endloop
  endfacet
  facet normal 1 -0 0
    outer loop
      vertex -14 -27.6645 28.4899
      vertex -14 -27 27.4966
      vertex -14 -27.664 28.4903
    endloop
  endfacet
  facet normal 1 0 0
    outer loop
      vertex -14 -27.4124 28.641
      vertex -14 -27.4112 28.6417
      vertex -14 -27.4119 28.6414
    endloop
  endfacet
  facet normal 1 0 0
    outer loop
      vertex -14 -27 27.4966
      vertex -14 -27.6645 28.4899
      vertex -14 -27.1419 27.3914
    endloop
  endfacet
  facet normal 1 -0 0
    outer loop
      vertex -14 -27.9 28.3152
      vertex -14 -27.1419 27.3914
      vertex -14 -27.6645 28.4899
    endloop
  endfacet
  facet normal 1 0 0
    outer loop
      vertex -14 -27.1419 27.3914
      vertex -14 -27.9 28.3152
      vertex -14 -27.2728 27.2728
    endloop
  endfacet
  facet normal 1 -0 0
    outer loop
      vertex -14 -28.1173 28.1183
      vertex -14 -27.2728 27.2728
      vertex -14 -27.9 28.3152
    endloop
  endfacet
  facet normal 1 -0 0
    outer loop
      vertex -14 -28.1183 28.1173
      vertex -14 -27.2728 27.2728
      vertex -14 -28.1173 28.1183
    endloop
  endfacet
  facet normal 1 0 0
    outer loop
      vertex -14 -27.2728 27.2728
      vertex -14 -28.1183 28.1173
      vertex -14 -27.3914 27.1419
    endloop
  endfacet
  facet normal 1 -0 0
    outer loop
      vertex -14 -28.3152 27.9
      vertex -14 -27.3914 27.1419
      vertex -14 -28.1183 28.1173
    endloop
  endfacet
  facet normal 1 0 0
    outer loop
      vertex -14 -27.3914 27.1419
      vertex -14 -28.3152 27.9
      vertex -14 -27.4966 27
    endloop
  endfacet
  facet normal 1 -0 0
    outer loop
      vertex -14 -28.4899 27.6645
      vertex -14 -27.4966 27
      vertex -14 -28.3152 27.9
    endloop
  endfacet
  facet normal 1 0 0
    outer loop
      vertex -14 -27.4966 27
      vertex -14 -28.4903 27.664
      vertex -14 -27.5875 26.8485
    endloop
  endfacet
  facet normal 1 -0 0
    outer loop
      vertex -14 -28.4903 27.664
      vertex -14 -27.4966 27
      vertex -14 -28.4899 27.6645
    endloop
  endfacet
  facet normal 1 0 0
    outer loop
      vertex -14 -23.5097 24.336
      vertex -14 -24.5034 25
      vertex -14 -23.5101 24.3355
    endloop
  endfacet
  facet normal 1 0 0
    outer loop
      vertex -14 -23.5101 24.3355
      vertex -14 -24.5034 25
      vertex -14 -23.6848 24.1
    endloop
  endfacet
  facet normal 1 -0 0
    outer loop
      vertex -14 -24.6086 24.8581
      vertex -14 -23.6848 24.1
      vertex -14 -24.5034 25
    endloop
  endfacet
  facet normal 1 0 0
    outer loop
      vertex -14 -23.6848 24.1
      vertex -14 -24.6086 24.8581
      vertex -14 -23.8817 23.8827
    endloop
  endfacet
  facet normal 1 -0 0
    outer loop
      vertex -14 -24.7272 24.7272
      vertex -14 -23.8817 23.8827
      vertex -14 -24.6086 24.8581
    endloop
  endfacet
  facet normal 1 0 -0
    outer loop
      vertex -14 -23.8827 23.8817
      vertex -14 -23.8817 23.8827
      vertex -14 -24.7272 24.7272
    endloop
  endfacet
  facet normal -1 0 0
    outer loop
      vertex -14 -23.8817 23.8827
      vertex -14 -23.8827 23.8817
      vertex -14 -23.8822 23.8822
    endloop
  endfacet
  facet normal 1 0 0
    outer loop
      vertex -14 -23.8827 23.8817
      vertex -14 -24.7272 24.7272
      vertex -14 -24.1 23.6848
    endloop
  endfacet
  facet normal 1 -0 0
    outer loop
      vertex -14 -24.8581 24.6086
      vertex -14 -24.1 23.6848
      vertex -14 -24.7272 24.7272
    endloop
  endfacet
  facet normal 1 0 0
    outer loop
      vertex -14 -24.1 23.6848
      vertex -14 -24.8581 24.6086
      vertex -14 -24.3355 23.5101
    endloop
  endfacet
  facet normal 1 -0 0
    outer loop
      vertex -14 -25 24.5034
      vertex -14 -24.3355 23.5101
      vertex -14 -24.8581 24.6086
    endloop
  endfacet
  facet normal 1 0 0
    outer loop
      vertex -14 -24.3355 23.5101
      vertex -14 -25 24.5034
      vertex -14 -24.336 23.5097
    endloop
  endfacet
  facet normal 1 0 0
    outer loop
      vertex -14 -24.336 23.5097
      vertex -14 -25 24.5034
      vertex -14 -24.5876 23.359
    endloop
  endfacet
  facet normal 1 -0 0
    outer loop
      vertex -14 -25.1515 24.4125
      vertex -14 -24.5876 23.359
      vertex -14 -25 24.5034
    endloop
  endfacet
  facet normal 1 0 -0
    outer loop
      vertex -14 -24.5888 23.3583
      vertex -14 -24.5876 23.359
      vertex -14 -25.1515 24.4125
    endloop
  endfacet
  facet normal 1 0 0
    outer loop
      vertex -14 -24.5876 23.359
      vertex -14 -24.5888 23.3583
      vertex -14 -24.5881 23.3586
    endloop
  endfacet
  facet normal 1 0 0
    outer loop
      vertex -14 -24.5888 23.3583
      vertex -14 -25.1515 24.4125
      vertex -14 -24.8538 23.2329
    endloop
  endfacet
  facet normal 1 -0 0
    outer loop
      vertex -14 -25.3112 24.337
      vertex -14 -24.8538 23.2329
      vertex -14 -25.1515 24.4125
    endloop
  endfacet
  facet normal 1 0 0
    outer loop
      vertex -14 -24.8538 23.2329
      vertex -14 -25.3112 24.337
      vertex -14 -25.1299 23.1342
    endloop
  endfacet
  facet normal 1 -0 0
    outer loop
      vertex -14 -25.4775 24.2775
      vertex -14 -25.1299 23.1342
      vertex -14 -25.3112 24.337
    endloop
  endfacet
  facet normal 1 0 0
    outer loop
      vertex -14 -25.1299 23.1342
      vertex -14 -25.4775 24.2775
      vertex -14 -25.1306 23.1339
    endloop
  endfacet
  facet normal 1 0 0
    outer loop
      vertex -14 -25.1306 23.1339
      vertex -14 -25.4775 24.2775
      vertex -14 -25.415 23.0627
    endloop
  endfacet
  facet normal 1 -0 0
    outer loop
      vertex -14 -25.6488 24.2346
      vertex -14 -25.415 23.0627
      vertex -14 -25.4775 24.2775
    endloop
  endfacet
  facet normal 1 0 0
    outer loop
      vertex -14 -25.415 23.0627
      vertex -14 -25.6488 24.2346
      vertex -14 -25.4157 23.0625
    endloop
  endfacet
  facet normal 1 0 0
    outer loop
      vertex -14 -25.6488 24.2346
      vertex -14 -25.7058 23.0195
      vertex -14 -25.4157 23.0625
    endloop
  endfacet
  facet normal 1 -0 0
    outer loop
      vertex -14 -25.8236 24.2087
      vertex -14 -25.7058 23.0195
      vertex -14 -25.6488 24.2346
    endloop
  endfacet
  facet normal 1 0 -0
    outer loop
      vertex -14 -25.7071 23.0193
      vertex -14 -25.7058 23.0195
      vertex -14 -25.8236 24.2087
    endloop
  endfacet
  facet normal 1 0 0
    outer loop
      vertex -14 -25.7058 23.0195
      vertex -14 -25.7071 23.0193
      vertex -14 -25.7064 23.0194
    endloop
  endfacet
  facet normal 1 -0 0
    outer loop
      vertex -14 -26 24.2
      vertex -14 -25.7071 23.0193
      vertex -14 -25.8236 24.2087
    endloop
  endfacet
  facet normal 1 0 0
    outer loop
      vertex -14 -26 24.2
      vertex -14 -26 23.005
      vertex -14 -25.7071 23.0193
    endloop
  endfacet
  facet normal 1 0 0
    outer loop
      vertex -14 -26.1764 24.2087
      vertex -14 -26 23.005
      vertex -14 -26 24.2
    endloop
  endfacet
  facet normal 1 0 0
    outer loop
      vertex -14 -26.1764 24.2087
      vertex -14 -26.2929 23.0193
      vertex -14 -26 23.005
    endloop
  endfacet
  facet normal 1 -0 0
    outer loop
      vertex -14 -26.2942 23.0195
      vertex -14 -26.2929 23.0193
      vertex -14 -26.1764 24.2087
    endloop
  endfacet
  facet normal 1 0 0
    outer loop
      vertex -14 -26.2929 23.0193
      vertex -14 -26.2942 23.0195
      vertex -14 -26.2936 23.0194
    endloop
  endfacet
  facet normal 1 0 0
    outer loop
      vertex -14 -26.3512 24.2346
      vertex -14 -26.2942 23.0195
      vertex -14 -26.1764 24.2087
    endloop
  endfacet
  facet normal 1 0 0
    outer loop
      vertex -14 -26.585 23.0627
      vertex -14 -26.3512 24.2346
      vertex -14 -26.5225 24.2775
    endloop
  endfacet
  facet normal 1 0 0
    outer loop
      vertex -14 -26.3512 24.2346
      vertex -14 -26.5843 23.0625
      vertex -14 -26.2942 23.0195
    endloop
  endfacet
  facet normal 1 0 0
    outer loop
      vertex -14 -26.3512 24.2346
      vertex -14 -26.585 23.0627
      vertex -14 -26.5843 23.0625
    endloop
  endfacet
  facet normal 1 0 0
    outer loop
      vertex -14 -26.8701 23.1342
      vertex -14 -26.5225 24.2775
      vertex -14 -26.6888 24.337
    endloop
  endfacet
  facet normal 1 0 0
    outer loop
      vertex -14 -27.1462 23.2329
      vertex -14 -26.6888 24.337
      vertex -14 -26.8485 24.4125
    endloop
  endfacet
  facet normal 1 0 0
    outer loop
      vertex -14 -26.5225 24.2775
      vertex -14 -26.8694 23.1339
      vertex -14 -26.585 23.0627
    endloop
  endfacet
  facet normal 1 0 0
    outer loop
      vertex -14 -26.5225 24.2775
      vertex -14 -26.8701 23.1342
      vertex -14 -26.8694 23.1339
    endloop
  endfacet
  facet normal 1 0 0
    outer loop
      vertex -14 -27.4124 23.359
      vertex -14 -26.8485 24.4125
      vertex -14 -27 24.5034
    endloop
  endfacet
  facet normal 1 0 0
    outer loop
      vertex -14 -27.6645 23.5101
      vertex -14 -27 24.5034
      vertex -14 -27.1419 24.6086
    endloop
  endfacet
  facet normal 1 0 0
    outer loop
      vertex -14 -26.6888 24.337
      vertex -14 -27.1462 23.2329
      vertex -14 -26.8701 23.1342
    endloop
  endfacet
  facet normal 1 0 0
    outer loop
      vertex -14 -27.9 23.6848
      vertex -14 -27.1419 24.6086
      vertex -14 -27.2728 24.7272
    endloop
  endfacet
  facet normal 1 0 0
    outer loop
      vertex -14 -28.1183 23.8827
      vertex -14 -27.2728 24.7272
      vertex -14 -27.3914 24.8581
    endloop
  endfacet
  facet normal 1 0 0
    outer loop
      vertex -14 -26.8485 24.4125
      vertex -14 -27.4112 23.3583
      vertex -14 -27.1462 23.2329
    endloop
  endfacet
  facet normal 1 0 0
    outer loop
      vertex -14 -26.8485 24.4125
      vertex -14 -27.4124 23.359
      vertex -14 -27.4112 23.3583
    endloop
  endfacet
  facet normal 1 0 0
    outer loop
      vertex -14 -27.4112 23.3583
      vertex -14 -27.4124 23.359
      vertex -14 -27.4119 23.3586
    endloop
  endfacet
  facet normal 1 0 0
    outer loop
      vertex -14 -28.3152 24.1
      vertex -14 -27.3914 24.8581
      vertex -14 -27.4966 25
    endloop
  endfacet
  facet normal 1 0 0
    outer loop
      vertex -14 -28.4903 24.336
      vertex -14 -27.4966 25
      vertex -14 -27.5875 25.1515
    endloop
  endfacet
  facet normal 1 0 0
    outer loop
      vertex -14 -28.6417 24.5888
      vertex -14 -27.5875 25.1515
      vertex -14 -27.663 25.3112
    endloop
  endfacet
  facet normal 1 0 0
    outer loop
      vertex -14 -27 24.5034
      vertex -14 -27.664 23.5097
      vertex -14 -27.4124 23.359
    endloop
  endfacet
  facet normal 1 0 0
    outer loop
      vertex -14 -27 24.5034
      vertex -14 -27.6645 23.5101
      vertex -14 -27.664 23.5097
    endloop
  endfacet
  facet normal 1 0 0
    outer loop
      vertex -14 -28.7671 24.8538
      vertex -14 -27.663 25.3112
      vertex -14 -27.7225 25.4775
    endloop
  endfacet
  facet normal 1 0 0
    outer loop
      vertex -14 -28.8661 25.1306
      vertex -14 -27.7225 25.4775
      vertex -14 -27.7654 25.6488
    endloop
  endfacet
  facet normal 1 0 0
    outer loop
      vertex -14 -28.9375 25.4157
      vertex -14 -27.7654 25.6488
      vertex -14 -27.7913 25.8236
    endloop
  endfacet
  facet normal 1 0 0
    outer loop
      vertex -14 -27.1419 24.6086
      vertex -14 -27.9 23.6848
      vertex -14 -27.6645 23.5101
    endloop
  endfacet
  facet normal 1 0 0
    outer loop
      vertex -14 -28.9807 25.7071
      vertex -14 -27.7913 25.8236
      vertex -14 -27.8 26
    endloop
  endfacet
  facet normal 1 -0 0
    outer loop
      vertex -14 -28.641 27.4124
      vertex -14 -27.5875 26.8485
      vertex -14 -28.4903 27.664
    endloop
  endfacet
  facet normal 1 -0 0
    outer loop
      vertex -14 -28.6417 27.4112
      vertex -14 -27.5875 26.8485
      vertex -14 -28.641 27.4124
    endloop
  endfacet
  facet normal 1 0 0
    outer loop
      vertex -14 -27.2728 24.7272
      vertex -14 -28.1173 23.8817
      vertex -14 -27.9 23.6848
    endloop
  endfacet
  facet normal -1 0 0
    outer loop
      vertex -14 -28.1183 28.1173
      vertex -14 -28.1173 28.1183
      vertex -14 -28.1178 28.1178
    endloop
  endfacet
  facet normal 1 0 0
    outer loop
      vertex -14 -27.5875 26.8485
      vertex -14 -28.6417 27.4112
      vertex -14 -27.663 26.6888
    endloop
  endfacet
  facet normal 1 0 0
    outer loop
      vertex -14 -27.2728 24.7272
      vertex -14 -28.1183 23.8827
      vertex -14 -28.1173 23.8817
    endloop
  endfacet
  facet normal -1 0 0
    outer loop
      vertex -14 -28.1173 23.8817
      vertex -14 -28.1183 23.8827
      vertex -14 -28.1178 23.8822
    endloop
  endfacet
  facet normal 1 -0 0
    outer loop
      vertex -14 -28.7671 27.1462
      vertex -14 -27.663 26.6888
      vertex -14 -28.6417 27.4112
    endloop
  endfacet
  facet normal 1 0 0
    outer loop
      vertex -14 -27.3914 24.8581
      vertex -14 -28.3152 24.1
      vertex -14 -28.1183 23.8827
    endloop
  endfacet
  facet normal 1 0 0
    outer loop
      vertex -14 -27.663 26.6888
      vertex -14 -28.7671 27.1462
      vertex -14 -27.7225 26.5225
    endloop
  endfacet
  facet normal 1 0 0
    outer loop
      vertex -14 -27.4966 25
      vertex -14 -28.4899 24.3355
      vertex -14 -28.3152 24.1
    endloop
  endfacet
  facet normal 1 -0 0
    outer loop
      vertex -14 -28.8658 26.8701
      vertex -14 -27.7225 26.5225
      vertex -14 -28.7671 27.1462
    endloop
  endfacet
  facet normal 1 -0 0
    outer loop
      vertex -14 -28.8661 26.8694
      vertex -14 -27.7225 26.5225
      vertex -14 -28.8658 26.8701
    endloop
  endfacet
  facet normal 1 0 0
    outer loop
      vertex -14 -27.5875 25.1515
      vertex -14 -28.641 24.5876
      vertex -14 -28.4903 24.336
    endloop
  endfacet
  facet normal 1 0 0
    outer loop
      vertex -14 -27.4966 25
      vertex -14 -28.4903 24.336
      vertex -14 -28.4899 24.3355
    endloop
  endfacet
  facet normal 1 0 0
    outer loop
      vertex -14 -28.6417 27.4112
      vertex -14 -28.641 27.4124
      vertex -14 -28.6414 27.4119
    endloop
  endfacet
  facet normal 1 0 0
    outer loop
      vertex -14 -27.7225 26.5225
      vertex -14 -28.8661 26.8694
      vertex -14 -27.7654 26.3512
    endloop
  endfacet
  facet normal 1 0 0
    outer loop
      vertex -14 -27.5875 25.1515
      vertex -14 -28.6417 24.5888
      vertex -14 -28.641 24.5876
    endloop
  endfacet
  facet normal 1 0 0
    outer loop
      vertex -14 -28.641 24.5876
      vertex -14 -28.6417 24.5888
      vertex -14 -28.6414 24.5881
    endloop
  endfacet
  facet normal 1 -0 0
    outer loop
      vertex -14 -28.9373 26.585
      vertex -14 -27.7654 26.3512
      vertex -14 -28.8661 26.8694
    endloop
  endfacet
  facet normal 1 0 0
    outer loop
      vertex -14 -27.663 25.3112
      vertex -14 -28.7671 24.8538
      vertex -14 -28.6417 24.5888
    endloop
  endfacet
  facet normal 1 -0 0
    outer loop
      vertex -14 -28.9375 26.5843
      vertex -14 -27.7654 26.3512
      vertex -14 -28.9373 26.585
    endloop
  endfacet
  facet normal 1 0 0
    outer loop
      vertex -14 -27.7225 25.4775
      vertex -14 -28.8658 25.1299
      vertex -14 -28.7671 24.8538
    endloop
  endfacet
  facet normal 1 0 0
    outer loop
      vertex -14 -27.7654 26.3512
      vertex -14 -28.9375 26.5843
      vertex -14 -27.7913 26.1764
    endloop
  endfacet
  facet normal 1 -0 0
    outer loop
      vertex -14 -28.9805 26.2942
      vertex -14 -27.7913 26.1764
      vertex -14 -28.9375 26.5843
    endloop
  endfacet
  facet normal 1 0 0
    outer loop
      vertex -14 -27.7654 25.6488
      vertex -14 -28.9373 25.415
      vertex -14 -28.8661 25.1306
    endloop
  endfacet
  facet normal 1 0 0
    outer loop
      vertex -14 -27.7225 25.4775
      vertex -14 -28.8661 25.1306
      vertex -14 -28.8658 25.1299
    endloop
  endfacet
  facet normal 1 -0 0
    outer loop
      vertex -14 -28.9807 26.2929
      vertex -14 -27.7913 26.1764
      vertex -14 -28.9805 26.2942
    endloop
  endfacet
  facet normal 1 0 0
    outer loop
      vertex -14 -27.7913 26.1764
      vertex -14 -28.9807 26.2929
      vertex -14 -27.8 26
    endloop
  endfacet
  facet normal 1 0 0
    outer loop
      vertex -14 -27.7913 25.8236
      vertex -14 -28.9805 25.7058
      vertex -14 -28.9375 25.4157
    endloop
  endfacet
  facet normal 1 0 0
    outer loop
      vertex -14 -27.7654 25.6488
      vertex -14 -28.9375 25.4157
      vertex -14 -28.9373 25.415
    endloop
  endfacet
  facet normal 1 0 0
    outer loop
      vertex -14 -28.9807 26.2929
      vertex -14 -28.9805 26.2942
      vertex -14 -28.9806 26.2936
    endloop
  endfacet
  facet normal 1 0 0
    outer loop
      vertex -14 -28.995 26
      vertex -14 -27.8 26
      vertex -14 -28.9807 26.2929
    endloop
  endfacet
  facet normal 1 0 0
    outer loop
      vertex -14 -27.7913 25.8236
      vertex -14 -28.9807 25.7071
      vertex -14 -28.9805 25.7058
    endloop
  endfacet
  facet normal 1 0 0
    outer loop
      vertex -14 -28.9805 25.7058
      vertex -14 -28.9807 25.7071
      vertex -14 -28.9806 25.7064
    endloop
  endfacet
  facet normal 1 0 0
    outer loop
      vertex -14 -27.8 26
      vertex -14 -28.995 26
      vertex -14 -28.9807 25.7071
    endloop
  endfacet
  facet normal 1 0 0
    outer loop
      vertex -14 27.8 -26
      vertex -14 28.995 -26
      vertex -14 28.9807 -25.7071
    endloop
  endfacet
  facet normal 1 0 0
    outer loop
      vertex -14 28.9805 -25.7058
      vertex -14 28.9807 -25.7071
      vertex -14 28.9806 -25.7064
    endloop
  endfacet
  facet normal 1 0 0
    outer loop
      vertex -14 28.995 -26
      vertex -14 27.8 -26
      vertex -14 28.9807 -26.2929
    endloop
  endfacet
  facet normal 1 0 0
    outer loop
      vertex -14 28.9807 -25.7071
      vertex -14 28.9805 -25.7058
      vertex -14 27.7913 -25.8236
    endloop
  endfacet
  facet normal 1 -0 0
    outer loop
      vertex -14 27.7913 -26.1764
      vertex -14 28.9807 -26.2929
      vertex -14 27.8 -26
    endloop
  endfacet
  facet normal 1 0 0
    outer loop
      vertex -14 27.7913 -25.8236
      vertex -14 28.9805 -25.7058
      vertex -14 28.9375 -25.4157
    endloop
  endfacet
  facet normal 1 0 -0
    outer loop
      vertex -14 28.9805 -26.2942
      vertex -14 28.9807 -26.2929
      vertex -14 27.7913 -26.1764
    endloop
  endfacet
  facet normal 1 0 0
    outer loop
      vertex -14 27.7654 -25.6488
      vertex -14 28.9375 -25.4157
      vertex -14 28.9373 -25.415
    endloop
  endfacet
  facet normal 1 0 0
    outer loop
      vertex -14 28.9807 -26.2929
      vertex -14 28.9805 -26.2942
      vertex -14 28.9806 -26.2936
    endloop
  endfacet
  facet normal 1 0 0
    outer loop
      vertex -14 27.7654 -25.6488
      vertex -14 28.9373 -25.415
      vertex -14 28.8661 -25.1306
    endloop
  endfacet
  facet normal 1 0 0
    outer loop
      vertex -14 28.9805 -26.2942
      vertex -14 27.7913 -26.1764
      vertex -14 28.9375 -26.5843
    endloop
  endfacet
  facet normal 1 0 0
    outer loop
      vertex -14 27.7225 -25.4775
      vertex -14 28.8661 -25.1306
      vertex -14 28.8658 -25.1299
    endloop
  endfacet
  facet normal 1 -0 0
    outer loop
      vertex -14 27.7654 -26.3512
      vertex -14 28.9375 -26.5843
      vertex -14 27.7913 -26.1764
    endloop
  endfacet
  facet normal 1 0 0
    outer loop
      vertex -14 27.7225 -25.4775
      vertex -14 28.8658 -25.1299
      vertex -14 28.7671 -24.8538
    endloop
  endfacet
  facet normal 1 0 0
    outer loop
      vertex -14 28.9375 -26.5843
      vertex -14 27.7654 -26.3512
      vertex -14 28.9373 -26.585
    endloop
  endfacet
  facet normal 1 0 0
    outer loop
      vertex -14 27.663 -25.3112
      vertex -14 28.7671 -24.8538
      vertex -14 28.6417 -24.5888
    endloop
  endfacet
  facet normal 1 0 0
    outer loop
      vertex -14 28.9373 -26.585
      vertex -14 27.7654 -26.3512
      vertex -14 28.8661 -26.8694
    endloop
  endfacet
  facet normal 1 0 0
    outer loop
      vertex -14 28.641 -24.5876
      vertex -14 28.6417 -24.5888
      vertex -14 28.6414 -24.5881
    endloop
  endfacet
  facet normal 1 -0 0
    outer loop
      vertex -14 27.7225 -26.5225
      vertex -14 28.8661 -26.8694
      vertex -14 27.7654 -26.3512
    endloop
  endfacet
  facet normal 1 0 0
    outer loop
      vertex -14 28.6417 -24.5888
      vertex -14 28.641 -24.5876
      vertex -14 27.5875 -25.1515
    endloop
  endfacet
  facet normal 1 0 0
    outer loop
      vertex -14 28.8661 -26.8694
      vertex -14 27.7225 -26.5225
      vertex -14 28.8658 -26.8701
    endloop
  endfacet
  facet normal 1 0 0
    outer loop
      vertex -14 27.5875 -25.1515
      vertex -14 28.641 -24.5876
      vertex -14 28.4903 -24.336
    endloop
  endfacet
  facet normal 1 0 0
    outer loop
      vertex -14 28.8658 -26.8701
      vertex -14 27.7225 -26.5225
      vertex -14 28.7671 -27.1462
    endloop
  endfacet
  facet normal 1 0 0
    outer loop
      vertex -14 27.4966 -25
      vertex -14 28.4903 -24.336
      vertex -14 28.4899 -24.3355
    endloop
  endfacet
  facet normal 1 -0 0
    outer loop
      vertex -14 27.663 -26.6888
      vertex -14 28.7671 -27.1462
      vertex -14 27.7225 -26.5225
    endloop
  endfacet
  facet normal 1 0 0
    outer loop
      vertex -14 27.4966 -25
      vertex -14 28.4899 -24.3355
      vertex -14 28.3152 -24.1
    endloop
  endfacet
  facet normal 1 0 0
    outer loop
      vertex -14 28.7671 -27.1462
      vertex -14 27.663 -26.6888
      vertex -14 28.6417 -27.4112
    endloop
  endfacet
  facet normal 1 0 0
    outer loop
      vertex -14 27.3914 -24.8581
      vertex -14 28.3152 -24.1
      vertex -14 28.1183 -23.8827
    endloop
  endfacet
  facet normal 1 -0 0
    outer loop
      vertex -14 27.5875 -26.8485
      vertex -14 28.6417 -27.4112
      vertex -14 27.663 -26.6888
    endloop
  endfacet
  facet normal -1 0 0
    outer loop
      vertex -14 28.1173 -23.8817
      vertex -14 28.1183 -23.8827
      vertex -14 28.1178 -23.8822
    endloop
  endfacet
  facet normal 1 0 -0
    outer loop
      vertex -14 28.641 -27.4124
      vertex -14 28.6417 -27.4112
      vertex -14 27.5875 -26.8485
    endloop
  endfacet
  facet normal 1 0 0
    outer loop
      vertex -14 28.1183 -23.8827
      vertex -14 28.1173 -23.8817
      vertex -14 27.2728 -24.7272
    endloop
  endfacet
  facet normal 1 0 0
    outer loop
      vertex -14 28.6417 -27.4112
      vertex -14 28.641 -27.4124
      vertex -14 28.6414 -27.4119
    endloop
  endfacet
  facet normal 1 0 0
    outer loop
      vertex -14 27.2728 -24.7272
      vertex -14 28.1173 -23.8817
      vertex -14 27.9 -23.6848
    endloop
  endfacet
  facet normal 1 0 0
    outer loop
      vertex -14 28.641 -27.4124
      vertex -14 27.5875 -26.8485
      vertex -14 28.4903 -27.664
    endloop
  endfacet
  facet normal 1 -0 0
    outer loop
      vertex -14 27.4966 -27
      vertex -14 28.4903 -27.664
      vertex -14 27.5875 -26.8485
    endloop
  endfacet
  facet normal 1 0 0
    outer loop
      vertex -14 28.9807 -25.7071
      vertex -14 27.7913 -25.8236
      vertex -14 27.8 -26
    endloop
  endfacet
  facet normal 1 0 0
    outer loop
      vertex -14 28.9375 -25.4157
      vertex -14 27.7654 -25.6488
      vertex -14 27.7913 -25.8236
    endloop
  endfacet
  facet normal 1 0 0
    outer loop
      vertex -14 28.8661 -25.1306
      vertex -14 27.7225 -25.4775
      vertex -14 27.7654 -25.6488
    endloop
  endfacet
  facet normal 1 0 0
    outer loop
      vertex -14 27.1419 -24.6086
      vertex -14 27.9 -23.6848
      vertex -14 27.6645 -23.5101
    endloop
  endfacet
  facet normal 1 0 0
    outer loop
      vertex -14 27 -24.5034
      vertex -14 27.6645 -23.5101
      vertex -14 27.664 -23.5097
    endloop
  endfacet
  facet normal 1 0 0
    outer loop
      vertex -14 28.7671 -24.8538
      vertex -14 27.663 -25.3112
      vertex -14 27.7225 -25.4775
    endloop
  endfacet
  facet normal 1 0 0
    outer loop
      vertex -14 28.6417 -24.5888
      vertex -14 27.5875 -25.1515
      vertex -14 27.663 -25.3112
    endloop
  endfacet
  facet normal 1 0 0
    outer loop
      vertex -14 28.4903 -24.336
      vertex -14 27.4966 -25
      vertex -14 27.5875 -25.1515
    endloop
  endfacet
  facet normal 1 0 0
    outer loop
      vertex -14 27 -24.5034
      vertex -14 27.664 -23.5097
      vertex -14 27.4124 -23.359
    endloop
  endfacet
  facet normal 1 0 0
    outer loop
      vertex -14 27.4112 -23.3583
      vertex -14 27.4124 -23.359
      vertex -14 27.4119 -23.3586
    endloop
  endfacet
  facet normal 1 0 0
    outer loop
      vertex -14 27.4124 -23.359
      vertex -14 27.4112 -23.3583
      vertex -14 26.8485 -24.4125
    endloop
  endfacet
  facet normal 1 0 0
    outer loop
      vertex -14 28.3152 -24.1
      vertex -14 27.3914 -24.8581
      vertex -14 27.4966 -25
    endloop
  endfacet
  facet normal 1 0 0
    outer loop
      vertex -14 28.1183 -23.8827
      vertex -14 27.2728 -24.7272
      vertex -14 27.3914 -24.8581
    endloop
  endfacet
  facet normal 1 0 0
    outer loop
      vertex -14 26.8485 -24.4125
      vertex -14 27.4112 -23.3583
      vertex -14 27.1462 -23.2329
    endloop
  endfacet
  facet normal 1 0 0
    outer loop
      vertex -14 27.9 -23.6848
      vertex -14 27.1419 -24.6086
      vertex -14 27.2728 -24.7272
    endloop
  endfacet
  facet normal 1 0 0
    outer loop
      vertex -14 27.6645 -23.5101
      vertex -14 27 -24.5034
      vertex -14 27.1419 -24.6086
    endloop
  endfacet
  facet normal 1 0 0
    outer loop
      vertex -14 26.6888 -24.337
      vertex -14 27.1462 -23.2329
      vertex -14 26.8701 -23.1342
    endloop
  endfacet
  facet normal 1 0 0
    outer loop
      vertex -14 26.5225 -24.2775
      vertex -14 26.8701 -23.1342
      vertex -14 26.8694 -23.1339
    endloop
  endfacet
  facet normal 1 0 0
    outer loop
      vertex -14 27.4124 -23.359
      vertex -14 26.8485 -24.4125
      vertex -14 27 -24.5034
    endloop
  endfacet
  facet normal 1 0 0
    outer loop
      vertex -14 27.1462 -23.2329
      vertex -14 26.6888 -24.337
      vertex -14 26.8485 -24.4125
    endloop
  endfacet
  facet normal 1 0 0
    outer loop
      vertex -14 26.5225 -24.2775
      vertex -14 26.8694 -23.1339
      vertex -14 26.585 -23.0627
    endloop
  endfacet
  facet normal 1 0 0
    outer loop
      vertex -14 26.3512 -24.2346
      vertex -14 26.585 -23.0627
      vertex -14 26.5843 -23.0625
    endloop
  endfacet
  facet normal 1 0 0
    outer loop
      vertex -14 26.8701 -23.1342
      vertex -14 26.5225 -24.2775
      vertex -14 26.6888 -24.337
    endloop
  endfacet
  facet normal 1 0 0
    outer loop
      vertex -14 26.585 -23.0627
      vertex -14 26.3512 -24.2346
      vertex -14 26.5225 -24.2775
    endloop
  endfacet
  facet normal 1 0 0
    outer loop
      vertex -14 26.2942 -23.0195
      vertex -14 26.3512 -24.2346
      vertex -14 26.5843 -23.0625
    endloop
  endfacet
  facet normal 1 0 0
    outer loop
      vertex -14 26.2929 -23.0193
      vertex -14 26.2942 -23.0195
      vertex -14 26.2936 -23.0194
    endloop
  endfacet
  facet normal 1 0 0
    outer loop
      vertex -14 26.2942 -23.0195
      vertex -14 26.2929 -23.0193
      vertex -14 26.1764 -24.2087
    endloop
  endfacet
  facet normal 1 0 0
    outer loop
      vertex -14 26.2942 -23.0195
      vertex -14 26.1764 -24.2087
      vertex -14 26.3512 -24.2346
    endloop
  endfacet
  facet normal 1 0 0
    outer loop
      vertex -14 26 -23.005
      vertex -14 26.1764 -24.2087
      vertex -14 26.2929 -23.0193
    endloop
  endfacet
  facet normal 1 0 0
    outer loop
      vertex -14 26 -23.005
      vertex -14 26 -24.2
      vertex -14 26.1764 -24.2087
    endloop
  endfacet
  facet normal 1 0 0
    outer loop
      vertex -14 26 -23.005
      vertex -14 25.8236 -24.2087
      vertex -14 26 -24.2
    endloop
  endfacet
  facet normal 1 -0 0
    outer loop
      vertex -14 25.7071 -23.0193
      vertex -14 25.8236 -24.2087
      vertex -14 26 -23.005
    endloop
  endfacet
  facet normal 1 0 0
    outer loop
      vertex -14 25.7058 -23.0195
      vertex -14 25.7071 -23.0193
      vertex -14 25.7064 -23.0194
    endloop
  endfacet
  facet normal 1 0 0
    outer loop
      vertex -14 25.7071 -23.0193
      vertex -14 25.7058 -23.0195
      vertex -14 25.8236 -24.2087
    endloop
  endfacet
  facet normal 1 0 0
    outer loop
      vertex -14 25.7058 -23.0195
      vertex -14 25.6488 -24.2346
      vertex -14 25.8236 -24.2087
    endloop
  endfacet
  facet normal 1 -0 0
    outer loop
      vertex -14 25.4157 -23.0625
      vertex -14 25.6488 -24.2346
      vertex -14 25.7058 -23.0195
    endloop
  endfacet
  facet normal 1 -0 0
    outer loop
      vertex -14 25.415 -23.0627
      vertex -14 25.6488 -24.2346
      vertex -14 25.4157 -23.0625
    endloop
  endfacet
  facet normal 1 0 0
    outer loop
      vertex -14 25.6488 -24.2346
      vertex -14 25.415 -23.0627
      vertex -14 25.4775 -24.2775
    endloop
  endfacet
  facet normal 1 -0 0
    outer loop
      vertex -14 25.1306 -23.1339
      vertex -14 25.4775 -24.2775
      vertex -14 25.415 -23.0627
    endloop
  endfacet
  facet normal 1 -0 0
    outer loop
      vertex -14 25.1299 -23.1342
      vertex -14 25.4775 -24.2775
      vertex -14 25.1306 -23.1339
    endloop
  endfacet
  facet normal 1 0 0
    outer loop
      vertex -14 25.4775 -24.2775
      vertex -14 25.1299 -23.1342
      vertex -14 25.3112 -24.337
    endloop
  endfacet
  facet normal 1 -0 0
    outer loop
      vertex -14 24.8538 -23.2329
      vertex -14 25.3112 -24.337
      vertex -14 25.1299 -23.1342
    endloop
  endfacet
  facet normal 1 0 0
    outer loop
      vertex -14 25.3112 -24.337
      vertex -14 24.8538 -23.2329
      vertex -14 25.1515 -24.4125
    endloop
  endfacet
  facet normal 1 -0 0
    outer loop
      vertex -14 24.5888 -23.3583
      vertex -14 25.1515 -24.4125
      vertex -14 24.8538 -23.2329
    endloop
  endfacet
  facet normal 1 -0 0
    outer loop
      vertex -14 24.5876 -23.359
      vertex -14 25.1515 -24.4125
      vertex -14 24.5888 -23.3583
    endloop
  endfacet
  facet normal 1 0 0
    outer loop
      vertex -14 25.1515 -24.4125
      vertex -14 24.5876 -23.359
      vertex -14 25 -24.5034
    endloop
  endfacet
  facet normal 1 -0 0
    outer loop
      vertex -14 24.336 -23.5097
      vertex -14 25 -24.5034
      vertex -14 24.5876 -23.359
    endloop
  endfacet
  facet normal 1 -0 0
    outer loop
      vertex -14 24.3355 -23.5101
      vertex -14 25 -24.5034
      vertex -14 24.336 -23.5097
    endloop
  endfacet
  facet normal 1 0 0
    outer loop
      vertex -14 24.5876 -23.359
      vertex -14 24.5888 -23.3583
      vertex -14 24.5881 -23.3586
    endloop
  endfacet
  facet normal 1 0 0
    outer loop
      vertex -14 25 -24.5034
      vertex -14 24.3355 -23.5101
      vertex -14 24.8581 -24.6086
    endloop
  endfacet
  facet normal 1 -0 0
    outer loop
      vertex -14 24.1 -23.6848
      vertex -14 24.8581 -24.6086
      vertex -14 24.3355 -23.5101
    endloop
  endfacet
  facet normal 1 0 0
    outer loop
      vertex -14 24.8581 -24.6086
      vertex -14 24.1 -23.6848
      vertex -14 24.7272 -24.7272
    endloop
  endfacet
  facet normal 1 -0 0
    outer loop
      vertex -14 23.8827 -23.8817
      vertex -14 24.7272 -24.7272
      vertex -14 24.1 -23.6848
    endloop
  endfacet
  facet normal 1 -0 0
    outer loop
      vertex -14 23.8817 -23.8827
      vertex -14 24.7272 -24.7272
      vertex -14 23.8827 -23.8817
    endloop
  endfacet
  facet normal 1 0 0
    outer loop
      vertex -14 24.7272 -24.7272
      vertex -14 23.8817 -23.8827
      vertex -14 24.6086 -24.8581
    endloop
  endfacet
  facet normal 1 -0 0
    outer loop
      vertex -14 23.6848 -24.1
      vertex -14 24.6086 -24.8581
      vertex -14 23.8817 -23.8827
    endloop
  endfacet
  facet normal 1 0 0
    outer loop
      vertex -14 24.6086 -24.8581
      vertex -14 23.6848 -24.1
      vertex -14 24.5034 -25
    endloop
  endfacet
  facet normal 1 -0 0
    outer loop
      vertex -14 23.5101 -24.3355
      vertex -14 24.5034 -25
      vertex -14 23.6848 -24.1
    endloop
  endfacet
  facet normal 1 0 0
    outer loop
      vertex -14 24.5034 -25
      vertex -14 23.5097 -24.336
      vertex -14 24.4125 -25.1515
    endloop
  endfacet
  facet normal 1 -0 0
    outer loop
      vertex -14 23.5097 -24.336
      vertex -14 24.5034 -25
      vertex -14 23.5101 -24.3355
    endloop
  endfacet
  facet normal 1 0 0
    outer loop
      vertex -14 28.4903 -27.664
      vertex -14 27.4966 -27
      vertex -14 28.4899 -27.6645
    endloop
  endfacet
  facet normal 1 0 0
    outer loop
      vertex -14 28.4899 -27.6645
      vertex -14 27.4966 -27
      vertex -14 28.3152 -27.9
    endloop
  endfacet
  facet normal 1 -0 0
    outer loop
      vertex -14 27.3914 -27.1419
      vertex -14 28.3152 -27.9
      vertex -14 27.4966 -27
    endloop
  endfacet
  facet normal 1 0 0
    outer loop
      vertex -14 28.3152 -27.9
      vertex -14 27.3914 -27.1419
      vertex -14 28.1183 -28.1173
    endloop
  endfacet
  facet normal 1 -0 0
    outer loop
      vertex -14 27.2728 -27.2728
      vertex -14 28.1183 -28.1173
      vertex -14 27.3914 -27.1419
    endloop
  endfacet
  facet normal 1 0 -0
    outer loop
      vertex -14 28.1173 -28.1183
      vertex -14 28.1183 -28.1173
      vertex -14 27.2728 -27.2728
    endloop
  endfacet
  facet normal -1 0 0
    outer loop
      vertex -14 28.1183 -28.1173
      vertex -14 28.1173 -28.1183
      vertex -14 28.1178 -28.1178
    endloop
  endfacet
  facet normal 1 0 0
    outer loop
      vertex -14 28.1173 -28.1183
      vertex -14 27.2728 -27.2728
      vertex -14 27.9 -28.3152
    endloop
  endfacet
  facet normal 1 -0 0
    outer loop
      vertex -14 27.1419 -27.3914
      vertex -14 27.9 -28.3152
      vertex -14 27.2728 -27.2728
    endloop
  endfacet
  facet normal 1 0 0
    outer loop
      vertex -14 27.9 -28.3152
      vertex -14 27.1419 -27.3914
      vertex -14 27.6645 -28.4899
    endloop
  endfacet
  facet normal 1 -0 0
    outer loop
      vertex -14 27 -27.4966
      vertex -14 27.6645 -28.4899
      vertex -14 27.1419 -27.3914
    endloop
  endfacet
  facet normal 1 0 0
    outer loop
      vertex -14 27.6645 -28.4899
      vertex -14 27 -27.4966
      vertex -14 27.664 -28.4903
    endloop
  endfacet
  facet normal 1 0 0
    outer loop
      vertex -14 27.664 -28.4903
      vertex -14 27 -27.4966
      vertex -14 27.4124 -28.641
    endloop
  endfacet
  facet normal 1 -0 0
    outer loop
      vertex -14 26.8485 -27.5875
      vertex -14 27.4124 -28.641
      vertex -14 27 -27.4966
    endloop
  endfacet
  facet normal 1 0 -0
    outer loop
      vertex -14 27.4112 -28.6417
      vertex -14 27.4124 -28.641
      vertex -14 26.8485 -27.5875
    endloop
  endfacet
  facet normal 1 0 0
    outer loop
      vertex -14 27.4124 -28.641
      vertex -14 27.4112 -28.6417
      vertex -14 27.4119 -28.6414
    endloop
  endfacet
  facet normal 1 0 0
    outer loop
      vertex -14 27.4112 -28.6417
      vertex -14 26.8485 -27.5875
      vertex -14 27.1462 -28.7671
    endloop
  endfacet
  facet normal 1 -0 0
    outer loop
      vertex -14 26.6888 -27.663
      vertex -14 27.1462 -28.7671
      vertex -14 26.8485 -27.5875
    endloop
  endfacet
  facet normal 1 0 0
    outer loop
      vertex -14 27.1462 -28.7671
      vertex -14 26.6888 -27.663
      vertex -14 26.8701 -28.8658
    endloop
  endfacet
  facet normal 1 -0 0
    outer loop
      vertex -14 26.5225 -27.7225
      vertex -14 26.8701 -28.8658
      vertex -14 26.6888 -27.663
    endloop
  endfacet
  facet normal 1 0 0
    outer loop
      vertex -14 26.8701 -28.8658
      vertex -14 26.5225 -27.7225
      vertex -14 26.8694 -28.8661
    endloop
  endfacet
  facet normal 1 0 0
    outer loop
      vertex -14 26.8694 -28.8661
      vertex -14 26.5225 -27.7225
      vertex -14 26.585 -28.9373
    endloop
  endfacet
  facet normal 1 -0 0
    outer loop
      vertex -14 26.3512 -27.7654
      vertex -14 26.585 -28.9373
      vertex -14 26.5225 -27.7225
    endloop
  endfacet
  facet normal 1 0 0
    outer loop
      vertex -14 26.585 -28.9373
      vertex -14 26.3512 -27.7654
      vertex -14 26.5843 -28.9375
    endloop
  endfacet
  facet normal 1 0 0
    outer loop
      vertex -14 26.3512 -27.7654
      vertex -14 26.2942 -28.9805
      vertex -14 26.5843 -28.9375
    endloop
  endfacet
  facet normal 1 -0 0
    outer loop
      vertex -14 26.1764 -27.7913
      vertex -14 26.2942 -28.9805
      vertex -14 26.3512 -27.7654
    endloop
  endfacet
  facet normal 1 0 -0
    outer loop
      vertex -14 26.2929 -28.9807
      vertex -14 26.2942 -28.9805
      vertex -14 26.1764 -27.7913
    endloop
  endfacet
  facet normal 1 0 0
    outer loop
      vertex -14 26.2942 -28.9805
      vertex -14 26.2929 -28.9807
      vertex -14 26.2936 -28.9806
    endloop
  endfacet
  facet normal 1 -0 0
    outer loop
      vertex -14 26 -27.8
      vertex -14 26.2929 -28.9807
      vertex -14 26.1764 -27.7913
    endloop
  endfacet
  facet normal 1 0 0
    outer loop
      vertex -14 26 -27.8
      vertex -14 26 -28.995
      vertex -14 26.2929 -28.9807
    endloop
  endfacet
  facet normal 1 0 0
    outer loop
      vertex -14 25.8236 -27.7913
      vertex -14 26 -28.995
      vertex -14 26 -27.8
    endloop
  endfacet
  facet normal 1 0 0
    outer loop
      vertex -14 25.8236 -27.7913
      vertex -14 25.7071 -28.9807
      vertex -14 26 -28.995
    endloop
  endfacet
  facet normal 1 -0 0
    outer loop
      vertex -14 25.7058 -28.9805
      vertex -14 25.7071 -28.9807
      vertex -14 25.8236 -27.7913
    endloop
  endfacet
  facet normal 1 0 0
    outer loop
      vertex -14 25.7071 -28.9807
      vertex -14 25.7058 -28.9805
      vertex -14 25.7064 -28.9806
    endloop
  endfacet
  facet normal 1 0 0
    outer loop
      vertex -14 25.6488 -27.7654
      vertex -14 25.7058 -28.9805
      vertex -14 25.8236 -27.7913
    endloop
  endfacet
  facet normal 1 0 0
    outer loop
      vertex -14 25.415 -28.9373
      vertex -14 25.6488 -27.7654
      vertex -14 25.4775 -27.7225
    endloop
  endfacet
  facet normal 1 0 0
    outer loop
      vertex -14 25.6488 -27.7654
      vertex -14 25.4157 -28.9375
      vertex -14 25.7058 -28.9805
    endloop
  endfacet
  facet normal 1 0 0
    outer loop
      vertex -14 25.6488 -27.7654
      vertex -14 25.415 -28.9373
      vertex -14 25.4157 -28.9375
    endloop
  endfacet
  facet normal 1 0 0
    outer loop
      vertex -14 25.1299 -28.8658
      vertex -14 25.4775 -27.7225
      vertex -14 25.3112 -27.663
    endloop
  endfacet
  facet normal 1 0 0
    outer loop
      vertex -14 24.8538 -28.7671
      vertex -14 25.3112 -27.663
      vertex -14 25.1515 -27.5875
    endloop
  endfacet
  facet normal 1 0 0
    outer loop
      vertex -14 25.4775 -27.7225
      vertex -14 25.1306 -28.8661
      vertex -14 25.415 -28.9373
    endloop
  endfacet
  facet normal 1 0 0
    outer loop
      vertex -14 25.4775 -27.7225
      vertex -14 25.1299 -28.8658
      vertex -14 25.1306 -28.8661
    endloop
  endfacet
  facet normal 1 0 0
    outer loop
      vertex -14 24.5876 -28.641
      vertex -14 25.1515 -27.5875
      vertex -14 25 -27.4966
    endloop
  endfacet
  facet normal 1 0 0
    outer loop
      vertex -14 24.3355 -28.4899
      vertex -14 25 -27.4966
      vertex -14 24.8581 -27.3914
    endloop
  endfacet
  facet normal 1 0 0
    outer loop
      vertex -14 25.3112 -27.663
      vertex -14 24.8538 -28.7671
      vertex -14 25.1299 -28.8658
    endloop
  endfacet
  facet normal 1 0 0
    outer loop
      vertex -14 24.1 -28.3152
      vertex -14 24.8581 -27.3914
      vertex -14 24.7272 -27.2728
    endloop
  endfacet
  facet normal 1 0 0
    outer loop
      vertex -14 23.8817 -28.1173
      vertex -14 24.7272 -27.2728
      vertex -14 24.6086 -27.1419
    endloop
  endfacet
  facet normal 1 0 0
    outer loop
      vertex -14 25.1515 -27.5875
      vertex -14 24.5888 -28.6417
      vertex -14 24.8538 -28.7671
    endloop
  endfacet
  facet normal 1 0 0
    outer loop
      vertex -14 25.1515 -27.5875
      vertex -14 24.5876 -28.641
      vertex -14 24.5888 -28.6417
    endloop
  endfacet
  facet normal 1 0 0
    outer loop
      vertex -14 24.5888 -28.6417
      vertex -14 24.5876 -28.641
      vertex -14 24.5881 -28.6414
    endloop
  endfacet
  facet normal 1 0 0
    outer loop
      vertex -14 23.6848 -27.9
      vertex -14 24.6086 -27.1419
      vertex -14 24.5034 -27
    endloop
  endfacet
  facet normal 1 0 0
    outer loop
      vertex -14 23.5097 -27.664
      vertex -14 24.5034 -27
      vertex -14 24.4125 -26.8485
    endloop
  endfacet
  facet normal 1 0 0
    outer loop
      vertex -14 23.3583 -27.4112
      vertex -14 24.4125 -26.8485
      vertex -14 24.337 -26.6888
    endloop
  endfacet
  facet normal 1 0 0
    outer loop
      vertex -14 25 -27.4966
      vertex -14 24.336 -28.4903
      vertex -14 24.5876 -28.641
    endloop
  endfacet
  facet normal 1 0 0
    outer loop
      vertex -14 25 -27.4966
      vertex -14 24.3355 -28.4899
      vertex -14 24.336 -28.4903
    endloop
  endfacet
  facet normal 1 0 0
    outer loop
      vertex -14 23.2329 -27.1462
      vertex -14 24.337 -26.6888
      vertex -14 24.2775 -26.5225
    endloop
  endfacet
  facet normal 1 0 0
    outer loop
      vertex -14 23.1339 -26.8694
      vertex -14 24.2775 -26.5225
      vertex -14 24.2346 -26.3512
    endloop
  endfacet
  facet normal 1 0 0
    outer loop
      vertex -14 23.0625 -26.5843
      vertex -14 24.2346 -26.3512
      vertex -14 24.2087 -26.1764
    endloop
  endfacet
  facet normal 1 0 0
    outer loop
      vertex -14 24.8581 -27.3914
      vertex -14 24.1 -28.3152
      vertex -14 24.3355 -28.4899
    endloop
  endfacet
  facet normal 1 0 0
    outer loop
      vertex -14 23.0193 -26.2929
      vertex -14 24.2087 -26.1764
      vertex -14 24.2 -26
    endloop
  endfacet
  facet normal 1 -0 0
    outer loop
      vertex -14 23.359 -24.5876
      vertex -14 24.4125 -25.1515
      vertex -14 23.5097 -24.336
    endloop
  endfacet
  facet normal 1 -0 0
    outer loop
      vertex -14 23.3583 -24.5888
      vertex -14 24.4125 -25.1515
      vertex -14 23.359 -24.5876
    endloop
  endfacet
  facet normal 1 0 0
    outer loop
      vertex -14 24.7272 -27.2728
      vertex -14 23.8827 -28.1183
      vertex -14 24.1 -28.3152
    endloop
  endfacet
  facet normal -1 0 0
    outer loop
      vertex -14 23.8817 -23.8827
      vertex -14 23.8827 -23.8817
      vertex -14 23.8822 -23.8822
    endloop
  endfacet
  facet normal 1 0 0
    outer loop
      vertex -14 24.4125 -25.1515
      vertex -14 23.3583 -24.5888
      vertex -14 24.337 -25.3112
    endloop
  endfacet
  facet normal 1 0 0
    outer loop
      vertex -14 24.7272 -27.2728
      vertex -14 23.8817 -28.1173
      vertex -14 23.8827 -28.1183
    endloop
  endfacet
  facet normal -1 0 0
    outer loop
      vertex -14 23.8827 -28.1183
      vertex -14 23.8817 -28.1173
      vertex -14 23.8822 -28.1178
    endloop
  endfacet
  facet normal 1 -0 0
    outer loop
      vertex -14 23.2329 -24.8538
      vertex -14 24.337 -25.3112
      vertex -14 23.3583 -24.5888
    endloop
  endfacet
  facet normal 1 0 0
    outer loop
      vertex -14 24.6086 -27.1419
      vertex -14 23.6848 -27.9
      vertex -14 23.8817 -28.1173
    endloop
  endfacet
  facet normal 1 0 0
    outer loop
      vertex -14 24.337 -25.3112
      vertex -14 23.2329 -24.8538
      vertex -14 24.2775 -25.4775
    endloop
  endfacet
  facet normal 1 0 0
    outer loop
      vertex -14 24.5034 -27
      vertex -14 23.5101 -27.6645
      vertex -14 23.6848 -27.9
    endloop
  endfacet
  facet normal 1 -0 0
    outer loop
      vertex -14 23.1342 -25.1299
      vertex -14 24.2775 -25.4775
      vertex -14 23.2329 -24.8538
    endloop
  endfacet
  facet normal 1 -0 0
    outer loop
      vertex -14 23.1339 -25.1306
      vertex -14 24.2775 -25.4775
      vertex -14 23.1342 -25.1299
    endloop
  endfacet
  facet normal 1 0 0
    outer loop
      vertex -14 24.4125 -26.8485
      vertex -14 23.359 -27.4124
      vertex -14 23.5097 -27.664
    endloop
  endfacet
  facet normal 1 0 0
    outer loop
      vertex -14 24.5034 -27
      vertex -14 23.5097 -27.664
      vertex -14 23.5101 -27.6645
    endloop
  endfacet
  facet normal 1 0 0
    outer loop
      vertex -14 23.3583 -24.5888
      vertex -14 23.359 -24.5876
      vertex -14 23.3586 -24.5881
    endloop
  endfacet
  facet normal 1 0 0
    outer loop
      vertex -14 24.2775 -25.4775
      vertex -14 23.1339 -25.1306
      vertex -14 24.2346 -25.6488
    endloop
  endfacet
  facet normal 1 0 0
    outer loop
      vertex -14 24.4125 -26.8485
      vertex -14 23.3583 -27.4112
      vertex -14 23.359 -27.4124
    endloop
  endfacet
  facet normal 1 0 0
    outer loop
      vertex -14 23.359 -27.4124
      vertex -14 23.3583 -27.4112
      vertex -14 23.3586 -27.4119
    endloop
  endfacet
  facet normal 1 -0 0
    outer loop
      vertex -14 23.0627 -25.415
      vertex -14 24.2346 -25.6488
      vertex -14 23.1339 -25.1306
    endloop
  endfacet
  facet normal 1 0 0
    outer loop
      vertex -14 24.337 -26.6888
      vertex -14 23.2329 -27.1462
      vertex -14 23.3583 -27.4112
    endloop
  endfacet
  facet normal 1 -0 0
    outer loop
      vertex -14 23.0625 -25.4157
      vertex -14 24.2346 -25.6488
      vertex -14 23.0627 -25.415
    endloop
  endfacet
  facet normal 1 0 0
    outer loop
      vertex -14 24.2775 -26.5225
      vertex -14 23.1342 -26.8701
      vertex -14 23.2329 -27.1462
    endloop
  endfacet
  facet normal 1 0 0
    outer loop
      vertex -14 24.2346 -25.6488
      vertex -14 23.0625 -25.4157
      vertex -14 24.2087 -25.8236
    endloop
  endfacet
  facet normal 1 -0 0
    outer loop
      vertex -14 23.0195 -25.7058
      vertex -14 24.2087 -25.8236
      vertex -14 23.0625 -25.4157
    endloop
  endfacet
  facet normal 1 0 0
    outer loop
      vertex -14 24.2346 -26.3512
      vertex -14 23.0627 -26.585
      vertex -14 23.1339 -26.8694
    endloop
  endfacet
  facet normal 1 0 0
    outer loop
      vertex -14 24.2775 -26.5225
      vertex -14 23.1339 -26.8694
      vertex -14 23.1342 -26.8701
    endloop
  endfacet
  facet normal 1 -0 0
    outer loop
      vertex -14 23.0193 -25.7071
      vertex -14 24.2087 -25.8236
      vertex -14 23.0195 -25.7058
    endloop
  endfacet
  facet normal 1 0 0
    outer loop
      vertex -14 24.2087 -25.8236
      vertex -14 23.0193 -25.7071
      vertex -14 24.2 -26
    endloop
  endfacet
  facet normal 1 0 0
    outer loop
      vertex -14 24.2087 -26.1764
      vertex -14 23.0195 -26.2942
      vertex -14 23.0625 -26.5843
    endloop
  endfacet
  facet normal 1 0 0
    outer loop
      vertex -14 24.2346 -26.3512
      vertex -14 23.0625 -26.5843
      vertex -14 23.0627 -26.585
    endloop
  endfacet
  facet normal 1 0 0
    outer loop
      vertex -14 23.0193 -25.7071
      vertex -14 23.0195 -25.7058
      vertex -14 23.0194 -25.7064
    endloop
  endfacet
  facet normal 1 0 0
    outer loop
      vertex -14 23.005 -26
      vertex -14 24.2 -26
      vertex -14 23.0193 -25.7071
    endloop
  endfacet
  facet normal 1 0 0
    outer loop
      vertex -14 24.2087 -26.1764
      vertex -14 23.0193 -26.2929
      vertex -14 23.0195 -26.2942
    endloop
  endfacet
  facet normal 1 0 0
    outer loop
      vertex -14 23.0195 -26.2942
      vertex -14 23.0193 -26.2929
      vertex -14 23.0194 -26.2936
    endloop
  endfacet
  facet normal 1 0 0
    outer loop
      vertex -14 24.2 -26
      vertex -14 23.005 -26
      vertex -14 23.0193 -26.2929
    endloop
  endfacet
  facet normal 1 0 0
    outer loop
      vertex -14 -24.2 -26
      vertex -14 -23.005 -26
      vertex -14 -23.0193 -25.7071
    endloop
  endfacet
  facet normal 1 0 0
    outer loop
      vertex -14 -23.0195 -25.7058
      vertex -14 -23.0193 -25.7071
      vertex -14 -23.0194 -25.7064
    endloop
  endfacet
  facet normal 1 0 0
    outer loop
      vertex -14 -23.005 -26
      vertex -14 -24.2 -26
      vertex -14 -23.0193 -26.2929
    endloop
  endfacet
  facet normal 1 0 0
    outer loop
      vertex -14 -23.0193 -25.7071
      vertex -14 -23.0195 -25.7058
      vertex -14 -24.2087 -25.8236
    endloop
  endfacet
  facet normal 1 -0 0
    outer loop
      vertex -14 -24.2087 -26.1764
      vertex -14 -23.0193 -26.2929
      vertex -14 -24.2 -26
    endloop
  endfacet
  facet normal 1 0 0
    outer loop
      vertex -14 -24.2087 -25.8236
      vertex -14 -23.0195 -25.7058
      vertex -14 -23.0625 -25.4157
    endloop
  endfacet
  facet normal 1 0 -0
    outer loop
      vertex -14 -23.0195 -26.2942
      vertex -14 -23.0193 -26.2929
      vertex -14 -24.2087 -26.1764
    endloop
  endfacet
  facet normal 1 0 0
    outer loop
      vertex -14 -24.2346 -25.6488
      vertex -14 -23.0625 -25.4157
      vertex -14 -23.0627 -25.415
    endloop
  endfacet
  facet normal 1 0 0
    outer loop
      vertex -14 -23.0193 -26.2929
      vertex -14 -23.0195 -26.2942
      vertex -14 -23.0194 -26.2936
    endloop
  endfacet
  facet normal 1 0 0
    outer loop
      vertex -14 -24.2346 -25.6488
      vertex -14 -23.0627 -25.415
      vertex -14 -23.1339 -25.1306
    endloop
  endfacet
  facet normal 1 0 0
    outer loop
      vertex -14 -23.0195 -26.2942
      vertex -14 -24.2087 -26.1764
      vertex -14 -23.0625 -26.5843
    endloop
  endfacet
  facet normal 1 0 0
    outer loop
      vertex -14 -24.2775 -25.4775
      vertex -14 -23.1339 -25.1306
      vertex -14 -23.1342 -25.1299
    endloop
  endfacet
  facet normal 1 -0 0
    outer loop
      vertex -14 -24.2346 -26.3512
      vertex -14 -23.0625 -26.5843
      vertex -14 -24.2087 -26.1764
    endloop
  endfacet
  facet normal 1 0 0
    outer loop
      vertex -14 -24.2775 -25.4775
      vertex -14 -23.1342 -25.1299
      vertex -14 -23.2329 -24.8538
    endloop
  endfacet
  facet normal 1 0 0
    outer loop
      vertex -14 -23.0625 -26.5843
      vertex -14 -24.2346 -26.3512
      vertex -14 -23.0627 -26.585
    endloop
  endfacet
  facet normal 1 0 0
    outer loop
      vertex -14 -24.337 -25.3112
      vertex -14 -23.2329 -24.8538
      vertex -14 -23.3583 -24.5888
    endloop
  endfacet
  facet normal 1 0 0
    outer loop
      vertex -14 -23.0627 -26.585
      vertex -14 -24.2346 -26.3512
      vertex -14 -23.1339 -26.8694
    endloop
  endfacet
  facet normal 1 0 0
    outer loop
      vertex -14 -23.359 -24.5876
      vertex -14 -23.3583 -24.5888
      vertex -14 -23.3586 -24.5881
    endloop
  endfacet
  facet normal 1 -0 0
    outer loop
      vertex -14 -24.2775 -26.5225
      vertex -14 -23.1339 -26.8694
      vertex -14 -24.2346 -26.3512
    endloop
  endfacet
  facet normal 1 0 0
    outer loop
      vertex -14 -23.3583 -24.5888
      vertex -14 -23.359 -24.5876
      vertex -14 -24.4125 -25.1515
    endloop
  endfacet
  facet normal 1 0 0
    outer loop
      vertex -14 -23.1339 -26.8694
      vertex -14 -24.2775 -26.5225
      vertex -14 -23.1342 -26.8701
    endloop
  endfacet
  facet normal 1 0 0
    outer loop
      vertex -14 -24.4125 -25.1515
      vertex -14 -23.359 -24.5876
      vertex -14 -23.5097 -24.336
    endloop
  endfacet
  facet normal 1 0 0
    outer loop
      vertex -14 -23.1342 -26.8701
      vertex -14 -24.2775 -26.5225
      vertex -14 -23.2329 -27.1462
    endloop
  endfacet
  facet normal 1 0 0
    outer loop
      vertex -14 -24.5034 -25
      vertex -14 -23.5097 -24.336
      vertex -14 -23.5101 -24.3355
    endloop
  endfacet
  facet normal 1 -0 0
    outer loop
      vertex -14 -24.337 -26.6888
      vertex -14 -23.2329 -27.1462
      vertex -14 -24.2775 -26.5225
    endloop
  endfacet
  facet normal 1 0 0
    outer loop
      vertex -14 -24.5034 -25
      vertex -14 -23.5101 -24.3355
      vertex -14 -23.6848 -24.1
    endloop
  endfacet
  facet normal 1 0 0
    outer loop
      vertex -14 -23.2329 -27.1462
      vertex -14 -24.337 -26.6888
      vertex -14 -23.3583 -27.4112
    endloop
  endfacet
  facet normal 1 0 0
    outer loop
      vertex -14 -24.6086 -24.8581
      vertex -14 -23.6848 -24.1
      vertex -14 -23.8817 -23.8827
    endloop
  endfacet
  facet normal 1 -0 0
    outer loop
      vertex -14 -24.4125 -26.8485
      vertex -14 -23.3583 -27.4112
      vertex -14 -24.337 -26.6888
    endloop
  endfacet
  facet normal -1 0 0
    outer loop
      vertex -14 -23.8827 -23.8817
      vertex -14 -23.8817 -23.8827
      vertex -14 -23.8822 -23.8822
    endloop
  endfacet
  facet normal 1 0 -0
    outer loop
      vertex -14 -23.359 -27.4124
      vertex -14 -23.3583 -27.4112
      vertex -14 -24.4125 -26.8485
    endloop
  endfacet
  facet normal 1 0 0
    outer loop
      vertex -14 -23.8817 -23.8827
      vertex -14 -23.8827 -23.8817
      vertex -14 -24.7272 -24.7272
    endloop
  endfacet
  facet normal 1 0 0
    outer loop
      vertex -14 -23.3583 -27.4112
      vertex -14 -23.359 -27.4124
      vertex -14 -23.3586 -27.4119
    endloop
  endfacet
  facet normal 1 0 0
    outer loop
      vertex -14 -24.7272 -24.7272
      vertex -14 -23.8827 -23.8817
      vertex -14 -24.1 -23.6848
    endloop
  endfacet
  facet normal 1 0 0
    outer loop
      vertex -14 -23.359 -27.4124
      vertex -14 -24.4125 -26.8485
      vertex -14 -23.5097 -27.664
    endloop
  endfacet
  facet normal 1 -0 0
    outer loop
      vertex -14 -24.5034 -27
      vertex -14 -23.5097 -27.664
      vertex -14 -24.4125 -26.8485
    endloop
  endfacet
  facet normal 1 0 0
    outer loop
      vertex -14 -23.0193 -25.7071
      vertex -14 -24.2087 -25.8236
      vertex -14 -24.2 -26
    endloop
  endfacet
  facet normal 1 0 0
    outer loop
      vertex -14 -23.0625 -25.4157
      vertex -14 -24.2346 -25.6488
      vertex -14 -24.2087 -25.8236
    endloop
  endfacet
  facet normal 1 0 0
    outer loop
      vertex -14 -23.1339 -25.1306
      vertex -14 -24.2775 -25.4775
      vertex -14 -24.2346 -25.6488
    endloop
  endfacet
  facet normal 1 0 0
    outer loop
      vertex -14 -24.8581 -24.6086
      vertex -14 -24.1 -23.6848
      vertex -14 -24.3355 -23.5101
    endloop
  endfacet
  facet normal 1 0 0
    outer loop
      vertex -14 -25 -24.5034
      vertex -14 -24.3355 -23.5101
      vertex -14 -24.336 -23.5097
    endloop
  endfacet
  facet normal 1 0 0
    outer loop
      vertex -14 -23.2329 -24.8538
      vertex -14 -24.337 -25.3112
      vertex -14 -24.2775 -25.4775
    endloop
  endfacet
  facet normal 1 0 0
    outer loop
      vertex -14 -23.3583 -24.5888
      vertex -14 -24.4125 -25.1515
      vertex -14 -24.337 -25.3112
    endloop
  endfacet
  facet normal 1 0 0
    outer loop
      vertex -14 -23.5097 -24.336
      vertex -14 -24.5034 -25
      vertex -14 -24.4125 -25.1515
    endloop
  endfacet
  facet normal 1 0 0
    outer loop
      vertex -14 -25 -24.5034
      vertex -14 -24.336 -23.5097
      vertex -14 -24.5876 -23.359
    endloop
  endfacet
  facet normal 1 0 0
    outer loop
      vertex -14 -24.5888 -23.3583
      vertex -14 -24.5876 -23.359
      vertex -14 -24.5881 -23.3586
    endloop
  endfacet
  facet normal 1 0 0
    outer loop
      vertex -14 -24.5876 -23.359
      vertex -14 -24.5888 -23.3583
      vertex -14 -25.1515 -24.4125
    endloop
  endfacet
  facet normal 1 0 0
    outer loop
      vertex -14 -23.6848 -24.1
      vertex -14 -24.6086 -24.8581
      vertex -14 -24.5034 -25
    endloop
  endfacet
  facet normal 1 0 0
    outer loop
      vertex -14 -23.8817 -23.8827
      vertex -14 -24.7272 -24.7272
      vertex -14 -24.6086 -24.8581
    endloop
  endfacet
  facet normal 1 0 0
    outer loop
      vertex -14 -25.1515 -24.4125
      vertex -14 -24.5888 -23.3583
      vertex -14 -24.8538 -23.2329
    endloop
  endfacet
  facet normal 1 0 0
    outer loop
      vertex -14 -24.1 -23.6848
      vertex -14 -24.8581 -24.6086
      vertex -14 -24.7272 -24.7272
    endloop
  endfacet
  facet normal 1 0 0
    outer loop
      vertex -14 -24.3355 -23.5101
      vertex -14 -25 -24.5034
      vertex -14 -24.8581 -24.6086
    endloop
  endfacet
  facet normal 1 0 0
    outer loop
      vertex -14 -25.3112 -24.337
      vertex -14 -24.8538 -23.2329
      vertex -14 -25.1299 -23.1342
    endloop
  endfacet
  facet normal 1 0 0
    outer loop
      vertex -14 -25.4775 -24.2775
      vertex -14 -25.1299 -23.1342
      vertex -14 -25.1306 -23.1339
    endloop
  endfacet
  facet normal 1 0 0
    outer loop
      vertex -14 -24.5876 -23.359
      vertex -14 -25.1515 -24.4125
      vertex -14 -25 -24.5034
    endloop
  endfacet
  facet normal 1 0 0
    outer loop
      vertex -14 -24.8538 -23.2329
      vertex -14 -25.3112 -24.337
      vertex -14 -25.1515 -24.4125
    endloop
  endfacet
  facet normal 1 0 0
    outer loop
      vertex -14 -25.4775 -24.2775
      vertex -14 -25.1306 -23.1339
      vertex -14 -25.415 -23.0627
    endloop
  endfacet
  facet normal 1 0 0
    outer loop
      vertex -14 -25.6488 -24.2346
      vertex -14 -25.415 -23.0627
      vertex -14 -25.4157 -23.0625
    endloop
  endfacet
  facet normal 1 0 0
    outer loop
      vertex -14 -25.1299 -23.1342
      vertex -14 -25.4775 -24.2775
      vertex -14 -25.3112 -24.337
    endloop
  endfacet
  facet normal 1 0 0
    outer loop
      vertex -14 -25.415 -23.0627
      vertex -14 -25.6488 -24.2346
      vertex -14 -25.4775 -24.2775
    endloop
  endfacet
  facet normal 1 0 0
    outer loop
      vertex -14 -25.7058 -23.0195
      vertex -14 -25.6488 -24.2346
      vertex -14 -25.4157 -23.0625
    endloop
  endfacet
  facet normal 1 0 0
    outer loop
      vertex -14 -25.7071 -23.0193
      vertex -14 -25.7058 -23.0195
      vertex -14 -25.7064 -23.0194
    endloop
  endfacet
  facet normal 1 0 0
    outer loop
      vertex -14 -25.7058 -23.0195
      vertex -14 -25.7071 -23.0193
      vertex -14 -25.8236 -24.2087
    endloop
  endfacet
  facet normal 1 0 0
    outer loop
      vertex -14 -25.7058 -23.0195
      vertex -14 -25.8236 -24.2087
      vertex -14 -25.6488 -24.2346
    endloop
  endfacet
  facet normal 1 0 0
    outer loop
      vertex -14 -26 -23.005
      vertex -14 -25.8236 -24.2087
      vertex -14 -25.7071 -23.0193
    endloop
  endfacet
  facet normal 1 0 0
    outer loop
      vertex -14 -26 -23.005
      vertex -14 -26 -24.2
      vertex -14 -25.8236 -24.2087
    endloop
  endfacet
  facet normal 1 0 0
    outer loop
      vertex -14 -26 -23.005
      vertex -14 -26.1764 -24.2087
      vertex -14 -26 -24.2
    endloop
  endfacet
  facet normal 1 -0 0
    outer loop
      vertex -14 -26.2929 -23.0193
      vertex -14 -26.1764 -24.2087
      vertex -14 -26 -23.005
    endloop
  endfacet
  facet normal 1 0 0
    outer loop
      vertex -14 -26.2942 -23.0195
      vertex -14 -26.2929 -23.0193
      vertex -14 -26.2936 -23.0194
    endloop
  endfacet
  facet normal 1 0 0
    outer loop
      vertex -14 -26.2929 -23.0193
      vertex -14 -26.2942 -23.0195
      vertex -14 -26.1764 -24.2087
    endloop
  endfacet
  facet normal 1 0 0
    outer loop
      vertex -14 -26.2942 -23.0195
      vertex -14 -26.3512 -24.2346
      vertex -14 -26.1764 -24.2087
    endloop
  endfacet
  facet normal 1 -0 0
    outer loop
      vertex -14 -26.5843 -23.0625
      vertex -14 -26.3512 -24.2346
      vertex -14 -26.2942 -23.0195
    endloop
  endfacet
  facet normal 1 -0 0
    outer loop
      vertex -14 -26.585 -23.0627
      vertex -14 -26.3512 -24.2346
      vertex -14 -26.5843 -23.0625
    endloop
  endfacet
  facet normal 1 0 0
    outer loop
      vertex -14 -26.3512 -24.2346
      vertex -14 -26.585 -23.0627
      vertex -14 -26.5225 -24.2775
    endloop
  endfacet
  facet normal 1 -0 0
    outer loop
      vertex -14 -26.8694 -23.1339
      vertex -14 -26.5225 -24.2775
      vertex -14 -26.585 -23.0627
    endloop
  endfacet
  facet normal 1 -0 0
    outer loop
      vertex -14 -26.8701 -23.1342
      vertex -14 -26.5225 -24.2775
      vertex -14 -26.8694 -23.1339
    endloop
  endfacet
  facet normal 1 0 0
    outer loop
      vertex -14 -26.5225 -24.2775
      vertex -14 -26.8701 -23.1342
      vertex -14 -26.6888 -24.337
    endloop
  endfacet
  facet normal 1 -0 0
    outer loop
      vertex -14 -27.1462 -23.2329
      vertex -14 -26.6888 -24.337
      vertex -14 -26.8701 -23.1342
    endloop
  endfacet
  facet normal 1 0 0
    outer loop
      vertex -14 -26.6888 -24.337
      vertex -14 -27.1462 -23.2329
      vertex -14 -26.8485 -24.4125
    endloop
  endfacet
  facet normal 1 -0 0
    outer loop
      vertex -14 -27.4112 -23.3583
      vertex -14 -26.8485 -24.4125
      vertex -14 -27.1462 -23.2329
    endloop
  endfacet
  facet normal 1 -0 0
    outer loop
      vertex -14 -27.4124 -23.359
      vertex -14 -26.8485 -24.4125
      vertex -14 -27.4112 -23.3583
    endloop
  endfacet
  facet normal 1 0 0
    outer loop
      vertex -14 -26.8485 -24.4125
      vertex -14 -27.4124 -23.359
      vertex -14 -27 -24.5034
    endloop
  endfacet
  facet normal 1 -0 0
    outer loop
      vertex -14 -27.664 -23.5097
      vertex -14 -27 -24.5034
      vertex -14 -27.4124 -23.359
    endloop
  endfacet
  facet normal 1 -0 0
    outer loop
      vertex -14 -27.6645 -23.5101
      vertex -14 -27 -24.5034
      vertex -14 -27.664 -23.5097
    endloop
  endfacet
  facet normal 1 0 0
    outer loop
      vertex -14 -27.4124 -23.359
      vertex -14 -27.4112 -23.3583
      vertex -14 -27.4119 -23.3586
    endloop
  endfacet
  facet normal 1 0 0
    outer loop
      vertex -14 -27 -24.5034
      vertex -14 -27.6645 -23.5101
      vertex -14 -27.1419 -24.6086
    endloop
  endfacet
  facet normal 1 -0 0
    outer loop
      vertex -14 -27.9 -23.6848
      vertex -14 -27.1419 -24.6086
      vertex -14 -27.6645 -23.5101
    endloop
  endfacet
  facet normal 1 0 0
    outer loop
      vertex -14 -27.1419 -24.6086
      vertex -14 -27.9 -23.6848
      vertex -14 -27.2728 -24.7272
    endloop
  endfacet
  facet normal 1 -0 0
    outer loop
      vertex -14 -28.1173 -23.8817
      vertex -14 -27.2728 -24.7272
      vertex -14 -27.9 -23.6848
    endloop
  endfacet
  facet normal 1 -0 0
    outer loop
      vertex -14 -28.1183 -23.8827
      vertex -14 -27.2728 -24.7272
      vertex -14 -28.1173 -23.8817
    endloop
  endfacet
  facet normal 1 0 0
    outer loop
      vertex -14 -27.2728 -24.7272
      vertex -14 -28.1183 -23.8827
      vertex -14 -27.3914 -24.8581
    endloop
  endfacet
  facet normal 1 -0 0
    outer loop
      vertex -14 -28.3152 -24.1
      vertex -14 -27.3914 -24.8581
      vertex -14 -28.1183 -23.8827
    endloop
  endfacet
  facet normal 1 0 0
    outer loop
      vertex -14 -27.3914 -24.8581
      vertex -14 -28.3152 -24.1
      vertex -14 -27.4966 -25
    endloop
  endfacet
  facet normal 1 -0 0
    outer loop
      vertex -14 -28.4899 -24.3355
      vertex -14 -27.4966 -25
      vertex -14 -28.3152 -24.1
    endloop
  endfacet
  facet normal 1 0 0
    outer loop
      vertex -14 -27.4966 -25
      vertex -14 -28.4903 -24.336
      vertex -14 -27.5875 -25.1515
    endloop
  endfacet
  facet normal 1 -0 0
    outer loop
      vertex -14 -28.4903 -24.336
      vertex -14 -27.4966 -25
      vertex -14 -28.4899 -24.3355
    endloop
  endfacet
  facet normal 1 0 0
    outer loop
      vertex -14 -23.5097 -27.664
      vertex -14 -24.5034 -27
      vertex -14 -23.5101 -27.6645
    endloop
  endfacet
  facet normal 1 0 0
    outer loop
      vertex -14 -23.5101 -27.6645
      vertex -14 -24.5034 -27
      vertex -14 -23.6848 -27.9
    endloop
  endfacet
  facet normal 1 -0 0
    outer loop
      vertex -14 -24.6086 -27.1419
      vertex -14 -23.6848 -27.9
      vertex -14 -24.5034 -27
    endloop
  endfacet
  facet normal 1 0 0
    outer loop
      vertex -14 -23.6848 -27.9
      vertex -14 -24.6086 -27.1419
      vertex -14 -23.8817 -28.1173
    endloop
  endfacet
  facet normal 1 -0 0
    outer loop
      vertex -14 -24.7272 -27.2728
      vertex -14 -23.8817 -28.1173
      vertex -14 -24.6086 -27.1419
    endloop
  endfacet
  facet normal 1 0 -0
    outer loop
      vertex -14 -23.8827 -28.1183
      vertex -14 -23.8817 -28.1173
      vertex -14 -24.7272 -27.2728
    endloop
  endfacet
  facet normal -1 0 0
    outer loop
      vertex -14 -23.8817 -28.1173
      vertex -14 -23.8827 -28.1183
      vertex -14 -23.8822 -28.1178
    endloop
  endfacet
  facet normal 1 0 0
    outer loop
      vertex -14 -23.8827 -28.1183
      vertex -14 -24.7272 -27.2728
      vertex -14 -24.1 -28.3152
    endloop
  endfacet
  facet normal 1 -0 0
    outer loop
      vertex -14 -24.8581 -27.3914
      vertex -14 -24.1 -28.3152
      vertex -14 -24.7272 -27.2728
    endloop
  endfacet
  facet normal 1 0 0
    outer loop
      vertex -14 -24.1 -28.3152
      vertex -14 -24.8581 -27.3914
      vertex -14 -24.3355 -28.4899
    endloop
  endfacet
  facet normal 1 -0 0
    outer loop
      vertex -14 -25 -27.4966
      vertex -14 -24.3355 -28.4899
      vertex -14 -24.8581 -27.3914
    endloop
  endfacet
  facet normal 1 0 0
    outer loop
      vertex -14 -24.3355 -28.4899
      vertex -14 -25 -27.4966
      vertex -14 -24.336 -28.4903
    endloop
  endfacet
  facet normal 1 0 0
    outer loop
      vertex -14 -24.336 -28.4903
      vertex -14 -25 -27.4966
      vertex -14 -24.5876 -28.641
    endloop
  endfacet
  facet normal 1 -0 0
    outer loop
      vertex -14 -25.1515 -27.5875
      vertex -14 -24.5876 -28.641
      vertex -14 -25 -27.4966
    endloop
  endfacet
  facet normal 1 0 -0
    outer loop
      vertex -14 -24.5888 -28.6417
      vertex -14 -24.5876 -28.641
      vertex -14 -25.1515 -27.5875
    endloop
  endfacet
  facet normal 1 0 0
    outer loop
      vertex -14 -24.5876 -28.641
      vertex -14 -24.5888 -28.6417
      vertex -14 -24.5881 -28.6414
    endloop
  endfacet
  facet normal 1 0 0
    outer loop
      vertex -14 -24.5888 -28.6417
      vertex -14 -25.1515 -27.5875
      vertex -14 -24.8538 -28.7671
    endloop
  endfacet
  facet normal 1 -0 0
    outer loop
      vertex -14 -25.3112 -27.663
      vertex -14 -24.8538 -28.7671
      vertex -14 -25.1515 -27.5875
    endloop
  endfacet
  facet normal 1 0 0
    outer loop
      vertex -14 -24.8538 -28.7671
      vertex -14 -25.3112 -27.663
      vertex -14 -25.1299 -28.8658
    endloop
  endfacet
  facet normal 1 -0 0
    outer loop
      vertex -14 -25.4775 -27.7225
      vertex -14 -25.1299 -28.8658
      vertex -14 -25.3112 -27.663
    endloop
  endfacet
  facet normal 1 0 0
    outer loop
      vertex -14 -25.1299 -28.8658
      vertex -14 -25.4775 -27.7225
      vertex -14 -25.1306 -28.8661
    endloop
  endfacet
  facet normal 1 0 0
    outer loop
      vertex -14 -25.1306 -28.8661
      vertex -14 -25.4775 -27.7225
      vertex -14 -25.415 -28.9373
    endloop
  endfacet
  facet normal 1 -0 0
    outer loop
      vertex -14 -25.6488 -27.7654
      vertex -14 -25.415 -28.9373
      vertex -14 -25.4775 -27.7225
    endloop
  endfacet
  facet normal 1 0 0
    outer loop
      vertex -14 -25.415 -28.9373
      vertex -14 -25.6488 -27.7654
      vertex -14 -25.4157 -28.9375
    endloop
  endfacet
  facet normal 1 0 0
    outer loop
      vertex -14 -25.6488 -27.7654
      vertex -14 -25.7058 -28.9805
      vertex -14 -25.4157 -28.9375
    endloop
  endfacet
  facet normal 1 -0 0
    outer loop
      vertex -14 -25.8236 -27.7913
      vertex -14 -25.7058 -28.9805
      vertex -14 -25.6488 -27.7654
    endloop
  endfacet
  facet normal 1 0 -0
    outer loop
      vertex -14 -25.7071 -28.9807
      vertex -14 -25.7058 -28.9805
      vertex -14 -25.8236 -27.7913
    endloop
  endfacet
  facet normal 1 0 0
    outer loop
      vertex -14 -25.7058 -28.9805
      vertex -14 -25.7071 -28.9807
      vertex -14 -25.7064 -28.9806
    endloop
  endfacet
  facet normal 1 -0 0
    outer loop
      vertex -14 -26 -27.8
      vertex -14 -25.7071 -28.9807
      vertex -14 -25.8236 -27.7913
    endloop
  endfacet
  facet normal 1 0 0
    outer loop
      vertex -14 -26 -27.8
      vertex -14 -26 -28.995
      vertex -14 -25.7071 -28.9807
    endloop
  endfacet
  facet normal 1 0 0
    outer loop
      vertex -14 -26.1764 -27.7913
      vertex -14 -26 -28.995
      vertex -14 -26 -27.8
    endloop
  endfacet
  facet normal 1 0 0
    outer loop
      vertex -14 -26.1764 -27.7913
      vertex -14 -26.2929 -28.9807
      vertex -14 -26 -28.995
    endloop
  endfacet
  facet normal 1 -0 0
    outer loop
      vertex -14 -26.2942 -28.9805
      vertex -14 -26.2929 -28.9807
      vertex -14 -26.1764 -27.7913
    endloop
  endfacet
  facet normal 1 0 0
    outer loop
      vertex -14 -26.2929 -28.9807
      vertex -14 -26.2942 -28.9805
      vertex -14 -26.2936 -28.9806
    endloop
  endfacet
  facet normal 1 0 0
    outer loop
      vertex -14 -26.3512 -27.7654
      vertex -14 -26.2942 -28.9805
      vertex -14 -26.1764 -27.7913
    endloop
  endfacet
  facet normal 1 0 0
    outer loop
      vertex -14 -26.585 -28.9373
      vertex -14 -26.3512 -27.7654
      vertex -14 -26.5225 -27.7225
    endloop
  endfacet
  facet normal 1 0 0
    outer loop
      vertex -14 -26.3512 -27.7654
      vertex -14 -26.5843 -28.9375
      vertex -14 -26.2942 -28.9805
    endloop
  endfacet
  facet normal 1 0 0
    outer loop
      vertex -14 -26.3512 -27.7654
      vertex -14 -26.585 -28.9373
      vertex -14 -26.5843 -28.9375
    endloop
  endfacet
  facet normal 1 0 0
    outer loop
      vertex -14 -26.8701 -28.8658
      vertex -14 -26.5225 -27.7225
      vertex -14 -26.6888 -27.663
    endloop
  endfacet
  facet normal 1 0 0
    outer loop
      vertex -14 -27.1462 -28.7671
      vertex -14 -26.6888 -27.663
      vertex -14 -26.8485 -27.5875
    endloop
  endfacet
  facet normal 1 0 0
    outer loop
      vertex -14 -26.5225 -27.7225
      vertex -14 -26.8694 -28.8661
      vertex -14 -26.585 -28.9373
    endloop
  endfacet
  facet normal 1 0 0
    outer loop
      vertex -14 -26.5225 -27.7225
      vertex -14 -26.8701 -28.8658
      vertex -14 -26.8694 -28.8661
    endloop
  endfacet
  facet normal 1 0 0
    outer loop
      vertex -14 -27.4124 -28.641
      vertex -14 -26.8485 -27.5875
      vertex -14 -27 -27.4966
    endloop
  endfacet
  facet normal 1 0 0
    outer loop
      vertex -14 -27.6645 -28.4899
      vertex -14 -27 -27.4966
      vertex -14 -27.1419 -27.3914
    endloop
  endfacet
  facet normal 1 0 0
    outer loop
      vertex -14 -26.6888 -27.663
      vertex -14 -27.1462 -28.7671
      vertex -14 -26.8701 -28.8658
    endloop
  endfacet
  facet normal 1 0 0
    outer loop
      vertex -14 -27.9 -28.3152
      vertex -14 -27.1419 -27.3914
      vertex -14 -27.2728 -27.2728
    endloop
  endfacet
  facet normal 1 0 0
    outer loop
      vertex -14 -28.1183 -28.1173
      vertex -14 -27.2728 -27.2728
      vertex -14 -27.3914 -27.1419
    endloop
  endfacet
  facet normal 1 0 0
    outer loop
      vertex -14 -26.8485 -27.5875
      vertex -14 -27.4112 -28.6417
      vertex -14 -27.1462 -28.7671
    endloop
  endfacet
  facet normal 1 0 0
    outer loop
      vertex -14 -26.8485 -27.5875
      vertex -14 -27.4124 -28.641
      vertex -14 -27.4112 -28.6417
    endloop
  endfacet
  facet normal 1 0 0
    outer loop
      vertex -14 -27.4112 -28.6417
      vertex -14 -27.4124 -28.641
      vertex -14 -27.4119 -28.6414
    endloop
  endfacet
  facet normal 1 0 0
    outer loop
      vertex -14 -28.3152 -27.9
      vertex -14 -27.3914 -27.1419
      vertex -14 -27.4966 -27
    endloop
  endfacet
  facet normal 1 0 0
    outer loop
      vertex -14 -28.4903 -27.664
      vertex -14 -27.4966 -27
      vertex -14 -27.5875 -26.8485
    endloop
  endfacet
  facet normal 1 0 0
    outer loop
      vertex -14 -28.6417 -27.4112
      vertex -14 -27.5875 -26.8485
      vertex -14 -27.663 -26.6888
    endloop
  endfacet
  facet normal 1 0 0
    outer loop
      vertex -14 -27 -27.4966
      vertex -14 -27.664 -28.4903
      vertex -14 -27.4124 -28.641
    endloop
  endfacet
  facet normal 1 0 0
    outer loop
      vertex -14 -27 -27.4966
      vertex -14 -27.6645 -28.4899
      vertex -14 -27.664 -28.4903
    endloop
  endfacet
  facet normal 1 0 0
    outer loop
      vertex -14 -28.7671 -27.1462
      vertex -14 -27.663 -26.6888
      vertex -14 -27.7225 -26.5225
    endloop
  endfacet
  facet normal 1 0 0
    outer loop
      vertex -14 -28.8661 -26.8694
      vertex -14 -27.7225 -26.5225
      vertex -14 -27.7654 -26.3512
    endloop
  endfacet
  facet normal 1 0 0
    outer loop
      vertex -14 -28.9375 -26.5843
      vertex -14 -27.7654 -26.3512
      vertex -14 -27.7913 -26.1764
    endloop
  endfacet
  facet normal 1 0 0
    outer loop
      vertex -14 -27.1419 -27.3914
      vertex -14 -27.9 -28.3152
      vertex -14 -27.6645 -28.4899
    endloop
  endfacet
  facet normal 1 0 0
    outer loop
      vertex -14 -28.9807 -26.2929
      vertex -14 -27.7913 -26.1764
      vertex -14 -27.8 -26
    endloop
  endfacet
  facet normal 1 -0 0
    outer loop
      vertex -14 -28.641 -24.5876
      vertex -14 -27.5875 -25.1515
      vertex -14 -28.4903 -24.336
    endloop
  endfacet
  facet normal 1 -0 0
    outer loop
      vertex -14 -28.6417 -24.5888
      vertex -14 -27.5875 -25.1515
      vertex -14 -28.641 -24.5876
    endloop
  endfacet
  facet normal 1 0 0
    outer loop
      vertex -14 -27.2728 -27.2728
      vertex -14 -28.1173 -28.1183
      vertex -14 -27.9 -28.3152
    endloop
  endfacet
  facet normal -1 0 0
    outer loop
      vertex -14 -28.1183 -23.8827
      vertex -14 -28.1173 -23.8817
      vertex -14 -28.1178 -23.8822
    endloop
  endfacet
  facet normal 1 0 0
    outer loop
      vertex -14 -27.5875 -25.1515
      vertex -14 -28.6417 -24.5888
      vertex -14 -27.663 -25.3112
    endloop
  endfacet
  facet normal 1 0 0
    outer loop
      vertex -14 -27.2728 -27.2728
      vertex -14 -28.1183 -28.1173
      vertex -14 -28.1173 -28.1183
    endloop
  endfacet
  facet normal -1 0 0
    outer loop
      vertex -14 -28.1173 -28.1183
      vertex -14 -28.1183 -28.1173
      vertex -14 -28.1178 -28.1178
    endloop
  endfacet
  facet normal 1 -0 0
    outer loop
      vertex -14 -28.7671 -24.8538
      vertex -14 -27.663 -25.3112
      vertex -14 -28.6417 -24.5888
    endloop
  endfacet
  facet normal 1 0 0
    outer loop
      vertex -14 -27.3914 -27.1419
      vertex -14 -28.3152 -27.9
      vertex -14 -28.1183 -28.1173
    endloop
  endfacet
  facet normal 1 0 0
    outer loop
      vertex -14 -27.663 -25.3112
      vertex -14 -28.7671 -24.8538
      vertex -14 -27.7225 -25.4775
    endloop
  endfacet
  facet normal 1 0 0
    outer loop
      vertex -14 -27.4966 -27
      vertex -14 -28.4899 -27.6645
      vertex -14 -28.3152 -27.9
    endloop
  endfacet
  facet normal 1 -0 0
    outer loop
      vertex -14 -28.8658 -25.1299
      vertex -14 -27.7225 -25.4775
      vertex -14 -28.7671 -24.8538
    endloop
  endfacet
  facet normal 1 -0 0
    outer loop
      vertex -14 -28.8661 -25.1306
      vertex -14 -27.7225 -25.4775
      vertex -14 -28.8658 -25.1299
    endloop
  endfacet
  facet normal 1 0 0
    outer loop
      vertex -14 -27.5875 -26.8485
      vertex -14 -28.641 -27.4124
      vertex -14 -28.4903 -27.664
    endloop
  endfacet
  facet normal 1 0 0
    outer loop
      vertex -14 -27.4966 -27
      vertex -14 -28.4903 -27.664
      vertex -14 -28.4899 -27.6645
    endloop
  endfacet
  facet normal 1 0 0
    outer loop
      vertex -14 -28.6417 -24.5888
      vertex -14 -28.641 -24.5876
      vertex -14 -28.6414 -24.5881
    endloop
  endfacet
  facet normal 1 0 0
    outer loop
      vertex -14 -27.7225 -25.4775
      vertex -14 -28.8661 -25.1306
      vertex -14 -27.7654 -25.6488
    endloop
  endfacet
  facet normal 1 0 0
    outer loop
      vertex -14 -27.5875 -26.8485
      vertex -14 -28.6417 -27.4112
      vertex -14 -28.641 -27.4124
    endloop
  endfacet
  facet normal 1 0 0
    outer loop
      vertex -14 -28.641 -27.4124
      vertex -14 -28.6417 -27.4112
      vertex -14 -28.6414 -27.4119
    endloop
  endfacet
  facet normal 1 -0 0
    outer loop
      vertex -14 -28.9373 -25.415
      vertex -14 -27.7654 -25.6488
      vertex -14 -28.8661 -25.1306
    endloop
  endfacet
  facet normal 1 0 0
    outer loop
      vertex -14 -27.663 -26.6888
      vertex -14 -28.7671 -27.1462
      vertex -14 -28.6417 -27.4112
    endloop
  endfacet
  facet normal 1 -0 0
    outer loop
      vertex -14 -28.9375 -25.4157
      vertex -14 -27.7654 -25.6488
      vertex -14 -28.9373 -25.415
    endloop
  endfacet
  facet normal 1 0 0
    outer loop
      vertex -14 -27.7225 -26.5225
      vertex -14 -28.8658 -26.8701
      vertex -14 -28.7671 -27.1462
    endloop
  endfacet
  facet normal 1 0 0
    outer loop
      vertex -14 -27.7654 -25.6488
      vertex -14 -28.9375 -25.4157
      vertex -14 -27.7913 -25.8236
    endloop
  endfacet
  facet normal 1 -0 0
    outer loop
      vertex -14 -28.9805 -25.7058
      vertex -14 -27.7913 -25.8236
      vertex -14 -28.9375 -25.4157
    endloop
  endfacet
  facet normal 1 0 0
    outer loop
      vertex -14 -27.7654 -26.3512
      vertex -14 -28.9373 -26.585
      vertex -14 -28.8661 -26.8694
    endloop
  endfacet
  facet normal 1 0 0
    outer loop
      vertex -14 -27.7225 -26.5225
      vertex -14 -28.8661 -26.8694
      vertex -14 -28.8658 -26.8701
    endloop
  endfacet
  facet normal 1 -0 0
    outer loop
      vertex -14 -28.9807 -25.7071
      vertex -14 -27.7913 -25.8236
      vertex -14 -28.9805 -25.7058
    endloop
  endfacet
  facet normal 1 0 0
    outer loop
      vertex -14 -27.7913 -25.8236
      vertex -14 -28.9807 -25.7071
      vertex -14 -27.8 -26
    endloop
  endfacet
  facet normal 1 0 0
    outer loop
      vertex -14 -27.7913 -26.1764
      vertex -14 -28.9805 -26.2942
      vertex -14 -28.9375 -26.5843
    endloop
  endfacet
  facet normal 1 0 0
    outer loop
      vertex -14 -27.7654 -26.3512
      vertex -14 -28.9375 -26.5843
      vertex -14 -28.9373 -26.585
    endloop
  endfacet
  facet normal 1 0 0
    outer loop
      vertex -14 -28.9807 -25.7071
      vertex -14 -28.9805 -25.7058
      vertex -14 -28.9806 -25.7064
    endloop
  endfacet
  facet normal 1 0 0
    outer loop
      vertex -14 -28.995 -26
      vertex -14 -27.8 -26
      vertex -14 -28.9807 -25.7071
    endloop
  endfacet
  facet normal 1 0 0
    outer loop
      vertex -14 -27.7913 -26.1764
      vertex -14 -28.9807 -26.2929
      vertex -14 -28.9805 -26.2942
    endloop
  endfacet
  facet normal 1 0 0
    outer loop
      vertex -14 -28.9805 -26.2942
      vertex -14 -28.9807 -26.2929
      vertex -14 -28.9806 -26.2936
    endloop
  endfacet
  facet normal 1 0 0
    outer loop
      vertex -14 -27.8 -26
      vertex -14 -28.995 -26
      vertex -14 -28.9807 -26.2929
    endloop
  endfacet
  facet normal -0 0 1
    outer loop
      vertex -204 36.5 36.5
      vertex -198 -36.5 36.5
      vertex -198 36.5 36.5
    endloop
  endfacet
  facet normal 0 0 1
    outer loop
      vertex -198 -36.5 36.5
      vertex -204 36.5 36.5
      vertex -204 -36.5 36.5
    endloop
  endfacet
  facet normal -0 0 1
    outer loop
      vertex -18 36.5 36.5
      vertex -14 -36.5 36.5
      vertex -14 36.5 36.5
    endloop
  endfacet
  facet normal 0 0 1
    outer loop
      vertex -14 -36.5 36.5
      vertex -18 36.5 36.5
      vertex -18 -36.5 36.5
    endloop
  endfacet
  facet normal 0 0 -1
    outer loop
      vertex -204 -36.5 -37
      vertex -14 36.5 -37
      vertex -14 -36.5 -37
    endloop
  endfacet
  facet normal -0 0 -1
    outer loop
      vertex -14 36.5 -37
      vertex -204 -36.5 -37
      vertex -204 36.5 -37
    endloop
  endfacet
  facet normal -1 0 0
    outer loop
      vertex -204 -36.5 -37
      vertex -204 36.5 36.5
      vertex -204 36.5 -37
    endloop
  endfacet
  facet normal -1 -0 0
    outer loop
      vertex -204 36.5 36.5
      vertex -204 -36.5 -37
      vertex -204 -36.5 36.5
    endloop
  endfacet
  facet normal 0 1 0
    outer loop
      vertex -14 36.5 36.5
      vertex -18 36.5 -24
      vertex -18 36.5 36.5
    endloop
  endfacet
  facet normal 0 1 0
    outer loop
      vertex -18 36.5 -24
      vertex -14 36.5 -37
      vertex -198 36.5 -24
    endloop
  endfacet
  facet normal 0 1 -0
    outer loop
      vertex -14 36.5 -37
      vertex -18 36.5 -24
      vertex -14 36.5 36.5
    endloop
  endfacet
  facet normal 0 1 -0
    outer loop
      vertex -198 36.5 -24
      vertex -204 36.5 36.5
      vertex -198 36.5 36.5
    endloop
  endfacet
  facet normal 0 1 0
    outer loop
      vertex -198 36.5 -24
      vertex -204 36.5 -37
      vertex -204 36.5 36.5
    endloop
  endfacet
  facet normal 0 1 0
    outer loop
      vertex -204 36.5 -37
      vertex -198 36.5 -24
      vertex -14 36.5 -37
    endloop
  endfacet
  facet normal 0 -1 0
    outer loop
      vertex -204 -36.5 36.5
      vertex -198 -36.5 -24
      vertex -198 -36.5 36.5
    endloop
  endfacet
  facet normal 0 -1 0
    outer loop
      vertex -14 -36.5 -37
      vertex -198 -36.5 -24
      vertex -204 -36.5 -37
    endloop
  endfacet
  facet normal 0 -1 0
    outer loop
      vertex -204 -36.5 -37
      vertex -198 -36.5 -24
      vertex -204 -36.5 36.5
    endloop
  endfacet
  facet normal 0 -1 0
    outer loop
      vertex -18 -36.5 -24
      vertex -14 -36.5 36.5
      vertex -18 -36.5 36.5
    endloop
  endfacet
  facet normal 0 -1 0
    outer loop
      vertex -18 -36.5 -24
      vertex -14 -36.5 -37
      vertex -14 -36.5 36.5
    endloop
  endfacet
  facet normal 0 -1 0
    outer loop
      vertex -198 -36.5 -24
      vertex -14 -36.5 -37
      vertex -18 -36.5 -24
    endloop
  endfacet
  facet normal -1 -0 0
    outer loop
      vertex -18 -14.1421 -14.1421
      vertex -18 -24.8581 -24.6086
      vertex -18 -15.4602 -12.6879
    endloop
  endfacet
  facet normal -1 0 0
    outer loop
      vertex -18 -20 0
      vertex -18 -24.2087 25.8236
      vertex -18 -24.2 26
    endloop
  endfacet
  facet normal -1 0 0
    outer loop
      vertex -18 -25 -24.5034
      vertex -18 -15.4602 -12.6879
      vertex -18 -24.8581 -24.6086
    endloop
  endfacet
  facet normal -1 0 0
    outer loop
      vertex -18 -20 0
      vertex -18 -24.2346 25.6488
      vertex -18 -24.2087 25.8236
    endloop
  endfacet
  facet normal -1 0 0
    outer loop
      vertex -18 -25.1515 -24.4125
      vertex -18 -15.4602 -12.6879
      vertex -18 -25 -24.5034
    endloop
  endfacet
  facet normal -1 0 0
    outer loop
      vertex -18 -20 0
      vertex -18 -24.2775 25.4775
      vertex -18 -24.2346 25.6488
    endloop
  endfacet
  facet normal -1 0 0
    outer loop
      vertex -18 -25.3112 -24.337
      vertex -18 -15.4602 -12.6879
      vertex -18 -25.1515 -24.4125
    endloop
  endfacet
  facet normal -1 0 0
    outer loop
      vertex -18 -20 0
      vertex -18 -24.337 25.3112
      vertex -18 -24.2775 25.4775
    endloop
  endfacet
  facet normal -1 -0 0
    outer loop
      vertex -18 -15.4602 -12.6879
      vertex -18 -25.3112 -24.337
      vertex -18 -16.6294 -11.1114
    endloop
  endfacet
  facet normal -1 0 0
    outer loop
      vertex -18 -20 0
      vertex -18 -24.4125 25.1515
      vertex -18 -24.337 25.3112
    endloop
  endfacet
  facet normal -1 0 0
    outer loop
      vertex -18 -25.4775 -24.2775
      vertex -18 -16.6294 -11.1114
      vertex -18 -25.3112 -24.337
    endloop
  endfacet
  facet normal -1 0 0
    outer loop
      vertex -18 -20 0
      vertex -18 -24.5034 25
      vertex -18 -24.4125 25.1515
    endloop
  endfacet
  facet normal -1 0 0
    outer loop
      vertex -18 -25.6488 -24.2346
      vertex -18 -16.6294 -11.1114
      vertex -18 -25.4775 -24.2775
    endloop
  endfacet
  facet normal -1 0 0
    outer loop
      vertex -18 -20 0
      vertex -18 -24.6086 24.8581
      vertex -18 -24.5034 25
    endloop
  endfacet
  facet normal -1 0 0
    outer loop
      vertex -18 -25.8236 -24.2087
      vertex -18 -16.6294 -11.1114
      vertex -18 -25.6488 -24.2346
    endloop
  endfacet
  facet normal -1 0 0
    outer loop
      vertex -18 -20 0
      vertex -18 -24.7272 24.7272
      vertex -18 -24.6086 24.8581
    endloop
  endfacet
  facet normal -1 -0 0
    outer loop
      vertex -18 -16.6294 -11.1114
      vertex -18 -25.8236 -24.2087
      vertex -18 -17.6384 -9.42793
    endloop
  endfacet
  facet normal -1 0 0
    outer loop
      vertex -18 -20 0
      vertex -18 -24.8581 24.6086
      vertex -18 -24.7272 24.7272
    endloop
  endfacet
  facet normal -1 0 0
    outer loop
      vertex -18 -26 -24.2
      vertex -18 -17.6384 -9.42793
      vertex -18 -25.8236 -24.2087
    endloop
  endfacet
  facet normal -1 0 0
    outer loop
      vertex -18 -20 0
      vertex -18 -25 24.5034
      vertex -18 -24.8581 24.6086
    endloop
  endfacet
  facet normal -1 0 0
    outer loop
      vertex -18 -26.1764 -24.2087
      vertex -18 -17.6384 -9.42793
      vertex -18 -26 -24.2
    endloop
  endfacet
  facet normal -1 0 0
    outer loop
      vertex -18 -20 0
      vertex -18 -25.1515 24.4125
      vertex -18 -25 24.5034
    endloop
  endfacet
  facet normal -1 0 0
    outer loop
      vertex -18 -26.3512 -24.2346
      vertex -18 -17.6384 -9.42793
      vertex -18 -26.1764 -24.2087
    endloop
  endfacet
  facet normal -1 0 0
    outer loop
      vertex -18 -20 0
      vertex -18 -25.3112 24.337
      vertex -18 -25.1515 24.4125
    endloop
  endfacet
  facet normal -1 -0 0
    outer loop
      vertex -18 -17.6384 -9.42793
      vertex -18 -26.3512 -24.2346
      vertex -18 -18.4776 -7.65367
    endloop
  endfacet
  facet normal -1 0 0
    outer loop
      vertex -18 -20 0
      vertex -18 -25.4775 24.2775
      vertex -18 -25.3112 24.337
    endloop
  endfacet
  facet normal -1 0 0
    outer loop
      vertex -18 -32.5 -24
      vertex -18 -18.4776 -7.65367
      vertex -18 -26.3512 -24.2346
    endloop
  endfacet
  facet normal -1 0 0
    outer loop
      vertex -18 -20 0
      vertex -18 -25.6488 24.2346
      vertex -18 -25.4775 24.2775
    endloop
  endfacet
  facet normal -1 -0 0
    outer loop
      vertex -18 -18.4776 -7.65367
      vertex -18 -32.5 -24
      vertex -18 -19.1388 -5.80569
    endloop
  endfacet
  facet normal -1 0 0
    outer loop
      vertex -18 -20 0
      vertex -18 -25.8236 24.2087
      vertex -18 -25.6488 24.2346
    endloop
  endfacet
  facet normal -1 -0 0
    outer loop
      vertex -18 -19.1388 -5.80569
      vertex -18 -32.5 -24
      vertex -18 -19.6157 -3.90181
    endloop
  endfacet
  facet normal -1 0 0
    outer loop
      vertex -18 -20 0
      vertex -18 -26 24.2
      vertex -18 -25.8236 24.2087
    endloop
  endfacet
  facet normal -1 0 0
    outer loop
      vertex -18 -36.5 -24
      vertex -18 -19.6157 -3.90181
      vertex -18 -32.5 -24
    endloop
  endfacet
  facet normal -1 0 0
    outer loop
      vertex -18 -20 0
      vertex -18 -26.1764 24.2087
      vertex -18 -26 24.2
    endloop
  endfacet
  facet normal -1 -0 0
    outer loop
      vertex -18 -19.6157 -3.90181
      vertex -18 -36.5 -24
      vertex -18 -19.9037 -1.96034
    endloop
  endfacet
  facet normal -1 -0 0
    outer loop
      vertex -18 -19.9037 -1.96034
      vertex -18 -36.5 -24
      vertex -18 -20 0
    endloop
  endfacet
  facet normal -1 0 0
    outer loop
      vertex -18 -32.5 -24
      vertex -18 -26.3512 -24.2346
      vertex -18 -26.5225 -24.2775
    endloop
  endfacet
  facet normal -1 0 0
    outer loop
      vertex -18 -20 0
      vertex -18 -26.3512 24.2346
      vertex -18 -26.1764 24.2087
    endloop
  endfacet
  facet normal -1 0 0
    outer loop
      vertex -18 -32.5 -24
      vertex -18 -26.5225 -24.2775
      vertex -18 -26.6888 -24.337
    endloop
  endfacet
  facet normal -1 0 0
    outer loop
      vertex -18 -20 0
      vertex -18 -26.5225 24.2775
      vertex -18 -26.3512 24.2346
    endloop
  endfacet
  facet normal -1 0 0
    outer loop
      vertex -18 -32.5 -24
      vertex -18 -26.6888 -24.337
      vertex -18 -26.8485 -24.4125
    endloop
  endfacet
  facet normal -1 0 -0
    outer loop
      vertex -18 -27.3914 24.8581
      vertex -18 -20 0
      vertex -18 -36.5 -24
    endloop
  endfacet
  facet normal -1 0 0
    outer loop
      vertex -18 -32.5 -24
      vertex -18 -26.8485 -24.4125
      vertex -18 -27 -24.5034
    endloop
  endfacet
  facet normal -1 0 0
    outer loop
      vertex -18 -20 0
      vertex -18 -26.6888 24.337
      vertex -18 -26.5225 24.2775
    endloop
  endfacet
  facet normal -1 0 0
    outer loop
      vertex -18 -32.5 -24
      vertex -18 -27 -24.5034
      vertex -18 -27.1419 -24.6086
    endloop
  endfacet
  facet normal -1 0 0
    outer loop
      vertex -18 -20 0
      vertex -18 -26.8485 24.4125
      vertex -18 -26.6888 24.337
    endloop
  endfacet
  facet normal -1 0 0
    outer loop
      vertex -18 -32.5 -24
      vertex -18 -27.1419 -24.6086
      vertex -18 -27.2728 -24.7272
    endloop
  endfacet
  facet normal -1 0 0
    outer loop
      vertex -18 -20 0
      vertex -18 -27 24.5034
      vertex -18 -26.8485 24.4125
    endloop
  endfacet
  facet normal -1 0 0
    outer loop
      vertex -18 -32.5 -24
      vertex -18 -27.2728 -24.7272
      vertex -18 -27.3914 -24.8581
    endloop
  endfacet
  facet normal -1 0 0
    outer loop
      vertex -18 -20 0
      vertex -18 -27.1419 24.6086
      vertex -18 -27 24.5034
    endloop
  endfacet
  facet normal -1 0 0
    outer loop
      vertex -18 -32.5 -24
      vertex -18 -27.3914 -24.8581
      vertex -18 -27.4966 -25
    endloop
  endfacet
  facet normal -1 0 0
    outer loop
      vertex -18 -20 0
      vertex -18 -27.2728 24.7272
      vertex -18 -27.1419 24.6086
    endloop
  endfacet
  facet normal -1 0 0
    outer loop
      vertex -18 -32.5 -24
      vertex -18 -27.4966 -25
      vertex -18 -27.5875 -25.1515
    endloop
  endfacet
  facet normal -1 0 0
    outer loop
      vertex -18 -20 0
      vertex -18 -27.3914 24.8581
      vertex -18 -27.2728 24.7272
    endloop
  endfacet
  facet normal -1 0 0
    outer loop
      vertex -18 -32.5 -24
      vertex -18 -27.5875 -25.1515
      vertex -18 -27.663 -25.3112
    endloop
  endfacet
  facet normal -1 -0 0
    outer loop
      vertex -18 -27.3914 24.8581
      vertex -18 -36.5 -24
      vertex -18 -27.4966 25
    endloop
  endfacet
  facet normal -1 0 0
    outer loop
      vertex -18 -32.5 -24
      vertex -18 -27.663 -25.3112
      vertex -18 -27.7225 -25.4775
    endloop
  endfacet
  facet normal -1 -0 0
    outer loop
      vertex -18 -27.4966 25
      vertex -18 -36.5 -24
      vertex -18 -27.5875 25.1515
    endloop
  endfacet
  facet normal -1 0 0
    outer loop
      vertex -18 -32.5 -24
      vertex -18 -27.7225 -25.4775
      vertex -18 -27.7654 -25.6488
    endloop
  endfacet
  facet normal -1 0 0
    outer loop
      vertex -18 -36.5 36.5
      vertex -18 -27.5875 25.1515
      vertex -18 -36.5 -24
    endloop
  endfacet
  facet normal -1 0 0
    outer loop
      vertex -18 -32.5 -24
      vertex -18 -27.7654 -25.6488
      vertex -18 -27.7913 -25.8236
    endloop
  endfacet
  facet normal -1 0 0
    outer loop
      vertex -18 -27.5875 25.1515
      vertex -18 -36.5 36.5
      vertex -18 -27.663 25.3112
    endloop
  endfacet
  facet normal -1 0 0
    outer loop
      vertex -18 -32.5 -24
      vertex -18 -27.7913 -25.8236
      vertex -18 -27.8 -26
    endloop
  endfacet
  facet normal -1 0 0
    outer loop
      vertex -18 -27.663 25.3112
      vertex -18 -36.5 36.5
      vertex -18 -27.7225 25.4775
    endloop
  endfacet
  facet normal -1 0 0
    outer loop
      vertex -18 -24.2346 -26.3512
      vertex -18 -5.25 -24
      vertex -18 -5.25 -33
    endloop
  endfacet
  facet normal -1 0 0
    outer loop
      vertex -18 -5.25 -24
      vertex -18 -7.65367 -18.4776
      vertex -18 -5.80569 -19.1388
    endloop
  endfacet
  facet normal -1 0 0
    outer loop
      vertex -18 -5.25 -24
      vertex -18 -9.42793 -17.6384
      vertex -18 -7.65367 -18.4776
    endloop
  endfacet
  facet normal -1 0 -0
    outer loop
      vertex -18 -24.2 -26
      vertex -18 -5.25 -24
      vertex -18 -24.2087 -26.1764
    endloop
  endfacet
  facet normal -1 -0 0
    outer loop
      vertex -18 -5.25 -24
      vertex -18 -24.2 -26
      vertex -18 -9.42793 -17.6384
    endloop
  endfacet
  facet normal -1 -0 0
    outer loop
      vertex -18 -9.42793 -17.6384
      vertex -18 -24.2087 -25.8236
      vertex -18 -11.1114 -16.6294
    endloop
  endfacet
  facet normal -1 0 0
    outer loop
      vertex -18 -24.2346 -25.6488
      vertex -18 -11.1114 -16.6294
      vertex -18 -24.2087 -25.8236
    endloop
  endfacet
  facet normal -1 0 0
    outer loop
      vertex -18 -24.2775 -25.4775
      vertex -18 -11.1114 -16.6294
      vertex -18 -24.2346 -25.6488
    endloop
  endfacet
  facet normal -1 0 0
    outer loop
      vertex -18 -24.337 -25.3112
      vertex -18 -11.1114 -16.6294
      vertex -18 -24.2775 -25.4775
    endloop
  endfacet
  facet normal -1 0 0
    outer loop
      vertex -18 -24.7272 -24.7272
      vertex -18 -14.1421 -14.1421
      vertex -18 -24.6086 -24.8581
    endloop
  endfacet
  facet normal -1 0 0
    outer loop
      vertex -18 -24.6086 -24.8581
      vertex -18 -14.1421 -14.1421
      vertex -18 -24.5034 -25
    endloop
  endfacet
  facet normal -1 -0 0
    outer loop
      vertex -18 -12.6879 -15.4602
      vertex -18 -24.5034 -25
      vertex -18 -14.1421 -14.1421
    endloop
  endfacet
  facet normal -1 0 0
    outer loop
      vertex -18 -24.5034 -25
      vertex -18 -12.6879 -15.4602
      vertex -18 -24.4125 -25.1515
    endloop
  endfacet
  facet normal -1 0 0
    outer loop
      vertex -18 -24.4125 -25.1515
      vertex -18 -12.6879 -15.4602
      vertex -18 -24.337 -25.3112
    endloop
  endfacet
  facet normal -1 -0 0
    outer loop
      vertex -18 -11.1114 -16.6294
      vertex -18 -24.337 -25.3112
      vertex -18 -12.6879 -15.4602
    endloop
  endfacet
  facet normal -1 0 0
    outer loop
      vertex -18 -24.2087 -25.8236
      vertex -18 -9.42793 -17.6384
      vertex -18 -24.2 -26
    endloop
  endfacet
  facet normal -1 0 0
    outer loop
      vertex -18 -5.25 -24
      vertex -18 -24.2346 -26.3512
      vertex -18 -24.2087 -26.1764
    endloop
  endfacet
  facet normal -1 0 0
    outer loop
      vertex -18 -5.25 -33
      vertex -18 -24.2775 -26.5225
      vertex -18 -24.2346 -26.3512
    endloop
  endfacet
  facet normal -1 0 0
    outer loop
      vertex -18 -5.25 -33
      vertex -18 -24.337 -26.6888
      vertex -18 -24.2775 -26.5225
    endloop
  endfacet
  facet normal -1 0 0
    outer loop
      vertex -18 -5.25 -33
      vertex -18 -24.4125 -26.8485
      vertex -18 -24.337 -26.6888
    endloop
  endfacet
  facet normal -1 0 0
    outer loop
      vertex -18 -5.25 -33
      vertex -18 -24.5034 -27
      vertex -18 -24.4125 -26.8485
    endloop
  endfacet
  facet normal -1 0 0
    outer loop
      vertex -18 -5.25 -33
      vertex -18 -24.6086 -27.1419
      vertex -18 -24.5034 -27
    endloop
  endfacet
  facet normal -1 0 0
    outer loop
      vertex -18 -5.25 -33
      vertex -18 -24.7272 -27.2728
      vertex -18 -24.6086 -27.1419
    endloop
  endfacet
  facet normal -1 0 0
    outer loop
      vertex -18 -5.25 -33
      vertex -18 -24.8581 -27.3914
      vertex -18 -24.7272 -27.2728
    endloop
  endfacet
  facet normal -1 0 0
    outer loop
      vertex -18 -5.25 -33
      vertex -18 -25 -27.4966
      vertex -18 -24.8581 -27.3914
    endloop
  endfacet
  facet normal -1 0 0
    outer loop
      vertex -18 -5.25 -33
      vertex -18 -25.1515 -27.5875
      vertex -18 -25 -27.4966
    endloop
  endfacet
  facet normal -1 0 0
    outer loop
      vertex -18 -5.25 -33
      vertex -18 -25.3112 -27.663
      vertex -18 -25.1515 -27.5875
    endloop
  endfacet
  facet normal -1 0 0
    outer loop
      vertex -18 -32.5 -33
      vertex -18 -25.3112 -27.663
      vertex -18 -5.25 -33
    endloop
  endfacet
  facet normal -1 0 0
    outer loop
      vertex -18 -25.3112 -27.663
      vertex -18 -32.5 -33
      vertex -18 -25.4775 -27.7225
    endloop
  endfacet
  facet normal -1 0 0
    outer loop
      vertex -18 -25.4775 -27.7225
      vertex -18 -32.5 -33
      vertex -18 -25.6488 -27.7654
    endloop
  endfacet
  facet normal -1 0 0
    outer loop
      vertex -18 -25.6488 -27.7654
      vertex -18 -32.5 -33
      vertex -18 -25.8236 -27.7913
    endloop
  endfacet
  facet normal -1 0 0
    outer loop
      vertex -18 -25.8236 -27.7913
      vertex -18 -32.5 -33
      vertex -18 -26 -27.8
    endloop
  endfacet
  facet normal -1 -0 0
    outer loop
      vertex -18 -26 -27.8
      vertex -18 -32.5 -33
      vertex -18 -26.1764 -27.7913
    endloop
  endfacet
  facet normal -1 0 0
    outer loop
      vertex -18 -27.7913 -26.1764
      vertex -18 -32.5 -24
      vertex -18 -27.8 -26
    endloop
  endfacet
  facet normal -1 0 0
    outer loop
      vertex -18 -27.7654 -26.3512
      vertex -18 -32.5 -24
      vertex -18 -27.7913 -26.1764
    endloop
  endfacet
  facet normal -1 0 0
    outer loop
      vertex -18 -27.7225 -26.5225
      vertex -18 -32.5 -24
      vertex -18 -27.7654 -26.3512
    endloop
  endfacet
  facet normal -1 0 0
    outer loop
      vertex -18 -27.663 -26.6888
      vertex -18 -32.5 -24
      vertex -18 -27.7225 -26.5225
    endloop
  endfacet
  facet normal -1 0 0
    outer loop
      vertex -18 -32.5 -24
      vertex -18 -27.663 -26.6888
      vertex -18 -32.5 -33
    endloop
  endfacet
  facet normal -1 -0 0
    outer loop
      vertex -18 -27.5875 -26.8485
      vertex -18 -32.5 -33
      vertex -18 -27.663 -26.6888
    endloop
  endfacet
  facet normal -1 -0 0
    outer loop
      vertex -18 -27.4966 -27
      vertex -18 -32.5 -33
      vertex -18 -27.5875 -26.8485
    endloop
  endfacet
  facet normal -1 -0 0
    outer loop
      vertex -18 -27.3914 -27.1419
      vertex -18 -32.5 -33
      vertex -18 -27.4966 -27
    endloop
  endfacet
  facet normal -1 -0 0
    outer loop
      vertex -18 -27.2728 -27.2728
      vertex -18 -32.5 -33
      vertex -18 -27.3914 -27.1419
    endloop
  endfacet
  facet normal -1 -0 0
    outer loop
      vertex -18 -27.1419 -27.3914
      vertex -18 -32.5 -33
      vertex -18 -27.2728 -27.2728
    endloop
  endfacet
  facet normal -1 -0 0
    outer loop
      vertex -18 -27 -27.4966
      vertex -18 -32.5 -33
      vertex -18 -27.1419 -27.3914
    endloop
  endfacet
  facet normal -1 -0 0
    outer loop
      vertex -18 -26.8485 -27.5875
      vertex -18 -32.5 -33
      vertex -18 -27 -27.4966
    endloop
  endfacet
  facet normal -1 -0 0
    outer loop
      vertex -18 -26.6888 -27.663
      vertex -18 -32.5 -33
      vertex -18 -26.8485 -27.5875
    endloop
  endfacet
  facet normal -1 -0 0
    outer loop
      vertex -18 -26.5225 -27.7225
      vertex -18 -32.5 -33
      vertex -18 -26.6888 -27.663
    endloop
  endfacet
  facet normal -1 -0 0
    outer loop
      vertex -18 -26.3512 -27.7654
      vertex -18 -32.5 -33
      vertex -18 -26.5225 -27.7225
    endloop
  endfacet
  facet normal -1 -0 0
    outer loop
      vertex -18 -26.1764 -27.7913
      vertex -18 -32.5 -33
      vertex -18 -26.3512 -27.7654
    endloop
  endfacet
  facet normal -1 0 0
    outer loop
      vertex -18 27.7654 -25.6488
      vertex -18 32.5 -24
      vertex -18 27.7913 -25.8236
    endloop
  endfacet
  facet normal -1 0 0
    outer loop
      vertex -18 32.5 -24
      vertex -18 27.7913 25.8236
      vertex -18 27.8 26
    endloop
  endfacet
  facet normal -1 0 0
    outer loop
      vertex -18 27.7225 -25.4775
      vertex -18 32.5 -24
      vertex -18 27.7654 -25.6488
    endloop
  endfacet
  facet normal -1 0 0
    outer loop
      vertex -18 32.5 -24
      vertex -18 27.7654 25.6488
      vertex -18 27.7913 25.8236
    endloop
  endfacet
  facet normal -1 0 0
    outer loop
      vertex -18 27.663 -25.3112
      vertex -18 32.5 -24
      vertex -18 27.7225 -25.4775
    endloop
  endfacet
  facet normal -1 0 0
    outer loop
      vertex -18 32.5 -24
      vertex -18 27.7225 25.4775
      vertex -18 27.7654 25.6488
    endloop
  endfacet
  facet normal -1 0 0
    outer loop
      vertex -18 27.5875 -25.1515
      vertex -18 32.5 -24
      vertex -18 27.663 -25.3112
    endloop
  endfacet
  facet normal -1 0 0
    outer loop
      vertex -18 32.5 -24
      vertex -18 27.663 25.3112
      vertex -18 27.7225 25.4775
    endloop
  endfacet
  facet normal -1 0 0
    outer loop
      vertex -18 27.4966 -25
      vertex -18 32.5 -24
      vertex -18 27.5875 -25.1515
    endloop
  endfacet
  facet normal -1 0 0
    outer loop
      vertex -18 32.5 -24
      vertex -18 27.5875 25.1515
      vertex -18 27.663 25.3112
    endloop
  endfacet
  facet normal -1 0 0
    outer loop
      vertex -18 27.3914 -24.8581
      vertex -18 32.5 -24
      vertex -18 27.4966 -25
    endloop
  endfacet
  facet normal -1 0 0
    outer loop
      vertex -18 32.5 -24
      vertex -18 27.4966 25
      vertex -18 27.5875 25.1515
    endloop
  endfacet
  facet normal -1 0 0
    outer loop
      vertex -18 27.2728 -24.7272
      vertex -18 32.5 -24
      vertex -18 27.3914 -24.8581
    endloop
  endfacet
  facet normal -1 0 0
    outer loop
      vertex -18 19.9037 1.96034
      vertex -18 32.5 -24
      vertex -18 20 0
    endloop
  endfacet
  facet normal -1 0 0
    outer loop
      vertex -18 27.1419 -24.6086
      vertex -18 32.5 -24
      vertex -18 27.2728 -24.7272
    endloop
  endfacet
  facet normal -1 0 0
    outer loop
      vertex -18 32.5 -24
      vertex -18 27.3914 24.8581
      vertex -18 27.4966 25
    endloop
  endfacet
  facet normal -1 0 0
    outer loop
      vertex -18 27 -24.5034
      vertex -18 32.5 -24
      vertex -18 27.1419 -24.6086
    endloop
  endfacet
  facet normal -1 0 0
    outer loop
      vertex -18 32.5 -24
      vertex -18 19.9037 1.96034
      vertex -18 27.3914 24.8581
    endloop
  endfacet
  facet normal -1 0 0
    outer loop
      vertex -18 26.8485 -24.4125
      vertex -18 32.5 -24
      vertex -18 27 -24.5034
    endloop
  endfacet
  facet normal -1 0 0
    outer loop
      vertex -18 27.3914 24.8581
      vertex -18 19.9037 1.96034
      vertex -18 27.2728 24.7272
    endloop
  endfacet
  facet normal -1 0 0
    outer loop
      vertex -18 26.6888 -24.337
      vertex -18 32.5 -24
      vertex -18 26.8485 -24.4125
    endloop
  endfacet
  facet normal -1 0 0
    outer loop
      vertex -18 19.6157 3.90181
      vertex -18 27.2728 24.7272
      vertex -18 19.9037 1.96034
    endloop
  endfacet
  facet normal -1 0 0
    outer loop
      vertex -18 26.5225 -24.2775
      vertex -18 32.5 -24
      vertex -18 26.6888 -24.337
    endloop
  endfacet
  facet normal -1 0 0
    outer loop
      vertex -18 27.2728 24.7272
      vertex -18 19.6157 3.90181
      vertex -18 27.1419 24.6086
    endloop
  endfacet
  facet normal -1 0 0
    outer loop
      vertex -18 26.3512 -24.2346
      vertex -18 32.5 -24
      vertex -18 26.5225 -24.2775
    endloop
  endfacet
  facet normal -1 0 0
    outer loop
      vertex -18 27.1419 24.6086
      vertex -18 19.6157 3.90181
      vertex -18 27 24.5034
    endloop
  endfacet
  facet normal -1 -0 0
    outer loop
      vertex -18 32.5 -24
      vertex -18 26.3512 -24.2346
      vertex -18 18.4776 -7.65367
    endloop
  endfacet
  facet normal -1 0 0
    outer loop
      vertex -18 19.1388 5.80569
      vertex -18 27 24.5034
      vertex -18 19.6157 3.90181
    endloop
  endfacet
  facet normal -1 0 0
    outer loop
      vertex -18 17.6384 -9.42793
      vertex -18 26.3512 -24.2346
      vertex -18 26.1764 -24.2087
    endloop
  endfacet
  facet normal -1 0 0
    outer loop
      vertex -18 27 24.5034
      vertex -18 19.1388 5.80569
      vertex -18 26.8485 24.4125
    endloop
  endfacet
  facet normal -1 0 0
    outer loop
      vertex -18 17.6384 -9.42793
      vertex -18 26.1764 -24.2087
      vertex -18 26 -24.2
    endloop
  endfacet
  facet normal -1 0 0
    outer loop
      vertex -18 26.8485 24.4125
      vertex -18 19.1388 5.80569
      vertex -18 26.6888 24.337
    endloop
  endfacet
  facet normal -1 0 0
    outer loop
      vertex -18 17.6384 -9.42793
      vertex -18 26 -24.2
      vertex -18 25.8236 -24.2087
    endloop
  endfacet
  facet normal -1 0 0
    outer loop
      vertex -18 18.4776 7.65367
      vertex -18 26.6888 24.337
      vertex -18 19.1388 5.80569
    endloop
  endfacet
  facet normal -1 0 0
    outer loop
      vertex -18 16.6294 -11.1114
      vertex -18 25.8236 -24.2087
      vertex -18 25.6488 -24.2346
    endloop
  endfacet
  facet normal -1 0 0
    outer loop
      vertex -18 26.6888 24.337
      vertex -18 18.4776 7.65367
      vertex -18 26.5225 24.2775
    endloop
  endfacet
  facet normal -1 0 0
    outer loop
      vertex -18 16.6294 -11.1114
      vertex -18 25.6488 -24.2346
      vertex -18 25.4775 -24.2775
    endloop
  endfacet
  facet normal -1 0 0
    outer loop
      vertex -18 26.5225 24.2775
      vertex -18 18.4776 7.65367
      vertex -18 26.3512 24.2346
    endloop
  endfacet
  facet normal -1 0 0
    outer loop
      vertex -18 16.6294 -11.1114
      vertex -18 25.4775 -24.2775
      vertex -18 25.3112 -24.337
    endloop
  endfacet
  facet normal -1 0 0
    outer loop
      vertex -18 17.6384 9.42793
      vertex -18 26.3512 24.2346
      vertex -18 18.4776 7.65367
    endloop
  endfacet
  facet normal -1 0 0
    outer loop
      vertex -18 15.4602 -12.6879
      vertex -18 25.3112 -24.337
      vertex -18 25.1515 -24.4125
    endloop
  endfacet
  facet normal -1 0 0
    outer loop
      vertex -18 26.3512 24.2346
      vertex -18 17.6384 9.42793
      vertex -18 26.1764 24.2087
    endloop
  endfacet
  facet normal -1 0 0
    outer loop
      vertex -18 15.4602 -12.6879
      vertex -18 25.1515 -24.4125
      vertex -18 25 -24.5034
    endloop
  endfacet
  facet normal -1 0 0
    outer loop
      vertex -18 26.1764 24.2087
      vertex -18 17.6384 9.42793
      vertex -18 26 24.2
    endloop
  endfacet
  facet normal -1 0 0
    outer loop
      vertex -18 15.4602 -12.6879
      vertex -18 25 -24.5034
      vertex -18 24.8581 -24.6086
    endloop
  endfacet
  facet normal -1 -0 0
    outer loop
      vertex -18 26 24.2
      vertex -18 17.6384 9.42793
      vertex -18 25.8236 24.2087
    endloop
  endfacet
  facet normal -1 0 0
    outer loop
      vertex -18 14.1421 -14.1421
      vertex -18 24.8581 -24.6086
      vertex -18 24.7272 -24.7272
    endloop
  endfacet
  facet normal -1 0 0
    outer loop
      vertex -18 16.6294 11.1114
      vertex -18 25.8236 24.2087
      vertex -18 17.6384 9.42793
    endloop
  endfacet
  facet normal -1 0 0
    outer loop
      vertex -18 14.1421 -14.1421
      vertex -18 24.7272 -24.7272
      vertex -18 24.6086 -24.8581
    endloop
  endfacet
  facet normal -1 -0 0
    outer loop
      vertex -18 25.8236 24.2087
      vertex -18 16.6294 11.1114
      vertex -18 25.6488 24.2346
    endloop
  endfacet
  facet normal -1 0 0
    outer loop
      vertex -18 14.1421 -14.1421
      vertex -18 24.6086 -24.8581
      vertex -18 24.5034 -25
    endloop
  endfacet
  facet normal -1 -0 0
    outer loop
      vertex -18 25.6488 24.2346
      vertex -18 16.6294 11.1114
      vertex -18 25.4775 24.2775
    endloop
  endfacet
  facet normal -1 0 0
    outer loop
      vertex -18 12.6879 -15.4602
      vertex -18 24.5034 -25
      vertex -18 24.4125 -25.1515
    endloop
  endfacet
  facet normal -1 -0 0
    outer loop
      vertex -18 25.4775 24.2775
      vertex -18 16.6294 11.1114
      vertex -18 25.3112 24.337
    endloop
  endfacet
  facet normal -1 0 0
    outer loop
      vertex -18 12.6879 -15.4602
      vertex -18 24.4125 -25.1515
      vertex -18 24.337 -25.3112
    endloop
  endfacet
  facet normal -1 0 0
    outer loop
      vertex -18 15.4602 12.6879
      vertex -18 25.3112 24.337
      vertex -18 16.6294 11.1114
    endloop
  endfacet
  facet normal -1 0 0
    outer loop
      vertex -18 11.1114 -16.6294
      vertex -18 24.337 -25.3112
      vertex -18 24.2775 -25.4775
    endloop
  endfacet
  facet normal -1 -0 0
    outer loop
      vertex -18 25.3112 24.337
      vertex -18 15.4602 12.6879
      vertex -18 25.1515 24.4125
    endloop
  endfacet
  facet normal -1 0 0
    outer loop
      vertex -18 11.1114 -16.6294
      vertex -18 24.2775 -25.4775
      vertex -18 24.2346 -25.6488
    endloop
  endfacet
  facet normal -1 -0 0
    outer loop
      vertex -18 25.1515 24.4125
      vertex -18 15.4602 12.6879
      vertex -18 25 24.5034
    endloop
  endfacet
  facet normal -1 0 0
    outer loop
      vertex -18 11.1114 -16.6294
      vertex -18 24.2346 -25.6488
      vertex -18 24.2087 -25.8236
    endloop
  endfacet
  facet normal -1 -0 0
    outer loop
      vertex -18 25 24.5034
      vertex -18 15.4602 12.6879
      vertex -18 24.8581 24.6086
    endloop
  endfacet
  facet normal -1 0 0
    outer loop
      vertex -18 9.42793 -17.6384
      vertex -18 24.2087 -25.8236
      vertex -18 24.2 -26
    endloop
  endfacet
  facet normal -1 0 0
    outer loop
      vertex -18 14.1421 14.1421
      vertex -18 24.8581 24.6086
      vertex -18 15.4602 12.6879
    endloop
  endfacet
  facet normal -1 0 0
    outer loop
      vertex -18 27.663 -26.6888
      vertex -18 32.5 -24
      vertex -18 32.5 -33
    endloop
  endfacet
  facet normal -1 0 0
    outer loop
      vertex -18 32.5 -24
      vertex -18 27.7913 -26.1764
      vertex -18 27.8 -26
    endloop
  endfacet
  facet normal -1 0 0
    outer loop
      vertex -18 32.5 -24
      vertex -18 27.7654 -26.3512
      vertex -18 27.7913 -26.1764
    endloop
  endfacet
  facet normal -1 0 0
    outer loop
      vertex -18 32.5 -24
      vertex -18 27.7225 -26.5225
      vertex -18 27.7654 -26.3512
    endloop
  endfacet
  facet normal -1 0 0
    outer loop
      vertex -18 32.5 -24
      vertex -18 27.663 -26.6888
      vertex -18 27.7225 -26.5225
    endloop
  endfacet
  facet normal -1 0 0
    outer loop
      vertex -18 32.5 -33
      vertex -18 27.5875 -26.8485
      vertex -18 27.663 -26.6888
    endloop
  endfacet
  facet normal -1 0 0
    outer loop
      vertex -18 32.5 -33
      vertex -18 27.4966 -27
      vertex -18 27.5875 -26.8485
    endloop
  endfacet
  facet normal -1 0 0
    outer loop
      vertex -18 32.5 -33
      vertex -18 27.3914 -27.1419
      vertex -18 27.4966 -27
    endloop
  endfacet
  facet normal -1 0 0
    outer loop
      vertex -18 32.5 -33
      vertex -18 27.2728 -27.2728
      vertex -18 27.3914 -27.1419
    endloop
  endfacet
  facet normal -1 0 0
    outer loop
      vertex -18 32.5 -33
      vertex -18 27.1419 -27.3914
      vertex -18 27.2728 -27.2728
    endloop
  endfacet
  facet normal -1 0 0
    outer loop
      vertex -18 32.5 -33
      vertex -18 27 -27.4966
      vertex -18 27.1419 -27.3914
    endloop
  endfacet
  facet normal -1 0 0
    outer loop
      vertex -18 32.5 -33
      vertex -18 26.8485 -27.5875
      vertex -18 27 -27.4966
    endloop
  endfacet
  facet normal -1 0 0
    outer loop
      vertex -18 32.5 -33
      vertex -18 26.6888 -27.663
      vertex -18 26.8485 -27.5875
    endloop
  endfacet
  facet normal -1 0 0
    outer loop
      vertex -18 32.5 -33
      vertex -18 26.5225 -27.7225
      vertex -18 26.6888 -27.663
    endloop
  endfacet
  facet normal -1 0 0
    outer loop
      vertex -18 32.5 -33
      vertex -18 26.3512 -27.7654
      vertex -18 26.5225 -27.7225
    endloop
  endfacet
  facet normal -1 0 0
    outer loop
      vertex -18 32.5 -33
      vertex -18 26.1764 -27.7913
      vertex -18 26.3512 -27.7654
    endloop
  endfacet
  facet normal -1 0 0
    outer loop
      vertex -18 32.5 -33
      vertex -18 26 -27.8
      vertex -18 26.1764 -27.7913
    endloop
  endfacet
  facet normal -1 0 0
    outer loop
      vertex -18 32.5 -33
      vertex -18 25.8236 -27.7913
      vertex -18 26 -27.8
    endloop
  endfacet
  facet normal -1 0 0
    outer loop
      vertex -18 32.5 -33
      vertex -18 25.6488 -27.7654
      vertex -18 25.8236 -27.7913
    endloop
  endfacet
  facet normal -1 0 0
    outer loop
      vertex -18 32.5 -33
      vertex -18 25.4775 -27.7225
      vertex -18 25.6488 -27.7654
    endloop
  endfacet
  facet normal -1 0 0
    outer loop
      vertex -18 32.5 -33
      vertex -18 25.3112 -27.663
      vertex -18 25.4775 -27.7225
    endloop
  endfacet
  facet normal -1 0 0
    outer loop
      vertex -18 5.25 -33
      vertex -18 25.3112 -27.663
      vertex -18 32.5 -33
    endloop
  endfacet
  facet normal -1 -0 0
    outer loop
      vertex -18 25.3112 -27.663
      vertex -18 5.25 -33
      vertex -18 25.1515 -27.5875
    endloop
  endfacet
  facet normal -1 -0 0
    outer loop
      vertex -18 24.8581 24.6086
      vertex -18 14.1421 14.1421
      vertex -18 24.7272 24.7272
    endloop
  endfacet
  facet normal -1 0 0
    outer loop
      vertex -18 5.25 -24
      vertex -18 24.2 -26
      vertex -18 24.2087 -26.1764
    endloop
  endfacet
  facet normal -1 0 0
    outer loop
      vertex -18 5.25 -24
      vertex -18 24.2087 -26.1764
      vertex -18 24.2346 -26.3512
    endloop
  endfacet
  facet normal -1 0 0
    outer loop
      vertex -18 32.5 -24
      vertex -18 19.9037 -1.96034
      vertex -18 20 0
    endloop
  endfacet
  facet normal -1 0 0
    outer loop
      vertex -18 32.5 -24
      vertex -18 19.6157 -3.90181
      vertex -18 19.9037 -1.96034
    endloop
  endfacet
  facet normal -1 0 0
    outer loop
      vertex -18 32.5 -24
      vertex -18 19.1388 -5.80569
      vertex -18 19.6157 -3.90181
    endloop
  endfacet
  facet normal -1 0 0
    outer loop
      vertex -18 32.5 -24
      vertex -18 18.4776 -7.65367
      vertex -18 19.1388 -5.80569
    endloop
  endfacet
  facet normal -1 0 0
    outer loop
      vertex -18 5.25 -33
      vertex -18 24.2346 -26.3512
      vertex -18 24.2775 -26.5225
    endloop
  endfacet
  facet normal -1 0 0
    outer loop
      vertex -18 26.3512 -24.2346
      vertex -18 17.6384 -9.42793
      vertex -18 18.4776 -7.65367
    endloop
  endfacet
  facet normal -1 0 0
    outer loop
      vertex -18 5.25 -33
      vertex -18 24.2775 -26.5225
      vertex -18 24.337 -26.6888
    endloop
  endfacet
  facet normal -1 0 0
    outer loop
      vertex -18 25.8236 -24.2087
      vertex -18 16.6294 -11.1114
      vertex -18 17.6384 -9.42793
    endloop
  endfacet
  facet normal -1 0 0
    outer loop
      vertex -18 5.25 -33
      vertex -18 24.337 -26.6888
      vertex -18 24.4125 -26.8485
    endloop
  endfacet
  facet normal -1 0 0
    outer loop
      vertex -18 25.3112 -24.337
      vertex -18 15.4602 -12.6879
      vertex -18 16.6294 -11.1114
    endloop
  endfacet
  facet normal -1 0 0
    outer loop
      vertex -18 5.25 -33
      vertex -18 24.4125 -26.8485
      vertex -18 24.5034 -27
    endloop
  endfacet
  facet normal -1 0 0
    outer loop
      vertex -18 24.8581 -24.6086
      vertex -18 14.1421 -14.1421
      vertex -18 15.4602 -12.6879
    endloop
  endfacet
  facet normal -1 0 0
    outer loop
      vertex -18 5.25 -33
      vertex -18 24.5034 -27
      vertex -18 24.6086 -27.1419
    endloop
  endfacet
  facet normal -1 0 0
    outer loop
      vertex -18 24.5034 -25
      vertex -18 12.6879 -15.4602
      vertex -18 14.1421 -14.1421
    endloop
  endfacet
  facet normal -1 0 0
    outer loop
      vertex -18 5.25 -33
      vertex -18 24.6086 -27.1419
      vertex -18 24.7272 -27.2728
    endloop
  endfacet
  facet normal -1 0 0
    outer loop
      vertex -18 24.337 -25.3112
      vertex -18 11.1114 -16.6294
      vertex -18 12.6879 -15.4602
    endloop
  endfacet
  facet normal -1 0 0
    outer loop
      vertex -18 5.25 -33
      vertex -18 24.7272 -27.2728
      vertex -18 24.8581 -27.3914
    endloop
  endfacet
  facet normal -1 0 0
    outer loop
      vertex -18 24.2087 -25.8236
      vertex -18 9.42793 -17.6384
      vertex -18 11.1114 -16.6294
    endloop
  endfacet
  facet normal -1 0 0
    outer loop
      vertex -18 5.25 -33
      vertex -18 24.8581 -27.3914
      vertex -18 25 -27.4966
    endloop
  endfacet
  facet normal -1 -0 0
    outer loop
      vertex -18 25.1515 -27.5875
      vertex -18 5.25 -33
      vertex -18 25 -27.4966
    endloop
  endfacet
  facet normal -1 0 0
    outer loop
      vertex -18 24.2 -26
      vertex -18 5.25 -24
      vertex -18 9.42793 -17.6384
    endloop
  endfacet
  facet normal -1 0 0
    outer loop
      vertex -18 9.42793 -17.6384
      vertex -18 5.25 -24
      vertex -18 7.65367 -18.4776
    endloop
  endfacet
  facet normal -1 -0 0
    outer loop
      vertex -18 24.2346 -26.3512
      vertex -18 5.25 -33
      vertex -18 5.25 -24
    endloop
  endfacet
  facet normal -1 0 0
    outer loop
      vertex -18 7.65367 -18.4776
      vertex -18 5.25 -24
      vertex -18 5.80569 -19.1388
    endloop
  endfacet
  facet normal -1 0 0
    outer loop
      vertex -18 5.25 -24
      vertex -18 3.90181 -19.6157
      vertex -18 5.80569 -19.1388
    endloop
  endfacet
  facet normal -1 0 0
    outer loop
      vertex -18 5.25 -24
      vertex -18 1.96034 -19.9037
      vertex -18 3.90181 -19.6157
    endloop
  endfacet
  facet normal -1 0 0
    outer loop
      vertex -18 5.25 -24
      vertex -18 0 -20
      vertex -18 1.96034 -19.9037
    endloop
  endfacet
  facet normal -1 0 0
    outer loop
      vertex -18 -5.25 -24
      vertex -18 0 -20
      vertex -18 5.25 -24
    endloop
  endfacet
  facet normal -1 -0 0
    outer loop
      vertex -18 0 -20
      vertex -18 -5.25 -24
      vertex -18 -1.96034 -19.9037
    endloop
  endfacet
  facet normal -1 -0 0
    outer loop
      vertex -18 -1.96034 -19.9037
      vertex -18 -5.25 -24
      vertex -18 -3.90181 -19.6157
    endloop
  endfacet
  facet normal -1 -0 0
    outer loop
      vertex -18 -3.90181 -19.6157
      vertex -18 -5.25 -24
      vertex -18 -5.80569 -19.1388
    endloop
  endfacet
  facet normal -1 0 0
    outer loop
      vertex -18 27.8 26
      vertex -18 36.5 -24
      vertex -18 32.5 -24
    endloop
  endfacet
  facet normal -1 0 0
    outer loop
      vertex -18 27.7913 -25.8236
      vertex -18 32.5 -24
      vertex -18 27.8 -26
    endloop
  endfacet
  facet normal -1 0 0
    outer loop
      vertex -18 36.5 -24
      vertex -18 27.8 26
      vertex -18 36.5 36.5
    endloop
  endfacet
  facet normal -1 0 0
    outer loop
      vertex -18 27.7913 26.1764
      vertex -18 36.5 36.5
      vertex -18 27.8 26
    endloop
  endfacet
  facet normal -1 0 0
    outer loop
      vertex -18 27.7654 26.3512
      vertex -18 36.5 36.5
      vertex -18 27.7913 26.1764
    endloop
  endfacet
  facet normal -1 0 0
    outer loop
      vertex -18 27.7225 26.5225
      vertex -18 36.5 36.5
      vertex -18 27.7654 26.3512
    endloop
  endfacet
  facet normal -1 0 0
    outer loop
      vertex -18 27.663 26.6888
      vertex -18 36.5 36.5
      vertex -18 27.7225 26.5225
    endloop
  endfacet
  facet normal -1 0 0
    outer loop
      vertex -18 27.5875 26.8485
      vertex -18 36.5 36.5
      vertex -18 27.663 26.6888
    endloop
  endfacet
  facet normal -1 0 0
    outer loop
      vertex -18 27.4966 27
      vertex -18 36.5 36.5
      vertex -18 27.5875 26.8485
    endloop
  endfacet
  facet normal -1 0 0
    outer loop
      vertex -18 27.3914 27.1419
      vertex -18 36.5 36.5
      vertex -18 27.4966 27
    endloop
  endfacet
  facet normal -1 0 0
    outer loop
      vertex -18 27.2728 27.2728
      vertex -18 36.5 36.5
      vertex -18 27.3914 27.1419
    endloop
  endfacet
  facet normal -1 0 0
    outer loop
      vertex -18 27.1419 27.3914
      vertex -18 36.5 36.5
      vertex -18 27.2728 27.2728
    endloop
  endfacet
  facet normal -1 0 0
    outer loop
      vertex -18 27 27.4966
      vertex -18 36.5 36.5
      vertex -18 27.1419 27.3914
    endloop
  endfacet
  facet normal -1 0 0
    outer loop
      vertex -18 26.8485 27.5875
      vertex -18 36.5 36.5
      vertex -18 27 27.4966
    endloop
  endfacet
  facet normal -1 0 0
    outer loop
      vertex -18 26.6888 27.663
      vertex -18 36.5 36.5
      vertex -18 26.8485 27.5875
    endloop
  endfacet
  facet normal -1 0 0
    outer loop
      vertex -18 26.5225 27.7225
      vertex -18 36.5 36.5
      vertex -18 26.6888 27.663
    endloop
  endfacet
  facet normal -1 0 0
    outer loop
      vertex -18 26.3512 27.7654
      vertex -18 36.5 36.5
      vertex -18 26.5225 27.7225
    endloop
  endfacet
  facet normal -1 0 0
    outer loop
      vertex -18 26.1764 27.7913
      vertex -18 36.5 36.5
      vertex -18 26.3512 27.7654
    endloop
  endfacet
  facet normal -1 0 0
    outer loop
      vertex -18 26 27.8
      vertex -18 36.5 36.5
      vertex -18 26.1764 27.7913
    endloop
  endfacet
  facet normal -1 0 0
    outer loop
      vertex -18 25.8236 27.7913
      vertex -18 36.5 36.5
      vertex -18 26 27.8
    endloop
  endfacet
  facet normal -1 0 0
    outer loop
      vertex -18 25.6488 27.7654
      vertex -18 36.5 36.5
      vertex -18 25.8236 27.7913
    endloop
  endfacet
  facet normal -1 0 0
    outer loop
      vertex -18 25.4775 27.7225
      vertex -18 36.5 36.5
      vertex -18 25.6488 27.7654
    endloop
  endfacet
  facet normal -1 0 0
    outer loop
      vertex -18 25.3112 27.663
      vertex -18 36.5 36.5
      vertex -18 25.4775 27.7225
    endloop
  endfacet
  facet normal -1 0 0
    outer loop
      vertex -18 25.1515 27.5875
      vertex -18 36.5 36.5
      vertex -18 25.3112 27.663
    endloop
  endfacet
  facet normal -1 0 0
    outer loop
      vertex -18 -25.1515 27.5875
      vertex -18 25.1515 27.5875
      vertex -18 25 27.4966
    endloop
  endfacet
  facet normal -1 0 0
    outer loop
      vertex -18 0 20
      vertex -18 25 27.4966
      vertex -18 24.8581 27.3914
    endloop
  endfacet
  facet normal -1 -0 0
    outer loop
      vertex -18 24.7272 24.7272
      vertex -18 14.1421 14.1421
      vertex -18 24.6086 24.8581
    endloop
  endfacet
  facet normal -1 -0 0
    outer loop
      vertex -18 24.6086 24.8581
      vertex -18 14.1421 14.1421
      vertex -18 24.5034 25
    endloop
  endfacet
  facet normal -1 0 0
    outer loop
      vertex -18 12.6879 15.4602
      vertex -18 24.5034 25
      vertex -18 14.1421 14.1421
    endloop
  endfacet
  facet normal -1 -0 0
    outer loop
      vertex -18 24.5034 25
      vertex -18 12.6879 15.4602
      vertex -18 24.4125 25.1515
    endloop
  endfacet
  facet normal -1 -0 0
    outer loop
      vertex -18 24.4125 25.1515
      vertex -18 12.6879 15.4602
      vertex -18 24.337 25.3112
    endloop
  endfacet
  facet normal -1 0 0
    outer loop
      vertex -18 11.1114 16.6294
      vertex -18 24.337 25.3112
      vertex -18 12.6879 15.4602
    endloop
  endfacet
  facet normal -1 -0 0
    outer loop
      vertex -18 24.337 25.3112
      vertex -18 11.1114 16.6294
      vertex -18 24.2775 25.4775
    endloop
  endfacet
  facet normal -1 -0 0
    outer loop
      vertex -18 24.2775 25.4775
      vertex -18 11.1114 16.6294
      vertex -18 24.2346 25.6488
    endloop
  endfacet
  facet normal -1 -0 0
    outer loop
      vertex -18 24.2346 25.6488
      vertex -18 11.1114 16.6294
      vertex -18 24.2087 25.8236
    endloop
  endfacet
  facet normal -1 0 0
    outer loop
      vertex -18 9.42793 17.6384
      vertex -18 24.2087 25.8236
      vertex -18 11.1114 16.6294
    endloop
  endfacet
  facet normal -1 -0 0
    outer loop
      vertex -18 24.2087 25.8236
      vertex -18 9.42793 17.6384
      vertex -18 24.2 26
    endloop
  endfacet
  facet normal -1 -0 0
    outer loop
      vertex -18 24.2 26
      vertex -18 9.42793 17.6384
      vertex -18 24.2087 26.1764
    endloop
  endfacet
  facet normal -1 -0 0
    outer loop
      vertex -18 24.2087 26.1764
      vertex -18 9.42793 17.6384
      vertex -18 24.2346 26.3512
    endloop
  endfacet
  facet normal -1 0 0
    outer loop
      vertex -18 7.65367 18.4776
      vertex -18 24.2346 26.3512
      vertex -18 9.42793 17.6384
    endloop
  endfacet
  facet normal -1 -0 0
    outer loop
      vertex -18 24.2346 26.3512
      vertex -18 7.65367 18.4776
      vertex -18 24.2775 26.5225
    endloop
  endfacet
  facet normal -1 -0 0
    outer loop
      vertex -18 24.2775 26.5225
      vertex -18 7.65367 18.4776
      vertex -18 24.337 26.6888
    endloop
  endfacet
  facet normal -1 0 0
    outer loop
      vertex -18 5.80569 19.1388
      vertex -18 24.337 26.6888
      vertex -18 7.65367 18.4776
    endloop
  endfacet
  facet normal -1 -0 0
    outer loop
      vertex -18 24.337 26.6888
      vertex -18 5.80569 19.1388
      vertex -18 24.4125 26.8485
    endloop
  endfacet
  facet normal -1 -0 0
    outer loop
      vertex -18 24.4125 26.8485
      vertex -18 5.80569 19.1388
      vertex -18 24.5034 27
    endloop
  endfacet
  facet normal -1 0 0
    outer loop
      vertex -18 3.90181 19.6157
      vertex -18 24.5034 27
      vertex -18 5.80569 19.1388
    endloop
  endfacet
  facet normal -1 -0 0
    outer loop
      vertex -18 24.5034 27
      vertex -18 3.90181 19.6157
      vertex -18 24.6086 27.1419
    endloop
  endfacet
  facet normal -1 -0 0
    outer loop
      vertex -18 24.6086 27.1419
      vertex -18 3.90181 19.6157
      vertex -18 24.7272 27.2728
    endloop
  endfacet
  facet normal -1 0 0
    outer loop
      vertex -18 1.96034 19.9037
      vertex -18 24.7272 27.2728
      vertex -18 3.90181 19.6157
    endloop
  endfacet
  facet normal -1 -0 0
    outer loop
      vertex -18 24.7272 27.2728
      vertex -18 1.96034 19.9037
      vertex -18 24.8581 27.3914
    endloop
  endfacet
  facet normal -1 0 0
    outer loop
      vertex -18 0 20
      vertex -18 24.8581 27.3914
      vertex -18 1.96034 19.9037
    endloop
  endfacet
  facet normal -1 -0 0
    outer loop
      vertex -18 25 27.4966
      vertex -18 0 20
      vertex -18 -25 27.4966
    endloop
  endfacet
  facet normal -1 0 0
    outer loop
      vertex -18 -24.8581 27.3914
      vertex -18 0 20
      vertex -18 -1.96034 19.9037
    endloop
  endfacet
  facet normal -1 0 0
    outer loop
      vertex -18 -24.7272 27.2728
      vertex -18 -1.96034 19.9037
      vertex -18 -3.90181 19.6157
    endloop
  endfacet
  facet normal -1 0 0
    outer loop
      vertex -18 -24.5034 27
      vertex -18 -3.90181 19.6157
      vertex -18 -5.80569 19.1388
    endloop
  endfacet
  facet normal -1 0 0
    outer loop
      vertex -18 -24.337 26.6888
      vertex -18 -5.80569 19.1388
      vertex -18 -7.65367 18.4776
    endloop
  endfacet
  facet normal -1 0 0
    outer loop
      vertex -18 -24.8581 -24.6086
      vertex -18 -14.1421 -14.1421
      vertex -18 -24.7272 -24.7272
    endloop
  endfacet
  facet normal -1 0 0
    outer loop
      vertex -18 -20 0
      vertex -18 -24.2 26
      vertex -18 -19.9037 1.96034
    endloop
  endfacet
  facet normal -1 0 0
    outer loop
      vertex -18 -19.9037 1.96034
      vertex -18 -24.2 26
      vertex -18 -19.6157 3.90181
    endloop
  endfacet
  facet normal -1 0 0
    outer loop
      vertex -18 -24.2 26
      vertex -18 -19.1388 5.80569
      vertex -18 -19.6157 3.90181
    endloop
  endfacet
  facet normal -1 0 0
    outer loop
      vertex -18 -24.2 26
      vertex -18 -18.4776 7.65367
      vertex -18 -19.1388 5.80569
    endloop
  endfacet
  facet normal -1 0 0
    outer loop
      vertex -18 -24.2 26
      vertex -18 -17.6384 9.42793
      vertex -18 -18.4776 7.65367
    endloop
  endfacet
  facet normal -1 0 0
    outer loop
      vertex -18 -24.2 26
      vertex -18 -16.6294 11.1114
      vertex -18 -17.6384 9.42793
    endloop
  endfacet
  facet normal -1 0 0
    outer loop
      vertex -18 -24.2 26
      vertex -18 -15.4602 12.6879
      vertex -18 -16.6294 11.1114
    endloop
  endfacet
  facet normal -1 0 0
    outer loop
      vertex -18 -24.2 26
      vertex -18 -14.1421 14.1421
      vertex -18 -15.4602 12.6879
    endloop
  endfacet
  facet normal -1 0 0
    outer loop
      vertex -18 -24.2 26
      vertex -18 -12.6879 15.4602
      vertex -18 -14.1421 14.1421
    endloop
  endfacet
  facet normal -1 0 0
    outer loop
      vertex -18 -24.2 26
      vertex -18 -11.1114 16.6294
      vertex -18 -12.6879 15.4602
    endloop
  endfacet
  facet normal -1 0 0
    outer loop
      vertex -18 -24.2 26
      vertex -18 -9.42793 17.6384
      vertex -18 -11.1114 16.6294
    endloop
  endfacet
  facet normal -1 0 0
    outer loop
      vertex -18 -24.2087 26.1764
      vertex -18 -9.42793 17.6384
      vertex -18 -24.2 26
    endloop
  endfacet
  facet normal -1 0 0
    outer loop
      vertex -18 -24.2346 26.3512
      vertex -18 -9.42793 17.6384
      vertex -18 -24.2087 26.1764
    endloop
  endfacet
  facet normal -1 0 0
    outer loop
      vertex -18 -9.42793 17.6384
      vertex -18 -24.2346 26.3512
      vertex -18 -7.65367 18.4776
    endloop
  endfacet
  facet normal -1 0 0
    outer loop
      vertex -18 -24.2775 26.5225
      vertex -18 -7.65367 18.4776
      vertex -18 -24.2346 26.3512
    endloop
  endfacet
  facet normal -1 0 0
    outer loop
      vertex -18 -24.337 26.6888
      vertex -18 -7.65367 18.4776
      vertex -18 -24.2775 26.5225
    endloop
  endfacet
  facet normal -1 0 0
    outer loop
      vertex -18 -5.80569 19.1388
      vertex -18 -24.337 26.6888
      vertex -18 -24.4125 26.8485
    endloop
  endfacet
  facet normal -1 0 0
    outer loop
      vertex -18 -5.80569 19.1388
      vertex -18 -24.4125 26.8485
      vertex -18 -24.5034 27
    endloop
  endfacet
  facet normal -1 0 0
    outer loop
      vertex -18 -3.90181 19.6157
      vertex -18 -24.5034 27
      vertex -18 -24.6086 27.1419
    endloop
  endfacet
  facet normal -1 0 0
    outer loop
      vertex -18 -3.90181 19.6157
      vertex -18 -24.6086 27.1419
      vertex -18 -24.7272 27.2728
    endloop
  endfacet
  facet normal -1 0 0
    outer loop
      vertex -18 -1.96034 19.9037
      vertex -18 -24.7272 27.2728
      vertex -18 -24.8581 27.3914
    endloop
  endfacet
  facet normal -1 0 0
    outer loop
      vertex -18 0 20
      vertex -18 -24.8581 27.3914
      vertex -18 -25 27.4966
    endloop
  endfacet
  facet normal -1 0 0
    outer loop
      vertex -18 25 27.4966
      vertex -18 -25 27.4966
      vertex -18 -25.1515 27.5875
    endloop
  endfacet
  facet normal -1 0 0
    outer loop
      vertex -18 25.1515 27.5875
      vertex -18 -25.1515 27.5875
      vertex -18 36.5 36.5
    endloop
  endfacet
  facet normal -1 0 0
    outer loop
      vertex -18 -36.5 36.5
      vertex -18 -25.1515 27.5875
      vertex -18 -25.3112 27.663
    endloop
  endfacet
  facet normal -1 0 0
    outer loop
      vertex -18 -36.5 36.5
      vertex -18 -25.3112 27.663
      vertex -18 -25.4775 27.7225
    endloop
  endfacet
  facet normal -1 0 0
    outer loop
      vertex -18 -36.5 36.5
      vertex -18 -25.4775 27.7225
      vertex -18 -25.6488 27.7654
    endloop
  endfacet
  facet normal -1 0 0
    outer loop
      vertex -18 -36.5 36.5
      vertex -18 -25.6488 27.7654
      vertex -18 -25.8236 27.7913
    endloop
  endfacet
  facet normal -1 0 0
    outer loop
      vertex -18 -36.5 36.5
      vertex -18 -25.8236 27.7913
      vertex -18 -26 27.8
    endloop
  endfacet
  facet normal -1 0 0
    outer loop
      vertex -18 -36.5 36.5
      vertex -18 -26 27.8
      vertex -18 -26.1764 27.7913
    endloop
  endfacet
  facet normal -1 0 0
    outer loop
      vertex -18 -27.7225 25.4775
      vertex -18 -36.5 36.5
      vertex -18 -27.7654 25.6488
    endloop
  endfacet
  facet normal -1 0 0
    outer loop
      vertex -18 -27.7654 25.6488
      vertex -18 -36.5 36.5
      vertex -18 -27.7913 25.8236
    endloop
  endfacet
  facet normal -1 0 0
    outer loop
      vertex -18 -27.7913 25.8236
      vertex -18 -36.5 36.5
      vertex -18 -27.8 26
    endloop
  endfacet
  facet normal -1 0 0
    outer loop
      vertex -18 -27.8 26
      vertex -18 -36.5 36.5
      vertex -18 -27.7913 26.1764
    endloop
  endfacet
  facet normal -1 0 0
    outer loop
      vertex -18 -25.1515 27.5875
      vertex -18 -36.5 36.5
      vertex -18 36.5 36.5
    endloop
  endfacet
  facet normal -1 0 0
    outer loop
      vertex -18 -26.3512 27.7654
      vertex -18 -36.5 36.5
      vertex -18 -26.1764 27.7913
    endloop
  endfacet
  facet normal -1 0 0
    outer loop
      vertex -18 -26.5225 27.7225
      vertex -18 -36.5 36.5
      vertex -18 -26.3512 27.7654
    endloop
  endfacet
  facet normal -1 0 0
    outer loop
      vertex -18 -26.6888 27.663
      vertex -18 -36.5 36.5
      vertex -18 -26.5225 27.7225
    endloop
  endfacet
  facet normal -1 0 0
    outer loop
      vertex -18 -26.8485 27.5875
      vertex -18 -36.5 36.5
      vertex -18 -26.6888 27.663
    endloop
  endfacet
  facet normal -1 0 0
    outer loop
      vertex -18 -27 27.4966
      vertex -18 -36.5 36.5
      vertex -18 -26.8485 27.5875
    endloop
  endfacet
  facet normal -1 0 0
    outer loop
      vertex -18 -27.1419 27.3914
      vertex -18 -36.5 36.5
      vertex -18 -27 27.4966
    endloop
  endfacet
  facet normal -1 0 0
    outer loop
      vertex -18 -27.2728 27.2728
      vertex -18 -36.5 36.5
      vertex -18 -27.1419 27.3914
    endloop
  endfacet
  facet normal -1 0 0
    outer loop
      vertex -18 -27.3914 27.1419
      vertex -18 -36.5 36.5
      vertex -18 -27.2728 27.2728
    endloop
  endfacet
  facet normal -1 0 0
    outer loop
      vertex -18 -27.4966 27
      vertex -18 -36.5 36.5
      vertex -18 -27.3914 27.1419
    endloop
  endfacet
  facet normal -1 0 0
    outer loop
      vertex -18 -27.5875 26.8485
      vertex -18 -36.5 36.5
      vertex -18 -27.4966 27
    endloop
  endfacet
  facet normal -1 0 0
    outer loop
      vertex -18 -27.663 26.6888
      vertex -18 -36.5 36.5
      vertex -18 -27.5875 26.8485
    endloop
  endfacet
  facet normal -1 0 0
    outer loop
      vertex -18 -27.7225 26.5225
      vertex -18 -36.5 36.5
      vertex -18 -27.663 26.6888
    endloop
  endfacet
  facet normal -1 0 0
    outer loop
      vertex -18 -27.7654 26.3512
      vertex -18 -36.5 36.5
      vertex -18 -27.7225 26.5225
    endloop
  endfacet
  facet normal -1 0 0
    outer loop
      vertex -18 -27.7913 26.1764
      vertex -18 -36.5 36.5
      vertex -18 -27.7654 26.3512
    endloop
  endfacet
  facet normal -0 0 1
    outer loop
      vertex -198 32.5 -33
      vertex -18 5.25 -33
      vertex -18 32.5 -33
    endloop
  endfacet
  facet normal 0 0 1
    outer loop
      vertex -18 5.25 -33
      vertex -198 32.5 -33
      vertex -198 5.25 -33
    endloop
  endfacet
  facet normal -0 0 1
    outer loop
      vertex -198 -5.25 -33
      vertex -18 -32.5 -33
      vertex -18 -5.25 -33
    endloop
  endfacet
  facet normal 0 0 1
    outer loop
      vertex -18 -32.5 -33
      vertex -198 -5.25 -33
      vertex -198 -32.5 -33
    endloop
  endfacet
  facet normal 1 0 0
    outer loop
      vertex -198 36.5 36.5
      vertex -198 32.5 -24
      vertex -198 36.5 -24
    endloop
  endfacet
  facet normal 1 0 0
    outer loop
      vertex -198 32.5 -24
      vertex -198 5.25 -24
      vertex -198 32.5 -33
    endloop
  endfacet
  facet normal 1 0 0
    outer loop
      vertex -198 36.5 36.5
      vertex -198 5.25 -24
      vertex -198 32.5 -24
    endloop
  endfacet
  facet normal 1 0 0
    outer loop
      vertex -198 36.5 36.5
      vertex -198 -5.25 -24
      vertex -198 5.25 -24
    endloop
  endfacet
  facet normal 1 0 0
    outer loop
      vertex -198 -5.25 -24
      vertex -198 -32.5 -24
      vertex -198 -5.25 -33
    endloop
  endfacet
  facet normal 1 -0 0
    outer loop
      vertex -198 -36.5 36.5
      vertex -198 -5.25 -24
      vertex -198 36.5 36.5
    endloop
  endfacet
  facet normal 1 0 0
    outer loop
      vertex -198 -5.25 -24
      vertex -198 -36.5 36.5
      vertex -198 -32.5 -24
    endloop
  endfacet
  facet normal 1 0 0
    outer loop
      vertex -198 -32.5 -24
      vertex -198 -36.5 36.5
      vertex -198 -36.5 -24
    endloop
  endfacet
  facet normal 1 0 0
    outer loop
      vertex -198 32.5 -33
      vertex -198 5.25 -24
      vertex -198 5.25 -33
    endloop
  endfacet
  facet normal 1 0 0
    outer loop
      vertex -198 -5.25 -33
      vertex -198 -32.5 -24
      vertex -198 -32.5 -33
    endloop
  endfacet
  facet normal 0 -1 0
    outer loop
      vertex -198 32.5 -33
      vertex -18 32.5 -24
      vertex -198 32.5 -24
    endloop
  endfacet
  facet normal 0 -1 -0
    outer loop
      vertex -18 32.5 -24
      vertex -198 32.5 -33
      vertex -18 32.5 -33
    endloop
  endfacet
  facet normal 0 1 -0
    outer loop
      vertex -18 -32.5 -33
      vertex -198 -32.5 -24
      vertex -18 -32.5 -24
    endloop
  endfacet
  facet normal 0 1 0
    outer loop
      vertex -198 -32.5 -24
      vertex -18 -32.5 -33
      vertex -198 -32.5 -33
    endloop
  endfacet
  facet normal 0 1 -0
    outer loop
      vertex -10.5 25.6 -5.65
      vertex -14 25.6 5.65
      vertex -10.5 25.6 5.65
    endloop
  endfacet
  facet normal 0 1 0
    outer loop
      vertex -14 25.6 5.65
      vertex -10.5 25.6 -5.65
      vertex -14 25.6 -5.65
    endloop
  endfacet
  facet normal 0 0 -1
    outer loop
      vertex -14 25.6 5.65
      vertex -10.5 29.1 5.65
      vertex -10.5 25.6 5.65
    endloop
  endfacet
  facet normal -0 0 -1
    outer loop
      vertex -10.5 29.1 5.65
      vertex -14 25.6 5.65
      vertex -14 29.1 5.65
    endloop
  endfacet
  facet normal 1 0 0
    outer loop
      vertex -10.5 27.7913 25.8236
      vertex -10.5 29.1 29.1
      vertex -10.5 27.8 26
    endloop
  endfacet
  facet normal 1 0 0
    outer loop
      vertex -10.5 29.1 29.1
      vertex -10.5 27.7913 26.1764
      vertex -10.5 27.8 26
    endloop
  endfacet
  facet normal 1 0 0
    outer loop
      vertex -10.5 29.1 29.1
      vertex -10.5 27.7654 26.3512
      vertex -10.5 27.7913 26.1764
    endloop
  endfacet
  facet normal 1 0 0
    outer loop
      vertex -10.5 29.1 29.1
      vertex -10.5 27.7225 26.5225
      vertex -10.5 27.7654 26.3512
    endloop
  endfacet
  facet normal 1 0 0
    outer loop
      vertex -10.5 29.1 29.1
      vertex -10.5 27.663 26.6888
      vertex -10.5 27.7225 26.5225
    endloop
  endfacet
  facet normal 1 0 0
    outer loop
      vertex -10.5 29.1 29.1
      vertex -10.5 27.5875 26.8485
      vertex -10.5 27.663 26.6888
    endloop
  endfacet
  facet normal 1 0 0
    outer loop
      vertex -10.5 29.1 29.1
      vertex -10.5 27.4966 27
      vertex -10.5 27.5875 26.8485
    endloop
  endfacet
  facet normal 1 0 0
    outer loop
      vertex -10.5 29.1 29.1
      vertex -10.5 27.3914 27.1419
      vertex -10.5 27.4966 27
    endloop
  endfacet
  facet normal 1 0 0
    outer loop
      vertex -10.5 29.1 29.1
      vertex -10.5 27.2728 27.2728
      vertex -10.5 27.3914 27.1419
    endloop
  endfacet
  facet normal 1 0 0
    outer loop
      vertex -10.5 29.1 29.1
      vertex -10.5 27.1419 27.3914
      vertex -10.5 27.2728 27.2728
    endloop
  endfacet
  facet normal 1 0 0
    outer loop
      vertex -10.5 29.1 29.1
      vertex -10.5 27 27.4966
      vertex -10.5 27.1419 27.3914
    endloop
  endfacet
  facet normal 1 0 0
    outer loop
      vertex -10.5 29.1 29.1
      vertex -10.5 26.8485 27.5875
      vertex -10.5 27 27.4966
    endloop
  endfacet
  facet normal 1 0 0
    outer loop
      vertex -10.5 29.1 29.1
      vertex -10.5 26.6888 27.663
      vertex -10.5 26.8485 27.5875
    endloop
  endfacet
  facet normal 1 0 0
    outer loop
      vertex -10.5 29.1 29.1
      vertex -10.5 26.5225 27.7225
      vertex -10.5 26.6888 27.663
    endloop
  endfacet
  facet normal 1 0 0
    outer loop
      vertex -10.5 29.1 29.1
      vertex -10.5 26.3512 27.7654
      vertex -10.5 26.5225 27.7225
    endloop
  endfacet
  facet normal 1 0 0
    outer loop
      vertex -10.5 29.1 29.1
      vertex -10.5 26.1764 27.7913
      vertex -10.5 26.3512 27.7654
    endloop
  endfacet
  facet normal 1 0 0
    outer loop
      vertex -10.5 29.1 29.1
      vertex -10.5 26 27.8
      vertex -10.5 26.1764 27.7913
    endloop
  endfacet
  facet normal 1 0 0
    outer loop
      vertex -10.5 29.1 29.1
      vertex -10.5 25.8236 27.7913
      vertex -10.5 26 27.8
    endloop
  endfacet
  facet normal 1 0 0
    outer loop
      vertex -10.5 29.1 29.1
      vertex -10.5 25.6488 27.7654
      vertex -10.5 25.8236 27.7913
    endloop
  endfacet
  facet normal 1 0 0
    outer loop
      vertex -10.5 29.1 29.1
      vertex -10.5 25.4775 27.7225
      vertex -10.5 25.6488 27.7654
    endloop
  endfacet
  facet normal 1 -0 0
    outer loop
      vertex -10.5 5.65 29.1
      vertex -10.5 25.4775 27.7225
      vertex -10.5 29.1 29.1
    endloop
  endfacet
  facet normal 1 0 0
    outer loop
      vertex -10.5 24.8581 -24.6086
      vertex -10.5 14.1421 -14.1421
      vertex -10.5 24.7272 -24.7272
    endloop
  endfacet
  facet normal 1 0 0
    outer loop
      vertex -10.5 5.65 25.6
      vertex -10.5 24.2 26
      vertex -10.5 24.2087 26.1764
    endloop
  endfacet
  facet normal 1 0 0
    outer loop
      vertex -10.5 5.65 29.1
      vertex -10.5 24.2087 26.1764
      vertex -10.5 24.2346 26.3512
    endloop
  endfacet
  facet normal 1 0 0
    outer loop
      vertex -10.5 24.2087 25.8236
      vertex -10.5 19.9037 1.96034
      vertex -10.5 20 0
    endloop
  endfacet
  facet normal 1 0 0
    outer loop
      vertex -10.5 24.2087 25.8236
      vertex -10.5 19.6157 3.90181
      vertex -10.5 19.9037 1.96034
    endloop
  endfacet
  facet normal 1 0 0
    outer loop
      vertex -10.5 24.2087 25.8236
      vertex -10.5 19.1388 5.80569
      vertex -10.5 19.6157 3.90181
    endloop
  endfacet
  facet normal 1 0 0
    outer loop
      vertex -10.5 24.2087 25.8236
      vertex -10.5 18.4776 7.65367
      vertex -10.5 19.1388 5.80569
    endloop
  endfacet
  facet normal 1 0 0
    outer loop
      vertex -10.5 5.65 29.1
      vertex -10.5 24.2346 26.3512
      vertex -10.5 24.2775 26.5225
    endloop
  endfacet
  facet normal 1 0 0
    outer loop
      vertex -10.5 24.2087 25.8236
      vertex -10.5 17.6384 9.42793
      vertex -10.5 18.4776 7.65367
    endloop
  endfacet
  facet normal 1 0 0
    outer loop
      vertex -10.5 5.65 29.1
      vertex -10.5 24.2775 26.5225
      vertex -10.5 24.337 26.6888
    endloop
  endfacet
  facet normal 1 0 0
    outer loop
      vertex -10.5 24.2087 25.8236
      vertex -10.5 16.6294 11.1114
      vertex -10.5 17.6384 9.42793
    endloop
  endfacet
  facet normal 1 0 0
    outer loop
      vertex -10.5 5.65 29.1
      vertex -10.5 24.337 26.6888
      vertex -10.5 24.4125 26.8485
    endloop
  endfacet
  facet normal 1 0 0
    outer loop
      vertex -10.5 24.2087 25.8236
      vertex -10.5 15.4602 12.6879
      vertex -10.5 16.6294 11.1114
    endloop
  endfacet
  facet normal 1 0 0
    outer loop
      vertex -10.5 5.65 29.1
      vertex -10.5 24.4125 26.8485
      vertex -10.5 24.5034 27
    endloop
  endfacet
  facet normal 1 0 0
    outer loop
      vertex -10.5 24.2087 25.8236
      vertex -10.5 14.1421 14.1421
      vertex -10.5 15.4602 12.6879
    endloop
  endfacet
  facet normal 1 0 0
    outer loop
      vertex -10.5 5.65 29.1
      vertex -10.5 24.5034 27
      vertex -10.5 24.6086 27.1419
    endloop
  endfacet
  facet normal 1 0 0
    outer loop
      vertex -10.5 24.2087 25.8236
      vertex -10.5 12.6879 15.4602
      vertex -10.5 14.1421 14.1421
    endloop
  endfacet
  facet normal 1 0 0
    outer loop
      vertex -10.5 5.65 29.1
      vertex -10.5 24.6086 27.1419
      vertex -10.5 24.7272 27.2728
    endloop
  endfacet
  facet normal 1 0 0
    outer loop
      vertex -10.5 24.2087 25.8236
      vertex -10.5 11.1114 16.6294
      vertex -10.5 12.6879 15.4602
    endloop
  endfacet
  facet normal 1 0 0
    outer loop
      vertex -10.5 5.65 29.1
      vertex -10.5 24.7272 27.2728
      vertex -10.5 24.8581 27.3914
    endloop
  endfacet
  facet normal 1 0 0
    outer loop
      vertex -10.5 24.2087 25.8236
      vertex -10.5 5.65 25.6
      vertex -10.5 9.42793 17.6384
    endloop
  endfacet
  facet normal 1 0 0
    outer loop
      vertex -10.5 5.65 29.1
      vertex -10.5 24.8581 27.3914
      vertex -10.5 25 27.4966
    endloop
  endfacet
  facet normal 1 0 0
    outer loop
      vertex -10.5 24.2087 25.8236
      vertex -10.5 9.42793 17.6384
      vertex -10.5 11.1114 16.6294
    endloop
  endfacet
  facet normal 1 0 0
    outer loop
      vertex -10.5 5.65 29.1
      vertex -10.5 25 27.4966
      vertex -10.5 25.1515 27.5875
    endloop
  endfacet
  facet normal 1 0 0
    outer loop
      vertex -10.5 9.42793 17.6384
      vertex -10.5 5.65 25.6
      vertex -10.5 7.65367 18.4776
    endloop
  endfacet
  facet normal 1 0 0
    outer loop
      vertex -10.5 5.65 29.1
      vertex -10.5 25.1515 27.5875
      vertex -10.5 25.3112 27.663
    endloop
  endfacet
  facet normal 1 0 0
    outer loop
      vertex -10.5 25.4775 27.7225
      vertex -10.5 5.65 29.1
      vertex -10.5 25.3112 27.663
    endloop
  endfacet
  facet normal 1 0 0
    outer loop
      vertex -10.5 24.2087 26.1764
      vertex -10.5 5.65 29.1
      vertex -10.5 5.65 25.6
    endloop
  endfacet
  facet normal 1 0 0
    outer loop
      vertex -10.5 7.65367 18.4776
      vertex -10.5 5.65 25.6
      vertex -10.5 5.80569 19.1388
    endloop
  endfacet
  facet normal 1 0 0
    outer loop
      vertex -10.5 5.65 25.6
      vertex -10.5 3.90181 19.6157
      vertex -10.5 5.80569 19.1388
    endloop
  endfacet
  facet normal 1 0 0
    outer loop
      vertex -10.5 5.65 25.6
      vertex -10.5 1.96034 19.9037
      vertex -10.5 3.90181 19.6157
    endloop
  endfacet
  facet normal 1 0 0
    outer loop
      vertex -10.5 5.65 25.6
      vertex -10.5 0 20
      vertex -10.5 1.96034 19.9037
    endloop
  endfacet
  facet normal 1 -0 0
    outer loop
      vertex -10.5 -5.65 25.6
      vertex -10.5 0 20
      vertex -10.5 5.65 25.6
    endloop
  endfacet
  facet normal 1 0 0
    outer loop
      vertex -10.5 0 20
      vertex -10.5 -5.65 25.6
      vertex -10.5 -1.96034 19.9037
    endloop
  endfacet
  facet normal 1 0 0
    outer loop
      vertex -10.5 -1.96034 19.9037
      vertex -10.5 -5.65 25.6
      vertex -10.5 -3.90181 19.6157
    endloop
  endfacet
  facet normal 1 0 0
    outer loop
      vertex -10.5 -3.90181 19.6157
      vertex -10.5 -5.65 25.6
      vertex -10.5 -5.80569 19.1388
    endloop
  endfacet
  facet normal 1 0 0
    outer loop
      vertex -10.5 27.7654 25.6488
      vertex -10.5 29.1 29.1
      vertex -10.5 27.7913 25.8236
    endloop
  endfacet
  facet normal 1 0 0
    outer loop
      vertex -10.5 27.7225 25.4775
      vertex -10.5 29.1 29.1
      vertex -10.5 27.7654 25.6488
    endloop
  endfacet
  facet normal 1 0 0
    outer loop
      vertex -10.5 29.1 29.1
      vertex -10.5 27.7225 25.4775
      vertex -10.5 29.1 5.65
    endloop
  endfacet
  facet normal 1 -0 0
    outer loop
      vertex -10.5 27.663 25.3112
      vertex -10.5 29.1 5.65
      vertex -10.5 27.7225 25.4775
    endloop
  endfacet
  facet normal 1 -0 0
    outer loop
      vertex -10.5 27.5875 25.1515
      vertex -10.5 29.1 5.65
      vertex -10.5 27.663 25.3112
    endloop
  endfacet
  facet normal 1 -0 0
    outer loop
      vertex -10.5 27.4966 25
      vertex -10.5 29.1 5.65
      vertex -10.5 27.5875 25.1515
    endloop
  endfacet
  facet normal 1 -0 0
    outer loop
      vertex -10.5 27.3914 24.8581
      vertex -10.5 29.1 5.65
      vertex -10.5 27.4966 25
    endloop
  endfacet
  facet normal 1 -0 0
    outer loop
      vertex -10.5 27.2728 24.7272
      vertex -10.5 29.1 5.65
      vertex -10.5 27.3914 24.8581
    endloop
  endfacet
  facet normal 1 -0 0
    outer loop
      vertex -10.5 27.1419 24.6086
      vertex -10.5 29.1 5.65
      vertex -10.5 27.2728 24.7272
    endloop
  endfacet
  facet normal 1 -0 0
    outer loop
      vertex -10.5 27 24.5034
      vertex -10.5 29.1 5.65
      vertex -10.5 27.1419 24.6086
    endloop
  endfacet
  facet normal 1 -0 0
    outer loop
      vertex -10.5 26.8485 24.4125
      vertex -10.5 29.1 5.65
      vertex -10.5 27 24.5034
    endloop
  endfacet
  facet normal 1 -0 0
    outer loop
      vertex -10.5 26.6888 24.337
      vertex -10.5 29.1 5.65
      vertex -10.5 26.8485 24.4125
    endloop
  endfacet
  facet normal 1 -0 0
    outer loop
      vertex -10.5 26.5225 24.2775
      vertex -10.5 29.1 5.65
      vertex -10.5 26.6888 24.337
    endloop
  endfacet
  facet normal 1 -0 0
    outer loop
      vertex -10.5 26.3512 24.2346
      vertex -10.5 29.1 5.65
      vertex -10.5 26.5225 24.2775
    endloop
  endfacet
  facet normal 1 -0 0
    outer loop
      vertex -10.5 26.1764 24.2087
      vertex -10.5 29.1 5.65
      vertex -10.5 26.3512 24.2346
    endloop
  endfacet
  facet normal 1 0 0
    outer loop
      vertex -10.5 25.6 5.65
      vertex -10.5 26.1764 24.2087
      vertex -10.5 26 24.2
    endloop
  endfacet
  facet normal 1 0 0
    outer loop
      vertex -10.5 25.6 5.65
      vertex -10.5 26 24.2
      vertex -10.5 25.8236 24.2087
    endloop
  endfacet
  facet normal 1 0 0
    outer loop
      vertex -10.5 25.6 5.65
      vertex -10.5 25.8236 24.2087
      vertex -10.5 25.6488 24.2346
    endloop
  endfacet
  facet normal 1 0 0
    outer loop
      vertex -10.5 26.1764 24.2087
      vertex -10.5 25.6 5.65
      vertex -10.5 29.1 5.65
    endloop
  endfacet
  facet normal 1 0 0
    outer loop
      vertex -10.5 25.3112 24.337
      vertex -10.5 25.6 5.65
      vertex -10.5 25.4775 24.2775
    endloop
  endfacet
  facet normal 1 0 0
    outer loop
      vertex -10.5 25.4775 24.2775
      vertex -10.5 25.6 5.65
      vertex -10.5 25.6488 24.2346
    endloop
  endfacet
  facet normal 1 -0 0
    outer loop
      vertex -10.5 27.7225 -25.4775
      vertex -10.5 29.1 -29.1
      vertex -10.5 29.1 -5.65
    endloop
  endfacet
  facet normal 1 0 0
    outer loop
      vertex -10.5 29.1 -29.1
      vertex -10.5 27.7913 -25.8236
      vertex -10.5 27.8 -26
    endloop
  endfacet
  facet normal 1 0 0
    outer loop
      vertex -10.5 29.1 -29.1
      vertex -10.5 27.7654 -25.6488
      vertex -10.5 27.7913 -25.8236
    endloop
  endfacet
  facet normal 1 0 0
    outer loop
      vertex -10.5 29.1 -29.1
      vertex -10.5 27.7225 -25.4775
      vertex -10.5 27.7654 -25.6488
    endloop
  endfacet
  facet normal 1 0 0
    outer loop
      vertex -10.5 29.1 -5.65
      vertex -10.5 27.663 -25.3112
      vertex -10.5 27.7225 -25.4775
    endloop
  endfacet
  facet normal 1 0 0
    outer loop
      vertex -10.5 29.1 -5.65
      vertex -10.5 27.5875 -25.1515
      vertex -10.5 27.663 -25.3112
    endloop
  endfacet
  facet normal 1 0 0
    outer loop
      vertex -10.5 29.1 -5.65
      vertex -10.5 27.4966 -25
      vertex -10.5 27.5875 -25.1515
    endloop
  endfacet
  facet normal 1 0 0
    outer loop
      vertex -10.5 29.1 -5.65
      vertex -10.5 27.3914 -24.8581
      vertex -10.5 27.4966 -25
    endloop
  endfacet
  facet normal 1 0 0
    outer loop
      vertex -10.5 29.1 -5.65
      vertex -10.5 27.2728 -24.7272
      vertex -10.5 27.3914 -24.8581
    endloop
  endfacet
  facet normal 1 0 0
    outer loop
      vertex -10.5 29.1 -5.65
      vertex -10.5 27.1419 -24.6086
      vertex -10.5 27.2728 -24.7272
    endloop
  endfacet
  facet normal 1 0 0
    outer loop
      vertex -10.5 29.1 -5.65
      vertex -10.5 27 -24.5034
      vertex -10.5 27.1419 -24.6086
    endloop
  endfacet
  facet normal 1 0 0
    outer loop
      vertex -10.5 29.1 -5.65
      vertex -10.5 26.8485 -24.4125
      vertex -10.5 27 -24.5034
    endloop
  endfacet
  facet normal 1 0 0
    outer loop
      vertex -10.5 29.1 -5.65
      vertex -10.5 26.6888 -24.337
      vertex -10.5 26.8485 -24.4125
    endloop
  endfacet
  facet normal 1 0 0
    outer loop
      vertex -10.5 29.1 -5.65
      vertex -10.5 26.5225 -24.2775
      vertex -10.5 26.6888 -24.337
    endloop
  endfacet
  facet normal 1 0 0
    outer loop
      vertex -10.5 29.1 -5.65
      vertex -10.5 26.3512 -24.2346
      vertex -10.5 26.5225 -24.2775
    endloop
  endfacet
  facet normal 1 0 0
    outer loop
      vertex -10.5 29.1 -5.65
      vertex -10.5 26.1764 -24.2087
      vertex -10.5 26.3512 -24.2346
    endloop
  endfacet
  facet normal 1 -0 0
    outer loop
      vertex -10.5 25.6 -5.65
      vertex -10.5 26.1764 -24.2087
      vertex -10.5 29.1 -5.65
    endloop
  endfacet
  facet normal 1 0 0
    outer loop
      vertex -10.5 26.1764 -24.2087
      vertex -10.5 25.6 -5.65
      vertex -10.5 26 -24.2
    endloop
  endfacet
  facet normal 1 0 0
    outer loop
      vertex -10.5 26 -24.2
      vertex -10.5 25.6 -5.65
      vertex -10.5 25.8236 -24.2087
    endloop
  endfacet
  facet normal 1 -0 0
    outer loop
      vertex -10.5 17.6384 -9.42793
      vertex -10.5 25.8236 -24.2087
      vertex -10.5 25.6 -5.65
    endloop
  endfacet
  facet normal 1 0 0
    outer loop
      vertex -10.5 25.1515 24.4125
      vertex -10.5 25.6 5.65
      vertex -10.5 25.3112 24.337
    endloop
  endfacet
  facet normal 1 0 0
    outer loop
      vertex -10.5 17.6384 -9.42793
      vertex -10.5 25.6 -5.65
      vertex -10.5 18.4776 -7.65367
    endloop
  endfacet
  facet normal 1 0 0
    outer loop
      vertex -10.5 25 24.5034
      vertex -10.5 25.6 5.65
      vertex -10.5 25.1515 24.4125
    endloop
  endfacet
  facet normal 1 0 0
    outer loop
      vertex -10.5 18.4776 -7.65367
      vertex -10.5 25.6 -5.65
      vertex -10.5 19.1388 -5.80569
    endloop
  endfacet
  facet normal 1 0 0
    outer loop
      vertex -10.5 24.8581 24.6086
      vertex -10.5 25.6 5.65
      vertex -10.5 25 24.5034
    endloop
  endfacet
  facet normal 1 -0 0
    outer loop
      vertex -10.5 16.6294 -11.1114
      vertex -10.5 25.8236 -24.2087
      vertex -10.5 17.6384 -9.42793
    endloop
  endfacet
  facet normal 1 0 0
    outer loop
      vertex -10.5 24.7272 24.7272
      vertex -10.5 25.6 5.65
      vertex -10.5 24.8581 24.6086
    endloop
  endfacet
  facet normal 1 0 0
    outer loop
      vertex -10.5 19.1388 -5.80569
      vertex -10.5 25.6 -5.65
      vertex -10.5 19.6157 -3.90181
    endloop
  endfacet
  facet normal 1 0 0
    outer loop
      vertex -10.5 24.6086 24.8581
      vertex -10.5 25.6 5.65
      vertex -10.5 24.7272 24.7272
    endloop
  endfacet
  facet normal 1 0 0
    outer loop
      vertex -10.5 25.8236 -24.2087
      vertex -10.5 16.6294 -11.1114
      vertex -10.5 25.6488 -24.2346
    endloop
  endfacet
  facet normal 1 0 0
    outer loop
      vertex -10.5 20 0
      vertex -10.5 24.6086 24.8581
      vertex -10.5 24.5034 25
    endloop
  endfacet
  facet normal 1 0 0
    outer loop
      vertex -10.5 25.6488 -24.2346
      vertex -10.5 16.6294 -11.1114
      vertex -10.5 25.4775 -24.2775
    endloop
  endfacet
  facet normal 1 0 0
    outer loop
      vertex -10.5 20 0
      vertex -10.5 24.5034 25
      vertex -10.5 24.4125 25.1515
    endloop
  endfacet
  facet normal 1 -0 0
    outer loop
      vertex -10.5 19.6157 -3.90181
      vertex -10.5 25.6 -5.65
      vertex -10.5 19.9037 -1.96034
    endloop
  endfacet
  facet normal 1 0 0
    outer loop
      vertex -10.5 20 0
      vertex -10.5 24.4125 25.1515
      vertex -10.5 24.337 25.3112
    endloop
  endfacet
  facet normal 1 -0 0
    outer loop
      vertex -10.5 19.9037 -1.96034
      vertex -10.5 25.6 -5.65
      vertex -10.5 20 0
    endloop
  endfacet
  facet normal 1 0 0
    outer loop
      vertex -10.5 20 0
      vertex -10.5 24.337 25.3112
      vertex -10.5 24.2775 25.4775
    endloop
  endfacet
  facet normal 1 0 0
    outer loop
      vertex -10.5 25.4775 -24.2775
      vertex -10.5 16.6294 -11.1114
      vertex -10.5 25.3112 -24.337
    endloop
  endfacet
  facet normal 1 0 0
    outer loop
      vertex -10.5 20 0
      vertex -10.5 24.2775 25.4775
      vertex -10.5 24.2346 25.6488
    endloop
  endfacet
  facet normal 1 -0 0
    outer loop
      vertex -10.5 15.4602 -12.6879
      vertex -10.5 25.3112 -24.337
      vertex -10.5 16.6294 -11.1114
    endloop
  endfacet
  facet normal 1 0 0
    outer loop
      vertex -10.5 20 0
      vertex -10.5 24.2346 25.6488
      vertex -10.5 24.2087 25.8236
    endloop
  endfacet
  facet normal 1 0 0
    outer loop
      vertex -10.5 25.3112 -24.337
      vertex -10.5 15.4602 -12.6879
      vertex -10.5 25.1515 -24.4125
    endloop
  endfacet
  facet normal 1 0 0
    outer loop
      vertex -10.5 24.6086 24.8581
      vertex -10.5 20 0
      vertex -10.5 25.6 5.65
    endloop
  endfacet
  facet normal 1 0 0
    outer loop
      vertex -10.5 25.1515 -24.4125
      vertex -10.5 15.4602 -12.6879
      vertex -10.5 25 -24.5034
    endloop
  endfacet
  facet normal 1 0 0
    outer loop
      vertex -10.5 25.6 5.65
      vertex -10.5 20 0
      vertex -10.5 25.6 -5.65
    endloop
  endfacet
  facet normal 1 0 0
    outer loop
      vertex -10.5 25 -24.5034
      vertex -10.5 15.4602 -12.6879
      vertex -10.5 24.8581 -24.6086
    endloop
  endfacet
  facet normal 1 0 0
    outer loop
      vertex -10.5 5.65 25.6
      vertex -10.5 24.2087 25.8236
      vertex -10.5 24.2 26
    endloop
  endfacet
  facet normal 1 -0 0
    outer loop
      vertex -10.5 14.1421 -14.1421
      vertex -10.5 24.8581 -24.6086
      vertex -10.5 15.4602 -12.6879
    endloop
  endfacet
  facet normal 1 -0 0
    outer loop
      vertex -10.5 27.7913 -26.1764
      vertex -10.5 29.1 -29.1
      vertex -10.5 27.8 -26
    endloop
  endfacet
  facet normal 1 -0 0
    outer loop
      vertex -10.5 27.7654 -26.3512
      vertex -10.5 29.1 -29.1
      vertex -10.5 27.7913 -26.1764
    endloop
  endfacet
  facet normal 1 -0 0
    outer loop
      vertex -10.5 27.7225 -26.5225
      vertex -10.5 29.1 -29.1
      vertex -10.5 27.7654 -26.3512
    endloop
  endfacet
  facet normal 1 -0 0
    outer loop
      vertex -10.5 27.663 -26.6888
      vertex -10.5 29.1 -29.1
      vertex -10.5 27.7225 -26.5225
    endloop
  endfacet
  facet normal 1 -0 0
    outer loop
      vertex -10.5 27.5875 -26.8485
      vertex -10.5 29.1 -29.1
      vertex -10.5 27.663 -26.6888
    endloop
  endfacet
  facet normal 1 -0 0
    outer loop
      vertex -10.5 27.4966 -27
      vertex -10.5 29.1 -29.1
      vertex -10.5 27.5875 -26.8485
    endloop
  endfacet
  facet normal 1 -0 0
    outer loop
      vertex -10.5 27.3914 -27.1419
      vertex -10.5 29.1 -29.1
      vertex -10.5 27.4966 -27
    endloop
  endfacet
  facet normal 1 -0 0
    outer loop
      vertex -10.5 27.2728 -27.2728
      vertex -10.5 29.1 -29.1
      vertex -10.5 27.3914 -27.1419
    endloop
  endfacet
  facet normal 1 -0 0
    outer loop
      vertex -10.5 27.1419 -27.3914
      vertex -10.5 29.1 -29.1
      vertex -10.5 27.2728 -27.2728
    endloop
  endfacet
  facet normal 1 -0 0
    outer loop
      vertex -10.5 27 -27.4966
      vertex -10.5 29.1 -29.1
      vertex -10.5 27.1419 -27.3914
    endloop
  endfacet
  facet normal 1 -0 0
    outer loop
      vertex -10.5 26.8485 -27.5875
      vertex -10.5 29.1 -29.1
      vertex -10.5 27 -27.4966
    endloop
  endfacet
  facet normal 1 -0 0
    outer loop
      vertex -10.5 26.6888 -27.663
      vertex -10.5 29.1 -29.1
      vertex -10.5 26.8485 -27.5875
    endloop
  endfacet
  facet normal 1 -0 0
    outer loop
      vertex -10.5 26.5225 -27.7225
      vertex -10.5 29.1 -29.1
      vertex -10.5 26.6888 -27.663
    endloop
  endfacet
  facet normal 1 -0 0
    outer loop
      vertex -10.5 26.3512 -27.7654
      vertex -10.5 29.1 -29.1
      vertex -10.5 26.5225 -27.7225
    endloop
  endfacet
  facet normal 1 -0 0
    outer loop
      vertex -10.5 26.1764 -27.7913
      vertex -10.5 29.1 -29.1
      vertex -10.5 26.3512 -27.7654
    endloop
  endfacet
  facet normal 1 -0 0
    outer loop
      vertex -10.5 26 -27.8
      vertex -10.5 29.1 -29.1
      vertex -10.5 26.1764 -27.7913
    endloop
  endfacet
  facet normal 1 0 0
    outer loop
      vertex -10.5 25.8236 -27.7913
      vertex -10.5 29.1 -29.1
      vertex -10.5 26 -27.8
    endloop
  endfacet
  facet normal 1 0 0
    outer loop
      vertex -10.5 25.6488 -27.7654
      vertex -10.5 29.1 -29.1
      vertex -10.5 25.8236 -27.7913
    endloop
  endfacet
  facet normal 1 0 0
    outer loop
      vertex -10.5 25.4775 -27.7225
      vertex -10.5 29.1 -29.1
      vertex -10.5 25.6488 -27.7654
    endloop
  endfacet
  facet normal 1 0 0
    outer loop
      vertex -10.5 5.65 -29.1
      vertex -10.5 25.4775 -27.7225
      vertex -10.5 25.3112 -27.663
    endloop
  endfacet
  facet normal 1 0 0
    outer loop
      vertex -10.5 24.7272 -24.7272
      vertex -10.5 14.1421 -14.1421
      vertex -10.5 24.6086 -24.8581
    endloop
  endfacet
  facet normal 1 0 0
    outer loop
      vertex -10.5 24.6086 -24.8581
      vertex -10.5 14.1421 -14.1421
      vertex -10.5 24.5034 -25
    endloop
  endfacet
  facet normal 1 -0 0
    outer loop
      vertex -10.5 12.6879 -15.4602
      vertex -10.5 24.5034 -25
      vertex -10.5 14.1421 -14.1421
    endloop
  endfacet
  facet normal 1 0 0
    outer loop
      vertex -10.5 24.5034 -25
      vertex -10.5 12.6879 -15.4602
      vertex -10.5 24.4125 -25.1515
    endloop
  endfacet
  facet normal 1 0 0
    outer loop
      vertex -10.5 24.4125 -25.1515
      vertex -10.5 12.6879 -15.4602
      vertex -10.5 24.337 -25.3112
    endloop
  endfacet
  facet normal 1 -0 0
    outer loop
      vertex -10.5 11.1114 -16.6294
      vertex -10.5 24.337 -25.3112
      vertex -10.5 12.6879 -15.4602
    endloop
  endfacet
  facet normal 1 0 0
    outer loop
      vertex -10.5 24.337 -25.3112
      vertex -10.5 11.1114 -16.6294
      vertex -10.5 24.2775 -25.4775
    endloop
  endfacet
  facet normal 1 0 0
    outer loop
      vertex -10.5 24.2775 -25.4775
      vertex -10.5 11.1114 -16.6294
      vertex -10.5 24.2346 -25.6488
    endloop
  endfacet
  facet normal 1 0 0
    outer loop
      vertex -10.5 24.2346 -25.6488
      vertex -10.5 11.1114 -16.6294
      vertex -10.5 24.2087 -25.8236
    endloop
  endfacet
  facet normal 1 -0 0
    outer loop
      vertex -10.5 9.42793 -17.6384
      vertex -10.5 24.2087 -25.8236
      vertex -10.5 11.1114 -16.6294
    endloop
  endfacet
  facet normal 1 -0 0
    outer loop
      vertex -10.5 5.65 -25.6
      vertex -10.5 24.2087 -25.8236
      vertex -10.5 9.42793 -17.6384
    endloop
  endfacet
  facet normal 1 0 0
    outer loop
      vertex -10.5 24.2087 -25.8236
      vertex -10.5 5.65 -25.6
      vertex -10.5 24.2 -26
    endloop
  endfacet
  facet normal 1 0 0
    outer loop
      vertex -10.5 5.65 -29.1
      vertex -10.5 24.2087 -26.1764
      vertex -10.5 5.65 -25.6
    endloop
  endfacet
  facet normal 1 0 0
    outer loop
      vertex -10.5 24.2087 -26.1764
      vertex -10.5 5.65 -29.1
      vertex -10.5 24.2346 -26.3512
    endloop
  endfacet
  facet normal 1 0 0
    outer loop
      vertex -10.5 24.2346 -26.3512
      vertex -10.5 5.65 -29.1
      vertex -10.5 24.2775 -26.5225
    endloop
  endfacet
  facet normal 1 0 0
    outer loop
      vertex -10.5 24.2775 -26.5225
      vertex -10.5 5.65 -29.1
      vertex -10.5 24.337 -26.6888
    endloop
  endfacet
  facet normal 1 0 0
    outer loop
      vertex -10.5 24.337 -26.6888
      vertex -10.5 5.65 -29.1
      vertex -10.5 24.4125 -26.8485
    endloop
  endfacet
  facet normal 1 0 0
    outer loop
      vertex -10.5 24.4125 -26.8485
      vertex -10.5 5.65 -29.1
      vertex -10.5 24.5034 -27
    endloop
  endfacet
  facet normal 1 0 0
    outer loop
      vertex -10.5 24.5034 -27
      vertex -10.5 5.65 -29.1
      vertex -10.5 24.6086 -27.1419
    endloop
  endfacet
  facet normal 1 0 0
    outer loop
      vertex -10.5 24.2 -26
      vertex -10.5 5.65 -25.6
      vertex -10.5 24.2087 -26.1764
    endloop
  endfacet
  facet normal 1 0 0
    outer loop
      vertex -10.5 24.6086 -27.1419
      vertex -10.5 5.65 -29.1
      vertex -10.5 24.7272 -27.2728
    endloop
  endfacet
  facet normal 1 0 0
    outer loop
      vertex -10.5 5.65 -25.6
      vertex -10.5 9.42793 -17.6384
      vertex -10.5 7.65367 -18.4776
    endloop
  endfacet
  facet normal 1 0 0
    outer loop
      vertex -10.5 24.7272 -27.2728
      vertex -10.5 5.65 -29.1
      vertex -10.5 24.8581 -27.3914
    endloop
  endfacet
  facet normal 1 0 0
    outer loop
      vertex -10.5 5.65 -25.6
      vertex -10.5 7.65367 -18.4776
      vertex -10.5 5.80569 -19.1388
    endloop
  endfacet
  facet normal 1 0 0
    outer loop
      vertex -10.5 24.8581 -27.3914
      vertex -10.5 5.65 -29.1
      vertex -10.5 25 -27.4966
    endloop
  endfacet
  facet normal 1 0 0
    outer loop
      vertex -10.5 25 -27.4966
      vertex -10.5 5.65 -29.1
      vertex -10.5 25.1515 -27.5875
    endloop
  endfacet
  facet normal 1 0 0
    outer loop
      vertex -10.5 25.1515 -27.5875
      vertex -10.5 5.65 -29.1
      vertex -10.5 25.3112 -27.663
    endloop
  endfacet
  facet normal 1 0 0
    outer loop
      vertex -10.5 25.4775 -27.7225
      vertex -10.5 5.65 -29.1
      vertex -10.5 29.1 -29.1
    endloop
  endfacet
  facet normal 1 0 0
    outer loop
      vertex -10.5 -14.1421 14.1421
      vertex -10.5 -24.8581 24.6086
      vertex -10.5 -15.4602 12.6879
    endloop
  endfacet
  facet normal 1 0 0
    outer loop
      vertex -10.5 -20 0
      vertex -10.5 -24.2087 -25.8236
      vertex -10.5 -24.2 -26
    endloop
  endfacet
  facet normal 1 -0 0
    outer loop
      vertex -10.5 -25 24.5034
      vertex -10.5 -15.4602 12.6879
      vertex -10.5 -24.8581 24.6086
    endloop
  endfacet
  facet normal 1 0 0
    outer loop
      vertex -10.5 -25.6 -5.65
      vertex -10.5 -20 0
      vertex -10.5 -25.6 5.65
    endloop
  endfacet
  facet normal 1 -0 0
    outer loop
      vertex -10.5 -25.1515 24.4125
      vertex -10.5 -15.4602 12.6879
      vertex -10.5 -25 24.5034
    endloop
  endfacet
  facet normal 1 0 -0
    outer loop
      vertex -10.5 -24.6086 -24.8581
      vertex -10.5 -20 0
      vertex -10.5 -25.6 -5.65
    endloop
  endfacet
  facet normal 1 -0 0
    outer loop
      vertex -10.5 -25.3112 24.337
      vertex -10.5 -15.4602 12.6879
      vertex -10.5 -25.1515 24.4125
    endloop
  endfacet
  facet normal 1 0 0
    outer loop
      vertex -10.5 -20 0
      vertex -10.5 -24.2346 -25.6488
      vertex -10.5 -24.2087 -25.8236
    endloop
  endfacet
  facet normal 1 0 0
    outer loop
      vertex -10.5 -15.4602 12.6879
      vertex -10.5 -25.3112 24.337
      vertex -10.5 -16.6294 11.1114
    endloop
  endfacet
  facet normal 1 0 0
    outer loop
      vertex -10.5 -20 0
      vertex -10.5 -24.2775 -25.4775
      vertex -10.5 -24.2346 -25.6488
    endloop
  endfacet
  facet normal 1 -0 0
    outer loop
      vertex -10.5 -25.4775 24.2775
      vertex -10.5 -16.6294 11.1114
      vertex -10.5 -25.3112 24.337
    endloop
  endfacet
  facet normal 1 0 0
    outer loop
      vertex -10.5 -20 0
      vertex -10.5 -24.337 -25.3112
      vertex -10.5 -24.2775 -25.4775
    endloop
  endfacet
  facet normal 1 0 0
    outer loop
      vertex -10.5 -19.9037 1.96034
      vertex -10.5 -25.6 5.65
      vertex -10.5 -20 0
    endloop
  endfacet
  facet normal 1 0 0
    outer loop
      vertex -10.5 -20 0
      vertex -10.5 -24.4125 -25.1515
      vertex -10.5 -24.337 -25.3112
    endloop
  endfacet
  facet normal 1 0 0
    outer loop
      vertex -10.5 -19.6157 3.90181
      vertex -10.5 -25.6 5.65
      vertex -10.5 -19.9037 1.96034
    endloop
  endfacet
  facet normal 1 0 0
    outer loop
      vertex -10.5 -20 0
      vertex -10.5 -24.5034 -25
      vertex -10.5 -24.4125 -25.1515
    endloop
  endfacet
  facet normal 1 -0 0
    outer loop
      vertex -10.5 -25.6488 24.2346
      vertex -10.5 -16.6294 11.1114
      vertex -10.5 -25.4775 24.2775
    endloop
  endfacet
  facet normal 1 0 0
    outer loop
      vertex -10.5 -20 0
      vertex -10.5 -24.6086 -24.8581
      vertex -10.5 -24.5034 -25
    endloop
  endfacet
  facet normal 1 -0 0
    outer loop
      vertex -10.5 -25.8236 24.2087
      vertex -10.5 -16.6294 11.1114
      vertex -10.5 -25.6488 24.2346
    endloop
  endfacet
  facet normal 1 0 0
    outer loop
      vertex -10.5 -24.6086 -24.8581
      vertex -10.5 -25.6 -5.65
      vertex -10.5 -24.7272 -24.7272
    endloop
  endfacet
  facet normal 1 0 0
    outer loop
      vertex -10.5 -19.1388 5.80569
      vertex -10.5 -25.6 5.65
      vertex -10.5 -19.6157 3.90181
    endloop
  endfacet
  facet normal 1 0 0
    outer loop
      vertex -10.5 -24.7272 -24.7272
      vertex -10.5 -25.6 -5.65
      vertex -10.5 -24.8581 -24.6086
    endloop
  endfacet
  facet normal 1 0 0
    outer loop
      vertex -10.5 -16.6294 11.1114
      vertex -10.5 -25.8236 24.2087
      vertex -10.5 -17.6384 9.42793
    endloop
  endfacet
  facet normal 1 0 0
    outer loop
      vertex -10.5 -24.8581 -24.6086
      vertex -10.5 -25.6 -5.65
      vertex -10.5 -25 -24.5034
    endloop
  endfacet
  facet normal 1 0 0
    outer loop
      vertex -10.5 -18.4776 7.65367
      vertex -10.5 -25.6 5.65
      vertex -10.5 -19.1388 5.80569
    endloop
  endfacet
  facet normal 1 0 0
    outer loop
      vertex -10.5 -25 -24.5034
      vertex -10.5 -25.6 -5.65
      vertex -10.5 -25.1515 -24.4125
    endloop
  endfacet
  facet normal 1 0 0
    outer loop
      vertex -10.5 -25.1515 -24.4125
      vertex -10.5 -25.6 -5.65
      vertex -10.5 -25.3112 -24.337
    endloop
  endfacet
  facet normal 1 0 0
    outer loop
      vertex -10.5 -17.6384 9.42793
      vertex -10.5 -25.6 5.65
      vertex -10.5 -18.4776 7.65367
    endloop
  endfacet
  facet normal 1 0 0
    outer loop
      vertex -10.5 -17.6384 9.42793
      vertex -10.5 -25.8236 24.2087
      vertex -10.5 -25.6 5.65
    endloop
  endfacet
  facet normal 1 -0 0
    outer loop
      vertex -10.5 -26 24.2
      vertex -10.5 -25.6 5.65
      vertex -10.5 -25.8236 24.2087
    endloop
  endfacet
  facet normal 1 0 0
    outer loop
      vertex -10.5 -26.1764 24.2087
      vertex -10.5 -25.6 5.65
      vertex -10.5 -26 24.2
    endloop
  endfacet
  facet normal 1 0 0
    outer loop
      vertex -10.5 -29.1 5.65
      vertex -10.5 -26.1764 24.2087
      vertex -10.5 -26.3512 24.2346
    endloop
  endfacet
  facet normal 1 0 0
    outer loop
      vertex -10.5 -29.1 5.65
      vertex -10.5 -26.3512 24.2346
      vertex -10.5 -26.5225 24.2775
    endloop
  endfacet
  facet normal 1 0 0
    outer loop
      vertex -10.5 -29.1 5.65
      vertex -10.5 -26.5225 24.2775
      vertex -10.5 -26.6888 24.337
    endloop
  endfacet
  facet normal 1 0 0
    outer loop
      vertex -10.5 -29.1 5.65
      vertex -10.5 -26.6888 24.337
      vertex -10.5 -26.8485 24.4125
    endloop
  endfacet
  facet normal 1 0 0
    outer loop
      vertex -10.5 -29.1 5.65
      vertex -10.5 -26.8485 24.4125
      vertex -10.5 -27 24.5034
    endloop
  endfacet
  facet normal 1 0 0
    outer loop
      vertex -10.5 -29.1 5.65
      vertex -10.5 -27 24.5034
      vertex -10.5 -27.1419 24.6086
    endloop
  endfacet
  facet normal 1 0 0
    outer loop
      vertex -10.5 -29.1 5.65
      vertex -10.5 -27.1419 24.6086
      vertex -10.5 -27.2728 24.7272
    endloop
  endfacet
  facet normal 1 0 0
    outer loop
      vertex -10.5 -29.1 5.65
      vertex -10.5 -27.2728 24.7272
      vertex -10.5 -27.3914 24.8581
    endloop
  endfacet
  facet normal 1 0 0
    outer loop
      vertex -10.5 -29.1 5.65
      vertex -10.5 -27.3914 24.8581
      vertex -10.5 -27.4966 25
    endloop
  endfacet
  facet normal 1 0 0
    outer loop
      vertex -10.5 -29.1 5.65
      vertex -10.5 -27.4966 25
      vertex -10.5 -27.5875 25.1515
    endloop
  endfacet
  facet normal 1 0 0
    outer loop
      vertex -10.5 -29.1 5.65
      vertex -10.5 -27.5875 25.1515
      vertex -10.5 -27.663 25.3112
    endloop
  endfacet
  facet normal 1 0 0
    outer loop
      vertex -10.5 -29.1 5.65
      vertex -10.5 -27.663 25.3112
      vertex -10.5 -27.7225 25.4775
    endloop
  endfacet
  facet normal 1 0 0
    outer loop
      vertex -10.5 -29.1 29.1
      vertex -10.5 -27.7225 25.4775
      vertex -10.5 -27.7654 25.6488
    endloop
  endfacet
  facet normal 1 0 0
    outer loop
      vertex -10.5 -29.1 29.1
      vertex -10.5 -27.7654 25.6488
      vertex -10.5 -27.7913 25.8236
    endloop
  endfacet
  facet normal 1 0 0
    outer loop
      vertex -10.5 -29.1 29.1
      vertex -10.5 -27.7913 25.8236
      vertex -10.5 -27.8 26
    endloop
  endfacet
  facet normal 1 0 0
    outer loop
      vertex -10.5 -27.7225 25.4775
      vertex -10.5 -29.1 29.1
      vertex -10.5 -29.1 5.65
    endloop
  endfacet
  facet normal 1 0 0
    outer loop
      vertex -10.5 -26.1764 24.2087
      vertex -10.5 -29.1 5.65
      vertex -10.5 -25.6 5.65
    endloop
  endfacet
  facet normal 1 -0 0
    outer loop
      vertex -10.5 -24.2087 26.1764
      vertex -10.5 -5.65 25.6
      vertex -10.5 -5.65 29.1
    endloop
  endfacet
  facet normal 1 0 0
    outer loop
      vertex -10.5 -5.65 25.6
      vertex -10.5 -7.65367 18.4776
      vertex -10.5 -5.80569 19.1388
    endloop
  endfacet
  facet normal 1 0 0
    outer loop
      vertex -10.5 -5.65 25.6
      vertex -10.5 -9.42793 17.6384
      vertex -10.5 -7.65367 18.4776
    endloop
  endfacet
  facet normal 1 -0 0
    outer loop
      vertex -10.5 -24.2087 25.8236
      vertex -10.5 -5.65 25.6
      vertex -10.5 -24.2 26
    endloop
  endfacet
  facet normal 1 0 0
    outer loop
      vertex -10.5 -5.65 25.6
      vertex -10.5 -24.2087 25.8236
      vertex -10.5 -9.42793 17.6384
    endloop
  endfacet
  facet normal 1 0 0
    outer loop
      vertex -10.5 -9.42793 17.6384
      vertex -10.5 -24.2087 25.8236
      vertex -10.5 -11.1114 16.6294
    endloop
  endfacet
  facet normal 1 -0 0
    outer loop
      vertex -10.5 -24.2346 25.6488
      vertex -10.5 -11.1114 16.6294
      vertex -10.5 -24.2087 25.8236
    endloop
  endfacet
  facet normal 1 -0 0
    outer loop
      vertex -10.5 -24.2775 25.4775
      vertex -10.5 -11.1114 16.6294
      vertex -10.5 -24.2346 25.6488
    endloop
  endfacet
  facet normal 1 -0 0
    outer loop
      vertex -10.5 -24.7272 24.7272
      vertex -10.5 -14.1421 14.1421
      vertex -10.5 -24.6086 24.8581
    endloop
  endfacet
  facet normal 1 -0 0
    outer loop
      vertex -10.5 -24.6086 24.8581
      vertex -10.5 -14.1421 14.1421
      vertex -10.5 -24.5034 25
    endloop
  endfacet
  facet normal 1 0 0
    outer loop
      vertex -10.5 -12.6879 15.4602
      vertex -10.5 -24.5034 25
      vertex -10.5 -14.1421 14.1421
    endloop
  endfacet
  facet normal 1 -0 0
    outer loop
      vertex -10.5 -24.5034 25
      vertex -10.5 -12.6879 15.4602
      vertex -10.5 -24.4125 25.1515
    endloop
  endfacet
  facet normal 1 -0 0
    outer loop
      vertex -10.5 -24.4125 25.1515
      vertex -10.5 -12.6879 15.4602
      vertex -10.5 -24.337 25.3112
    endloop
  endfacet
  facet normal 1 0 0
    outer loop
      vertex -10.5 -11.1114 16.6294
      vertex -10.5 -24.337 25.3112
      vertex -10.5 -12.6879 15.4602
    endloop
  endfacet
  facet normal 1 -0 0
    outer loop
      vertex -10.5 -24.337 25.3112
      vertex -10.5 -11.1114 16.6294
      vertex -10.5 -24.2775 25.4775
    endloop
  endfacet
  facet normal 1 0 0
    outer loop
      vertex -10.5 -5.65 25.6
      vertex -10.5 -24.2087 26.1764
      vertex -10.5 -24.2 26
    endloop
  endfacet
  facet normal 1 0 0
    outer loop
      vertex -10.5 -5.65 29.1
      vertex -10.5 -24.2346 26.3512
      vertex -10.5 -24.2087 26.1764
    endloop
  endfacet
  facet normal 1 0 0
    outer loop
      vertex -10.5 -5.65 29.1
      vertex -10.5 -24.2775 26.5225
      vertex -10.5 -24.2346 26.3512
    endloop
  endfacet
  facet normal 1 0 0
    outer loop
      vertex -10.5 -5.65 29.1
      vertex -10.5 -24.337 26.6888
      vertex -10.5 -24.2775 26.5225
    endloop
  endfacet
  facet normal 1 0 0
    outer loop
      vertex -10.5 -5.65 29.1
      vertex -10.5 -24.4125 26.8485
      vertex -10.5 -24.337 26.6888
    endloop
  endfacet
  facet normal 1 0 0
    outer loop
      vertex -10.5 -5.65 29.1
      vertex -10.5 -24.5034 27
      vertex -10.5 -24.4125 26.8485
    endloop
  endfacet
  facet normal 1 0 0
    outer loop
      vertex -10.5 -5.65 29.1
      vertex -10.5 -24.6086 27.1419
      vertex -10.5 -24.5034 27
    endloop
  endfacet
  facet normal 1 0 0
    outer loop
      vertex -10.5 -5.65 29.1
      vertex -10.5 -24.7272 27.2728
      vertex -10.5 -24.6086 27.1419
    endloop
  endfacet
  facet normal 1 0 0
    outer loop
      vertex -10.5 -5.65 29.1
      vertex -10.5 -24.8581 27.3914
      vertex -10.5 -24.7272 27.2728
    endloop
  endfacet
  facet normal 1 0 0
    outer loop
      vertex -10.5 -5.65 29.1
      vertex -10.5 -25 27.4966
      vertex -10.5 -24.8581 27.3914
    endloop
  endfacet
  facet normal 1 0 0
    outer loop
      vertex -10.5 -5.65 29.1
      vertex -10.5 -25.1515 27.5875
      vertex -10.5 -25 27.4966
    endloop
  endfacet
  facet normal 1 0 0
    outer loop
      vertex -10.5 -5.65 29.1
      vertex -10.5 -25.3112 27.663
      vertex -10.5 -25.1515 27.5875
    endloop
  endfacet
  facet normal 1 0 0
    outer loop
      vertex -10.5 -5.65 29.1
      vertex -10.5 -25.4775 27.7225
      vertex -10.5 -25.3112 27.663
    endloop
  endfacet
  facet normal 1 -0 0
    outer loop
      vertex -10.5 -29.1 29.1
      vertex -10.5 -25.4775 27.7225
      vertex -10.5 -5.65 29.1
    endloop
  endfacet
  facet normal 1 0 0
    outer loop
      vertex -10.5 -25.4775 27.7225
      vertex -10.5 -29.1 29.1
      vertex -10.5 -25.6488 27.7654
    endloop
  endfacet
  facet normal 1 0 0
    outer loop
      vertex -10.5 -25.6488 27.7654
      vertex -10.5 -29.1 29.1
      vertex -10.5 -25.8236 27.7913
    endloop
  endfacet
  facet normal 1 0 0
    outer loop
      vertex -10.5 -25.8236 27.7913
      vertex -10.5 -29.1 29.1
      vertex -10.5 -26 27.8
    endloop
  endfacet
  facet normal 1 0 0
    outer loop
      vertex -10.5 -27.7913 26.1764
      vertex -10.5 -29.1 29.1
      vertex -10.5 -27.8 26
    endloop
  endfacet
  facet normal 1 0 0
    outer loop
      vertex -10.5 -27.7654 26.3512
      vertex -10.5 -29.1 29.1
      vertex -10.5 -27.7913 26.1764
    endloop
  endfacet
  facet normal 1 0 0
    outer loop
      vertex -10.5 -27.7225 26.5225
      vertex -10.5 -29.1 29.1
      vertex -10.5 -27.7654 26.3512
    endloop
  endfacet
  facet normal 1 0 0
    outer loop
      vertex -10.5 -27.663 26.6888
      vertex -10.5 -29.1 29.1
      vertex -10.5 -27.7225 26.5225
    endloop
  endfacet
  facet normal 1 0 0
    outer loop
      vertex -10.5 -27.5875 26.8485
      vertex -10.5 -29.1 29.1
      vertex -10.5 -27.663 26.6888
    endloop
  endfacet
  facet normal 1 0 0
    outer loop
      vertex -10.5 -27.4966 27
      vertex -10.5 -29.1 29.1
      vertex -10.5 -27.5875 26.8485
    endloop
  endfacet
  facet normal 1 0 0
    outer loop
      vertex -10.5 -27.3914 27.1419
      vertex -10.5 -29.1 29.1
      vertex -10.5 -27.4966 27
    endloop
  endfacet
  facet normal 1 0 0
    outer loop
      vertex -10.5 -27.2728 27.2728
      vertex -10.5 -29.1 29.1
      vertex -10.5 -27.3914 27.1419
    endloop
  endfacet
  facet normal 1 0 0
    outer loop
      vertex -10.5 -27.1419 27.3914
      vertex -10.5 -29.1 29.1
      vertex -10.5 -27.2728 27.2728
    endloop
  endfacet
  facet normal 1 0 0
    outer loop
      vertex -10.5 -27 27.4966
      vertex -10.5 -29.1 29.1
      vertex -10.5 -27.1419 27.3914
    endloop
  endfacet
  facet normal 1 0 0
    outer loop
      vertex -10.5 -26.8485 27.5875
      vertex -10.5 -29.1 29.1
      vertex -10.5 -27 27.4966
    endloop
  endfacet
  facet normal 1 0 0
    outer loop
      vertex -10.5 -26.6888 27.663
      vertex -10.5 -29.1 29.1
      vertex -10.5 -26.8485 27.5875
    endloop
  endfacet
  facet normal 1 0 0
    outer loop
      vertex -10.5 -26.5225 27.7225
      vertex -10.5 -29.1 29.1
      vertex -10.5 -26.6888 27.663
    endloop
  endfacet
  facet normal 1 0 0
    outer loop
      vertex -10.5 -26.3512 27.7654
      vertex -10.5 -29.1 29.1
      vertex -10.5 -26.5225 27.7225
    endloop
  endfacet
  facet normal 1 0 0
    outer loop
      vertex -10.5 -26.1764 27.7913
      vertex -10.5 -29.1 29.1
      vertex -10.5 -26.3512 27.7654
    endloop
  endfacet
  facet normal 1 0 0
    outer loop
      vertex -10.5 -26 27.8
      vertex -10.5 -29.1 29.1
      vertex -10.5 -26.1764 27.7913
    endloop
  endfacet
  facet normal 1 -0 0
    outer loop
      vertex -10.5 3.90181 -19.6157
      vertex -10.5 5.65 -25.6
      vertex -10.5 5.80569 -19.1388
    endloop
  endfacet
  facet normal 1 -0 0
    outer loop
      vertex -10.5 1.96034 -19.9037
      vertex -10.5 5.65 -25.6
      vertex -10.5 3.90181 -19.6157
    endloop
  endfacet
  facet normal 1 -0 0
    outer loop
      vertex -10.5 0 -20
      vertex -10.5 5.65 -25.6
      vertex -10.5 1.96034 -19.9037
    endloop
  endfacet
  facet normal 1 0 0
    outer loop
      vertex -10.5 -5.65 -25.6
      vertex -10.5 0 -20
      vertex -10.5 -1.96034 -19.9037
    endloop
  endfacet
  facet normal 1 0 0
    outer loop
      vertex -10.5 -5.65 -25.6
      vertex -10.5 -1.96034 -19.9037
      vertex -10.5 -3.90181 -19.6157
    endloop
  endfacet
  facet normal 1 0 0
    outer loop
      vertex -10.5 0 -20
      vertex -10.5 -5.65 -25.6
      vertex -10.5 5.65 -25.6
    endloop
  endfacet
  facet normal 1 0 0
    outer loop
      vertex -10.5 -5.80569 -19.1388
      vertex -10.5 -5.65 -25.6
      vertex -10.5 -3.90181 -19.6157
    endloop
  endfacet
  facet normal 1 0 0
    outer loop
      vertex -10.5 -7.65367 -18.4776
      vertex -10.5 -5.65 -25.6
      vertex -10.5 -5.80569 -19.1388
    endloop
  endfacet
  facet normal 1 0 0
    outer loop
      vertex -10.5 -9.42793 -17.6384
      vertex -10.5 -5.65 -25.6
      vertex -10.5 -7.65367 -18.4776
    endloop
  endfacet
  facet normal 1 0 0
    outer loop
      vertex -10.5 -24.2 -26
      vertex -10.5 -5.65 -25.6
      vertex -10.5 -9.42793 -17.6384
    endloop
  endfacet
  facet normal 1 0 0
    outer loop
      vertex -10.5 -24.2 -26
      vertex -10.5 -9.42793 -17.6384
      vertex -10.5 -11.1114 -16.6294
    endloop
  endfacet
  facet normal 1 0 0
    outer loop
      vertex -10.5 -24.2 -26
      vertex -10.5 -11.1114 -16.6294
      vertex -10.5 -12.6879 -15.4602
    endloop
  endfacet
  facet normal 1 0 0
    outer loop
      vertex -10.5 -24.2 -26
      vertex -10.5 -12.6879 -15.4602
      vertex -10.5 -14.1421 -14.1421
    endloop
  endfacet
  facet normal 1 0 0
    outer loop
      vertex -10.5 -24.2 -26
      vertex -10.5 -14.1421 -14.1421
      vertex -10.5 -15.4602 -12.6879
    endloop
  endfacet
  facet normal 1 0 0
    outer loop
      vertex -10.5 -24.2 -26
      vertex -10.5 -15.4602 -12.6879
      vertex -10.5 -16.6294 -11.1114
    endloop
  endfacet
  facet normal 1 -0 0
    outer loop
      vertex -10.5 -24.8581 24.6086
      vertex -10.5 -14.1421 14.1421
      vertex -10.5 -24.7272 24.7272
    endloop
  endfacet
  facet normal 1 0 0
    outer loop
      vertex -10.5 -20 0
      vertex -10.5 -24.2 -26
      vertex -10.5 -19.9037 -1.96034
    endloop
  endfacet
  facet normal 1 0 0
    outer loop
      vertex -10.5 -19.9037 -1.96034
      vertex -10.5 -24.2 -26
      vertex -10.5 -19.6157 -3.90181
    endloop
  endfacet
  facet normal 1 0 0
    outer loop
      vertex -10.5 -24.2 -26
      vertex -10.5 -19.1388 -5.80569
      vertex -10.5 -19.6157 -3.90181
    endloop
  endfacet
  facet normal 1 0 0
    outer loop
      vertex -10.5 -24.2 -26
      vertex -10.5 -18.4776 -7.65367
      vertex -10.5 -19.1388 -5.80569
    endloop
  endfacet
  facet normal 1 0 0
    outer loop
      vertex -10.5 -24.2 -26
      vertex -10.5 -17.6384 -9.42793
      vertex -10.5 -18.4776 -7.65367
    endloop
  endfacet
  facet normal 1 0 0
    outer loop
      vertex -10.5 -24.2 -26
      vertex -10.5 -16.6294 -11.1114
      vertex -10.5 -17.6384 -9.42793
    endloop
  endfacet
  facet normal 1 0 0
    outer loop
      vertex -10.5 -24.2087 -26.1764
      vertex -10.5 -5.65 -25.6
      vertex -10.5 -24.2 -26
    endloop
  endfacet
  facet normal 1 0 0
    outer loop
      vertex -10.5 -5.65 -25.6
      vertex -10.5 -24.2087 -26.1764
      vertex -10.5 -5.65 -29.1
    endloop
  endfacet
  facet normal 1 -0 0
    outer loop
      vertex -10.5 -24.2346 -26.3512
      vertex -10.5 -5.65 -29.1
      vertex -10.5 -24.2087 -26.1764
    endloop
  endfacet
  facet normal 1 -0 0
    outer loop
      vertex -10.5 -24.2775 -26.5225
      vertex -10.5 -5.65 -29.1
      vertex -10.5 -24.2346 -26.3512
    endloop
  endfacet
  facet normal 1 -0 0
    outer loop
      vertex -10.5 -24.337 -26.6888
      vertex -10.5 -5.65 -29.1
      vertex -10.5 -24.2775 -26.5225
    endloop
  endfacet
  facet normal 1 -0 0
    outer loop
      vertex -10.5 -24.4125 -26.8485
      vertex -10.5 -5.65 -29.1
      vertex -10.5 -24.337 -26.6888
    endloop
  endfacet
  facet normal 1 -0 0
    outer loop
      vertex -10.5 -24.5034 -27
      vertex -10.5 -5.65 -29.1
      vertex -10.5 -24.4125 -26.8485
    endloop
  endfacet
  facet normal 1 -0 0
    outer loop
      vertex -10.5 -24.6086 -27.1419
      vertex -10.5 -5.65 -29.1
      vertex -10.5 -24.5034 -27
    endloop
  endfacet
  facet normal 1 -0 0
    outer loop
      vertex -10.5 -24.7272 -27.2728
      vertex -10.5 -5.65 -29.1
      vertex -10.5 -24.6086 -27.1419
    endloop
  endfacet
  facet normal 1 -0 0
    outer loop
      vertex -10.5 -24.8581 -27.3914
      vertex -10.5 -5.65 -29.1
      vertex -10.5 -24.7272 -27.2728
    endloop
  endfacet
  facet normal 1 -0 0
    outer loop
      vertex -10.5 -25 -27.4966
      vertex -10.5 -5.65 -29.1
      vertex -10.5 -24.8581 -27.3914
    endloop
  endfacet
  facet normal 1 -0 0
    outer loop
      vertex -10.5 -25.1515 -27.5875
      vertex -10.5 -5.65 -29.1
      vertex -10.5 -25 -27.4966
    endloop
  endfacet
  facet normal 1 -0 0
    outer loop
      vertex -10.5 -25.3112 -27.663
      vertex -10.5 -5.65 -29.1
      vertex -10.5 -25.1515 -27.5875
    endloop
  endfacet
  facet normal 1 -0 0
    outer loop
      vertex -10.5 -25.4775 -27.7225
      vertex -10.5 -5.65 -29.1
      vertex -10.5 -25.3112 -27.663
    endloop
  endfacet
  facet normal 1 0 0
    outer loop
      vertex -10.5 -29.1 -29.1
      vertex -10.5 -25.4775 -27.7225
      vertex -10.5 -25.6488 -27.7654
    endloop
  endfacet
  facet normal 1 0 0
    outer loop
      vertex -10.5 -29.1 -29.1
      vertex -10.5 -25.6488 -27.7654
      vertex -10.5 -25.8236 -27.7913
    endloop
  endfacet
  facet normal 1 0 0
    outer loop
      vertex -10.5 -29.1 -29.1
      vertex -10.5 -25.8236 -27.7913
      vertex -10.5 -26 -27.8
    endloop
  endfacet
  facet normal 1 0 0
    outer loop
      vertex -10.5 -29.1 -29.1
      vertex -10.5 -26 -27.8
      vertex -10.5 -26.1764 -27.7913
    endloop
  endfacet
  facet normal 1 0 0
    outer loop
      vertex -10.5 -27.7913 -25.8236
      vertex -10.5 -29.1 -29.1
      vertex -10.5 -27.8 -26
    endloop
  endfacet
  facet normal 1 0 0
    outer loop
      vertex -10.5 -25.4775 -27.7225
      vertex -10.5 -29.1 -29.1
      vertex -10.5 -5.65 -29.1
    endloop
  endfacet
  facet normal 1 0 0
    outer loop
      vertex -10.5 -26.3512 -27.7654
      vertex -10.5 -29.1 -29.1
      vertex -10.5 -26.1764 -27.7913
    endloop
  endfacet
  facet normal 1 0 0
    outer loop
      vertex -10.5 -26.5225 -27.7225
      vertex -10.5 -29.1 -29.1
      vertex -10.5 -26.3512 -27.7654
    endloop
  endfacet
  facet normal 1 0 0
    outer loop
      vertex -10.5 -26.6888 -27.663
      vertex -10.5 -29.1 -29.1
      vertex -10.5 -26.5225 -27.7225
    endloop
  endfacet
  facet normal 1 0 0
    outer loop
      vertex -10.5 -26.8485 -27.5875
      vertex -10.5 -29.1 -29.1
      vertex -10.5 -26.6888 -27.663
    endloop
  endfacet
  facet normal 1 0 0
    outer loop
      vertex -10.5 -27 -27.4966
      vertex -10.5 -29.1 -29.1
      vertex -10.5 -26.8485 -27.5875
    endloop
  endfacet
  facet normal 1 0 0
    outer loop
      vertex -10.5 -27.1419 -27.3914
      vertex -10.5 -29.1 -29.1
      vertex -10.5 -27 -27.4966
    endloop
  endfacet
  facet normal 1 0 0
    outer loop
      vertex -10.5 -27.2728 -27.2728
      vertex -10.5 -29.1 -29.1
      vertex -10.5 -27.1419 -27.3914
    endloop
  endfacet
  facet normal 1 0 0
    outer loop
      vertex -10.5 -27.3914 -27.1419
      vertex -10.5 -29.1 -29.1
      vertex -10.5 -27.2728 -27.2728
    endloop
  endfacet
  facet normal 1 0 0
    outer loop
      vertex -10.5 -27.4966 -27
      vertex -10.5 -29.1 -29.1
      vertex -10.5 -27.3914 -27.1419
    endloop
  endfacet
  facet normal 1 0 0
    outer loop
      vertex -10.5 -27.5875 -26.8485
      vertex -10.5 -29.1 -29.1
      vertex -10.5 -27.4966 -27
    endloop
  endfacet
  facet normal 1 0 0
    outer loop
      vertex -10.5 -27.663 -26.6888
      vertex -10.5 -29.1 -29.1
      vertex -10.5 -27.5875 -26.8485
    endloop
  endfacet
  facet normal 1 0 0
    outer loop
      vertex -10.5 -27.7225 -26.5225
      vertex -10.5 -29.1 -29.1
      vertex -10.5 -27.663 -26.6888
    endloop
  endfacet
  facet normal 1 0 0
    outer loop
      vertex -10.5 -27.7654 -26.3512
      vertex -10.5 -29.1 -29.1
      vertex -10.5 -27.7225 -26.5225
    endloop
  endfacet
  facet normal 1 0 0
    outer loop
      vertex -10.5 -27.7913 -26.1764
      vertex -10.5 -29.1 -29.1
      vertex -10.5 -27.7654 -26.3512
    endloop
  endfacet
  facet normal 1 0 0
    outer loop
      vertex -10.5 -27.8 -26
      vertex -10.5 -29.1 -29.1
      vertex -10.5 -27.7913 -26.1764
    endloop
  endfacet
  facet normal 1 0 0
    outer loop
      vertex -10.5 -25.3112 -24.337
      vertex -10.5 -25.6 -5.65
      vertex -10.5 -25.4775 -24.2775
    endloop
  endfacet
  facet normal 1 0 0
    outer loop
      vertex -10.5 -25.6 -5.65
      vertex -10.5 -25.6488 -24.2346
      vertex -10.5 -25.4775 -24.2775
    endloop
  endfacet
  facet normal 1 0 0
    outer loop
      vertex -10.5 -25.6 -5.65
      vertex -10.5 -25.8236 -24.2087
      vertex -10.5 -25.6488 -24.2346
    endloop
  endfacet
  facet normal 1 0 0
    outer loop
      vertex -10.5 -25.6 -5.65
      vertex -10.5 -26 -24.2
      vertex -10.5 -25.8236 -24.2087
    endloop
  endfacet
  facet normal 1 0 0
    outer loop
      vertex -10.5 -25.6 -5.65
      vertex -10.5 -26.1764 -24.2087
      vertex -10.5 -26 -24.2
    endloop
  endfacet
  facet normal 1 -0 0
    outer loop
      vertex -10.5 -29.1 -5.65
      vertex -10.5 -26.1764 -24.2087
      vertex -10.5 -25.6 -5.65
    endloop
  endfacet
  facet normal 1 0 0
    outer loop
      vertex -10.5 -26.1764 -24.2087
      vertex -10.5 -29.1 -5.65
      vertex -10.5 -26.3512 -24.2346
    endloop
  endfacet
  facet normal 1 0 0
    outer loop
      vertex -10.5 -26.3512 -24.2346
      vertex -10.5 -29.1 -5.65
      vertex -10.5 -26.5225 -24.2775
    endloop
  endfacet
  facet normal 1 0 0
    outer loop
      vertex -10.5 -26.5225 -24.2775
      vertex -10.5 -29.1 -5.65
      vertex -10.5 -26.6888 -24.337
    endloop
  endfacet
  facet normal 1 0 0
    outer loop
      vertex -10.5 -26.6888 -24.337
      vertex -10.5 -29.1 -5.65
      vertex -10.5 -26.8485 -24.4125
    endloop
  endfacet
  facet normal 1 0 0
    outer loop
      vertex -10.5 -26.8485 -24.4125
      vertex -10.5 -29.1 -5.65
      vertex -10.5 -27 -24.5034
    endloop
  endfacet
  facet normal 1 0 0
    outer loop
      vertex -10.5 -27 -24.5034
      vertex -10.5 -29.1 -5.65
      vertex -10.5 -27.1419 -24.6086
    endloop
  endfacet
  facet normal 1 0 0
    outer loop
      vertex -10.5 -27.1419 -24.6086
      vertex -10.5 -29.1 -5.65
      vertex -10.5 -27.2728 -24.7272
    endloop
  endfacet
  facet normal 1 0 0
    outer loop
      vertex -10.5 -27.2728 -24.7272
      vertex -10.5 -29.1 -5.65
      vertex -10.5 -27.3914 -24.8581
    endloop
  endfacet
  facet normal 1 0 0
    outer loop
      vertex -10.5 -27.3914 -24.8581
      vertex -10.5 -29.1 -5.65
      vertex -10.5 -27.4966 -25
    endloop
  endfacet
  facet normal 1 0 0
    outer loop
      vertex -10.5 -27.4966 -25
      vertex -10.5 -29.1 -5.65
      vertex -10.5 -27.5875 -25.1515
    endloop
  endfacet
  facet normal 1 0 0
    outer loop
      vertex -10.5 -27.5875 -25.1515
      vertex -10.5 -29.1 -5.65
      vertex -10.5 -27.663 -25.3112
    endloop
  endfacet
  facet normal 1 0 0
    outer loop
      vertex -10.5 -27.663 -25.3112
      vertex -10.5 -29.1 -5.65
      vertex -10.5 -27.7225 -25.4775
    endloop
  endfacet
  facet normal 1 0 0
    outer loop
      vertex -10.5 -29.1 -29.1
      vertex -10.5 -27.7225 -25.4775
      vertex -10.5 -29.1 -5.65
    endloop
  endfacet
  facet normal 1 0 0
    outer loop
      vertex -10.5 -27.7654 -25.6488
      vertex -10.5 -29.1 -29.1
      vertex -10.5 -27.7913 -25.8236
    endloop
  endfacet
  facet normal 1 0 0
    outer loop
      vertex -10.5 -27.7225 -25.4775
      vertex -10.5 -29.1 -29.1
      vertex -10.5 -27.7654 -25.6488
    endloop
  endfacet
  facet normal -0 0 1
    outer loop
      vertex -14 29.1 -5.65
      vertex -10.5 25.6 -5.65
      vertex -10.5 29.1 -5.65
    endloop
  endfacet
  facet normal 0 0 1
    outer loop
      vertex -10.5 25.6 -5.65
      vertex -14 29.1 -5.65
      vertex -14 25.6 -5.65
    endloop
  endfacet
  facet normal -0 0 1
    outer loop
      vertex -14 5.65 25.6
      vertex -10.5 -5.65 25.6
      vertex -10.5 5.65 25.6
    endloop
  endfacet
  facet normal 0 0 1
    outer loop
      vertex -10.5 -5.65 25.6
      vertex -14 5.65 25.6
      vertex -14 -5.65 25.6
    endloop
  endfacet
  facet normal 0 1 -0
    outer loop
      vertex -10.5 -5.65 25.6
      vertex -14 -5.65 29.1
      vertex -10.5 -5.65 29.1
    endloop
  endfacet
  facet normal 0 1 0
    outer loop
      vertex -14 -5.65 29.1
      vertex -10.5 -5.65 25.6
      vertex -14 -5.65 25.6
    endloop
  endfacet
  facet normal 0 -1 0
    outer loop
      vertex -14 5.65 25.6
      vertex -10.5 5.65 29.1
      vertex -14 5.65 29.1
    endloop
  endfacet
  facet normal 0 -1 -0
    outer loop
      vertex -10.5 5.65 29.1
      vertex -14 5.65 25.6
      vertex -10.5 5.65 25.6
    endloop
  endfacet
  facet normal 0 0 -1
    outer loop
      vertex -14 -5.65 -25.6
      vertex -10.5 5.65 -25.6
      vertex -10.5 -5.65 -25.6
    endloop
  endfacet
  facet normal -0 0 -1
    outer loop
      vertex -10.5 5.65 -25.6
      vertex -14 -5.65 -25.6
      vertex -14 5.65 -25.6
    endloop
  endfacet
  facet normal 0 -1 0
    outer loop
      vertex -14 5.65 -29.1
      vertex -10.5 5.65 -25.6
      vertex -14 5.65 -25.6
    endloop
  endfacet
  facet normal 0 -1 -0
    outer loop
      vertex -10.5 5.65 -25.6
      vertex -14 5.65 -29.1
      vertex -10.5 5.65 -29.1
    endloop
  endfacet
  facet normal 0 1 -0
    outer loop
      vertex -10.5 -5.65 -29.1
      vertex -14 -5.65 -25.6
      vertex -10.5 -5.65 -25.6
    endloop
  endfacet
  facet normal 0 1 0
    outer loop
      vertex -14 -5.65 -25.6
      vertex -10.5 -5.65 -29.1
      vertex -14 -5.65 -29.1
    endloop
  endfacet
  facet normal 0 -1 0
    outer loop
      vertex -14 -25.6 -5.65
      vertex -10.5 -25.6 5.65
      vertex -14 -25.6 5.65
    endloop
  endfacet
  facet normal 0 -1 -0
    outer loop
      vertex -10.5 -25.6 5.65
      vertex -14 -25.6 -5.65
      vertex -10.5 -25.6 -5.65
    endloop
  endfacet
  facet normal -0 0 1
    outer loop
      vertex -14 -25.6 -5.65
      vertex -10.5 -29.1 -5.65
      vertex -10.5 -25.6 -5.65
    endloop
  endfacet
  facet normal 0 0 1
    outer loop
      vertex -10.5 -29.1 -5.65
      vertex -14 -25.6 -5.65
      vertex -14 -29.1 -5.65
    endloop
  endfacet
  facet normal 0 0 -1
    outer loop
      vertex -14 -29.1 5.65
      vertex -10.5 -25.6 5.65
      vertex -10.5 -29.1 5.65
    endloop
  endfacet
  facet normal -0 0 -1
    outer loop
      vertex -10.5 -25.6 5.65
      vertex -14 -29.1 5.65
      vertex -14 -25.6 5.65
    endloop
  endfacet
  facet normal -0.443947 0.217453 0.869267
    outer loop
      vertex -14 25.4157 -28.9375
      vertex -11.5908 25.4889 -27.7254
      vertex -11.5908 25.6488 -27.7654
    endloop
  endfacet
  facet normal -0.441536 0.246492 0.862721
    outer loop
      vertex -11.5908 25.4889 -27.7254
      vertex -14 25.4157 -28.9375
      vertex -14 25.415 -28.9373
    endloop
  endfacet
  facet normal -0.4437 -0.76712 0.46331
    outer loop
      vertex -14 28.641 -27.4124
      vertex -11.5908 27.4966 -27
      vertex -11.5908 27.5027 -26.9899
    endloop
  endfacet
  facet normal -0.443959 -0.768704 0.460428
    outer loop
      vertex -11.5908 27.4966 -27
      vertex -14 28.641 -27.4124
      vertex -14 28.4903 -27.664
    endloop
  endfacet
  facet normal -0.443895 -0.0455045 -0.894923
    outer loop
      vertex -14 26 -23.005
      vertex -11.5908 26.0118 -24.2006
      vertex -11.5908 26 -24.2
    endloop
  endfacet
  facet normal -0.443938 -0.0436954 -0.894991
    outer loop
      vertex -11.5908 26.0118 -24.2006
      vertex -14 26 -23.005
      vertex -14 26.2929 -23.0193
    endloop
  endfacet
  facet normal -0.443938 -0.0436954 0.894991
    outer loop
      vertex -14 26 -28.995
      vertex -11.5908 26.0118 -27.7994
      vertex -14 26.2929 -28.9807
    endloop
  endfacet
  facet normal -0.443895 -0.0455045 0.894923
    outer loop
      vertex -11.5908 26.0118 -27.7994
      vertex -14 26 -28.995
      vertex -11.5908 26 -27.8
    endloop
  endfacet
  facet normal -0.444034 -0.126715 0.887005
    outer loop
      vertex -14 26.2929 -28.9807
      vertex -11.5908 26.1764 -27.7913
      vertex -14 26.2936 -28.9806
    endloop
  endfacet
  facet normal -0.443964 -0.0440412 0.894962
    outer loop
      vertex -11.5908 26.1764 -27.7913
      vertex -14 26.2929 -28.9807
      vertex -11.5908 26.0118 -27.7994
    endloop
  endfacet
  facet normal -0.443673 -0.868527 0.220941
    outer loop
      vertex -14 28.9373 -26.585
      vertex -11.5908 27.7225 -26.5225
      vertex -11.5908 27.7254 -26.5111
    endloop
  endfacet
  facet normal -0.443941 -0.86923 0.217613
    outer loop
      vertex -11.5908 27.7225 -26.5225
      vertex -14 28.9373 -26.585
      vertex -14 28.8661 -26.8694
    endloop
  endfacet
  facet normal -0.431629 0.563507 -0.704384
    outer loop
      vertex -14 24.5881 -23.3586
      vertex -11.5908 25.0101 -24.4973
      vertex -14 24.5876 -23.359
    endloop
  endfacet
  facet normal -0.443935 0.460859 -0.76846
    outer loop
      vertex -11.5908 25.0101 -24.4973
      vertex -14 24.5881 -23.3586
      vertex -11.5908 25.1515 -24.4125
    endloop
  endfacet
  facet normal -0.443944 0.886351 0.131513
    outer loop
      vertex -11.5908 24.2329 -26.3395
      vertex -14 23.0194 -26.2936
      vertex -11.5908 24.2087 -26.1764
    endloop
  endfacet
  facet normal -0.442695 0.884472 0.147412
    outer loop
      vertex -14 23.0194 -26.2936
      vertex -11.5908 24.2329 -26.3395
      vertex -14 23.0195 -26.2942
    endloop
  endfacet
  facet normal -0.44394 -0.719659 -0.533862
    outer loop
      vertex -14 28.4899 -24.3355
      vertex -11.5908 27.3914 -24.8581
      vertex -14 28.3152 -24.1
    endloop
  endfacet
  facet normal -0.444164 -0.721286 -0.531474
    outer loop
      vertex -11.5908 27.3914 -24.8581
      vertex -14 28.4899 -24.3355
      vertex -11.5908 27.3984 -24.8676
    endloop
  endfacet
  facet normal -0.443047 0.824012 -0.353148
    outer loop
      vertex -11.5908 24.4125 -25.1515
      vertex -14 23.3583 -24.5888
      vertex -14 23.3586 -24.5881
    endloop
  endfacet
  facet normal -0.443922 0.810184 -0.382798
    outer loop
      vertex -14 23.3583 -24.5888
      vertex -11.5908 24.4125 -25.1515
      vertex -11.5908 24.3421 -25.3005
    endloop
  endfacet
  facet normal -0.443946 0.30172 0.843728
    outer loop
      vertex -14 25.1306 -28.8661
      vertex -11.5908 25.3223 -27.667
      vertex -11.5908 25.4775 -27.7225
    endloop
  endfacet
  facet normal -0.439159 0.353901 0.825769
    outer loop
      vertex -11.5908 25.3223 -27.667
      vertex -14 25.1306 -28.8661
      vertex -14 25.1299 -28.8658
    endloop
  endfacet
  facet normal -0.443901 -0.808892 0.385547
    outer loop
      vertex -14 28.7671 -27.1462
      vertex -11.5908 27.6579 -26.6995
      vertex -11.5908 27.663 -26.6888
    endloop
  endfacet
  facet normal -0.443961 -0.80994 0.38327
    outer loop
      vertex -11.5908 27.6579 -26.6995
      vertex -14 28.7671 -27.1462
      vertex -14 28.6417 -27.4112
    endloop
  endfacet
  facet normal -0.443768 0.30381 0.843071
    outer loop
      vertex -14 25.1299 -28.8658
      vertex -11.5908 25.3112 -27.663
      vertex -11.5908 25.3223 -27.667
    endloop
  endfacet
  facet normal -0.443948 0.301627 0.84376
    outer loop
      vertex -11.5908 25.3112 -27.663
      vertex -14 25.1299 -28.8658
      vertex -14 24.8538 -28.7671
    endloop
  endfacet
  facet normal -0.443047 -0.824012 -0.353148
    outer loop
      vertex -14 28.6417 -24.5888
      vertex -11.5908 27.5875 -25.1515
      vertex -14 28.6414 -24.5881
    endloop
  endfacet
  facet normal -0.443922 -0.810184 -0.382798
    outer loop
      vertex -11.5908 27.5875 -25.1515
      vertex -14 28.6417 -24.5888
      vertex -11.5908 27.6579 -25.3005
    endloop
  endfacet
  facet normal -0.443961 -0.80994 -0.38327
    outer loop
      vertex -14 28.7671 -24.8538
      vertex -11.5908 27.6579 -25.3005
      vertex -14 28.6417 -24.5888
    endloop
  endfacet
  facet normal -0.443901 -0.808892 -0.385547
    outer loop
      vertex -14 28.7671 -24.8538
      vertex -11.5908 27.663 -25.3112
      vertex -11.5908 27.6579 -25.3005
    endloop
  endfacet
  facet normal -0.443959 0.460428 -0.768704
    outer loop
      vertex -14 24.5876 -23.359
      vertex -11.5908 25 -24.5034
      vertex -14 24.336 -23.5097
    endloop
  endfacet
  facet normal -0.4437 0.46331 -0.76712
    outer loop
      vertex -11.5908 25 -24.5034
      vertex -14 24.5876 -23.359
      vertex -11.5908 25.0101 -24.4973
    endloop
  endfacet
  facet normal -0.443895 0.894923 0.0455045
    outer loop
      vertex -11.5908 24.2006 -26.0118
      vertex -14 23.005 -26
      vertex -11.5908 24.2 -26
    endloop
  endfacet
  facet normal -0.443938 0.894991 0.0436954
    outer loop
      vertex -14 23.005 -26
      vertex -11.5908 24.2006 -26.0118
      vertex -14 23.0193 -26.2929
    endloop
  endfacet
  facet normal -0.443768 0.843071 0.30381
    outer loop
      vertex -11.5908 24.337 -26.6888
      vertex -14 23.1342 -26.8701
      vertex -11.5908 24.333 -26.6777
    endloop
  endfacet
  facet normal -0.443948 0.84376 0.301627
    outer loop
      vertex -14 23.1342 -26.8701
      vertex -11.5908 24.337 -26.6888
      vertex -14 23.2329 -27.1462
    endloop
  endfacet
  facet normal -0.439159 -0.825769 -0.353901
    outer loop
      vertex -14 28.8661 -25.1306
      vertex -11.5908 27.667 -25.3223
      vertex -14 28.8658 -25.1299
    endloop
  endfacet
  facet normal -0.443946 -0.843728 -0.30172
    outer loop
      vertex -11.5908 27.667 -25.3223
      vertex -14 28.8661 -25.1306
      vertex -11.5908 27.7225 -25.4775
    endloop
  endfacet
  facet normal -0.443935 -0.664086 0.60159
    outer loop
      vertex -14 28.1183 -28.1173
      vertex -11.5908 27.2728 -27.2728
      vertex -11.5908 27.3835 -27.1506
    endloop
  endfacet
  facet normal -0.444359 -0.633461 0.633461
    outer loop
      vertex -11.5908 27.2728 -27.2728
      vertex -14 28.1183 -28.1173
      vertex -14 28.1178 -28.1178
    endloop
  endfacet
  facet normal -0.443941 -0.886372 -0.131382
    outer loop
      vertex -14 28.9805 -25.7058
      vertex -11.5908 27.7654 -25.6488
      vertex -14 28.9375 -25.4157
    endloop
  endfacet
  facet normal -0.44414 -0.886647 -0.128829
    outer loop
      vertex -11.5908 27.7654 -25.6488
      vertex -14 28.9805 -25.7058
      vertex -11.5908 27.7671 -25.6605
    endloop
  endfacet
  facet normal -0.44414 0.886647 0.128829
    outer loop
      vertex -11.5908 24.2346 -26.3512
      vertex -14 23.0195 -26.2942
      vertex -11.5908 24.2329 -26.3395
    endloop
  endfacet
  facet normal -0.443941 0.886372 0.131382
    outer loop
      vertex -14 23.0195 -26.2942
      vertex -11.5908 24.2346 -26.3512
      vertex -14 23.0625 -26.5843
    endloop
  endfacet
  facet normal -0.443935 0.460859 0.76846
    outer loop
      vertex -11.5908 25.1515 -27.5875
      vertex -14 24.5881 -28.6414
      vertex -11.5908 25.0101 -27.5027
    endloop
  endfacet
  facet normal -0.431629 0.563507 0.704384
    outer loop
      vertex -11.5908 25.0101 -27.5027
      vertex -14 24.5881 -28.6414
      vertex -14 24.5876 -28.641
    endloop
  endfacet
  facet normal -0.4437 -0.46331 -0.76712
    outer loop
      vertex -14 27.4124 -23.359
      vertex -11.5908 27 -24.5034
      vertex -11.5908 26.9899 -24.4973
    endloop
  endfacet
  facet normal -0.443959 -0.460428 -0.768704
    outer loop
      vertex -11.5908 27 -24.5034
      vertex -14 27.4124 -23.359
      vertex -14 27.664 -23.5097
    endloop
  endfacet
  facet normal -0.443922 -0.382798 -0.810184
    outer loop
      vertex -14 27.4112 -23.3583
      vertex -11.5908 26.8485 -24.4125
      vertex -11.5908 26.6995 -24.3421
    endloop
  endfacet
  facet normal -0.443047 -0.353148 -0.824012
    outer loop
      vertex -11.5908 26.8485 -24.4125
      vertex -14 27.4112 -23.3583
      vertex -14 27.4119 -23.3586
    endloop
  endfacet
  facet normal -0.443947 0.869267 0.217453
    outer loop
      vertex -11.5908 24.2746 -26.5111
      vertex -14 23.0625 -26.5843
      vertex -11.5908 24.2346 -26.3512
    endloop
  endfacet
  facet normal -0.441536 0.862721 0.246492
    outer loop
      vertex -14 23.0625 -26.5843
      vertex -11.5908 24.2746 -26.5111
      vertex -14 23.0627 -26.585
    endloop
  endfacet
  facet normal -0.444034 0.887005 -0.126715
    outer loop
      vertex -11.5908 24.2087 -25.8236
      vertex -14 23.0193 -25.7071
      vertex -14 23.0194 -25.7064
    endloop
  endfacet
  facet normal -0.443964 0.894962 -0.0440412
    outer loop
      vertex -14 23.0193 -25.7071
      vertex -11.5908 24.2087 -25.8236
      vertex -11.5908 24.2006 -25.9882
    endloop
  endfacet
  facet normal -0.443964 0.0440412 0.894962
    outer loop
      vertex -14 25.7071 -28.9807
      vertex -11.5908 25.8236 -27.7913
      vertex -11.5908 25.9882 -27.7994
    endloop
  endfacet
  facet normal -0.444034 0.126715 0.887005
    outer loop
      vertex -11.5908 25.8236 -27.7913
      vertex -14 25.7071 -28.9807
      vertex -14 25.7064 -28.9806
    endloop
  endfacet
  facet normal -0.443959 -0.768704 -0.460428
    outer loop
      vertex -14 28.641 -24.5876
      vertex -11.5908 27.4966 -25
      vertex -14 28.4903 -24.336
    endloop
  endfacet
  facet normal -0.4437 -0.76712 -0.46331
    outer loop
      vertex -11.5908 27.4966 -25
      vertex -14 28.641 -24.5876
      vertex -11.5908 27.5027 -25.0101
    endloop
  endfacet
  facet normal -0.44414 0.128829 0.886647
    outer loop
      vertex -14 25.7058 -28.9805
      vertex -11.5908 25.6488 -27.7654
      vertex -11.5908 25.6605 -27.7671
    endloop
  endfacet
  facet normal -0.443941 0.131382 0.886372
    outer loop
      vertex -11.5908 25.6488 -27.7654
      vertex -14 25.7058 -28.9805
      vertex -14 25.4157 -28.9375
    endloop
  endfacet
  facet normal -0.443895 0.0455045 0.894923
    outer loop
      vertex -14 26 -28.995
      vertex -11.5908 25.9882 -27.7994
      vertex -11.5908 26 -27.8
    endloop
  endfacet
  facet normal -0.443938 0.0436954 0.894991
    outer loop
      vertex -11.5908 25.9882 -27.7994
      vertex -14 26 -28.995
      vertex -14 25.7071 -28.9807
    endloop
  endfacet
  facet normal -0.443944 0.131513 0.886351
    outer loop
      vertex -11.5908 25.8236 -27.7913
      vertex -14 25.7064 -28.9806
      vertex -11.5908 25.6605 -27.7671
    endloop
  endfacet
  facet normal -0.442695 0.147412 0.884472
    outer loop
      vertex -11.5908 25.6605 -27.7671
      vertex -14 25.7064 -28.9806
      vertex -14 25.7058 -28.9805
    endloop
  endfacet
  facet normal -0.443922 0.810184 0.382798
    outer loop
      vertex -11.5908 24.4125 -26.8485
      vertex -14 23.3583 -27.4112
      vertex -11.5908 24.3421 -26.6995
    endloop
  endfacet
  facet normal -0.443047 0.824012 0.353148
    outer loop
      vertex -14 23.3583 -27.4112
      vertex -11.5908 24.4125 -26.8485
      vertex -14 23.3586 -27.4119
    endloop
  endfacet
  facet normal -0.4437 0.46331 0.76712
    outer loop
      vertex -14 24.5876 -28.641
      vertex -11.5908 25 -27.4966
      vertex -11.5908 25.0101 -27.5027
    endloop
  endfacet
  facet normal -0.443959 0.460428 0.768704
    outer loop
      vertex -11.5908 25 -27.4966
      vertex -14 24.5876 -28.641
      vertex -14 24.336 -28.4903
    endloop
  endfacet
  facet normal -0.443901 0.385547 0.808892
    outer loop
      vertex -14 24.8538 -28.7671
      vertex -11.5908 25.3005 -27.6579
      vertex -11.5908 25.3112 -27.663
    endloop
  endfacet
  facet normal -0.443961 0.38327 0.80994
    outer loop
      vertex -11.5908 25.3005 -27.6579
      vertex -14 24.8538 -28.7671
      vertex -14 24.5888 -28.6417
    endloop
  endfacet
  facet normal -0.444359 0.633461 -0.633461
    outer loop
      vertex -11.5908 24.7272 -24.7272
      vertex -14 23.8817 -23.8827
      vertex -14 23.8822 -23.8822
    endloop
  endfacet
  facet normal -0.443935 0.664086 -0.60159
    outer loop
      vertex -14 23.8817 -23.8827
      vertex -11.5908 24.7272 -24.7272
      vertex -11.5908 24.6165 -24.8494
    endloop
  endfacet
  facet normal -0.443941 0.131382 -0.886372
    outer loop
      vertex -14 25.7058 -23.0195
      vertex -11.5908 25.6488 -24.2346
      vertex -14 25.4157 -23.0625
    endloop
  endfacet
  facet normal -0.44414 0.128829 -0.886647
    outer loop
      vertex -11.5908 25.6488 -24.2346
      vertex -14 25.7058 -23.0195
      vertex -11.5908 25.6605 -24.2329
    endloop
  endfacet
  facet normal -0.44394 0.719659 -0.533862
    outer loop
      vertex -11.5908 24.6086 -24.8581
      vertex -14 23.5101 -24.3355
      vertex -14 23.6848 -24.1
    endloop
  endfacet
  facet normal -0.444164 0.721286 -0.531474
    outer loop
      vertex -14 23.5101 -24.3355
      vertex -11.5908 24.6086 -24.8581
      vertex -11.5908 24.6016 -24.8676
    endloop
  endfacet
  facet normal -0.442695 0.884472 -0.147412
    outer loop
      vertex -11.5908 24.2329 -25.6605
      vertex -14 23.0194 -25.7064
      vertex -14 23.0195 -25.7058
    endloop
  endfacet
  facet normal -0.443944 0.886351 -0.131513
    outer loop
      vertex -14 23.0194 -25.7064
      vertex -11.5908 24.2329 -25.6605
      vertex -11.5908 24.2087 -25.8236
    endloop
  endfacet
  facet normal -0.443946 0.843728 0.30172
    outer loop
      vertex -11.5908 24.333 -26.6777
      vertex -14 23.1339 -26.8694
      vertex -11.5908 24.2775 -26.5225
    endloop
  endfacet
  facet normal -0.439159 0.825769 0.353901
    outer loop
      vertex -14 23.1339 -26.8694
      vertex -11.5908 24.333 -26.6777
      vertex -14 23.1342 -26.8701
    endloop
  endfacet
  facet normal -0.443946 -0.843728 0.30172
    outer loop
      vertex -14 28.8661 -26.8694
      vertex -11.5908 27.667 -26.6777
      vertex -11.5908 27.7225 -26.5225
    endloop
  endfacet
  facet normal -0.439159 -0.825769 0.353901
    outer loop
      vertex -11.5908 27.667 -26.6777
      vertex -14 28.8661 -26.8694
      vertex -14 28.8658 -26.8701
    endloop
  endfacet
  facet normal -0.443922 0.382798 0.810184
    outer loop
      vertex -14 24.5888 -28.6417
      vertex -11.5908 25.1515 -27.5875
      vertex -11.5908 25.3005 -27.6579
    endloop
  endfacet
  facet normal -0.443047 0.353148 0.824012
    outer loop
      vertex -11.5908 25.1515 -27.5875
      vertex -14 24.5888 -28.6417
      vertex -14 24.5881 -28.6414
    endloop
  endfacet
  facet normal -0.44414 -0.128829 -0.886647
    outer loop
      vertex -14 26.2942 -23.0195
      vertex -11.5908 26.3512 -24.2346
      vertex -11.5908 26.3395 -24.2329
    endloop
  endfacet
  facet normal -0.443941 -0.131382 -0.886372
    outer loop
      vertex -11.5908 26.3512 -24.2346
      vertex -14 26.2942 -23.0195
      vertex -14 26.5843 -23.0625
    endloop
  endfacet
  facet normal -0.443901 -0.385547 -0.808892
    outer loop
      vertex -14 27.1462 -23.2329
      vertex -11.5908 26.6995 -24.3421
      vertex -11.5908 26.6888 -24.337
    endloop
  endfacet
  facet normal -0.443961 -0.38327 -0.80994
    outer loop
      vertex -11.5908 26.6995 -24.3421
      vertex -14 27.1462 -23.2329
      vertex -14 27.4112 -23.3583
    endloop
  endfacet
  facet normal -0.443965 -0.719695 0.533792
    outer loop
      vertex -11.5908 27.4966 -27
      vertex -14 28.4903 -27.664
      vertex -11.5908 27.3984 -27.1324
    endloop
  endfacet
  facet normal -0.441279 -0.700728 0.560582
    outer loop
      vertex -11.5908 27.3984 -27.1324
      vertex -14 28.4903 -27.664
      vertex -14 28.4899 -27.6645
    endloop
  endfacet
  facet normal -0.442695 -0.884472 0.147412
    outer loop
      vertex -11.5908 27.7671 -26.3395
      vertex -14 28.9806 -26.2936
      vertex -14 28.9805 -26.2942
    endloop
  endfacet
  facet normal -0.443944 -0.886351 0.131513
    outer loop
      vertex -14 28.9806 -26.2936
      vertex -11.5908 27.7671 -26.3395
      vertex -11.5908 27.7913 -26.1764
    endloop
  endfacet
  facet normal -0.443959 0.768704 -0.460428
    outer loop
      vertex -11.5908 24.5034 -25
      vertex -14 23.359 -24.5876
      vertex -14 23.5097 -24.336
    endloop
  endfacet
  facet normal -0.4437 0.76712 -0.46331
    outer loop
      vertex -14 23.359 -24.5876
      vertex -11.5908 24.5034 -25
      vertex -11.5908 24.4973 -25.0101
    endloop
  endfacet
  facet normal -0.443673 0.868527 0.220941
    outer loop
      vertex -11.5908 24.2775 -26.5225
      vertex -14 23.0627 -26.585
      vertex -11.5908 24.2746 -26.5111
    endloop
  endfacet
  facet normal -0.443941 0.86923 0.217613
    outer loop
      vertex -14 23.0627 -26.585
      vertex -11.5908 24.2775 -26.5225
      vertex -14 23.1339 -26.8694
    endloop
  endfacet
  facet normal -0.4437 0.76712 0.46331
    outer loop
      vertex -11.5908 24.5034 -27
      vertex -14 23.359 -27.4124
      vertex -11.5908 24.4973 -26.9899
    endloop
  endfacet
  facet normal -0.443959 0.768704 0.460428
    outer loop
      vertex -14 23.359 -27.4124
      vertex -11.5908 24.5034 -27
      vertex -14 23.5097 -27.664
    endloop
  endfacet
  facet normal -0.443673 0.220941 0.868527
    outer loop
      vertex -14 25.415 -28.9373
      vertex -11.5908 25.4775 -27.7225
      vertex -11.5908 25.4889 -27.7254
    endloop
  endfacet
  facet normal -0.443941 0.217613 0.86923
    outer loop
      vertex -11.5908 25.4775 -27.7225
      vertex -14 25.415 -28.9373
      vertex -14 25.1306 -28.8661
    endloop
  endfacet
  facet normal -0.442695 0.147412 -0.884472
    outer loop
      vertex -14 25.7064 -23.0194
      vertex -11.5908 25.6605 -24.2329
      vertex -14 25.7058 -23.0195
    endloop
  endfacet
  facet normal -0.443944 0.131513 -0.886351
    outer loop
      vertex -11.5908 25.6605 -24.2329
      vertex -14 25.7064 -23.0194
      vertex -11.5908 25.8236 -24.2087
    endloop
  endfacet
  facet normal -0.441536 0.246492 -0.862721
    outer loop
      vertex -14 25.4157 -23.0625
      vertex -11.5908 25.4889 -24.2746
      vertex -14 25.415 -23.0627
    endloop
  endfacet
  facet normal -0.443947 0.217453 -0.869267
    outer loop
      vertex -11.5908 25.4889 -24.2746
      vertex -14 25.4157 -23.0625
      vertex -11.5908 25.6488 -24.2346
    endloop
  endfacet
  facet normal -0.443935 0.664086 0.60159
    outer loop
      vertex -11.5908 24.7272 -27.2728
      vertex -14 23.8817 -28.1173
      vertex -11.5908 24.6165 -27.1506
    endloop
  endfacet
  facet normal -0.444359 0.633461 0.633461
    outer loop
      vertex -14 23.8817 -28.1173
      vertex -11.5908 24.7272 -27.2728
      vertex -14 23.8822 -28.1178
    endloop
  endfacet
  facet normal -0.444359 -0.633461 -0.633461
    outer loop
      vertex -14 28.1183 -23.8827
      vertex -11.5908 27.2728 -24.7272
      vertex -14 28.1178 -23.8822
    endloop
  endfacet
  facet normal -0.443935 -0.664086 -0.60159
    outer loop
      vertex -11.5908 27.2728 -24.7272
      vertex -14 28.1183 -23.8827
      vertex -11.5908 27.3835 -24.8494
    endloop
  endfacet
  facet normal -0.443921 -0.60238 -0.66338
    outer loop
      vertex -14 27.9 -23.6848
      vertex -11.5908 27.1506 -24.6165
      vertex -11.5908 27.1419 -24.6086
    endloop
  endfacet
  facet normal -0.443943 -0.601671 -0.664008
    outer loop
      vertex -11.5908 27.1506 -24.6165
      vertex -14 27.9 -23.6848
      vertex -14 28.1173 -23.8817
    endloop
  endfacet
  facet normal -0.44414 0.886647 -0.128829
    outer loop
      vertex -14 23.0195 -25.7058
      vertex -11.5908 24.2346 -25.6488
      vertex -11.5908 24.2329 -25.6605
    endloop
  endfacet
  facet normal -0.443941 0.886372 -0.131382
    outer loop
      vertex -11.5908 24.2346 -25.6488
      vertex -14 23.0195 -25.7058
      vertex -14 23.0625 -25.4157
    endloop
  endfacet
  facet normal -0.444164 -0.721286 0.531474
    outer loop
      vertex -14 28.4899 -27.6645
      vertex -11.5908 27.3914 -27.1419
      vertex -11.5908 27.3984 -27.1324
    endloop
  endfacet
  facet normal -0.44394 -0.719659 0.533862
    outer loop
      vertex -11.5908 27.3914 -27.1419
      vertex -14 28.4899 -27.6645
      vertex -14 28.3152 -27.9
    endloop
  endfacet
  facet normal -0.443901 0.808892 0.385547
    outer loop
      vertex -11.5908 24.3421 -26.6995
      vertex -14 23.2329 -27.1462
      vertex -11.5908 24.337 -26.6888
    endloop
  endfacet
  facet normal -0.443961 0.80994 0.38327
    outer loop
      vertex -14 23.2329 -27.1462
      vertex -11.5908 24.3421 -26.6995
      vertex -14 23.3583 -27.4112
    endloop
  endfacet
  facet normal -0.444034 0.126715 -0.887005
    outer loop
      vertex -14 25.7071 -23.0193
      vertex -11.5908 25.8236 -24.2087
      vertex -14 25.7064 -23.0194
    endloop
  endfacet
  facet normal -0.443964 0.0440412 -0.894962
    outer loop
      vertex -11.5908 25.8236 -24.2087
      vertex -14 25.7071 -23.0193
      vertex -11.5908 25.9882 -24.2006
    endloop
  endfacet
  facet normal -0.439159 0.825769 -0.353901
    outer loop
      vertex -11.5908 24.333 -25.3223
      vertex -14 23.1339 -25.1306
      vertex -14 23.1342 -25.1299
    endloop
  endfacet
  facet normal -0.443946 0.843728 -0.30172
    outer loop
      vertex -14 23.1339 -25.1306
      vertex -11.5908 24.333 -25.3223
      vertex -11.5908 24.2775 -25.4775
    endloop
  endfacet
  facet normal -0.443948 -0.84376 -0.301627
    outer loop
      vertex -14 28.8658 -25.1299
      vertex -11.5908 27.663 -25.3112
      vertex -14 28.7671 -24.8538
    endloop
  endfacet
  facet normal -0.443768 -0.843071 -0.30381
    outer loop
      vertex -11.5908 27.663 -25.3112
      vertex -14 28.8658 -25.1299
      vertex -11.5908 27.667 -25.3223
    endloop
  endfacet
  facet normal -0.444359 0.633461 -0.633461
    outer loop
      vertex -14 23.8827 -23.8817
      vertex -11.5908 24.7272 -24.7272
      vertex -14 23.8822 -23.8822
    endloop
  endfacet
  facet normal -0.443935 0.60159 -0.664086
    outer loop
      vertex -11.5908 24.7272 -24.7272
      vertex -14 23.8827 -23.8817
      vertex -11.5908 24.8494 -24.6165
    endloop
  endfacet
  facet normal -0.443941 0.217613 -0.86923
    outer loop
      vertex -14 25.415 -23.0627
      vertex -11.5908 25.4775 -24.2775
      vertex -14 25.1306 -23.1339
    endloop
  endfacet
  facet normal -0.443673 0.220941 -0.868527
    outer loop
      vertex -11.5908 25.4775 -24.2775
      vertex -14 25.415 -23.0627
      vertex -11.5908 25.4889 -24.2746
    endloop
  endfacet
  facet normal -0.441536 -0.246492 0.862721
    outer loop
      vertex -14 26.5843 -28.9375
      vertex -11.5908 26.5111 -27.7254
      vertex -14 26.585 -28.9373
    endloop
  endfacet
  facet normal -0.443947 -0.217453 0.869267
    outer loop
      vertex -11.5908 26.5111 -27.7254
      vertex -14 26.5843 -28.9375
      vertex -11.5908 26.3512 -27.7654
    endloop
  endfacet
  facet normal -0.443895 0.894923 -0.0455045
    outer loop
      vertex -14 23.005 -26
      vertex -11.5908 24.2006 -25.9882
      vertex -11.5908 24.2 -26
    endloop
  endfacet
  facet normal -0.443938 0.894991 -0.0436954
    outer loop
      vertex -11.5908 24.2006 -25.9882
      vertex -14 23.005 -26
      vertex -14 23.0193 -25.7071
    endloop
  endfacet
  facet normal -0.44414 -0.886647 0.128829
    outer loop
      vertex -14 28.9805 -26.2942
      vertex -11.5908 27.7654 -26.3512
      vertex -11.5908 27.7671 -26.3395
    endloop
  endfacet
  facet normal -0.443941 -0.886372 0.131382
    outer loop
      vertex -11.5908 27.7654 -26.3512
      vertex -14 28.9805 -26.2942
      vertex -14 28.9375 -26.5843
    endloop
  endfacet
  facet normal -0.443964 0.894962 0.0440412
    outer loop
      vertex -11.5908 24.2087 -26.1764
      vertex -14 23.0193 -26.2929
      vertex -11.5908 24.2006 -26.0118
    endloop
  endfacet
  facet normal -0.444034 0.887005 0.126715
    outer loop
      vertex -14 23.0193 -26.2929
      vertex -11.5908 24.2087 -26.1764
      vertex -14 23.0194 -26.2936
    endloop
  endfacet
  facet normal -0.443047 0.353148 -0.824012
    outer loop
      vertex -14 24.5888 -23.3583
      vertex -11.5908 25.1515 -24.4125
      vertex -14 24.5881 -23.3586
    endloop
  endfacet
  facet normal -0.443922 0.382798 -0.810184
    outer loop
      vertex -11.5908 25.1515 -24.4125
      vertex -14 24.5888 -23.3583
      vertex -11.5908 25.3005 -24.3421
    endloop
  endfacet
  facet normal -0.444164 0.721286 0.531474
    outer loop
      vertex -11.5908 24.6086 -27.1419
      vertex -14 23.5101 -27.6645
      vertex -11.5908 24.6016 -27.1324
    endloop
  endfacet
  facet normal -0.44394 0.719659 0.533862
    outer loop
      vertex -14 23.5101 -27.6645
      vertex -11.5908 24.6086 -27.1419
      vertex -14 23.6848 -27.9
    endloop
  endfacet
  facet normal -0.443941 0.86923 -0.217613
    outer loop
      vertex -11.5908 24.2775 -25.4775
      vertex -14 23.0627 -25.415
      vertex -14 23.1339 -25.1306
    endloop
  endfacet
  facet normal -0.443673 0.868527 -0.220941
    outer loop
      vertex -14 23.0627 -25.415
      vertex -11.5908 24.2775 -25.4775
      vertex -11.5908 24.2746 -25.4889
    endloop
  endfacet
  facet normal -0.443965 0.719695 0.533792
    outer loop
      vertex -11.5908 24.6016 -27.1324
      vertex -14 23.5097 -27.664
      vertex -11.5908 24.5034 -27
    endloop
  endfacet
  facet normal -0.441279 0.700728 0.560582
    outer loop
      vertex -14 23.5097 -27.664
      vertex -11.5908 24.6016 -27.1324
      vertex -14 23.5101 -27.6645
    endloop
  endfacet
  facet normal -0.441279 -0.700728 -0.560582
    outer loop
      vertex -14 28.4903 -24.336
      vertex -11.5908 27.3984 -24.8676
      vertex -14 28.4899 -24.3355
    endloop
  endfacet
  facet normal -0.443965 -0.719695 -0.533792
    outer loop
      vertex -11.5908 27.3984 -24.8676
      vertex -14 28.4903 -24.336
      vertex -11.5908 27.4966 -25
    endloop
  endfacet
  facet normal -0.443921 0.66338 0.60238
    outer loop
      vertex -11.5908 24.6165 -27.1506
      vertex -14 23.6848 -27.9
      vertex -11.5908 24.6086 -27.1419
    endloop
  endfacet
  facet normal -0.443943 0.664008 0.601671
    outer loop
      vertex -14 23.6848 -27.9
      vertex -11.5908 24.6165 -27.1506
      vertex -14 23.8817 -28.1173
    endloop
  endfacet
  facet normal -0.443943 0.664008 -0.601671
    outer loop
      vertex -11.5908 24.6165 -24.8494
      vertex -14 23.6848 -24.1
      vertex -14 23.8817 -23.8827
    endloop
  endfacet
  facet normal -0.443921 0.66338 -0.60238
    outer loop
      vertex -14 23.6848 -24.1
      vertex -11.5908 24.6165 -24.8494
      vertex -11.5908 24.6086 -24.8581
    endloop
  endfacet
  facet normal -0.44394 -0.533862 0.719659
    outer loop
      vertex -14 27.6645 -28.4899
      vertex -11.5908 27.1419 -27.3914
      vertex -14 27.9 -28.3152
    endloop
  endfacet
  facet normal -0.444164 -0.531474 0.721286
    outer loop
      vertex -11.5908 27.1419 -27.3914
      vertex -14 27.6645 -28.4899
      vertex -11.5908 27.1324 -27.3984
    endloop
  endfacet
  facet normal -0.44394 0.533862 -0.719659
    outer loop
      vertex -14 24.3355 -23.5101
      vertex -11.5908 24.8581 -24.6086
      vertex -14 24.1 -23.6848
    endloop
  endfacet
  facet normal -0.444164 0.531474 -0.721286
    outer loop
      vertex -11.5908 24.8581 -24.6086
      vertex -14 24.3355 -23.5101
      vertex -11.5908 24.8676 -24.6016
    endloop
  endfacet
  facet normal -0.443965 -0.533792 -0.719695
    outer loop
      vertex -14 27.664 -23.5097
      vertex -11.5908 27.1324 -24.6016
      vertex -11.5908 27 -24.5034
    endloop
  endfacet
  facet normal -0.441279 -0.560582 -0.700728
    outer loop
      vertex -11.5908 27.1324 -24.6016
      vertex -14 27.664 -23.5097
      vertex -14 27.6645 -23.5101
    endloop
  endfacet
  facet normal -0.443965 0.533792 0.719695
    outer loop
      vertex -14 24.336 -28.4903
      vertex -11.5908 24.8676 -27.3984
      vertex -11.5908 25 -27.4966
    endloop
  endfacet
  facet normal -0.441279 0.560582 0.700728
    outer loop
      vertex -11.5908 24.8676 -27.3984
      vertex -14 24.336 -28.4903
      vertex -14 24.3355 -28.4899
    endloop
  endfacet
  facet normal -0.443921 0.60238 0.66338
    outer loop
      vertex -14 24.1 -28.3152
      vertex -11.5908 24.8494 -27.3835
      vertex -11.5908 24.8581 -27.3914
    endloop
  endfacet
  facet normal -0.443943 0.601671 0.664008
    outer loop
      vertex -11.5908 24.8494 -27.3835
      vertex -14 24.1 -28.3152
      vertex -14 23.8827 -28.1183
    endloop
  endfacet
  facet normal -0.443935 0.60159 0.664086
    outer loop
      vertex -14 23.8827 -28.1183
      vertex -11.5908 24.7272 -27.2728
      vertex -11.5908 24.8494 -27.3835
    endloop
  endfacet
  facet normal -0.444359 0.633461 0.633461
    outer loop
      vertex -11.5908 24.7272 -27.2728
      vertex -14 23.8827 -28.1183
      vertex -14 23.8822 -28.1178
    endloop
  endfacet
  facet normal -0.444164 0.531474 0.721286
    outer loop
      vertex -14 24.3355 -28.4899
      vertex -11.5908 24.8581 -27.3914
      vertex -11.5908 24.8676 -27.3984
    endloop
  endfacet
  facet normal -0.44394 0.533862 0.719659
    outer loop
      vertex -11.5908 24.8581 -27.3914
      vertex -14 24.3355 -28.4899
      vertex -14 24.1 -28.3152
    endloop
  endfacet
  facet normal -0.443948 0.84376 -0.301627
    outer loop
      vertex -11.5908 24.337 -25.3112
      vertex -14 23.1342 -25.1299
      vertex -14 23.2329 -24.8538
    endloop
  endfacet
  facet normal -0.443768 0.843071 -0.30381
    outer loop
      vertex -14 23.1342 -25.1299
      vertex -11.5908 24.337 -25.3112
      vertex -11.5908 24.333 -25.3223
    endloop
  endfacet
  facet normal -0.443943 0.601671 -0.664008
    outer loop
      vertex -14 24.1 -23.6848
      vertex -11.5908 24.8494 -24.6165
      vertex -14 23.8827 -23.8817
    endloop
  endfacet
  facet normal -0.443921 0.60238 -0.66338
    outer loop
      vertex -11.5908 24.8494 -24.6165
      vertex -14 24.1 -23.6848
      vertex -11.5908 24.8581 -24.6086
    endloop
  endfacet
  facet normal -0.443935 0.76846 0.460859
    outer loop
      vertex -11.5908 24.4973 -26.9899
      vertex -14 23.3586 -27.4119
      vertex -11.5908 24.4125 -26.8485
    endloop
  endfacet
  facet normal -0.431629 0.704384 0.563507
    outer loop
      vertex -14 23.3586 -27.4119
      vertex -11.5908 24.4973 -26.9899
      vertex -14 23.359 -27.4124
    endloop
  endfacet
  facet normal -0.439159 0.353901 -0.825769
    outer loop
      vertex -14 25.1306 -23.1339
      vertex -11.5908 25.3223 -24.333
      vertex -14 25.1299 -23.1342
    endloop
  endfacet
  facet normal -0.443946 0.30172 -0.843728
    outer loop
      vertex -11.5908 25.3223 -24.333
      vertex -14 25.1306 -23.1339
      vertex -11.5908 25.4775 -24.2775
    endloop
  endfacet
  facet normal -0.441279 0.700728 -0.560582
    outer loop
      vertex -11.5908 24.6016 -24.8676
      vertex -14 23.5097 -24.336
      vertex -14 23.5101 -24.3355
    endloop
  endfacet
  facet normal -0.443965 0.719695 -0.533792
    outer loop
      vertex -14 23.5097 -24.336
      vertex -11.5908 24.6016 -24.8676
      vertex -11.5908 24.5034 -25
    endloop
  endfacet
  facet normal -0.441279 0.560582 -0.700728
    outer loop
      vertex -14 24.336 -23.5097
      vertex -11.5908 24.8676 -24.6016
      vertex -14 24.3355 -23.5101
    endloop
  endfacet
  facet normal -0.443965 0.533792 -0.719695
    outer loop
      vertex -11.5908 24.8676 -24.6016
      vertex -14 24.336 -23.5097
      vertex -11.5908 25 -24.5034
    endloop
  endfacet
  facet normal -0.444359 -0.633461 0.633461
    outer loop
      vertex -14 28.1173 -28.1183
      vertex -11.5908 27.2728 -27.2728
      vertex -14 28.1178 -28.1178
    endloop
  endfacet
  facet normal -0.443935 -0.60159 0.664086
    outer loop
      vertex -11.5908 27.2728 -27.2728
      vertex -14 28.1173 -28.1183
      vertex -11.5908 27.1506 -27.3835
    endloop
  endfacet
  facet normal -0.443947 -0.217453 -0.869267
    outer loop
      vertex -14 26.5843 -23.0625
      vertex -11.5908 26.5111 -24.2746
      vertex -11.5908 26.3512 -24.2346
    endloop
  endfacet
  facet normal -0.441536 -0.246492 -0.862721
    outer loop
      vertex -11.5908 26.5111 -24.2746
      vertex -14 26.5843 -23.0625
      vertex -14 26.585 -23.0627
    endloop
  endfacet
  facet normal -0.441536 0.862721 -0.246492
    outer loop
      vertex -11.5908 24.2746 -25.4889
      vertex -14 23.0625 -25.4157
      vertex -14 23.0627 -25.415
    endloop
  endfacet
  facet normal -0.443947 0.869267 -0.217453
    outer loop
      vertex -14 23.0625 -25.4157
      vertex -11.5908 24.2746 -25.4889
      vertex -11.5908 24.2346 -25.6488
    endloop
  endfacet
  facet normal -0.443961 0.38327 -0.80994
    outer loop
      vertex -14 24.8538 -23.2329
      vertex -11.5908 25.3005 -24.3421
      vertex -14 24.5888 -23.3583
    endloop
  endfacet
  facet normal -0.443901 0.385547 -0.808892
    outer loop
      vertex -11.5908 25.3005 -24.3421
      vertex -14 24.8538 -23.2329
      vertex -11.5908 25.3112 -24.337
    endloop
  endfacet
  facet normal -0.443948 0.301627 -0.84376
    outer loop
      vertex -14 25.1299 -23.1342
      vertex -11.5908 25.3112 -24.337
      vertex -14 24.8538 -23.2329
    endloop
  endfacet
  facet normal -0.443768 0.30381 -0.843071
    outer loop
      vertex -11.5908 25.3112 -24.337
      vertex -14 25.1299 -23.1342
      vertex -11.5908 25.3223 -24.333
    endloop
  endfacet
  facet normal -0.443935 -0.60159 -0.664086
    outer loop
      vertex -14 28.1173 -23.8817
      vertex -11.5908 27.2728 -24.7272
      vertex -11.5908 27.1506 -24.6165
    endloop
  endfacet
  facet normal -0.444359 -0.633461 -0.633461
    outer loop
      vertex -11.5908 27.2728 -24.7272
      vertex -14 28.1173 -23.8817
      vertex -14 28.1178 -23.8822
    endloop
  endfacet
  facet normal -0.444034 -0.887005 -0.126715
    outer loop
      vertex -14 28.9807 -25.7071
      vertex -11.5908 27.7913 -25.8236
      vertex -14 28.9806 -25.7064
    endloop
  endfacet
  facet normal -0.443964 -0.894962 -0.0440412
    outer loop
      vertex -11.5908 27.7913 -25.8236
      vertex -14 28.9807 -25.7071
      vertex -11.5908 27.7994 -25.9882
    endloop
  endfacet
  facet normal -0.443935 -0.460859 -0.76846
    outer loop
      vertex -14 27.4119 -23.3586
      vertex -11.5908 26.9899 -24.4973
      vertex -11.5908 26.8485 -24.4125
    endloop
  endfacet
  facet normal -0.431629 -0.563507 -0.704384
    outer loop
      vertex -11.5908 26.9899 -24.4973
      vertex -14 27.4119 -23.3586
      vertex -14 27.4124 -23.359
    endloop
  endfacet
  facet normal -0.444164 -0.531474 -0.721286
    outer loop
      vertex -14 27.6645 -23.5101
      vertex -11.5908 27.1419 -24.6086
      vertex -11.5908 27.1324 -24.6016
    endloop
  endfacet
  facet normal -0.44394 -0.533862 -0.719659
    outer loop
      vertex -11.5908 27.1419 -24.6086
      vertex -14 27.6645 -23.5101
      vertex -14 27.9 -23.6848
    endloop
  endfacet
  facet normal -0.443768 -0.30381 -0.843071
    outer loop
      vertex -14 26.8701 -23.1342
      vertex -11.5908 26.6888 -24.337
      vertex -11.5908 26.6777 -24.333
    endloop
  endfacet
  facet normal -0.443948 -0.301627 -0.84376
    outer loop
      vertex -11.5908 26.6888 -24.337
      vertex -14 26.8701 -23.1342
      vertex -14 27.1462 -23.2329
    endloop
  endfacet
  facet normal -0.443943 -0.664008 -0.601671
    outer loop
      vertex -14 28.3152 -24.1
      vertex -11.5908 27.3835 -24.8494
      vertex -14 28.1183 -23.8827
    endloop
  endfacet
  facet normal -0.443921 -0.66338 -0.60238
    outer loop
      vertex -11.5908 27.3835 -24.8494
      vertex -14 28.3152 -24.1
      vertex -11.5908 27.3914 -24.8581
    endloop
  endfacet
  facet normal -0.443941 -0.86923 -0.217613
    outer loop
      vertex -14 28.9373 -25.415
      vertex -11.5908 27.7225 -25.4775
      vertex -14 28.8661 -25.1306
    endloop
  endfacet
  facet normal -0.443673 -0.868527 -0.220941
    outer loop
      vertex -11.5908 27.7225 -25.4775
      vertex -14 28.9373 -25.415
      vertex -11.5908 27.7254 -25.4889
    endloop
  endfacet
  facet normal -0.442695 -0.884472 -0.147412
    outer loop
      vertex -14 28.9806 -25.7064
      vertex -11.5908 27.7671 -25.6605
      vertex -14 28.9805 -25.7058
    endloop
  endfacet
  facet normal -0.443944 -0.886351 -0.131513
    outer loop
      vertex -14 28.9806 -25.7064
      vertex -11.5908 27.7913 -25.8236
      vertex -11.5908 27.7671 -25.6605
    endloop
  endfacet
  facet normal -0.443935 -0.460859 0.76846
    outer loop
      vertex -14 27.4119 -28.6414
      vertex -11.5908 26.8485 -27.5875
      vertex -11.5908 26.9899 -27.5027
    endloop
  endfacet
  facet normal -0.431629 -0.563507 0.704384
    outer loop
      vertex -14 27.4119 -28.6414
      vertex -11.5908 26.9899 -27.5027
      vertex -14 27.4124 -28.641
    endloop
  endfacet
  facet normal -0.443959 -0.460428 0.768704
    outer loop
      vertex -14 27.4124 -28.641
      vertex -11.5908 27 -27.4966
      vertex -14 27.664 -28.4903
    endloop
  endfacet
  facet normal -0.4437 -0.46331 0.76712
    outer loop
      vertex -11.5908 27 -27.4966
      vertex -14 27.4124 -28.641
      vertex -11.5908 26.9899 -27.5027
    endloop
  endfacet
  facet normal -0.443768 -0.843071 0.30381
    outer loop
      vertex -14 28.8658 -26.8701
      vertex -11.5908 27.663 -26.6888
      vertex -11.5908 27.667 -26.6777
    endloop
  endfacet
  facet normal -0.443948 -0.84376 0.301627
    outer loop
      vertex -14 28.7671 -27.1462
      vertex -11.5908 27.663 -26.6888
      vertex -14 28.8658 -26.8701
    endloop
  endfacet
  facet normal -0.443961 0.80994 -0.38327
    outer loop
      vertex -11.5908 24.3421 -25.3005
      vertex -14 23.2329 -24.8538
      vertex -14 23.3583 -24.5888
    endloop
  endfacet
  facet normal -0.443901 0.808892 -0.385547
    outer loop
      vertex -14 23.2329 -24.8538
      vertex -11.5908 24.3421 -25.3005
      vertex -11.5908 24.337 -25.3112
    endloop
  endfacet
  facet normal -0.443921 -0.66338 0.60238
    outer loop
      vertex -14 28.3152 -27.9
      vertex -11.5908 27.3835 -27.1506
      vertex -11.5908 27.3914 -27.1419
    endloop
  endfacet
  facet normal -0.443943 -0.664008 0.601671
    outer loop
      vertex -11.5908 27.3835 -27.1506
      vertex -14 28.3152 -27.9
      vertex -14 28.1183 -28.1173
    endloop
  endfacet
  facet normal -0.443946 -0.30172 -0.843728
    outer loop
      vertex -14 26.8694 -23.1339
      vertex -11.5908 26.6777 -24.333
      vertex -11.5908 26.5225 -24.2775
    endloop
  endfacet
  facet normal -0.439159 -0.353901 -0.825769
    outer loop
      vertex -11.5908 26.6777 -24.333
      vertex -14 26.8694 -23.1339
      vertex -14 26.8701 -23.1342
    endloop
  endfacet
  facet normal -0.443673 -0.220941 -0.868527
    outer loop
      vertex -14 26.585 -23.0627
      vertex -11.5908 26.5225 -24.2775
      vertex -11.5908 26.5111 -24.2746
    endloop
  endfacet
  facet normal -0.443941 -0.217613 -0.86923
    outer loop
      vertex -11.5908 26.5225 -24.2775
      vertex -14 26.585 -23.0627
      vertex -14 26.8694 -23.1339
    endloop
  endfacet
  facet normal -0.443943 -0.601671 0.664008
    outer loop
      vertex -14 27.9 -28.3152
      vertex -11.5908 27.1506 -27.3835
      vertex -14 28.1173 -28.1183
    endloop
  endfacet
  facet normal -0.443921 -0.60238 0.66338
    outer loop
      vertex -11.5908 27.1506 -27.3835
      vertex -14 27.9 -28.3152
      vertex -11.5908 27.1419 -27.3914
    endloop
  endfacet
  facet normal -0.443895 -0.894923 0.0455045
    outer loop
      vertex -14 28.995 -26
      vertex -11.5908 27.7994 -26.0118
      vertex -11.5908 27.8 -26
    endloop
  endfacet
  facet normal -0.443938 -0.894991 0.0436954
    outer loop
      vertex -11.5908 27.7994 -26.0118
      vertex -14 28.995 -26
      vertex -14 28.9807 -26.2929
    endloop
  endfacet
  facet normal -0.443948 -0.301627 0.84376
    outer loop
      vertex -14 26.8701 -28.8658
      vertex -11.5908 26.6888 -27.663
      vertex -14 27.1462 -28.7671
    endloop
  endfacet
  facet normal -0.443768 -0.30381 0.843071
    outer loop
      vertex -11.5908 26.6888 -27.663
      vertex -14 26.8701 -28.8658
      vertex -11.5908 26.6777 -27.667
    endloop
  endfacet
  facet normal -0.443922 -0.810184 0.382798
    outer loop
      vertex -14 28.6417 -27.4112
      vertex -11.5908 27.5875 -26.8485
      vertex -11.5908 27.6579 -26.6995
    endloop
  endfacet
  facet normal -0.443047 -0.824012 0.353148
    outer loop
      vertex -11.5908 27.5875 -26.8485
      vertex -14 28.6417 -27.4112
      vertex -14 28.6414 -27.4119
    endloop
  endfacet
  facet normal -0.441536 -0.862721 -0.246492
    outer loop
      vertex -14 28.9375 -25.4157
      vertex -11.5908 27.7254 -25.4889
      vertex -14 28.9373 -25.415
    endloop
  endfacet
  facet normal -0.443947 -0.869267 -0.217453
    outer loop
      vertex -11.5908 27.7254 -25.4889
      vertex -14 28.9375 -25.4157
      vertex -11.5908 27.7654 -25.6488
    endloop
  endfacet
  facet normal -0.443965 -0.533792 0.719695
    outer loop
      vertex -14 27.664 -28.4903
      vertex -11.5908 27 -27.4966
      vertex -11.5908 27.1324 -27.3984
    endloop
  endfacet
  facet normal -0.441279 -0.560582 0.700728
    outer loop
      vertex -14 27.664 -28.4903
      vertex -11.5908 27.1324 -27.3984
      vertex -14 27.6645 -28.4899
    endloop
  endfacet
  facet normal -0.443935 -0.76846 0.460859
    outer loop
      vertex -11.5908 27.5875 -26.8485
      vertex -14 28.6414 -27.4119
      vertex -11.5908 27.5027 -26.9899
    endloop
  endfacet
  facet normal -0.431629 -0.704384 0.563507
    outer loop
      vertex -11.5908 27.5027 -26.9899
      vertex -14 28.6414 -27.4119
      vertex -14 28.641 -27.4124
    endloop
  endfacet
  facet normal -0.443947 -0.869267 0.217453
    outer loop
      vertex -14 28.9375 -26.5843
      vertex -11.5908 27.7254 -26.5111
      vertex -11.5908 27.7654 -26.3512
    endloop
  endfacet
  facet normal -0.441536 -0.862721 0.246492
    outer loop
      vertex -11.5908 27.7254 -26.5111
      vertex -14 28.9375 -26.5843
      vertex -14 28.9373 -26.585
    endloop
  endfacet
  facet normal -0.443964 -0.0440412 -0.894962
    outer loop
      vertex -14 26.2929 -23.0193
      vertex -11.5908 26.1764 -24.2087
      vertex -11.5908 26.0118 -24.2006
    endloop
  endfacet
  facet normal -0.444034 -0.126715 -0.887005
    outer loop
      vertex -11.5908 26.1764 -24.2087
      vertex -14 26.2929 -23.0193
      vertex -14 26.2936 -23.0194
    endloop
  endfacet
  facet normal -0.443944 -0.131513 -0.886351
    outer loop
      vertex -14 26.2936 -23.0194
      vertex -11.5908 26.3395 -24.2329
      vertex -11.5908 26.1764 -24.2087
    endloop
  endfacet
  facet normal -0.442695 -0.147412 -0.884472
    outer loop
      vertex -11.5908 26.3395 -24.2329
      vertex -14 26.2936 -23.0194
      vertex -14 26.2942 -23.0195
    endloop
  endfacet
  facet normal -0.431629 -0.704384 -0.563507
    outer loop
      vertex -14 28.6414 -24.5881
      vertex -11.5908 27.5027 -25.0101
      vertex -14 28.641 -24.5876
    endloop
  endfacet
  facet normal -0.443935 -0.76846 -0.460859
    outer loop
      vertex -14 28.6414 -24.5881
      vertex -11.5908 27.5875 -25.1515
      vertex -11.5908 27.5027 -25.0101
    endloop
  endfacet
  facet normal -0.443964 -0.894962 0.0440412
    outer loop
      vertex -14 28.9807 -26.2929
      vertex -11.5908 27.7913 -26.1764
      vertex -11.5908 27.7994 -26.0118
    endloop
  endfacet
  facet normal -0.444034 -0.887005 0.126715
    outer loop
      vertex -11.5908 27.7913 -26.1764
      vertex -14 28.9807 -26.2929
      vertex -14 28.9806 -26.2936
    endloop
  endfacet
  facet normal -0.431629 0.704384 -0.563507
    outer loop
      vertex -11.5908 24.4973 -25.0101
      vertex -14 23.3586 -24.5881
      vertex -14 23.359 -24.5876
    endloop
  endfacet
  facet normal -0.443935 0.76846 -0.460859
    outer loop
      vertex -14 23.3586 -24.5881
      vertex -11.5908 24.4973 -25.0101
      vertex -11.5908 24.4125 -25.1515
    endloop
  endfacet
  facet normal -0.443938 0.0436954 -0.894991
    outer loop
      vertex -14 26 -23.005
      vertex -11.5908 25.9882 -24.2006
      vertex -14 25.7071 -23.0193
    endloop
  endfacet
  facet normal -0.443895 0.0455045 -0.894923
    outer loop
      vertex -11.5908 25.9882 -24.2006
      vertex -14 26 -23.005
      vertex -11.5908 26 -24.2
    endloop
  endfacet
  facet normal -0.443941 -0.217613 0.86923
    outer loop
      vertex -14 26.585 -28.9373
      vertex -11.5908 26.5225 -27.7225
      vertex -14 26.8694 -28.8661
    endloop
  endfacet
  facet normal -0.443673 -0.220941 0.868527
    outer loop
      vertex -11.5908 26.5225 -27.7225
      vertex -14 26.585 -28.9373
      vertex -11.5908 26.5111 -27.7254
    endloop
  endfacet
  facet normal -0.443961 -0.38327 0.80994
    outer loop
      vertex -14 27.1462 -28.7671
      vertex -11.5908 26.6995 -27.6579
      vertex -14 27.4112 -28.6417
    endloop
  endfacet
  facet normal -0.443901 -0.385547 0.808892
    outer loop
      vertex -11.5908 26.6995 -27.6579
      vertex -14 27.1462 -28.7671
      vertex -11.5908 26.6888 -27.663
    endloop
  endfacet
  facet normal -0.443938 -0.894991 -0.0436954
    outer loop
      vertex -14 28.995 -26
      vertex -11.5908 27.7994 -25.9882
      vertex -14 28.9807 -25.7071
    endloop
  endfacet
  facet normal -0.443895 -0.894923 -0.0455045
    outer loop
      vertex -11.5908 27.7994 -25.9882
      vertex -14 28.995 -26
      vertex -11.5908 27.8 -26
    endloop
  endfacet
  facet normal -0.443047 -0.353148 0.824012
    outer loop
      vertex -14 27.4112 -28.6417
      vertex -11.5908 26.8485 -27.5875
      vertex -14 27.4119 -28.6414
    endloop
  endfacet
  facet normal -0.443922 -0.382798 0.810184
    outer loop
      vertex -11.5908 26.8485 -27.5875
      vertex -14 27.4112 -28.6417
      vertex -11.5908 26.6995 -27.6579
    endloop
  endfacet
  facet normal -0.439159 -0.353901 0.825769
    outer loop
      vertex -14 26.8694 -28.8661
      vertex -11.5908 26.6777 -27.667
      vertex -14 26.8701 -28.8658
    endloop
  endfacet
  facet normal -0.443946 -0.30172 0.843728
    outer loop
      vertex -11.5908 26.6777 -27.667
      vertex -14 26.8694 -28.8661
      vertex -11.5908 26.5225 -27.7225
    endloop
  endfacet
  facet normal -0.443941 -0.131382 0.886372
    outer loop
      vertex -14 26.2942 -28.9805
      vertex -11.5908 26.3512 -27.7654
      vertex -14 26.5843 -28.9375
    endloop
  endfacet
  facet normal -0.44414 -0.128829 0.886647
    outer loop
      vertex -11.5908 26.3512 -27.7654
      vertex -14 26.2942 -28.9805
      vertex -11.5908 26.3395 -27.7671
    endloop
  endfacet
  facet normal -0.442695 -0.147412 0.884472
    outer loop
      vertex -14 26.2936 -28.9806
      vertex -11.5908 26.3395 -27.7671
      vertex -14 26.2942 -28.9805
    endloop
  endfacet
  facet normal -0.443944 -0.131513 0.886351
    outer loop
      vertex -11.5908 26.3395 -27.7671
      vertex -14 26.2936 -28.9806
      vertex -11.5908 26.1764 -27.7913
    endloop
  endfacet
  facet normal -0.441536 0.246492 -0.862721
    outer loop
      vertex -14 25.4157 28.9375
      vertex -11.5908 25.4889 27.7254
      vertex -14 25.415 28.9373
    endloop
  endfacet
  facet normal -0.443947 0.217453 -0.869267
    outer loop
      vertex -11.5908 25.4889 27.7254
      vertex -14 25.4157 28.9375
      vertex -11.5908 25.6488 27.7654
    endloop
  endfacet
  facet normal -0.443959 -0.768704 -0.460428
    outer loop
      vertex -14 28.641 27.4124
      vertex -11.5908 27.4966 27
      vertex -14 28.4903 27.664
    endloop
  endfacet
  facet normal -0.4437 -0.76712 -0.46331
    outer loop
      vertex -11.5908 27.4966 27
      vertex -14 28.641 27.4124
      vertex -11.5908 27.5027 26.9899
    endloop
  endfacet
  facet normal -0.443938 -0.0436954 0.894991
    outer loop
      vertex -14 26 23.005
      vertex -11.5908 26.0118 24.2006
      vertex -14 26.2929 23.0193
    endloop
  endfacet
  facet normal -0.443895 -0.0455045 0.894923
    outer loop
      vertex -11.5908 26.0118 24.2006
      vertex -14 26 23.005
      vertex -11.5908 26 24.2
    endloop
  endfacet
  facet normal -0.443895 -0.0455045 -0.894923
    outer loop
      vertex -14 26 28.995
      vertex -11.5908 26.0118 27.7994
      vertex -11.5908 26 27.8
    endloop
  endfacet
  facet normal -0.443938 -0.0436954 -0.894991
    outer loop
      vertex -11.5908 26.0118 27.7994
      vertex -14 26 28.995
      vertex -14 26.2929 28.9807
    endloop
  endfacet
  facet normal -0.443964 -0.0440412 -0.894962
    outer loop
      vertex -14 26.2929 28.9807
      vertex -11.5908 26.1764 27.7913
      vertex -11.5908 26.0118 27.7994
    endloop
  endfacet
  facet normal -0.444034 -0.126715 -0.887005
    outer loop
      vertex -11.5908 26.1764 27.7913
      vertex -14 26.2929 28.9807
      vertex -14 26.2936 28.9806
    endloop
  endfacet
  facet normal -0.443941 -0.86923 -0.217613
    outer loop
      vertex -14 28.9373 26.585
      vertex -11.5908 27.7225 26.5225
      vertex -14 28.8661 26.8694
    endloop
  endfacet
  facet normal -0.443673 -0.868527 -0.220941
    outer loop
      vertex -11.5908 27.7225 26.5225
      vertex -14 28.9373 26.585
      vertex -11.5908 27.7254 26.5111
    endloop
  endfacet
  facet normal -0.443935 0.460859 0.76846
    outer loop
      vertex -14 24.5881 23.3586
      vertex -11.5908 25.0101 24.4973
      vertex -11.5908 25.1515 24.4125
    endloop
  endfacet
  facet normal -0.431629 0.563507 0.704384
    outer loop
      vertex -11.5908 25.0101 24.4973
      vertex -14 24.5881 23.3586
      vertex -14 24.5876 23.359
    endloop
  endfacet
  facet normal -0.442695 0.884472 -0.147412
    outer loop
      vertex -11.5908 24.2329 26.3395
      vertex -14 23.0194 26.2936
      vertex -14 23.0195 26.2942
    endloop
  endfacet
  facet normal -0.443944 0.886351 -0.131513
    outer loop
      vertex -14 23.0194 26.2936
      vertex -11.5908 24.2329 26.3395
      vertex -11.5908 24.2087 26.1764
    endloop
  endfacet
  facet normal -0.444164 -0.721286 0.531474
    outer loop
      vertex -14 28.4899 24.3355
      vertex -11.5908 27.3914 24.8581
      vertex -11.5908 27.3984 24.8676
    endloop
  endfacet
  facet normal -0.44394 -0.719659 0.533862
    outer loop
      vertex -11.5908 27.3914 24.8581
      vertex -14 28.4899 24.3355
      vertex -14 28.3152 24.1
    endloop
  endfacet
  facet normal -0.443922 0.810184 0.382798
    outer loop
      vertex -11.5908 24.4125 25.1515
      vertex -14 23.3583 24.5888
      vertex -11.5908 24.3421 25.3005
    endloop
  endfacet
  facet normal -0.443047 0.824012 0.353148
    outer loop
      vertex -14 23.3583 24.5888
      vertex -11.5908 24.4125 25.1515
      vertex -14 23.3586 24.5881
    endloop
  endfacet
  facet normal -0.439159 0.353901 -0.825769
    outer loop
      vertex -14 25.1306 28.8661
      vertex -11.5908 25.3223 27.667
      vertex -14 25.1299 28.8658
    endloop
  endfacet
  facet normal -0.443946 0.30172 -0.843728
    outer loop
      vertex -11.5908 25.3223 27.667
      vertex -14 25.1306 28.8661
      vertex -11.5908 25.4775 27.7225
    endloop
  endfacet
  facet normal -0.443961 -0.80994 -0.38327
    outer loop
      vertex -14 28.7671 27.1462
      vertex -11.5908 27.6579 26.6995
      vertex -14 28.6417 27.4112
    endloop
  endfacet
  facet normal -0.443901 -0.808892 -0.385547
    outer loop
      vertex -11.5908 27.6579 26.6995
      vertex -14 28.7671 27.1462
      vertex -11.5908 27.663 26.6888
    endloop
  endfacet
  facet normal -0.443948 0.301627 -0.84376
    outer loop
      vertex -14 25.1299 28.8658
      vertex -11.5908 25.3112 27.663
      vertex -14 24.8538 28.7671
    endloop
  endfacet
  facet normal -0.443768 0.30381 -0.843071
    outer loop
      vertex -11.5908 25.3112 27.663
      vertex -14 25.1299 28.8658
      vertex -11.5908 25.3223 27.667
    endloop
  endfacet
  facet normal -0.443922 -0.810184 0.382798
    outer loop
      vertex -14 28.6417 24.5888
      vertex -11.5908 27.5875 25.1515
      vertex -11.5908 27.6579 25.3005
    endloop
  endfacet
  facet normal -0.443047 -0.824012 0.353148
    outer loop
      vertex -11.5908 27.5875 25.1515
      vertex -14 28.6417 24.5888
      vertex -14 28.6414 24.5881
    endloop
  endfacet
  facet normal -0.443901 -0.808892 0.385547
    outer loop
      vertex -14 28.7671 24.8538
      vertex -11.5908 27.6579 25.3005
      vertex -11.5908 27.663 25.3112
    endloop
  endfacet
  facet normal -0.443961 -0.80994 0.38327
    outer loop
      vertex -11.5908 27.6579 25.3005
      vertex -14 28.7671 24.8538
      vertex -14 28.6417 24.5888
    endloop
  endfacet
  facet normal -0.4437 0.46331 0.76712
    outer loop
      vertex -14 24.5876 23.359
      vertex -11.5908 25 24.5034
      vertex -11.5908 25.0101 24.4973
    endloop
  endfacet
  facet normal -0.443959 0.460428 0.768704
    outer loop
      vertex -11.5908 25 24.5034
      vertex -14 24.5876 23.359
      vertex -14 24.336 23.5097
    endloop
  endfacet
  facet normal -0.443895 0.894923 -0.0455045
    outer loop
      vertex -14 23.005 26
      vertex -11.5908 24.2006 26.0118
      vertex -11.5908 24.2 26
    endloop
  endfacet
  facet normal -0.443938 0.894991 -0.0436954
    outer loop
      vertex -11.5908 24.2006 26.0118
      vertex -14 23.005 26
      vertex -14 23.0193 26.2929
    endloop
  endfacet
  facet normal -0.443948 0.84376 -0.301627
    outer loop
      vertex -11.5908 24.337 26.6888
      vertex -14 23.1342 26.8701
      vertex -14 23.2329 27.1462
    endloop
  endfacet
  facet normal -0.443768 0.843071 -0.30381
    outer loop
      vertex -14 23.1342 26.8701
      vertex -11.5908 24.337 26.6888
      vertex -11.5908 24.333 26.6777
    endloop
  endfacet
  facet normal -0.443946 -0.843728 0.30172
    outer loop
      vertex -14 28.8661 25.1306
      vertex -11.5908 27.667 25.3223
      vertex -11.5908 27.7225 25.4775
    endloop
  endfacet
  facet normal -0.439159 -0.825769 0.353901
    outer loop
      vertex -11.5908 27.667 25.3223
      vertex -14 28.8661 25.1306
      vertex -14 28.8658 25.1299
    endloop
  endfacet
  facet normal -0.444359 -0.633461 -0.633461
    outer loop
      vertex -14 28.1183 28.1173
      vertex -11.5908 27.2728 27.2728
      vertex -14 28.1178 28.1178
    endloop
  endfacet
  facet normal -0.443935 -0.664086 -0.60159
    outer loop
      vertex -11.5908 27.2728 27.2728
      vertex -14 28.1183 28.1173
      vertex -11.5908 27.3835 27.1506
    endloop
  endfacet
  facet normal -0.44414 -0.886647 0.128829
    outer loop
      vertex -14 28.9805 25.7058
      vertex -11.5908 27.7654 25.6488
      vertex -11.5908 27.7671 25.6605
    endloop
  endfacet
  facet normal -0.443941 -0.886372 0.131382
    outer loop
      vertex -11.5908 27.7654 25.6488
      vertex -14 28.9805 25.7058
      vertex -14 28.9375 25.4157
    endloop
  endfacet
  facet normal -0.44414 0.886647 -0.128829
    outer loop
      vertex -14 23.0195 26.2942
      vertex -11.5908 24.2346 26.3512
      vertex -11.5908 24.2329 26.3395
    endloop
  endfacet
  facet normal -0.443941 0.886372 -0.131382
    outer loop
      vertex -11.5908 24.2346 26.3512
      vertex -14 23.0195 26.2942
      vertex -14 23.0625 26.5843
    endloop
  endfacet
  facet normal -0.443935 0.460859 -0.76846
    outer loop
      vertex -14 24.5881 28.6414
      vertex -11.5908 25.1515 27.5875
      vertex -11.5908 25.0101 27.5027
    endloop
  endfacet
  facet normal -0.431629 0.563507 -0.704384
    outer loop
      vertex -14 24.5881 28.6414
      vertex -11.5908 25.0101 27.5027
      vertex -14 24.5876 28.641
    endloop
  endfacet
  facet normal -0.443959 -0.460428 0.768704
    outer loop
      vertex -14 27.4124 23.359
      vertex -11.5908 27 24.5034
      vertex -14 27.664 23.5097
    endloop
  endfacet
  facet normal -0.4437 -0.46331 0.76712
    outer loop
      vertex -11.5908 27 24.5034
      vertex -14 27.4124 23.359
      vertex -11.5908 26.9899 24.4973
    endloop
  endfacet
  facet normal -0.443047 -0.353148 0.824012
    outer loop
      vertex -14 27.4112 23.3583
      vertex -11.5908 26.8485 24.4125
      vertex -14 27.4119 23.3586
    endloop
  endfacet
  facet normal -0.443922 -0.382798 0.810184
    outer loop
      vertex -11.5908 26.8485 24.4125
      vertex -14 27.4112 23.3583
      vertex -11.5908 26.6995 24.3421
    endloop
  endfacet
  facet normal -0.441536 0.862721 -0.246492
    outer loop
      vertex -11.5908 24.2746 26.5111
      vertex -14 23.0625 26.5843
      vertex -14 23.0627 26.585
    endloop
  endfacet
  facet normal -0.443947 0.869267 -0.217453
    outer loop
      vertex -14 23.0625 26.5843
      vertex -11.5908 24.2746 26.5111
      vertex -11.5908 24.2346 26.3512
    endloop
  endfacet
  facet normal -0.443964 0.894962 0.0440412
    outer loop
      vertex -11.5908 24.2087 25.8236
      vertex -14 23.0193 25.7071
      vertex -11.5908 24.2006 25.9882
    endloop
  endfacet
  facet normal -0.444034 0.887005 0.126715
    outer loop
      vertex -14 23.0193 25.7071
      vertex -11.5908 24.2087 25.8236
      vertex -14 23.0194 25.7064
    endloop
  endfacet
  facet normal -0.444034 0.126715 -0.887005
    outer loop
      vertex -14 25.7071 28.9807
      vertex -11.5908 25.8236 27.7913
      vertex -14 25.7064 28.9806
    endloop
  endfacet
  facet normal -0.443964 0.0440412 -0.894962
    outer loop
      vertex -11.5908 25.8236 27.7913
      vertex -14 25.7071 28.9807
      vertex -11.5908 25.9882 27.7994
    endloop
  endfacet
  facet normal -0.4437 -0.76712 0.46331
    outer loop
      vertex -14 28.641 24.5876
      vertex -11.5908 27.4966 25
      vertex -11.5908 27.5027 25.0101
    endloop
  endfacet
  facet normal -0.443959 -0.768704 0.460428
    outer loop
      vertex -11.5908 27.4966 25
      vertex -14 28.641 24.5876
      vertex -14 28.4903 24.336
    endloop
  endfacet
  facet normal -0.443941 0.131382 -0.886372
    outer loop
      vertex -14 25.7058 28.9805
      vertex -11.5908 25.6488 27.7654
      vertex -14 25.4157 28.9375
    endloop
  endfacet
  facet normal -0.44414 0.128829 -0.886647
    outer loop
      vertex -11.5908 25.6488 27.7654
      vertex -14 25.7058 28.9805
      vertex -11.5908 25.6605 27.7671
    endloop
  endfacet
  facet normal -0.443938 0.0436954 -0.894991
    outer loop
      vertex -14 26 28.995
      vertex -11.5908 25.9882 27.7994
      vertex -14 25.7071 28.9807
    endloop
  endfacet
  facet normal -0.443895 0.0455045 -0.894923
    outer loop
      vertex -11.5908 25.9882 27.7994
      vertex -14 26 28.995
      vertex -11.5908 26 27.8
    endloop
  endfacet
  facet normal -0.443944 0.131513 -0.886351
    outer loop
      vertex -14 25.7064 28.9806
      vertex -11.5908 25.8236 27.7913
      vertex -11.5908 25.6605 27.7671
    endloop
  endfacet
  facet normal -0.442695 0.147412 -0.884472
    outer loop
      vertex -14 25.7064 28.9806
      vertex -11.5908 25.6605 27.7671
      vertex -14 25.7058 28.9805
    endloop
  endfacet
  facet normal -0.443047 0.824012 -0.353148
    outer loop
      vertex -11.5908 24.4125 26.8485
      vertex -14 23.3583 27.4112
      vertex -14 23.3586 27.4119
    endloop
  endfacet
  facet normal -0.443922 0.810184 -0.382798
    outer loop
      vertex -14 23.3583 27.4112
      vertex -11.5908 24.4125 26.8485
      vertex -11.5908 24.3421 26.6995
    endloop
  endfacet
  facet normal -0.443959 0.460428 -0.768704
    outer loop
      vertex -14 24.5876 28.641
      vertex -11.5908 25 27.4966
      vertex -14 24.336 28.4903
    endloop
  endfacet
  facet normal -0.4437 0.46331 -0.76712
    outer loop
      vertex -11.5908 25 27.4966
      vertex -14 24.5876 28.641
      vertex -11.5908 25.0101 27.5027
    endloop
  endfacet
  facet normal -0.443961 0.38327 -0.80994
    outer loop
      vertex -14 24.8538 28.7671
      vertex -11.5908 25.3005 27.6579
      vertex -14 24.5888 28.6417
    endloop
  endfacet
  facet normal -0.443901 0.385547 -0.808892
    outer loop
      vertex -11.5908 25.3005 27.6579
      vertex -14 24.8538 28.7671
      vertex -11.5908 25.3112 27.663
    endloop
  endfacet
  facet normal -0.443935 0.664086 0.60159
    outer loop
      vertex -11.5908 24.7272 24.7272
      vertex -14 23.8817 23.8827
      vertex -11.5908 24.6165 24.8494
    endloop
  endfacet
  facet normal -0.444359 0.633461 0.633461
    outer loop
      vertex -14 23.8817 23.8827
      vertex -11.5908 24.7272 24.7272
      vertex -14 23.8822 23.8822
    endloop
  endfacet
  facet normal -0.44414 0.128829 0.886647
    outer loop
      vertex -14 25.7058 23.0195
      vertex -11.5908 25.6488 24.2346
      vertex -11.5908 25.6605 24.2329
    endloop
  endfacet
  facet normal -0.443941 0.131382 0.886372
    outer loop
      vertex -11.5908 25.6488 24.2346
      vertex -14 25.7058 23.0195
      vertex -14 25.4157 23.0625
    endloop
  endfacet
  facet normal -0.444164 0.721286 0.531474
    outer loop
      vertex -11.5908 24.6086 24.8581
      vertex -14 23.5101 24.3355
      vertex -11.5908 24.6016 24.8676
    endloop
  endfacet
  facet normal -0.44394 0.719659 0.533862
    outer loop
      vertex -14 23.5101 24.3355
      vertex -11.5908 24.6086 24.8581
      vertex -14 23.6848 24.1
    endloop
  endfacet
  facet normal -0.443944 0.886351 0.131513
    outer loop
      vertex -11.5908 24.2329 25.6605
      vertex -14 23.0194 25.7064
      vertex -11.5908 24.2087 25.8236
    endloop
  endfacet
  facet normal -0.442695 0.884472 0.147412
    outer loop
      vertex -14 23.0194 25.7064
      vertex -11.5908 24.2329 25.6605
      vertex -14 23.0195 25.7058
    endloop
  endfacet
  facet normal -0.439159 0.825769 -0.353901
    outer loop
      vertex -11.5908 24.333 26.6777
      vertex -14 23.1339 26.8694
      vertex -14 23.1342 26.8701
    endloop
  endfacet
  facet normal -0.443946 0.843728 -0.30172
    outer loop
      vertex -14 23.1339 26.8694
      vertex -11.5908 24.333 26.6777
      vertex -11.5908 24.2775 26.5225
    endloop
  endfacet
  facet normal -0.439159 -0.825769 -0.353901
    outer loop
      vertex -14 28.8661 26.8694
      vertex -11.5908 27.667 26.6777
      vertex -14 28.8658 26.8701
    endloop
  endfacet
  facet normal -0.443946 -0.843728 -0.30172
    outer loop
      vertex -11.5908 27.667 26.6777
      vertex -14 28.8661 26.8694
      vertex -11.5908 27.7225 26.5225
    endloop
  endfacet
  facet normal -0.443047 0.353148 -0.824012
    outer loop
      vertex -14 24.5888 28.6417
      vertex -11.5908 25.1515 27.5875
      vertex -14 24.5881 28.6414
    endloop
  endfacet
  facet normal -0.443922 0.382798 -0.810184
    outer loop
      vertex -11.5908 25.1515 27.5875
      vertex -14 24.5888 28.6417
      vertex -11.5908 25.3005 27.6579
    endloop
  endfacet
  facet normal -0.443941 -0.131382 0.886372
    outer loop
      vertex -14 26.2942 23.0195
      vertex -11.5908 26.3512 24.2346
      vertex -14 26.5843 23.0625
    endloop
  endfacet
  facet normal -0.44414 -0.128829 0.886647
    outer loop
      vertex -11.5908 26.3512 24.2346
      vertex -14 26.2942 23.0195
      vertex -11.5908 26.3395 24.2329
    endloop
  endfacet
  facet normal -0.443961 -0.38327 0.80994
    outer loop
      vertex -14 27.1462 23.2329
      vertex -11.5908 26.6995 24.3421
      vertex -14 27.4112 23.3583
    endloop
  endfacet
  facet normal -0.443901 -0.385547 0.808892
    outer loop
      vertex -11.5908 26.6995 24.3421
      vertex -14 27.1462 23.2329
      vertex -11.5908 26.6888 24.337
    endloop
  endfacet
  facet normal -0.441279 -0.700728 -0.560582
    outer loop
      vertex -14 28.4903 27.664
      vertex -11.5908 27.3984 27.1324
      vertex -14 28.4899 27.6645
    endloop
  endfacet
  facet normal -0.443965 -0.719695 -0.533792
    outer loop
      vertex -14 28.4903 27.664
      vertex -11.5908 27.4966 27
      vertex -11.5908 27.3984 27.1324
    endloop
  endfacet
  facet normal -0.442695 -0.884472 -0.147412
    outer loop
      vertex -14 28.9806 26.2936
      vertex -11.5908 27.7671 26.3395
      vertex -14 28.9805 26.2942
    endloop
  endfacet
  facet normal -0.443944 -0.886351 -0.131513
    outer loop
      vertex -11.5908 27.7671 26.3395
      vertex -14 28.9806 26.2936
      vertex -11.5908 27.7913 26.1764
    endloop
  endfacet
  facet normal -0.4437 0.76712 0.46331
    outer loop
      vertex -11.5908 24.5034 25
      vertex -14 23.359 24.5876
      vertex -11.5908 24.4973 25.0101
    endloop
  endfacet
  facet normal -0.443959 0.768704 0.460428
    outer loop
      vertex -14 23.359 24.5876
      vertex -11.5908 24.5034 25
      vertex -14 23.5097 24.336
    endloop
  endfacet
  facet normal -0.443941 0.86923 -0.217613
    outer loop
      vertex -11.5908 24.2775 26.5225
      vertex -14 23.0627 26.585
      vertex -14 23.1339 26.8694
    endloop
  endfacet
  facet normal -0.443673 0.868527 -0.220941
    outer loop
      vertex -14 23.0627 26.585
      vertex -11.5908 24.2775 26.5225
      vertex -11.5908 24.2746 26.5111
    endloop
  endfacet
  facet normal -0.443959 0.768704 -0.460428
    outer loop
      vertex -11.5908 24.5034 27
      vertex -14 23.359 27.4124
      vertex -14 23.5097 27.664
    endloop
  endfacet
  facet normal -0.4437 0.76712 -0.46331
    outer loop
      vertex -14 23.359 27.4124
      vertex -11.5908 24.5034 27
      vertex -11.5908 24.4973 26.9899
    endloop
  endfacet
  facet normal -0.443941 0.217613 -0.86923
    outer loop
      vertex -14 25.415 28.9373
      vertex -11.5908 25.4775 27.7225
      vertex -14 25.1306 28.8661
    endloop
  endfacet
  facet normal -0.443673 0.220941 -0.868527
    outer loop
      vertex -11.5908 25.4775 27.7225
      vertex -14 25.415 28.9373
      vertex -11.5908 25.4889 27.7254
    endloop
  endfacet
  facet normal -0.443944 0.131513 0.886351
    outer loop
      vertex -14 25.7064 23.0194
      vertex -11.5908 25.6605 24.2329
      vertex -11.5908 25.8236 24.2087
    endloop
  endfacet
  facet normal -0.442695 0.147412 0.884472
    outer loop
      vertex -11.5908 25.6605 24.2329
      vertex -14 25.7064 23.0194
      vertex -14 25.7058 23.0195
    endloop
  endfacet
  facet normal -0.443947 0.217453 0.869267
    outer loop
      vertex -14 25.4157 23.0625
      vertex -11.5908 25.4889 24.2746
      vertex -11.5908 25.6488 24.2346
    endloop
  endfacet
  facet normal -0.441536 0.246492 0.862721
    outer loop
      vertex -11.5908 25.4889 24.2746
      vertex -14 25.4157 23.0625
      vertex -14 25.415 23.0627
    endloop
  endfacet
  facet normal -0.444359 0.633461 -0.633461
    outer loop
      vertex -11.5908 24.7272 27.2728
      vertex -14 23.8817 28.1173
      vertex -14 23.8822 28.1178
    endloop
  endfacet
  facet normal -0.443935 0.664086 -0.60159
    outer loop
      vertex -14 23.8817 28.1173
      vertex -11.5908 24.7272 27.2728
      vertex -11.5908 24.6165 27.1506
    endloop
  endfacet
  facet normal -0.443935 -0.664086 0.60159
    outer loop
      vertex -14 28.1183 23.8827
      vertex -11.5908 27.2728 24.7272
      vertex -11.5908 27.3835 24.8494
    endloop
  endfacet
  facet normal -0.444359 -0.633461 0.633461
    outer loop
      vertex -11.5908 27.2728 24.7272
      vertex -14 28.1183 23.8827
      vertex -14 28.1178 23.8822
    endloop
  endfacet
  facet normal -0.443943 -0.601671 0.664008
    outer loop
      vertex -14 27.9 23.6848
      vertex -11.5908 27.1506 24.6165
      vertex -14 28.1173 23.8817
    endloop
  endfacet
  facet normal -0.443921 -0.60238 0.66338
    outer loop
      vertex -11.5908 27.1506 24.6165
      vertex -14 27.9 23.6848
      vertex -11.5908 27.1419 24.6086
    endloop
  endfacet
  facet normal -0.44414 0.886647 0.128829
    outer loop
      vertex -11.5908 24.2346 25.6488
      vertex -14 23.0195 25.7058
      vertex -11.5908 24.2329 25.6605
    endloop
  endfacet
  facet normal -0.443941 0.886372 0.131382
    outer loop
      vertex -14 23.0195 25.7058
      vertex -11.5908 24.2346 25.6488
      vertex -14 23.0625 25.4157
    endloop
  endfacet
  facet normal -0.44394 -0.719659 -0.533862
    outer loop
      vertex -14 28.4899 27.6645
      vertex -11.5908 27.3914 27.1419
      vertex -14 28.3152 27.9
    endloop
  endfacet
  facet normal -0.444164 -0.721286 -0.531474
    outer loop
      vertex -11.5908 27.3914 27.1419
      vertex -14 28.4899 27.6645
      vertex -11.5908 27.3984 27.1324
    endloop
  endfacet
  facet normal -0.443961 0.80994 -0.38327
    outer loop
      vertex -11.5908 24.3421 26.6995
      vertex -14 23.2329 27.1462
      vertex -14 23.3583 27.4112
    endloop
  endfacet
  facet normal -0.443901 0.808892 -0.385547
    outer loop
      vertex -14 23.2329 27.1462
      vertex -11.5908 24.3421 26.6995
      vertex -11.5908 24.337 26.6888
    endloop
  endfacet
  facet normal -0.443964 0.0440412 0.894962
    outer loop
      vertex -14 25.7071 23.0193
      vertex -11.5908 25.8236 24.2087
      vertex -11.5908 25.9882 24.2006
    endloop
  endfacet
  facet normal -0.444034 0.126715 0.887005
    outer loop
      vertex -11.5908 25.8236 24.2087
      vertex -14 25.7071 23.0193
      vertex -14 25.7064 23.0194
    endloop
  endfacet
  facet normal -0.443946 0.843728 0.30172
    outer loop
      vertex -11.5908 24.333 25.3223
      vertex -14 23.1339 25.1306
      vertex -11.5908 24.2775 25.4775
    endloop
  endfacet
  facet normal -0.439159 0.825769 0.353901
    outer loop
      vertex -14 23.1339 25.1306
      vertex -11.5908 24.333 25.3223
      vertex -14 23.1342 25.1299
    endloop
  endfacet
  facet normal -0.443768 -0.843071 0.30381
    outer loop
      vertex -14 28.8658 25.1299
      vertex -11.5908 27.663 25.3112
      vertex -11.5908 27.667 25.3223
    endloop
  endfacet
  facet normal -0.443948 -0.84376 0.301627
    outer loop
      vertex -11.5908 27.663 25.3112
      vertex -14 28.8658 25.1299
      vertex -14 28.7671 24.8538
    endloop
  endfacet
  facet normal -0.443935 0.60159 0.664086
    outer loop
      vertex -14 23.8827 23.8817
      vertex -11.5908 24.7272 24.7272
      vertex -11.5908 24.8494 24.6165
    endloop
  endfacet
  facet normal -0.444359 0.633461 0.633461
    outer loop
      vertex -11.5908 24.7272 24.7272
      vertex -14 23.8827 23.8817
      vertex -14 23.8822 23.8822
    endloop
  endfacet
  facet normal -0.443673 0.220941 0.868527
    outer loop
      vertex -14 25.415 23.0627
      vertex -11.5908 25.4775 24.2775
      vertex -11.5908 25.4889 24.2746
    endloop
  endfacet
  facet normal -0.443941 0.217613 0.86923
    outer loop
      vertex -11.5908 25.4775 24.2775
      vertex -14 25.415 23.0627
      vertex -14 25.1306 23.1339
    endloop
  endfacet
  facet normal -0.443947 -0.217453 -0.869267
    outer loop
      vertex -14 26.5843 28.9375
      vertex -11.5908 26.5111 27.7254
      vertex -11.5908 26.3512 27.7654
    endloop
  endfacet
  facet normal -0.441536 -0.246492 -0.862721
    outer loop
      vertex -11.5908 26.5111 27.7254
      vertex -14 26.5843 28.9375
      vertex -14 26.585 28.9373
    endloop
  endfacet
  facet normal -0.443895 0.894923 0.0455045
    outer loop
      vertex -11.5908 24.2006 25.9882
      vertex -14 23.005 26
      vertex -11.5908 24.2 26
    endloop
  endfacet
  facet normal -0.443938 0.894991 0.0436954
    outer loop
      vertex -14 23.005 26
      vertex -11.5908 24.2006 25.9882
      vertex -14 23.0193 25.7071
    endloop
  endfacet
  facet normal -0.443941 -0.886372 -0.131382
    outer loop
      vertex -14 28.9805 26.2942
      vertex -11.5908 27.7654 26.3512
      vertex -14 28.9375 26.5843
    endloop
  endfacet
  facet normal -0.44414 -0.886647 -0.128829
    outer loop
      vertex -11.5908 27.7654 26.3512
      vertex -14 28.9805 26.2942
      vertex -11.5908 27.7671 26.3395
    endloop
  endfacet
  facet normal -0.444034 0.887005 -0.126715
    outer loop
      vertex -11.5908 24.2087 26.1764
      vertex -14 23.0193 26.2929
      vertex -14 23.0194 26.2936
    endloop
  endfacet
  facet normal -0.443964 0.894962 -0.0440412
    outer loop
      vertex -14 23.0193 26.2929
      vertex -11.5908 24.2087 26.1764
      vertex -11.5908 24.2006 26.0118
    endloop
  endfacet
  facet normal -0.443922 0.382798 0.810184
    outer loop
      vertex -14 24.5888 23.3583
      vertex -11.5908 25.1515 24.4125
      vertex -11.5908 25.3005 24.3421
    endloop
  endfacet
  facet normal -0.443047 0.353148 0.824012
    outer loop
      vertex -11.5908 25.1515 24.4125
      vertex -14 24.5888 23.3583
      vertex -14 24.5881 23.3586
    endloop
  endfacet
  facet normal -0.44394 0.719659 -0.533862
    outer loop
      vertex -11.5908 24.6086 27.1419
      vertex -14 23.5101 27.6645
      vertex -14 23.6848 27.9
    endloop
  endfacet
  facet normal -0.444164 0.721286 -0.531474
    outer loop
      vertex -14 23.5101 27.6645
      vertex -11.5908 24.6086 27.1419
      vertex -11.5908 24.6016 27.1324
    endloop
  endfacet
  facet normal -0.443673 0.868527 0.220941
    outer loop
      vertex -11.5908 24.2775 25.4775
      vertex -14 23.0627 25.415
      vertex -11.5908 24.2746 25.4889
    endloop
  endfacet
  facet normal -0.443941 0.86923 0.217613
    outer loop
      vertex -14 23.0627 25.415
      vertex -11.5908 24.2775 25.4775
      vertex -14 23.1339 25.1306
    endloop
  endfacet
  facet normal -0.441279 0.700728 -0.560582
    outer loop
      vertex -11.5908 24.6016 27.1324
      vertex -14 23.5097 27.664
      vertex -14 23.5101 27.6645
    endloop
  endfacet
  facet normal -0.443965 0.719695 -0.533792
    outer loop
      vertex -14 23.5097 27.664
      vertex -11.5908 24.6016 27.1324
      vertex -11.5908 24.5034 27
    endloop
  endfacet
  facet normal -0.443965 -0.719695 0.533792
    outer loop
      vertex -14 28.4903 24.336
      vertex -11.5908 27.3984 24.8676
      vertex -11.5908 27.4966 25
    endloop
  endfacet
  facet normal -0.441279 -0.700728 0.560582
    outer loop
      vertex -11.5908 27.3984 24.8676
      vertex -14 28.4903 24.336
      vertex -14 28.4899 24.3355
    endloop
  endfacet
  facet normal -0.443943 0.664008 -0.601671
    outer loop
      vertex -11.5908 24.6165 27.1506
      vertex -14 23.6848 27.9
      vertex -14 23.8817 28.1173
    endloop
  endfacet
  facet normal -0.443921 0.66338 -0.60238
    outer loop
      vertex -14 23.6848 27.9
      vertex -11.5908 24.6165 27.1506
      vertex -11.5908 24.6086 27.1419
    endloop
  endfacet
  facet normal -0.443921 0.66338 0.60238
    outer loop
      vertex -11.5908 24.6165 24.8494
      vertex -14 23.6848 24.1
      vertex -11.5908 24.6086 24.8581
    endloop
  endfacet
  facet normal -0.443943 0.664008 0.601671
    outer loop
      vertex -14 23.6848 24.1
      vertex -11.5908 24.6165 24.8494
      vertex -14 23.8817 23.8827
    endloop
  endfacet
  facet normal -0.444164 -0.531474 -0.721286
    outer loop
      vertex -14 27.6645 28.4899
      vertex -11.5908 27.1419 27.3914
      vertex -11.5908 27.1324 27.3984
    endloop
  endfacet
  facet normal -0.44394 -0.533862 -0.719659
    outer loop
      vertex -11.5908 27.1419 27.3914
      vertex -14 27.6645 28.4899
      vertex -14 27.9 28.3152
    endloop
  endfacet
  facet normal -0.444164 0.531474 0.721286
    outer loop
      vertex -14 24.3355 23.5101
      vertex -11.5908 24.8581 24.6086
      vertex -11.5908 24.8676 24.6016
    endloop
  endfacet
  facet normal -0.44394 0.533862 0.719659
    outer loop
      vertex -11.5908 24.8581 24.6086
      vertex -14 24.3355 23.5101
      vertex -14 24.1 23.6848
    endloop
  endfacet
  facet normal -0.441279 -0.560582 0.700728
    outer loop
      vertex -14 27.664 23.5097
      vertex -11.5908 27.1324 24.6016
      vertex -14 27.6645 23.5101
    endloop
  endfacet
  facet normal -0.443965 -0.533792 0.719695
    outer loop
      vertex -11.5908 27.1324 24.6016
      vertex -14 27.664 23.5097
      vertex -11.5908 27 24.5034
    endloop
  endfacet
  facet normal -0.441279 0.560582 -0.700728
    outer loop
      vertex -14 24.336 28.4903
      vertex -11.5908 24.8676 27.3984
      vertex -14 24.3355 28.4899
    endloop
  endfacet
  facet normal -0.443965 0.533792 -0.719695
    outer loop
      vertex -11.5908 24.8676 27.3984
      vertex -14 24.336 28.4903
      vertex -11.5908 25 27.4966
    endloop
  endfacet
  facet normal -0.443943 0.601671 -0.664008
    outer loop
      vertex -14 24.1 28.3152
      vertex -11.5908 24.8494 27.3835
      vertex -14 23.8827 28.1183
    endloop
  endfacet
  facet normal -0.443921 0.60238 -0.66338
    outer loop
      vertex -11.5908 24.8494 27.3835
      vertex -14 24.1 28.3152
      vertex -11.5908 24.8581 27.3914
    endloop
  endfacet
  facet normal -0.444359 0.633461 -0.633461
    outer loop
      vertex -14 23.8827 28.1183
      vertex -11.5908 24.7272 27.2728
      vertex -14 23.8822 28.1178
    endloop
  endfacet
  facet normal -0.443935 0.60159 -0.664086
    outer loop
      vertex -11.5908 24.7272 27.2728
      vertex -14 23.8827 28.1183
      vertex -11.5908 24.8494 27.3835
    endloop
  endfacet
  facet normal -0.44394 0.533862 -0.719659
    outer loop
      vertex -14 24.3355 28.4899
      vertex -11.5908 24.8581 27.3914
      vertex -14 24.1 28.3152
    endloop
  endfacet
  facet normal -0.444164 0.531474 -0.721286
    outer loop
      vertex -11.5908 24.8581 27.3914
      vertex -14 24.3355 28.4899
      vertex -11.5908 24.8676 27.3984
    endloop
  endfacet
  facet normal -0.443768 0.843071 0.30381
    outer loop
      vertex -11.5908 24.337 25.3112
      vertex -14 23.1342 25.1299
      vertex -11.5908 24.333 25.3223
    endloop
  endfacet
  facet normal -0.443948 0.84376 0.301627
    outer loop
      vertex -14 23.1342 25.1299
      vertex -11.5908 24.337 25.3112
      vertex -14 23.2329 24.8538
    endloop
  endfacet
  facet normal -0.443921 0.60238 0.66338
    outer loop
      vertex -14 24.1 23.6848
      vertex -11.5908 24.8494 24.6165
      vertex -11.5908 24.8581 24.6086
    endloop
  endfacet
  facet normal -0.443943 0.601671 0.664008
    outer loop
      vertex -11.5908 24.8494 24.6165
      vertex -14 24.1 23.6848
      vertex -14 23.8827 23.8817
    endloop
  endfacet
  facet normal -0.431629 0.704384 -0.563507
    outer loop
      vertex -11.5908 24.4973 26.9899
      vertex -14 23.3586 27.4119
      vertex -14 23.359 27.4124
    endloop
  endfacet
  facet normal -0.443935 0.76846 -0.460859
    outer loop
      vertex -14 23.3586 27.4119
      vertex -11.5908 24.4973 26.9899
      vertex -11.5908 24.4125 26.8485
    endloop
  endfacet
  facet normal -0.443946 0.30172 0.843728
    outer loop
      vertex -14 25.1306 23.1339
      vertex -11.5908 25.3223 24.333
      vertex -11.5908 25.4775 24.2775
    endloop
  endfacet
  facet normal -0.439159 0.353901 0.825769
    outer loop
      vertex -11.5908 25.3223 24.333
      vertex -14 25.1306 23.1339
      vertex -14 25.1299 23.1342
    endloop
  endfacet
  facet normal -0.443965 0.719695 0.533792
    outer loop
      vertex -11.5908 24.6016 24.8676
      vertex -14 23.5097 24.336
      vertex -11.5908 24.5034 25
    endloop
  endfacet
  facet normal -0.441279 0.700728 0.560582
    outer loop
      vertex -14 23.5097 24.336
      vertex -11.5908 24.6016 24.8676
      vertex -14 23.5101 24.3355
    endloop
  endfacet
  facet normal -0.443965 0.533792 0.719695
    outer loop
      vertex -14 24.336 23.5097
      vertex -11.5908 24.8676 24.6016
      vertex -11.5908 25 24.5034
    endloop
  endfacet
  facet normal -0.441279 0.560582 0.700728
    outer loop
      vertex -11.5908 24.8676 24.6016
      vertex -14 24.336 23.5097
      vertex -14 24.3355 23.5101
    endloop
  endfacet
  facet normal -0.443935 -0.60159 -0.664086
    outer loop
      vertex -14 28.1173 28.1183
      vertex -11.5908 27.2728 27.2728
      vertex -11.5908 27.1506 27.3835
    endloop
  endfacet
  facet normal -0.444359 -0.633461 -0.633461
    outer loop
      vertex -11.5908 27.2728 27.2728
      vertex -14 28.1173 28.1183
      vertex -14 28.1178 28.1178
    endloop
  endfacet
  facet normal -0.441536 -0.246492 0.862721
    outer loop
      vertex -14 26.5843 23.0625
      vertex -11.5908 26.5111 24.2746
      vertex -14 26.585 23.0627
    endloop
  endfacet
  facet normal -0.443947 -0.217453 0.869267
    outer loop
      vertex -11.5908 26.5111 24.2746
      vertex -14 26.5843 23.0625
      vertex -11.5908 26.3512 24.2346
    endloop
  endfacet
  facet normal -0.443947 0.869267 0.217453
    outer loop
      vertex -11.5908 24.2746 25.4889
      vertex -14 23.0625 25.4157
      vertex -11.5908 24.2346 25.6488
    endloop
  endfacet
  facet normal -0.441536 0.862721 0.246492
    outer loop
      vertex -14 23.0625 25.4157
      vertex -11.5908 24.2746 25.4889
      vertex -14 23.0627 25.415
    endloop
  endfacet
  facet normal -0.443901 0.385547 0.808892
    outer loop
      vertex -14 24.8538 23.2329
      vertex -11.5908 25.3005 24.3421
      vertex -11.5908 25.3112 24.337
    endloop
  endfacet
  facet normal -0.443961 0.38327 0.80994
    outer loop
      vertex -11.5908 25.3005 24.3421
      vertex -14 24.8538 23.2329
      vertex -14 24.5888 23.3583
    endloop
  endfacet
  facet normal -0.443768 0.30381 0.843071
    outer loop
      vertex -14 25.1299 23.1342
      vertex -11.5908 25.3112 24.337
      vertex -11.5908 25.3223 24.333
    endloop
  endfacet
  facet normal -0.443948 0.301627 0.84376
    outer loop
      vertex -11.5908 25.3112 24.337
      vertex -14 25.1299 23.1342
      vertex -14 24.8538 23.2329
    endloop
  endfacet
  facet normal -0.444359 -0.633461 0.633461
    outer loop
      vertex -14 28.1173 23.8817
      vertex -11.5908 27.2728 24.7272
      vertex -14 28.1178 23.8822
    endloop
  endfacet
  facet normal -0.443935 -0.60159 0.664086
    outer loop
      vertex -11.5908 27.2728 24.7272
      vertex -14 28.1173 23.8817
      vertex -11.5908 27.1506 24.6165
    endloop
  endfacet
  facet normal -0.443964 -0.894962 0.0440412
    outer loop
      vertex -14 28.9807 25.7071
      vertex -11.5908 27.7913 25.8236
      vertex -11.5908 27.7994 25.9882
    endloop
  endfacet
  facet normal -0.444034 -0.887005 0.126715
    outer loop
      vertex -11.5908 27.7913 25.8236
      vertex -14 28.9807 25.7071
      vertex -14 28.9806 25.7064
    endloop
  endfacet
  facet normal -0.431629 -0.563507 0.704384
    outer loop
      vertex -14 27.4119 23.3586
      vertex -11.5908 26.9899 24.4973
      vertex -14 27.4124 23.359
    endloop
  endfacet
  facet normal -0.443935 -0.460859 0.76846
    outer loop
      vertex -11.5908 26.9899 24.4973
      vertex -14 27.4119 23.3586
      vertex -11.5908 26.8485 24.4125
    endloop
  endfacet
  facet normal -0.44394 -0.533862 0.719659
    outer loop
      vertex -14 27.6645 23.5101
      vertex -11.5908 27.1419 24.6086
      vertex -14 27.9 23.6848
    endloop
  endfacet
  facet normal -0.444164 -0.531474 0.721286
    outer loop
      vertex -11.5908 27.1419 24.6086
      vertex -14 27.6645 23.5101
      vertex -11.5908 27.1324 24.6016
    endloop
  endfacet
  facet normal -0.443948 -0.301627 0.84376
    outer loop
      vertex -14 26.8701 23.1342
      vertex -11.5908 26.6888 24.337
      vertex -14 27.1462 23.2329
    endloop
  endfacet
  facet normal -0.443768 -0.30381 0.843071
    outer loop
      vertex -11.5908 26.6888 24.337
      vertex -14 26.8701 23.1342
      vertex -11.5908 26.6777 24.333
    endloop
  endfacet
  facet normal -0.443921 -0.66338 0.60238
    outer loop
      vertex -14 28.3152 24.1
      vertex -11.5908 27.3835 24.8494
      vertex -11.5908 27.3914 24.8581
    endloop
  endfacet
  facet normal -0.443943 -0.664008 0.601671
    outer loop
      vertex -11.5908 27.3835 24.8494
      vertex -14 28.3152 24.1
      vertex -14 28.1183 23.8827
    endloop
  endfacet
  facet normal -0.443673 -0.868527 0.220941
    outer loop
      vertex -14 28.9373 25.415
      vertex -11.5908 27.7225 25.4775
      vertex -11.5908 27.7254 25.4889
    endloop
  endfacet
  facet normal -0.443941 -0.86923 0.217613
    outer loop
      vertex -11.5908 27.7225 25.4775
      vertex -14 28.9373 25.415
      vertex -14 28.8661 25.1306
    endloop
  endfacet
  facet normal -0.442695 -0.884472 0.147412
    outer loop
      vertex -11.5908 27.7671 25.6605
      vertex -14 28.9806 25.7064
      vertex -14 28.9805 25.7058
    endloop
  endfacet
  facet normal -0.443944 -0.886351 0.131513
    outer loop
      vertex -14 28.9806 25.7064
      vertex -11.5908 27.7671 25.6605
      vertex -11.5908 27.7913 25.8236
    endloop
  endfacet
  facet normal -0.443935 -0.460859 -0.76846
    outer loop
      vertex -11.5908 26.8485 27.5875
      vertex -14 27.4119 28.6414
      vertex -11.5908 26.9899 27.5027
    endloop
  endfacet
  facet normal -0.431629 -0.563507 -0.704384
    outer loop
      vertex -11.5908 26.9899 27.5027
      vertex -14 27.4119 28.6414
      vertex -14 27.4124 28.641
    endloop
  endfacet
  facet normal -0.4437 -0.46331 -0.76712
    outer loop
      vertex -14 27.4124 28.641
      vertex -11.5908 27 27.4966
      vertex -11.5908 26.9899 27.5027
    endloop
  endfacet
  facet normal -0.443959 -0.460428 -0.768704
    outer loop
      vertex -11.5908 27 27.4966
      vertex -14 27.4124 28.641
      vertex -14 27.664 28.4903
    endloop
  endfacet
  facet normal -0.443768 -0.843071 -0.30381
    outer loop
      vertex -14 28.8658 26.8701
      vertex -11.5908 27.667 26.6777
      vertex -11.5908 27.663 26.6888
    endloop
  endfacet
  facet normal -0.443948 -0.84376 -0.301627
    outer loop
      vertex -11.5908 27.663 26.6888
      vertex -14 28.7671 27.1462
      vertex -14 28.8658 26.8701
    endloop
  endfacet
  facet normal -0.443901 0.808892 0.385547
    outer loop
      vertex -11.5908 24.3421 25.3005
      vertex -14 23.2329 24.8538
      vertex -11.5908 24.337 25.3112
    endloop
  endfacet
  facet normal -0.443961 0.80994 0.38327
    outer loop
      vertex -14 23.2329 24.8538
      vertex -11.5908 24.3421 25.3005
      vertex -14 23.3583 24.5888
    endloop
  endfacet
  facet normal -0.443943 -0.664008 -0.601671
    outer loop
      vertex -14 28.3152 27.9
      vertex -11.5908 27.3835 27.1506
      vertex -14 28.1183 28.1173
    endloop
  endfacet
  facet normal -0.443921 -0.66338 -0.60238
    outer loop
      vertex -11.5908 27.3835 27.1506
      vertex -14 28.3152 27.9
      vertex -11.5908 27.3914 27.1419
    endloop
  endfacet
  facet normal -0.439159 -0.353901 0.825769
    outer loop
      vertex -14 26.8694 23.1339
      vertex -11.5908 26.6777 24.333
      vertex -14 26.8701 23.1342
    endloop
  endfacet
  facet normal -0.443946 -0.30172 0.843728
    outer loop
      vertex -11.5908 26.6777 24.333
      vertex -14 26.8694 23.1339
      vertex -11.5908 26.5225 24.2775
    endloop
  endfacet
  facet normal -0.443941 -0.217613 0.86923
    outer loop
      vertex -14 26.585 23.0627
      vertex -11.5908 26.5225 24.2775
      vertex -14 26.8694 23.1339
    endloop
  endfacet
  facet normal -0.443673 -0.220941 0.868527
    outer loop
      vertex -11.5908 26.5225 24.2775
      vertex -14 26.585 23.0627
      vertex -11.5908 26.5111 24.2746
    endloop
  endfacet
  facet normal -0.443921 -0.60238 -0.66338
    outer loop
      vertex -14 27.9 28.3152
      vertex -11.5908 27.1506 27.3835
      vertex -11.5908 27.1419 27.3914
    endloop
  endfacet
  facet normal -0.443943 -0.601671 -0.664008
    outer loop
      vertex -11.5908 27.1506 27.3835
      vertex -14 27.9 28.3152
      vertex -14 28.1173 28.1183
    endloop
  endfacet
  facet normal -0.443938 -0.894991 -0.0436954
    outer loop
      vertex -14 28.995 26
      vertex -11.5908 27.7994 26.0118
      vertex -14 28.9807 26.2929
    endloop
  endfacet
  facet normal -0.443895 -0.894923 -0.0455045
    outer loop
      vertex -11.5908 27.7994 26.0118
      vertex -14 28.995 26
      vertex -11.5908 27.8 26
    endloop
  endfacet
  facet normal -0.443768 -0.30381 -0.843071
    outer loop
      vertex -11.5908 26.6777 27.667
      vertex -14 26.8701 28.8658
      vertex -11.5908 26.6888 27.663
    endloop
  endfacet
  facet normal -0.443948 -0.301627 -0.84376
    outer loop
      vertex -14 27.1462 28.7671
      vertex -11.5908 26.6888 27.663
      vertex -14 26.8701 28.8658
    endloop
  endfacet
  facet normal -0.443047 -0.824012 -0.353148
    outer loop
      vertex -14 28.6417 27.4112
      vertex -11.5908 27.5875 26.8485
      vertex -14 28.6414 27.4119
    endloop
  endfacet
  facet normal -0.443922 -0.810184 -0.382798
    outer loop
      vertex -11.5908 27.5875 26.8485
      vertex -14 28.6417 27.4112
      vertex -11.5908 27.6579 26.6995
    endloop
  endfacet
  facet normal -0.443947 -0.869267 0.217453
    outer loop
      vertex -14 28.9375 25.4157
      vertex -11.5908 27.7254 25.4889
      vertex -11.5908 27.7654 25.6488
    endloop
  endfacet
  facet normal -0.441536 -0.862721 0.246492
    outer loop
      vertex -11.5908 27.7254 25.4889
      vertex -14 28.9375 25.4157
      vertex -14 28.9373 25.415
    endloop
  endfacet
  facet normal -0.443965 -0.533792 -0.719695
    outer loop
      vertex -11.5908 27 27.4966
      vertex -14 27.664 28.4903
      vertex -11.5908 27.1324 27.3984
    endloop
  endfacet
  facet normal -0.441279 -0.560582 -0.700728
    outer loop
      vertex -11.5908 27.1324 27.3984
      vertex -14 27.664 28.4903
      vertex -14 27.6645 28.4899
    endloop
  endfacet
  facet normal -0.431629 -0.704384 -0.563507
    outer loop
      vertex -14 28.6414 27.4119
      vertex -11.5908 27.5027 26.9899
      vertex -14 28.641 27.4124
    endloop
  endfacet
  facet normal -0.443935 -0.76846 -0.460859
    outer loop
      vertex -14 28.6414 27.4119
      vertex -11.5908 27.5875 26.8485
      vertex -11.5908 27.5027 26.9899
    endloop
  endfacet
  facet normal -0.441536 -0.862721 -0.246492
    outer loop
      vertex -14 28.9375 26.5843
      vertex -11.5908 27.7254 26.5111
      vertex -14 28.9373 26.585
    endloop
  endfacet
  facet normal -0.443947 -0.869267 -0.217453
    outer loop
      vertex -11.5908 27.7254 26.5111
      vertex -14 28.9375 26.5843
      vertex -11.5908 27.7654 26.3512
    endloop
  endfacet
  facet normal -0.444034 -0.126715 0.887005
    outer loop
      vertex -14 26.2929 23.0193
      vertex -11.5908 26.1764 24.2087
      vertex -14 26.2936 23.0194
    endloop
  endfacet
  facet normal -0.443964 -0.0440412 0.894962
    outer loop
      vertex -11.5908 26.1764 24.2087
      vertex -14 26.2929 23.0193
      vertex -11.5908 26.0118 24.2006
    endloop
  endfacet
  facet normal -0.442695 -0.147412 0.884472
    outer loop
      vertex -14 26.2936 23.0194
      vertex -11.5908 26.3395 24.2329
      vertex -14 26.2942 23.0195
    endloop
  endfacet
  facet normal -0.443944 -0.131513 0.886351
    outer loop
      vertex -11.5908 26.3395 24.2329
      vertex -14 26.2936 23.0194
      vertex -11.5908 26.1764 24.2087
    endloop
  endfacet
  facet normal -0.443935 -0.76846 0.460859
    outer loop
      vertex -11.5908 27.5875 25.1515
      vertex -14 28.6414 24.5881
      vertex -11.5908 27.5027 25.0101
    endloop
  endfacet
  facet normal -0.431629 -0.704384 0.563507
    outer loop
      vertex -11.5908 27.5027 25.0101
      vertex -14 28.6414 24.5881
      vertex -14 28.641 24.5876
    endloop
  endfacet
  facet normal -0.444034 -0.887005 -0.126715
    outer loop
      vertex -14 28.9807 26.2929
      vertex -11.5908 27.7913 26.1764
      vertex -14 28.9806 26.2936
    endloop
  endfacet
  facet normal -0.443964 -0.894962 -0.0440412
    outer loop
      vertex -11.5908 27.7913 26.1764
      vertex -14 28.9807 26.2929
      vertex -11.5908 27.7994 26.0118
    endloop
  endfacet
  facet normal -0.443935 0.76846 0.460859
    outer loop
      vertex -11.5908 24.4973 25.0101
      vertex -14 23.3586 24.5881
      vertex -11.5908 24.4125 25.1515
    endloop
  endfacet
  facet normal -0.431629 0.704384 0.563507
    outer loop
      vertex -14 23.3586 24.5881
      vertex -11.5908 24.4973 25.0101
      vertex -14 23.359 24.5876
    endloop
  endfacet
  facet normal -0.443895 0.0455045 0.894923
    outer loop
      vertex -14 26 23.005
      vertex -11.5908 25.9882 24.2006
      vertex -11.5908 26 24.2
    endloop
  endfacet
  facet normal -0.443938 0.0436954 0.894991
    outer loop
      vertex -11.5908 25.9882 24.2006
      vertex -14 26 23.005
      vertex -14 25.7071 23.0193
    endloop
  endfacet
  facet normal -0.443673 -0.220941 -0.868527
    outer loop
      vertex -14 26.585 28.9373
      vertex -11.5908 26.5225 27.7225
      vertex -11.5908 26.5111 27.7254
    endloop
  endfacet
  facet normal -0.443941 -0.217613 -0.86923
    outer loop
      vertex -11.5908 26.5225 27.7225
      vertex -14 26.585 28.9373
      vertex -14 26.8694 28.8661
    endloop
  endfacet
  facet normal -0.443901 -0.385547 -0.808892
    outer loop
      vertex -14 27.1462 28.7671
      vertex -11.5908 26.6995 27.6579
      vertex -11.5908 26.6888 27.663
    endloop
  endfacet
  facet normal -0.443961 -0.38327 -0.80994
    outer loop
      vertex -11.5908 26.6995 27.6579
      vertex -14 27.1462 28.7671
      vertex -14 27.4112 28.6417
    endloop
  endfacet
  facet normal -0.443895 -0.894923 0.0455045
    outer loop
      vertex -14 28.995 26
      vertex -11.5908 27.7994 25.9882
      vertex -11.5908 27.8 26
    endloop
  endfacet
  facet normal -0.443938 -0.894991 0.0436954
    outer loop
      vertex -11.5908 27.7994 25.9882
      vertex -14 28.995 26
      vertex -14 28.9807 25.7071
    endloop
  endfacet
  facet normal -0.443922 -0.382798 -0.810184
    outer loop
      vertex -14 27.4112 28.6417
      vertex -11.5908 26.8485 27.5875
      vertex -11.5908 26.6995 27.6579
    endloop
  endfacet
  facet normal -0.443047 -0.353148 -0.824012
    outer loop
      vertex -11.5908 26.8485 27.5875
      vertex -14 27.4112 28.6417
      vertex -14 27.4119 28.6414
    endloop
  endfacet
  facet normal -0.443946 -0.30172 -0.843728
    outer loop
      vertex -14 26.8694 28.8661
      vertex -11.5908 26.6777 27.667
      vertex -11.5908 26.5225 27.7225
    endloop
  endfacet
  facet normal -0.439159 -0.353901 -0.825769
    outer loop
      vertex -11.5908 26.6777 27.667
      vertex -14 26.8694 28.8661
      vertex -14 26.8701 28.8658
    endloop
  endfacet
  facet normal -0.44414 -0.128829 -0.886647
    outer loop
      vertex -14 26.2942 28.9805
      vertex -11.5908 26.3512 27.7654
      vertex -11.5908 26.3395 27.7671
    endloop
  endfacet
  facet normal -0.443941 -0.131382 -0.886372
    outer loop
      vertex -11.5908 26.3512 27.7654
      vertex -14 26.2942 28.9805
      vertex -14 26.5843 28.9375
    endloop
  endfacet
  facet normal -0.443944 -0.131513 -0.886351
    outer loop
      vertex -14 26.2936 28.9806
      vertex -11.5908 26.3395 27.7671
      vertex -11.5908 26.1764 27.7913
    endloop
  endfacet
  facet normal -0.442695 -0.147412 -0.884472
    outer loop
      vertex -11.5908 26.3395 27.7671
      vertex -14 26.2936 28.9806
      vertex -14 26.2942 28.9805
    endloop
  endfacet
  facet normal -0.441536 -0.246492 0.862721
    outer loop
      vertex -14 -25.4157 -28.9375
      vertex -11.5908 -25.4889 -27.7254
      vertex -14 -25.415 -28.9373
    endloop
  endfacet
  facet normal -0.443947 -0.217453 0.869267
    outer loop
      vertex -11.5908 -25.4889 -27.7254
      vertex -14 -25.4157 -28.9375
      vertex -11.5908 -25.6488 -27.7654
    endloop
  endfacet
  facet normal -0.4437 0.76712 0.46331
    outer loop
      vertex -11.5908 -27.4966 -27
      vertex -14 -28.641 -27.4124
      vertex -11.5908 -27.5027 -26.9899
    endloop
  endfacet
  facet normal -0.443959 0.768704 0.460428
    outer loop
      vertex -14 -28.641 -27.4124
      vertex -11.5908 -27.4966 -27
      vertex -14 -28.4903 -27.664
    endloop
  endfacet
  facet normal -0.443938 0.0436954 -0.894991
    outer loop
      vertex -14 -26 -23.005
      vertex -11.5908 -26.0118 -24.2006
      vertex -14 -26.2929 -23.0193
    endloop
  endfacet
  facet normal -0.443895 0.0455045 -0.894923
    outer loop
      vertex -11.5908 -26.0118 -24.2006
      vertex -14 -26 -23.005
      vertex -11.5908 -26 -24.2
    endloop
  endfacet
  facet normal -0.443895 0.0455045 0.894923
    outer loop
      vertex -14 -26 -28.995
      vertex -11.5908 -26.0118 -27.7994
      vertex -11.5908 -26 -27.8
    endloop
  endfacet
  facet normal -0.443938 0.0436954 0.894991
    outer loop
      vertex -11.5908 -26.0118 -27.7994
      vertex -14 -26 -28.995
      vertex -14 -26.2929 -28.9807
    endloop
  endfacet
  facet normal -0.443964 0.0440412 0.894962
    outer loop
      vertex -14 -26.2929 -28.9807
      vertex -11.5908 -26.1764 -27.7913
      vertex -11.5908 -26.0118 -27.7994
    endloop
  endfacet
  facet normal -0.444034 0.126715 0.887005
    outer loop
      vertex -11.5908 -26.1764 -27.7913
      vertex -14 -26.2929 -28.9807
      vertex -14 -26.2936 -28.9806
    endloop
  endfacet
  facet normal -0.443673 0.868527 0.220941
    outer loop
      vertex -11.5908 -27.7225 -26.5225
      vertex -14 -28.9373 -26.585
      vertex -11.5908 -27.7254 -26.5111
    endloop
  endfacet
  facet normal -0.443941 0.86923 0.217613
    outer loop
      vertex -14 -28.9373 -26.585
      vertex -11.5908 -27.7225 -26.5225
      vertex -14 -28.8661 -26.8694
    endloop
  endfacet
  facet normal -0.443935 -0.460859 -0.76846
    outer loop
      vertex -14 -24.5881 -23.3586
      vertex -11.5908 -25.0101 -24.4973
      vertex -11.5908 -25.1515 -24.4125
    endloop
  endfacet
  facet normal -0.431629 -0.563507 -0.704384
    outer loop
      vertex -11.5908 -25.0101 -24.4973
      vertex -14 -24.5881 -23.3586
      vertex -14 -24.5876 -23.359
    endloop
  endfacet
  facet normal -0.442695 -0.884472 0.147412
    outer loop
      vertex -11.5908 -24.2329 -26.3395
      vertex -14 -23.0194 -26.2936
      vertex -14 -23.0195 -26.2942
    endloop
  endfacet
  facet normal -0.443944 -0.886351 0.131513
    outer loop
      vertex -14 -23.0194 -26.2936
      vertex -11.5908 -24.2329 -26.3395
      vertex -11.5908 -24.2087 -26.1764
    endloop
  endfacet
  facet normal -0.44394 0.719659 -0.533862
    outer loop
      vertex -11.5908 -27.3914 -24.8581
      vertex -14 -28.4899 -24.3355
      vertex -14 -28.3152 -24.1
    endloop
  endfacet
  facet normal -0.444164 0.721286 -0.531474
    outer loop
      vertex -14 -28.4899 -24.3355
      vertex -11.5908 -27.3914 -24.8581
      vertex -11.5908 -27.3984 -24.8676
    endloop
  endfacet
  facet normal -0.443047 -0.824012 -0.353148
    outer loop
      vertex -14 -23.3583 -24.5888
      vertex -11.5908 -24.4125 -25.1515
      vertex -14 -23.3586 -24.5881
    endloop
  endfacet
  facet normal -0.443922 -0.810184 -0.382798
    outer loop
      vertex -11.5908 -24.4125 -25.1515
      vertex -14 -23.3583 -24.5888
      vertex -11.5908 -24.3421 -25.3005
    endloop
  endfacet
  facet normal -0.439159 -0.353901 0.825769
    outer loop
      vertex -14 -25.1306 -28.8661
      vertex -11.5908 -25.3223 -27.667
      vertex -14 -25.1299 -28.8658
    endloop
  endfacet
  facet normal -0.443946 -0.30172 0.843728
    outer loop
      vertex -11.5908 -25.3223 -27.667
      vertex -14 -25.1306 -28.8661
      vertex -11.5908 -25.4775 -27.7225
    endloop
  endfacet
  facet normal -0.443901 0.808892 0.385547
    outer loop
      vertex -11.5908 -27.6579 -26.6995
      vertex -14 -28.7671 -27.1462
      vertex -11.5908 -27.663 -26.6888
    endloop
  endfacet
  facet normal -0.443961 0.80994 0.38327
    outer loop
      vertex -14 -28.7671 -27.1462
      vertex -11.5908 -27.6579 -26.6995
      vertex -14 -28.6417 -27.4112
    endloop
  endfacet
  facet normal -0.443948 -0.301627 0.84376
    outer loop
      vertex -14 -25.1299 -28.8658
      vertex -11.5908 -25.3112 -27.663
      vertex -14 -24.8538 -28.7671
    endloop
  endfacet
  facet normal -0.443768 -0.30381 0.843071
    outer loop
      vertex -11.5908 -25.3112 -27.663
      vertex -14 -25.1299 -28.8658
      vertex -11.5908 -25.3223 -27.667
    endloop
  endfacet
  facet normal -0.443047 0.824012 -0.353148
    outer loop
      vertex -11.5908 -27.5875 -25.1515
      vertex -14 -28.6417 -24.5888
      vertex -14 -28.6414 -24.5881
    endloop
  endfacet
  facet normal -0.443922 0.810184 -0.382798
    outer loop
      vertex -14 -28.6417 -24.5888
      vertex -11.5908 -27.5875 -25.1515
      vertex -11.5908 -27.6579 -25.3005
    endloop
  endfacet
  facet normal -0.443961 0.80994 -0.38327
    outer loop
      vertex -11.5908 -27.6579 -25.3005
      vertex -14 -28.7671 -24.8538
      vertex -14 -28.6417 -24.5888
    endloop
  endfacet
  facet normal -0.443901 0.808892 -0.385547
    outer loop
      vertex -11.5908 -27.663 -25.3112
      vertex -14 -28.7671 -24.8538
      vertex -11.5908 -27.6579 -25.3005
    endloop
  endfacet
  facet normal -0.4437 -0.46331 -0.76712
    outer loop
      vertex -14 -24.5876 -23.359
      vertex -11.5908 -25 -24.5034
      vertex -11.5908 -25.0101 -24.4973
    endloop
  endfacet
  facet normal -0.443959 -0.460428 -0.768704
    outer loop
      vertex -11.5908 -25 -24.5034
      vertex -14 -24.5876 -23.359
      vertex -14 -24.336 -23.5097
    endloop
  endfacet
  facet normal -0.443895 -0.894923 0.0455045
    outer loop
      vertex -14 -23.005 -26
      vertex -11.5908 -24.2006 -26.0118
      vertex -11.5908 -24.2 -26
    endloop
  endfacet
  facet normal -0.443938 -0.894991 0.0436954
    outer loop
      vertex -11.5908 -24.2006 -26.0118
      vertex -14 -23.005 -26
      vertex -14 -23.0193 -26.2929
    endloop
  endfacet
  facet normal -0.443768 -0.843071 0.30381
    outer loop
      vertex -14 -23.1342 -26.8701
      vertex -11.5908 -24.337 -26.6888
      vertex -11.5908 -24.333 -26.6777
    endloop
  endfacet
  facet normal -0.443948 -0.84376 0.301627
    outer loop
      vertex -11.5908 -24.337 -26.6888
      vertex -14 -23.1342 -26.8701
      vertex -14 -23.2329 -27.1462
    endloop
  endfacet
  facet normal -0.439159 0.825769 -0.353901
    outer loop
      vertex -11.5908 -27.667 -25.3223
      vertex -14 -28.8661 -25.1306
      vertex -14 -28.8658 -25.1299
    endloop
  endfacet
  facet normal -0.443946 0.843728 -0.30172
    outer loop
      vertex -14 -28.8661 -25.1306
      vertex -11.5908 -27.667 -25.3223
      vertex -11.5908 -27.7225 -25.4775
    endloop
  endfacet
  facet normal -0.443935 0.664086 0.60159
    outer loop
      vertex -11.5908 -27.2728 -27.2728
      vertex -14 -28.1183 -28.1173
      vertex -11.5908 -27.3835 -27.1506
    endloop
  endfacet
  facet normal -0.444359 0.633461 0.633461
    outer loop
      vertex -14 -28.1183 -28.1173
      vertex -11.5908 -27.2728 -27.2728
      vertex -14 -28.1178 -28.1178
    endloop
  endfacet
  facet normal -0.44414 0.886647 -0.128829
    outer loop
      vertex -14 -28.9805 -25.7058
      vertex -11.5908 -27.7654 -25.6488
      vertex -11.5908 -27.7671 -25.6605
    endloop
  endfacet
  facet normal -0.443941 0.886372 -0.131382
    outer loop
      vertex -11.5908 -27.7654 -25.6488
      vertex -14 -28.9805 -25.7058
      vertex -14 -28.9375 -25.4157
    endloop
  endfacet
  facet normal -0.44414 -0.886647 0.128829
    outer loop
      vertex -14 -23.0195 -26.2942
      vertex -11.5908 -24.2346 -26.3512
      vertex -11.5908 -24.2329 -26.3395
    endloop
  endfacet
  facet normal -0.443941 -0.886372 0.131382
    outer loop
      vertex -11.5908 -24.2346 -26.3512
      vertex -14 -23.0195 -26.2942
      vertex -14 -23.0625 -26.5843
    endloop
  endfacet
  facet normal -0.443935 -0.460859 0.76846
    outer loop
      vertex -14 -24.5881 -28.6414
      vertex -11.5908 -25.1515 -27.5875
      vertex -11.5908 -25.0101 -27.5027
    endloop
  endfacet
  facet normal -0.431629 -0.563507 0.704384
    outer loop
      vertex -14 -24.5881 -28.6414
      vertex -11.5908 -25.0101 -27.5027
      vertex -14 -24.5876 -28.641
    endloop
  endfacet
  facet normal -0.443959 0.460428 -0.768704
    outer loop
      vertex -14 -27.4124 -23.359
      vertex -11.5908 -27 -24.5034
      vertex -14 -27.664 -23.5097
    endloop
  endfacet
  facet normal -0.4437 0.46331 -0.76712
    outer loop
      vertex -11.5908 -27 -24.5034
      vertex -14 -27.4124 -23.359
      vertex -11.5908 -26.9899 -24.4973
    endloop
  endfacet
  facet normal -0.443047 0.353148 -0.824012
    outer loop
      vertex -14 -27.4112 -23.3583
      vertex -11.5908 -26.8485 -24.4125
      vertex -14 -27.4119 -23.3586
    endloop
  endfacet
  facet normal -0.443922 0.382798 -0.810184
    outer loop
      vertex -11.5908 -26.8485 -24.4125
      vertex -14 -27.4112 -23.3583
      vertex -11.5908 -26.6995 -24.3421
    endloop
  endfacet
  facet normal -0.443947 -0.869267 0.217453
    outer loop
      vertex -14 -23.0625 -26.5843
      vertex -11.5908 -24.2746 -26.5111
      vertex -11.5908 -24.2346 -26.3512
    endloop
  endfacet
  facet normal -0.441536 -0.862721 0.246492
    outer loop
      vertex -11.5908 -24.2746 -26.5111
      vertex -14 -23.0625 -26.5843
      vertex -14 -23.0627 -26.585
    endloop
  endfacet
  facet normal -0.444034 -0.887005 -0.126715
    outer loop
      vertex -14 -23.0193 -25.7071
      vertex -11.5908 -24.2087 -25.8236
      vertex -14 -23.0194 -25.7064
    endloop
  endfacet
  facet normal -0.443964 -0.894962 -0.0440412
    outer loop
      vertex -11.5908 -24.2087 -25.8236
      vertex -14 -23.0193 -25.7071
      vertex -11.5908 -24.2006 -25.9882
    endloop
  endfacet
  facet normal -0.444034 -0.126715 0.887005
    outer loop
      vertex -14 -25.7071 -28.9807
      vertex -11.5908 -25.8236 -27.7913
      vertex -14 -25.7064 -28.9806
    endloop
  endfacet
  facet normal -0.443964 -0.0440412 0.894962
    outer loop
      vertex -11.5908 -25.8236 -27.7913
      vertex -14 -25.7071 -28.9807
      vertex -11.5908 -25.9882 -27.7994
    endloop
  endfacet
  facet normal -0.443959 0.768704 -0.460428
    outer loop
      vertex -11.5908 -27.4966 -25
      vertex -14 -28.641 -24.5876
      vertex -14 -28.4903 -24.336
    endloop
  endfacet
  facet normal -0.4437 0.76712 -0.46331
    outer loop
      vertex -14 -28.641 -24.5876
      vertex -11.5908 -27.4966 -25
      vertex -11.5908 -27.5027 -25.0101
    endloop
  endfacet
  facet normal -0.443941 -0.131382 0.886372
    outer loop
      vertex -14 -25.7058 -28.9805
      vertex -11.5908 -25.6488 -27.7654
      vertex -14 -25.4157 -28.9375
    endloop
  endfacet
  facet normal -0.44414 -0.128829 0.886647
    outer loop
      vertex -11.5908 -25.6488 -27.7654
      vertex -14 -25.7058 -28.9805
      vertex -11.5908 -25.6605 -27.7671
    endloop
  endfacet
  facet normal -0.443938 -0.0436954 0.894991
    outer loop
      vertex -14 -26 -28.995
      vertex -11.5908 -25.9882 -27.7994
      vertex -14 -25.7071 -28.9807
    endloop
  endfacet
  facet normal -0.443895 -0.0455045 0.894923
    outer loop
      vertex -11.5908 -25.9882 -27.7994
      vertex -14 -26 -28.995
      vertex -11.5908 -26 -27.8
    endloop
  endfacet
  facet normal -0.443944 -0.131513 0.886351
    outer loop
      vertex -14 -25.7064 -28.9806
      vertex -11.5908 -25.8236 -27.7913
      vertex -11.5908 -25.6605 -27.7671
    endloop
  endfacet
  facet normal -0.442695 -0.147412 0.884472
    outer loop
      vertex -14 -25.7064 -28.9806
      vertex -11.5908 -25.6605 -27.7671
      vertex -14 -25.7058 -28.9805
    endloop
  endfacet
  facet normal -0.443922 -0.810184 0.382798
    outer loop
      vertex -14 -23.3583 -27.4112
      vertex -11.5908 -24.4125 -26.8485
      vertex -11.5908 -24.3421 -26.6995
    endloop
  endfacet
  facet normal -0.443047 -0.824012 0.353148
    outer loop
      vertex -11.5908 -24.4125 -26.8485
      vertex -14 -23.3583 -27.4112
      vertex -14 -23.3586 -27.4119
    endloop
  endfacet
  facet normal -0.443959 -0.460428 0.768704
    outer loop
      vertex -14 -24.5876 -28.641
      vertex -11.5908 -25 -27.4966
      vertex -14 -24.336 -28.4903
    endloop
  endfacet
  facet normal -0.4437 -0.46331 0.76712
    outer loop
      vertex -11.5908 -25 -27.4966
      vertex -14 -24.5876 -28.641
      vertex -11.5908 -25.0101 -27.5027
    endloop
  endfacet
  facet normal -0.443961 -0.38327 0.80994
    outer loop
      vertex -14 -24.8538 -28.7671
      vertex -11.5908 -25.3005 -27.6579
      vertex -14 -24.5888 -28.6417
    endloop
  endfacet
  facet normal -0.443901 -0.385547 0.808892
    outer loop
      vertex -11.5908 -25.3005 -27.6579
      vertex -14 -24.8538 -28.7671
      vertex -11.5908 -25.3112 -27.663
    endloop
  endfacet
  facet normal -0.444359 -0.633461 -0.633461
    outer loop
      vertex -14 -23.8817 -23.8827
      vertex -11.5908 -24.7272 -24.7272
      vertex -14 -23.8822 -23.8822
    endloop
  endfacet
  facet normal -0.443935 -0.664086 -0.60159
    outer loop
      vertex -11.5908 -24.7272 -24.7272
      vertex -14 -23.8817 -23.8827
      vertex -11.5908 -24.6165 -24.8494
    endloop
  endfacet
  facet normal -0.44414 -0.128829 -0.886647
    outer loop
      vertex -14 -25.7058 -23.0195
      vertex -11.5908 -25.6488 -24.2346
      vertex -11.5908 -25.6605 -24.2329
    endloop
  endfacet
  facet normal -0.443941 -0.131382 -0.886372
    outer loop
      vertex -11.5908 -25.6488 -24.2346
      vertex -14 -25.7058 -23.0195
      vertex -14 -25.4157 -23.0625
    endloop
  endfacet
  facet normal -0.44394 -0.719659 -0.533862
    outer loop
      vertex -14 -23.5101 -24.3355
      vertex -11.5908 -24.6086 -24.8581
      vertex -14 -23.6848 -24.1
    endloop
  endfacet
  facet normal -0.444164 -0.721286 -0.531474
    outer loop
      vertex -11.5908 -24.6086 -24.8581
      vertex -14 -23.5101 -24.3355
      vertex -11.5908 -24.6016 -24.8676
    endloop
  endfacet
  facet normal -0.442695 -0.884472 -0.147412
    outer loop
      vertex -14 -23.0194 -25.7064
      vertex -11.5908 -24.2329 -25.6605
      vertex -14 -23.0195 -25.7058
    endloop
  endfacet
  facet normal -0.443944 -0.886351 -0.131513
    outer loop
      vertex -11.5908 -24.2329 -25.6605
      vertex -14 -23.0194 -25.7064
      vertex -11.5908 -24.2087 -25.8236
    endloop
  endfacet
  facet normal -0.443946 -0.843728 0.30172
    outer loop
      vertex -14 -23.1339 -26.8694
      vertex -11.5908 -24.333 -26.6777
      vertex -11.5908 -24.2775 -26.5225
    endloop
  endfacet
  facet normal -0.439159 -0.825769 0.353901
    outer loop
      vertex -11.5908 -24.333 -26.6777
      vertex -14 -23.1339 -26.8694
      vertex -14 -23.1342 -26.8701
    endloop
  endfacet
  facet normal -0.443946 0.843728 0.30172
    outer loop
      vertex -11.5908 -27.667 -26.6777
      vertex -14 -28.8661 -26.8694
      vertex -11.5908 -27.7225 -26.5225
    endloop
  endfacet
  facet normal -0.439159 0.825769 0.353901
    outer loop
      vertex -14 -28.8661 -26.8694
      vertex -11.5908 -27.667 -26.6777
      vertex -14 -28.8658 -26.8701
    endloop
  endfacet
  facet normal -0.443047 -0.353148 0.824012
    outer loop
      vertex -14 -24.5888 -28.6417
      vertex -11.5908 -25.1515 -27.5875
      vertex -14 -24.5881 -28.6414
    endloop
  endfacet
  facet normal -0.443922 -0.382798 0.810184
    outer loop
      vertex -11.5908 -25.1515 -27.5875
      vertex -14 -24.5888 -28.6417
      vertex -11.5908 -25.3005 -27.6579
    endloop
  endfacet
  facet normal -0.443941 0.131382 -0.886372
    outer loop
      vertex -14 -26.2942 -23.0195
      vertex -11.5908 -26.3512 -24.2346
      vertex -14 -26.5843 -23.0625
    endloop
  endfacet
  facet normal -0.44414 0.128829 -0.886647
    outer loop
      vertex -11.5908 -26.3512 -24.2346
      vertex -14 -26.2942 -23.0195
      vertex -11.5908 -26.3395 -24.2329
    endloop
  endfacet
  facet normal -0.443961 0.38327 -0.80994
    outer loop
      vertex -14 -27.1462 -23.2329
      vertex -11.5908 -26.6995 -24.3421
      vertex -14 -27.4112 -23.3583
    endloop
  endfacet
  facet normal -0.443901 0.385547 -0.808892
    outer loop
      vertex -11.5908 -26.6995 -24.3421
      vertex -14 -27.1462 -23.2329
      vertex -11.5908 -26.6888 -24.337
    endloop
  endfacet
  facet normal -0.443965 0.719695 0.533792
    outer loop
      vertex -14 -28.4903 -27.664
      vertex -11.5908 -27.4966 -27
      vertex -11.5908 -27.3984 -27.1324
    endloop
  endfacet
  facet normal -0.441279 0.700728 0.560582
    outer loop
      vertex -14 -28.4903 -27.664
      vertex -11.5908 -27.3984 -27.1324
      vertex -14 -28.4899 -27.6645
    endloop
  endfacet
  facet normal -0.443944 0.886351 0.131513
    outer loop
      vertex -11.5908 -27.7671 -26.3395
      vertex -14 -28.9806 -26.2936
      vertex -11.5908 -27.7913 -26.1764
    endloop
  endfacet
  facet normal -0.442695 0.884472 0.147412
    outer loop
      vertex -14 -28.9806 -26.2936
      vertex -11.5908 -27.7671 -26.3395
      vertex -14 -28.9805 -26.2942
    endloop
  endfacet
  facet normal -0.443959 -0.768704 -0.460428
    outer loop
      vertex -14 -23.359 -24.5876
      vertex -11.5908 -24.5034 -25
      vertex -14 -23.5097 -24.336
    endloop
  endfacet
  facet normal -0.4437 -0.76712 -0.46331
    outer loop
      vertex -11.5908 -24.5034 -25
      vertex -14 -23.359 -24.5876
      vertex -11.5908 -24.4973 -25.0101
    endloop
  endfacet
  facet normal -0.443673 -0.868527 0.220941
    outer loop
      vertex -14 -23.0627 -26.585
      vertex -11.5908 -24.2775 -26.5225
      vertex -11.5908 -24.2746 -26.5111
    endloop
  endfacet
  facet normal -0.443941 -0.86923 0.217613
    outer loop
      vertex -11.5908 -24.2775 -26.5225
      vertex -14 -23.0627 -26.585
      vertex -14 -23.1339 -26.8694
    endloop
  endfacet
  facet normal -0.4437 -0.76712 0.46331
    outer loop
      vertex -14 -23.359 -27.4124
      vertex -11.5908 -24.5034 -27
      vertex -11.5908 -24.4973 -26.9899
    endloop
  endfacet
  facet normal -0.443959 -0.768704 0.460428
    outer loop
      vertex -11.5908 -24.5034 -27
      vertex -14 -23.359 -27.4124
      vertex -14 -23.5097 -27.664
    endloop
  endfacet
  facet normal -0.443941 -0.217613 0.86923
    outer loop
      vertex -14 -25.415 -28.9373
      vertex -11.5908 -25.4775 -27.7225
      vertex -14 -25.1306 -28.8661
    endloop
  endfacet
  facet normal -0.443673 -0.220941 0.868527
    outer loop
      vertex -11.5908 -25.4775 -27.7225
      vertex -14 -25.415 -28.9373
      vertex -11.5908 -25.4889 -27.7254
    endloop
  endfacet
  facet normal -0.443944 -0.131513 -0.886351
    outer loop
      vertex -14 -25.7064 -23.0194
      vertex -11.5908 -25.6605 -24.2329
      vertex -11.5908 -25.8236 -24.2087
    endloop
  endfacet
  facet normal -0.442695 -0.147412 -0.884472
    outer loop
      vertex -11.5908 -25.6605 -24.2329
      vertex -14 -25.7064 -23.0194
      vertex -14 -25.7058 -23.0195
    endloop
  endfacet
  facet normal -0.443947 -0.217453 -0.869267
    outer loop
      vertex -14 -25.4157 -23.0625
      vertex -11.5908 -25.4889 -24.2746
      vertex -11.5908 -25.6488 -24.2346
    endloop
  endfacet
  facet normal -0.441536 -0.246492 -0.862721
    outer loop
      vertex -11.5908 -25.4889 -24.2746
      vertex -14 -25.4157 -23.0625
      vertex -14 -25.415 -23.0627
    endloop
  endfacet
  facet normal -0.443935 -0.664086 0.60159
    outer loop
      vertex -14 -23.8817 -28.1173
      vertex -11.5908 -24.7272 -27.2728
      vertex -11.5908 -24.6165 -27.1506
    endloop
  endfacet
  facet normal -0.444359 -0.633461 0.633461
    outer loop
      vertex -11.5908 -24.7272 -27.2728
      vertex -14 -23.8817 -28.1173
      vertex -14 -23.8822 -28.1178
    endloop
  endfacet
  facet normal -0.444359 0.633461 -0.633461
    outer loop
      vertex -11.5908 -27.2728 -24.7272
      vertex -14 -28.1183 -23.8827
      vertex -14 -28.1178 -23.8822
    endloop
  endfacet
  facet normal -0.443935 0.664086 -0.60159
    outer loop
      vertex -14 -28.1183 -23.8827
      vertex -11.5908 -27.2728 -24.7272
      vertex -11.5908 -27.3835 -24.8494
    endloop
  endfacet
  facet normal -0.443943 0.601671 -0.664008
    outer loop
      vertex -14 -27.9 -23.6848
      vertex -11.5908 -27.1506 -24.6165
      vertex -14 -28.1173 -23.8817
    endloop
  endfacet
  facet normal -0.443921 0.60238 -0.66338
    outer loop
      vertex -11.5908 -27.1506 -24.6165
      vertex -14 -27.9 -23.6848
      vertex -11.5908 -27.1419 -24.6086
    endloop
  endfacet
  facet normal -0.443941 -0.886372 -0.131382
    outer loop
      vertex -14 -23.0195 -25.7058
      vertex -11.5908 -24.2346 -25.6488
      vertex -14 -23.0625 -25.4157
    endloop
  endfacet
  facet normal -0.44414 -0.886647 -0.128829
    outer loop
      vertex -11.5908 -24.2346 -25.6488
      vertex -14 -23.0195 -25.7058
      vertex -11.5908 -24.2329 -25.6605
    endloop
  endfacet
  facet normal -0.444164 0.721286 0.531474
    outer loop
      vertex -11.5908 -27.3914 -27.1419
      vertex -14 -28.4899 -27.6645
      vertex -11.5908 -27.3984 -27.1324
    endloop
  endfacet
  facet normal -0.44394 0.719659 0.533862
    outer loop
      vertex -14 -28.4899 -27.6645
      vertex -11.5908 -27.3914 -27.1419
      vertex -14 -28.3152 -27.9
    endloop
  endfacet
  facet normal -0.443901 -0.808892 0.385547
    outer loop
      vertex -14 -23.2329 -27.1462
      vertex -11.5908 -24.3421 -26.6995
      vertex -11.5908 -24.337 -26.6888
    endloop
  endfacet
  facet normal -0.443961 -0.80994 0.38327
    outer loop
      vertex -11.5908 -24.3421 -26.6995
      vertex -14 -23.2329 -27.1462
      vertex -14 -23.3583 -27.4112
    endloop
  endfacet
  facet normal -0.443964 -0.0440412 -0.894962
    outer loop
      vertex -14 -25.7071 -23.0193
      vertex -11.5908 -25.8236 -24.2087
      vertex -11.5908 -25.9882 -24.2006
    endloop
  endfacet
  facet normal -0.444034 -0.126715 -0.887005
    outer loop
      vertex -11.5908 -25.8236 -24.2087
      vertex -14 -25.7071 -23.0193
      vertex -14 -25.7064 -23.0194
    endloop
  endfacet
  facet normal -0.439159 -0.825769 -0.353901
    outer loop
      vertex -14 -23.1339 -25.1306
      vertex -11.5908 -24.333 -25.3223
      vertex -14 -23.1342 -25.1299
    endloop
  endfacet
  facet normal -0.443946 -0.843728 -0.30172
    outer loop
      vertex -11.5908 -24.333 -25.3223
      vertex -14 -23.1339 -25.1306
      vertex -11.5908 -24.2775 -25.4775
    endloop
  endfacet
  facet normal -0.443948 0.84376 -0.301627
    outer loop
      vertex -11.5908 -27.663 -25.3112
      vertex -14 -28.8658 -25.1299
      vertex -14 -28.7671 -24.8538
    endloop
  endfacet
  facet normal -0.443768 0.843071 -0.30381
    outer loop
      vertex -14 -28.8658 -25.1299
      vertex -11.5908 -27.663 -25.3112
      vertex -11.5908 -27.667 -25.3223
    endloop
  endfacet
  facet normal -0.443935 -0.60159 -0.664086
    outer loop
      vertex -14 -23.8827 -23.8817
      vertex -11.5908 -24.7272 -24.7272
      vertex -11.5908 -24.8494 -24.6165
    endloop
  endfacet
  facet normal -0.444359 -0.633461 -0.633461
    outer loop
      vertex -11.5908 -24.7272 -24.7272
      vertex -14 -23.8827 -23.8817
      vertex -14 -23.8822 -23.8822
    endloop
  endfacet
  facet normal -0.443673 -0.220941 -0.868527
    outer loop
      vertex -14 -25.415 -23.0627
      vertex -11.5908 -25.4775 -24.2775
      vertex -11.5908 -25.4889 -24.2746
    endloop
  endfacet
  facet normal -0.443941 -0.217613 -0.86923
    outer loop
      vertex -11.5908 -25.4775 -24.2775
      vertex -14 -25.415 -23.0627
      vertex -14 -25.1306 -23.1339
    endloop
  endfacet
  facet normal -0.443947 0.217453 0.869267
    outer loop
      vertex -14 -26.5843 -28.9375
      vertex -11.5908 -26.5111 -27.7254
      vertex -11.5908 -26.3512 -27.7654
    endloop
  endfacet
  facet normal -0.441536 0.246492 0.862721
    outer loop
      vertex -11.5908 -26.5111 -27.7254
      vertex -14 -26.5843 -28.9375
      vertex -14 -26.585 -28.9373
    endloop
  endfacet
  facet normal -0.443938 -0.894991 -0.0436954
    outer loop
      vertex -14 -23.005 -26
      vertex -11.5908 -24.2006 -25.9882
      vertex -14 -23.0193 -25.7071
    endloop
  endfacet
  facet normal -0.443895 -0.894923 -0.0455045
    outer loop
      vertex -11.5908 -24.2006 -25.9882
      vertex -14 -23.005 -26
      vertex -11.5908 -24.2 -26
    endloop
  endfacet
  facet normal -0.44414 0.886647 0.128829
    outer loop
      vertex -11.5908 -27.7654 -26.3512
      vertex -14 -28.9805 -26.2942
      vertex -11.5908 -27.7671 -26.3395
    endloop
  endfacet
  facet normal -0.443941 0.886372 0.131382
    outer loop
      vertex -14 -28.9805 -26.2942
      vertex -11.5908 -27.7654 -26.3512
      vertex -14 -28.9375 -26.5843
    endloop
  endfacet
  facet normal -0.443964 -0.894962 0.0440412
    outer loop
      vertex -14 -23.0193 -26.2929
      vertex -11.5908 -24.2087 -26.1764
      vertex -11.5908 -24.2006 -26.0118
    endloop
  endfacet
  facet normal -0.444034 -0.887005 0.126715
    outer loop
      vertex -11.5908 -24.2087 -26.1764
      vertex -14 -23.0193 -26.2929
      vertex -14 -23.0194 -26.2936
    endloop
  endfacet
  facet normal -0.443922 -0.382798 -0.810184
    outer loop
      vertex -14 -24.5888 -23.3583
      vertex -11.5908 -25.1515 -24.4125
      vertex -11.5908 -25.3005 -24.3421
    endloop
  endfacet
  facet normal -0.443047 -0.353148 -0.824012
    outer loop
      vertex -11.5908 -25.1515 -24.4125
      vertex -14 -24.5888 -23.3583
      vertex -14 -24.5881 -23.3586
    endloop
  endfacet
  facet normal -0.444164 -0.721286 0.531474
    outer loop
      vertex -14 -23.5101 -27.6645
      vertex -11.5908 -24.6086 -27.1419
      vertex -11.5908 -24.6016 -27.1324
    endloop
  endfacet
  facet normal -0.44394 -0.719659 0.533862
    outer loop
      vertex -11.5908 -24.6086 -27.1419
      vertex -14 -23.5101 -27.6645
      vertex -14 -23.6848 -27.9
    endloop
  endfacet
  facet normal -0.443941 -0.86923 -0.217613
    outer loop
      vertex -14 -23.0627 -25.415
      vertex -11.5908 -24.2775 -25.4775
      vertex -14 -23.1339 -25.1306
    endloop
  endfacet
  facet normal -0.443673 -0.868527 -0.220941
    outer loop
      vertex -11.5908 -24.2775 -25.4775
      vertex -14 -23.0627 -25.415
      vertex -11.5908 -24.2746 -25.4889
    endloop
  endfacet
  facet normal -0.443965 -0.719695 0.533792
    outer loop
      vertex -14 -23.5097 -27.664
      vertex -11.5908 -24.6016 -27.1324
      vertex -11.5908 -24.5034 -27
    endloop
  endfacet
  facet normal -0.441279 -0.700728 0.560582
    outer loop
      vertex -11.5908 -24.6016 -27.1324
      vertex -14 -23.5097 -27.664
      vertex -14 -23.5101 -27.6645
    endloop
  endfacet
  facet normal -0.441279 0.700728 -0.560582
    outer loop
      vertex -11.5908 -27.3984 -24.8676
      vertex -14 -28.4903 -24.336
      vertex -14 -28.4899 -24.3355
    endloop
  endfacet
  facet normal -0.443965 0.719695 -0.533792
    outer loop
      vertex -14 -28.4903 -24.336
      vertex -11.5908 -27.3984 -24.8676
      vertex -11.5908 -27.4966 -25
    endloop
  endfacet
  facet normal -0.443921 -0.66338 0.60238
    outer loop
      vertex -14 -23.6848 -27.9
      vertex -11.5908 -24.6165 -27.1506
      vertex -11.5908 -24.6086 -27.1419
    endloop
  endfacet
  facet normal -0.443943 -0.664008 0.601671
    outer loop
      vertex -11.5908 -24.6165 -27.1506
      vertex -14 -23.6848 -27.9
      vertex -14 -23.8817 -28.1173
    endloop
  endfacet
  facet normal -0.443943 -0.664008 -0.601671
    outer loop
      vertex -14 -23.6848 -24.1
      vertex -11.5908 -24.6165 -24.8494
      vertex -14 -23.8817 -23.8827
    endloop
  endfacet
  facet normal -0.443921 -0.66338 -0.60238
    outer loop
      vertex -11.5908 -24.6165 -24.8494
      vertex -14 -23.6848 -24.1
      vertex -11.5908 -24.6086 -24.8581
    endloop
  endfacet
  facet normal -0.444164 0.531474 0.721286
    outer loop
      vertex -14 -27.6645 -28.4899
      vertex -11.5908 -27.1419 -27.3914
      vertex -11.5908 -27.1324 -27.3984
    endloop
  endfacet
  facet normal -0.44394 0.533862 0.719659
    outer loop
      vertex -11.5908 -27.1419 -27.3914
      vertex -14 -27.6645 -28.4899
      vertex -14 -27.9 -28.3152
    endloop
  endfacet
  facet normal -0.444164 -0.531474 -0.721286
    outer loop
      vertex -14 -24.3355 -23.5101
      vertex -11.5908 -24.8581 -24.6086
      vertex -11.5908 -24.8676 -24.6016
    endloop
  endfacet
  facet normal -0.44394 -0.533862 -0.719659
    outer loop
      vertex -11.5908 -24.8581 -24.6086
      vertex -14 -24.3355 -23.5101
      vertex -14 -24.1 -23.6848
    endloop
  endfacet
  facet normal -0.441279 0.560582 -0.700728
    outer loop
      vertex -14 -27.664 -23.5097
      vertex -11.5908 -27.1324 -24.6016
      vertex -14 -27.6645 -23.5101
    endloop
  endfacet
  facet normal -0.443965 0.533792 -0.719695
    outer loop
      vertex -11.5908 -27.1324 -24.6016
      vertex -14 -27.664 -23.5097
      vertex -11.5908 -27 -24.5034
    endloop
  endfacet
  facet normal -0.441279 -0.560582 0.700728
    outer loop
      vertex -14 -24.336 -28.4903
      vertex -11.5908 -24.8676 -27.3984
      vertex -14 -24.3355 -28.4899
    endloop
  endfacet
  facet normal -0.443965 -0.533792 0.719695
    outer loop
      vertex -11.5908 -24.8676 -27.3984
      vertex -14 -24.336 -28.4903
      vertex -11.5908 -25 -27.4966
    endloop
  endfacet
  facet normal -0.443943 -0.601671 0.664008
    outer loop
      vertex -14 -24.1 -28.3152
      vertex -11.5908 -24.8494 -27.3835
      vertex -14 -23.8827 -28.1183
    endloop
  endfacet
  facet normal -0.443921 -0.60238 0.66338
    outer loop
      vertex -11.5908 -24.8494 -27.3835
      vertex -14 -24.1 -28.3152
      vertex -11.5908 -24.8581 -27.3914
    endloop
  endfacet
  facet normal -0.444359 -0.633461 0.633461
    outer loop
      vertex -14 -23.8827 -28.1183
      vertex -11.5908 -24.7272 -27.2728
      vertex -14 -23.8822 -28.1178
    endloop
  endfacet
  facet normal -0.443935 -0.60159 0.664086
    outer loop
      vertex -11.5908 -24.7272 -27.2728
      vertex -14 -23.8827 -28.1183
      vertex -11.5908 -24.8494 -27.3835
    endloop
  endfacet
  facet normal -0.44394 -0.533862 0.719659
    outer loop
      vertex -14 -24.3355 -28.4899
      vertex -11.5908 -24.8581 -27.3914
      vertex -14 -24.1 -28.3152
    endloop
  endfacet
  facet normal -0.444164 -0.531474 0.721286
    outer loop
      vertex -11.5908 -24.8581 -27.3914
      vertex -14 -24.3355 -28.4899
      vertex -11.5908 -24.8676 -27.3984
    endloop
  endfacet
  facet normal -0.443948 -0.84376 -0.301627
    outer loop
      vertex -14 -23.1342 -25.1299
      vertex -11.5908 -24.337 -25.3112
      vertex -14 -23.2329 -24.8538
    endloop
  endfacet
  facet normal -0.443768 -0.843071 -0.30381
    outer loop
      vertex -11.5908 -24.337 -25.3112
      vertex -14 -23.1342 -25.1299
      vertex -11.5908 -24.333 -25.3223
    endloop
  endfacet
  facet normal -0.443921 -0.60238 -0.66338
    outer loop
      vertex -14 -24.1 -23.6848
      vertex -11.5908 -24.8494 -24.6165
      vertex -11.5908 -24.8581 -24.6086
    endloop
  endfacet
  facet normal -0.443943 -0.601671 -0.664008
    outer loop
      vertex -11.5908 -24.8494 -24.6165
      vertex -14 -24.1 -23.6848
      vertex -14 -23.8827 -23.8817
    endloop
  endfacet
  facet normal -0.443935 -0.76846 0.460859
    outer loop
      vertex -14 -23.3586 -27.4119
      vertex -11.5908 -24.4973 -26.9899
      vertex -11.5908 -24.4125 -26.8485
    endloop
  endfacet
  facet normal -0.431629 -0.704384 0.563507
    outer loop
      vertex -11.5908 -24.4973 -26.9899
      vertex -14 -23.3586 -27.4119
      vertex -14 -23.359 -27.4124
    endloop
  endfacet
  facet normal -0.443946 -0.30172 -0.843728
    outer loop
      vertex -14 -25.1306 -23.1339
      vertex -11.5908 -25.3223 -24.333
      vertex -11.5908 -25.4775 -24.2775
    endloop
  endfacet
  facet normal -0.439159 -0.353901 -0.825769
    outer loop
      vertex -11.5908 -25.3223 -24.333
      vertex -14 -25.1306 -23.1339
      vertex -14 -25.1299 -23.1342
    endloop
  endfacet
  facet normal -0.441279 -0.700728 -0.560582
    outer loop
      vertex -14 -23.5097 -24.336
      vertex -11.5908 -24.6016 -24.8676
      vertex -14 -23.5101 -24.3355
    endloop
  endfacet
  facet normal -0.443965 -0.719695 -0.533792
    outer loop
      vertex -11.5908 -24.6016 -24.8676
      vertex -14 -23.5097 -24.336
      vertex -11.5908 -24.5034 -25
    endloop
  endfacet
  facet normal -0.443965 -0.533792 -0.719695
    outer loop
      vertex -14 -24.336 -23.5097
      vertex -11.5908 -24.8676 -24.6016
      vertex -11.5908 -25 -24.5034
    endloop
  endfacet
  facet normal -0.441279 -0.560582 -0.700728
    outer loop
      vertex -11.5908 -24.8676 -24.6016
      vertex -14 -24.336 -23.5097
      vertex -14 -24.3355 -23.5101
    endloop
  endfacet
  facet normal -0.443935 0.60159 0.664086
    outer loop
      vertex -14 -28.1173 -28.1183
      vertex -11.5908 -27.2728 -27.2728
      vertex -11.5908 -27.1506 -27.3835
    endloop
  endfacet
  facet normal -0.444359 0.633461 0.633461
    outer loop
      vertex -11.5908 -27.2728 -27.2728
      vertex -14 -28.1173 -28.1183
      vertex -14 -28.1178 -28.1178
    endloop
  endfacet
  facet normal -0.441536 0.246492 -0.862721
    outer loop
      vertex -14 -26.5843 -23.0625
      vertex -11.5908 -26.5111 -24.2746
      vertex -14 -26.585 -23.0627
    endloop
  endfacet
  facet normal -0.443947 0.217453 -0.869267
    outer loop
      vertex -11.5908 -26.5111 -24.2746
      vertex -14 -26.5843 -23.0625
      vertex -11.5908 -26.3512 -24.2346
    endloop
  endfacet
  facet normal -0.441536 -0.862721 -0.246492
    outer loop
      vertex -14 -23.0625 -25.4157
      vertex -11.5908 -24.2746 -25.4889
      vertex -14 -23.0627 -25.415
    endloop
  endfacet
  facet normal -0.443947 -0.869267 -0.217453
    outer loop
      vertex -11.5908 -24.2746 -25.4889
      vertex -14 -23.0625 -25.4157
      vertex -11.5908 -24.2346 -25.6488
    endloop
  endfacet
  facet normal -0.443901 -0.385547 -0.808892
    outer loop
      vertex -14 -24.8538 -23.2329
      vertex -11.5908 -25.3005 -24.3421
      vertex -11.5908 -25.3112 -24.337
    endloop
  endfacet
  facet normal -0.443961 -0.38327 -0.80994
    outer loop
      vertex -11.5908 -25.3005 -24.3421
      vertex -14 -24.8538 -23.2329
      vertex -14 -24.5888 -23.3583
    endloop
  endfacet
  facet normal -0.443768 -0.30381 -0.843071
    outer loop
      vertex -14 -25.1299 -23.1342
      vertex -11.5908 -25.3112 -24.337
      vertex -11.5908 -25.3223 -24.333
    endloop
  endfacet
  facet normal -0.443948 -0.301627 -0.84376
    outer loop
      vertex -11.5908 -25.3112 -24.337
      vertex -14 -25.1299 -23.1342
      vertex -14 -24.8538 -23.2329
    endloop
  endfacet
  facet normal -0.444359 0.633461 -0.633461
    outer loop
      vertex -14 -28.1173 -23.8817
      vertex -11.5908 -27.2728 -24.7272
      vertex -14 -28.1178 -23.8822
    endloop
  endfacet
  facet normal -0.443935 0.60159 -0.664086
    outer loop
      vertex -11.5908 -27.2728 -24.7272
      vertex -14 -28.1173 -23.8817
      vertex -11.5908 -27.1506 -24.6165
    endloop
  endfacet
  facet normal -0.444034 0.887005 -0.126715
    outer loop
      vertex -11.5908 -27.7913 -25.8236
      vertex -14 -28.9807 -25.7071
      vertex -14 -28.9806 -25.7064
    endloop
  endfacet
  facet normal -0.443964 0.894962 -0.0440412
    outer loop
      vertex -14 -28.9807 -25.7071
      vertex -11.5908 -27.7913 -25.8236
      vertex -11.5908 -27.7994 -25.9882
    endloop
  endfacet
  facet normal -0.431629 0.563507 -0.704384
    outer loop
      vertex -14 -27.4119 -23.3586
      vertex -11.5908 -26.9899 -24.4973
      vertex -14 -27.4124 -23.359
    endloop
  endfacet
  facet normal -0.443935 0.460859 -0.76846
    outer loop
      vertex -11.5908 -26.9899 -24.4973
      vertex -14 -27.4119 -23.3586
      vertex -11.5908 -26.8485 -24.4125
    endloop
  endfacet
  facet normal -0.44394 0.533862 -0.719659
    outer loop
      vertex -14 -27.6645 -23.5101
      vertex -11.5908 -27.1419 -24.6086
      vertex -14 -27.9 -23.6848
    endloop
  endfacet
  facet normal -0.444164 0.531474 -0.721286
    outer loop
      vertex -11.5908 -27.1419 -24.6086
      vertex -14 -27.6645 -23.5101
      vertex -11.5908 -27.1324 -24.6016
    endloop
  endfacet
  facet normal -0.443948 0.301627 -0.84376
    outer loop
      vertex -14 -26.8701 -23.1342
      vertex -11.5908 -26.6888 -24.337
      vertex -14 -27.1462 -23.2329
    endloop
  endfacet
  facet normal -0.443768 0.30381 -0.843071
    outer loop
      vertex -11.5908 -26.6888 -24.337
      vertex -14 -26.8701 -23.1342
      vertex -11.5908 -26.6777 -24.333
    endloop
  endfacet
  facet normal -0.443943 0.664008 -0.601671
    outer loop
      vertex -11.5908 -27.3835 -24.8494
      vertex -14 -28.3152 -24.1
      vertex -14 -28.1183 -23.8827
    endloop
  endfacet
  facet normal -0.443921 0.66338 -0.60238
    outer loop
      vertex -14 -28.3152 -24.1
      vertex -11.5908 -27.3835 -24.8494
      vertex -11.5908 -27.3914 -24.8581
    endloop
  endfacet
  facet normal -0.443941 0.86923 -0.217613
    outer loop
      vertex -11.5908 -27.7225 -25.4775
      vertex -14 -28.9373 -25.415
      vertex -14 -28.8661 -25.1306
    endloop
  endfacet
  facet normal -0.443673 0.868527 -0.220941
    outer loop
      vertex -14 -28.9373 -25.415
      vertex -11.5908 -27.7225 -25.4775
      vertex -11.5908 -27.7254 -25.4889
    endloop
  endfacet
  facet normal -0.442695 0.884472 -0.147412
    outer loop
      vertex -11.5908 -27.7671 -25.6605
      vertex -14 -28.9806 -25.7064
      vertex -14 -28.9805 -25.7058
    endloop
  endfacet
  facet normal -0.443944 0.886351 -0.131513
    outer loop
      vertex -11.5908 -27.7913 -25.8236
      vertex -14 -28.9806 -25.7064
      vertex -11.5908 -27.7671 -25.6605
    endloop
  endfacet
  facet normal -0.443935 0.460859 0.76846
    outer loop
      vertex -11.5908 -26.8485 -27.5875
      vertex -14 -27.4119 -28.6414
      vertex -11.5908 -26.9899 -27.5027
    endloop
  endfacet
  facet normal -0.431629 0.563507 0.704384
    outer loop
      vertex -11.5908 -26.9899 -27.5027
      vertex -14 -27.4119 -28.6414
      vertex -14 -27.4124 -28.641
    endloop
  endfacet
  facet normal -0.4437 0.46331 0.76712
    outer loop
      vertex -14 -27.4124 -28.641
      vertex -11.5908 -27 -27.4966
      vertex -11.5908 -26.9899 -27.5027
    endloop
  endfacet
  facet normal -0.443959 0.460428 0.768704
    outer loop
      vertex -11.5908 -27 -27.4966
      vertex -14 -27.4124 -28.641
      vertex -14 -27.664 -28.4903
    endloop
  endfacet
  facet normal -0.443948 0.84376 0.301627
    outer loop
      vertex -11.5908 -27.663 -26.6888
      vertex -14 -28.7671 -27.1462
      vertex -14 -28.8658 -26.8701
    endloop
  endfacet
  facet normal -0.443768 0.843071 0.30381
    outer loop
      vertex -11.5908 -27.667 -26.6777
      vertex -11.5908 -27.663 -26.6888
      vertex -14 -28.8658 -26.8701
    endloop
  endfacet
  facet normal -0.443961 -0.80994 -0.38327
    outer loop
      vertex -14 -23.2329 -24.8538
      vertex -11.5908 -24.3421 -25.3005
      vertex -14 -23.3583 -24.5888
    endloop
  endfacet
  facet normal -0.443901 -0.808892 -0.385547
    outer loop
      vertex -11.5908 -24.3421 -25.3005
      vertex -14 -23.2329 -24.8538
      vertex -11.5908 -24.337 -25.3112
    endloop
  endfacet
  facet normal -0.443921 0.66338 0.60238
    outer loop
      vertex -11.5908 -27.3835 -27.1506
      vertex -14 -28.3152 -27.9
      vertex -11.5908 -27.3914 -27.1419
    endloop
  endfacet
  facet normal -0.443943 0.664008 0.601671
    outer loop
      vertex -14 -28.3152 -27.9
      vertex -11.5908 -27.3835 -27.1506
      vertex -14 -28.1183 -28.1173
    endloop
  endfacet
  facet normal -0.439159 0.353901 -0.825769
    outer loop
      vertex -14 -26.8694 -23.1339
      vertex -11.5908 -26.6777 -24.333
      vertex -14 -26.8701 -23.1342
    endloop
  endfacet
  facet normal -0.443946 0.30172 -0.843728
    outer loop
      vertex -11.5908 -26.6777 -24.333
      vertex -14 -26.8694 -23.1339
      vertex -11.5908 -26.5225 -24.2775
    endloop
  endfacet
  facet normal -0.443941 0.217613 -0.86923
    outer loop
      vertex -14 -26.585 -23.0627
      vertex -11.5908 -26.5225 -24.2775
      vertex -14 -26.8694 -23.1339
    endloop
  endfacet
  facet normal -0.443673 0.220941 -0.868527
    outer loop
      vertex -11.5908 -26.5225 -24.2775
      vertex -14 -26.585 -23.0627
      vertex -11.5908 -26.5111 -24.2746
    endloop
  endfacet
  facet normal -0.443921 0.60238 0.66338
    outer loop
      vertex -14 -27.9 -28.3152
      vertex -11.5908 -27.1506 -27.3835
      vertex -11.5908 -27.1419 -27.3914
    endloop
  endfacet
  facet normal -0.443943 0.601671 0.664008
    outer loop
      vertex -11.5908 -27.1506 -27.3835
      vertex -14 -27.9 -28.3152
      vertex -14 -28.1173 -28.1183
    endloop
  endfacet
  facet normal -0.443895 0.894923 0.0455045
    outer loop
      vertex -11.5908 -27.7994 -26.0118
      vertex -14 -28.995 -26
      vertex -11.5908 -27.8 -26
    endloop
  endfacet
  facet normal -0.443938 0.894991 0.0436954
    outer loop
      vertex -14 -28.995 -26
      vertex -11.5908 -27.7994 -26.0118
      vertex -14 -28.9807 -26.2929
    endloop
  endfacet
  facet normal -0.443768 0.30381 0.843071
    outer loop
      vertex -11.5908 -26.6777 -27.667
      vertex -14 -26.8701 -28.8658
      vertex -11.5908 -26.6888 -27.663
    endloop
  endfacet
  facet normal -0.443948 0.301627 0.84376
    outer loop
      vertex -14 -27.1462 -28.7671
      vertex -11.5908 -26.6888 -27.663
      vertex -14 -26.8701 -28.8658
    endloop
  endfacet
  facet normal -0.443922 0.810184 0.382798
    outer loop
      vertex -11.5908 -27.5875 -26.8485
      vertex -14 -28.6417 -27.4112
      vertex -11.5908 -27.6579 -26.6995
    endloop
  endfacet
  facet normal -0.443047 0.824012 0.353148
    outer loop
      vertex -14 -28.6417 -27.4112
      vertex -11.5908 -27.5875 -26.8485
      vertex -14 -28.6414 -27.4119
    endloop
  endfacet
  facet normal -0.441536 0.862721 -0.246492
    outer loop
      vertex -11.5908 -27.7254 -25.4889
      vertex -14 -28.9375 -25.4157
      vertex -14 -28.9373 -25.415
    endloop
  endfacet
  facet normal -0.443947 0.869267 -0.217453
    outer loop
      vertex -14 -28.9375 -25.4157
      vertex -11.5908 -27.7254 -25.4889
      vertex -11.5908 -27.7654 -25.6488
    endloop
  endfacet
  facet normal -0.443965 0.533792 0.719695
    outer loop
      vertex -11.5908 -27 -27.4966
      vertex -14 -27.664 -28.4903
      vertex -11.5908 -27.1324 -27.3984
    endloop
  endfacet
  facet normal -0.441279 0.560582 0.700728
    outer loop
      vertex -11.5908 -27.1324 -27.3984
      vertex -14 -27.664 -28.4903
      vertex -14 -27.6645 -28.4899
    endloop
  endfacet
  facet normal -0.443935 0.76846 0.460859
    outer loop
      vertex -14 -28.6414 -27.4119
      vertex -11.5908 -27.5875 -26.8485
      vertex -11.5908 -27.5027 -26.9899
    endloop
  endfacet
  facet normal -0.431629 0.704384 0.563507
    outer loop
      vertex -14 -28.6414 -27.4119
      vertex -11.5908 -27.5027 -26.9899
      vertex -14 -28.641 -27.4124
    endloop
  endfacet
  facet normal -0.443947 0.869267 0.217453
    outer loop
      vertex -11.5908 -27.7254 -26.5111
      vertex -14 -28.9375 -26.5843
      vertex -11.5908 -27.7654 -26.3512
    endloop
  endfacet
  facet normal -0.441536 0.862721 0.246492
    outer loop
      vertex -14 -28.9375 -26.5843
      vertex -11.5908 -27.7254 -26.5111
      vertex -14 -28.9373 -26.585
    endloop
  endfacet
  facet normal -0.444034 0.126715 -0.887005
    outer loop
      vertex -14 -26.2929 -23.0193
      vertex -11.5908 -26.1764 -24.2087
      vertex -14 -26.2936 -23.0194
    endloop
  endfacet
  facet normal -0.443964 0.0440412 -0.894962
    outer loop
      vertex -11.5908 -26.1764 -24.2087
      vertex -14 -26.2929 -23.0193
      vertex -11.5908 -26.0118 -24.2006
    endloop
  endfacet
  facet normal -0.442695 0.147412 -0.884472
    outer loop
      vertex -14 -26.2936 -23.0194
      vertex -11.5908 -26.3395 -24.2329
      vertex -14 -26.2942 -23.0195
    endloop
  endfacet
  facet normal -0.443944 0.131513 -0.886351
    outer loop
      vertex -11.5908 -26.3395 -24.2329
      vertex -14 -26.2936 -23.0194
      vertex -11.5908 -26.1764 -24.2087
    endloop
  endfacet
  facet normal -0.431629 0.704384 -0.563507
    outer loop
      vertex -11.5908 -27.5027 -25.0101
      vertex -14 -28.6414 -24.5881
      vertex -14 -28.641 -24.5876
    endloop
  endfacet
  facet normal -0.443935 0.76846 -0.460859
    outer loop
      vertex -11.5908 -27.5875 -25.1515
      vertex -14 -28.6414 -24.5881
      vertex -11.5908 -27.5027 -25.0101
    endloop
  endfacet
  facet normal -0.443964 0.894962 0.0440412
    outer loop
      vertex -11.5908 -27.7913 -26.1764
      vertex -14 -28.9807 -26.2929
      vertex -11.5908 -27.7994 -26.0118
    endloop
  endfacet
  facet normal -0.444034 0.887005 0.126715
    outer loop
      vertex -14 -28.9807 -26.2929
      vertex -11.5908 -27.7913 -26.1764
      vertex -14 -28.9806 -26.2936
    endloop
  endfacet
  facet normal -0.431629 -0.704384 -0.563507
    outer loop
      vertex -14 -23.3586 -24.5881
      vertex -11.5908 -24.4973 -25.0101
      vertex -14 -23.359 -24.5876
    endloop
  endfacet
  facet normal -0.443935 -0.76846 -0.460859
    outer loop
      vertex -11.5908 -24.4973 -25.0101
      vertex -14 -23.3586 -24.5881
      vertex -11.5908 -24.4125 -25.1515
    endloop
  endfacet
  facet normal -0.443895 -0.0455045 -0.894923
    outer loop
      vertex -14 -26 -23.005
      vertex -11.5908 -25.9882 -24.2006
      vertex -11.5908 -26 -24.2
    endloop
  endfacet
  facet normal -0.443938 -0.0436954 -0.894991
    outer loop
      vertex -11.5908 -25.9882 -24.2006
      vertex -14 -26 -23.005
      vertex -14 -25.7071 -23.0193
    endloop
  endfacet
  facet normal -0.443673 0.220941 0.868527
    outer loop
      vertex -14 -26.585 -28.9373
      vertex -11.5908 -26.5225 -27.7225
      vertex -11.5908 -26.5111 -27.7254
    endloop
  endfacet
  facet normal -0.443941 0.217613 0.86923
    outer loop
      vertex -11.5908 -26.5225 -27.7225
      vertex -14 -26.585 -28.9373
      vertex -14 -26.8694 -28.8661
    endloop
  endfacet
  facet normal -0.443901 0.385547 0.808892
    outer loop
      vertex -14 -27.1462 -28.7671
      vertex -11.5908 -26.6995 -27.6579
      vertex -11.5908 -26.6888 -27.663
    endloop
  endfacet
  facet normal -0.443961 0.38327 0.80994
    outer loop
      vertex -11.5908 -26.6995 -27.6579
      vertex -14 -27.1462 -28.7671
      vertex -14 -27.4112 -28.6417
    endloop
  endfacet
  facet normal -0.443895 0.894923 -0.0455045
    outer loop
      vertex -14 -28.995 -26
      vertex -11.5908 -27.7994 -25.9882
      vertex -11.5908 -27.8 -26
    endloop
  endfacet
  facet normal -0.443938 0.894991 -0.0436954
    outer loop
      vertex -11.5908 -27.7994 -25.9882
      vertex -14 -28.995 -26
      vertex -14 -28.9807 -25.7071
    endloop
  endfacet
  facet normal -0.443922 0.382798 0.810184
    outer loop
      vertex -14 -27.4112 -28.6417
      vertex -11.5908 -26.8485 -27.5875
      vertex -11.5908 -26.6995 -27.6579
    endloop
  endfacet
  facet normal -0.443047 0.353148 0.824012
    outer loop
      vertex -11.5908 -26.8485 -27.5875
      vertex -14 -27.4112 -28.6417
      vertex -14 -27.4119 -28.6414
    endloop
  endfacet
  facet normal -0.443946 0.30172 0.843728
    outer loop
      vertex -14 -26.8694 -28.8661
      vertex -11.5908 -26.6777 -27.667
      vertex -11.5908 -26.5225 -27.7225
    endloop
  endfacet
  facet normal -0.439159 0.353901 0.825769
    outer loop
      vertex -11.5908 -26.6777 -27.667
      vertex -14 -26.8694 -28.8661
      vertex -14 -26.8701 -28.8658
    endloop
  endfacet
  facet normal -0.44414 0.128829 0.886647
    outer loop
      vertex -14 -26.2942 -28.9805
      vertex -11.5908 -26.3512 -27.7654
      vertex -11.5908 -26.3395 -27.7671
    endloop
  endfacet
  facet normal -0.443941 0.131382 0.886372
    outer loop
      vertex -11.5908 -26.3512 -27.7654
      vertex -14 -26.2942 -28.9805
      vertex -14 -26.5843 -28.9375
    endloop
  endfacet
  facet normal -0.443944 0.131513 0.886351
    outer loop
      vertex -14 -26.2936 -28.9806
      vertex -11.5908 -26.3395 -27.7671
      vertex -11.5908 -26.1764 -27.7913
    endloop
  endfacet
  facet normal -0.442695 0.147412 0.884472
    outer loop
      vertex -11.5908 -26.3395 -27.7671
      vertex -14 -26.2936 -28.9806
      vertex -14 -26.2942 -28.9805
    endloop
  endfacet
  facet normal -0.443947 -0.217453 -0.869267
    outer loop
      vertex -14 -25.4157 28.9375
      vertex -11.5908 -25.4889 27.7254
      vertex -11.5908 -25.6488 27.7654
    endloop
  endfacet
  facet normal -0.441536 -0.246492 -0.862721
    outer loop
      vertex -11.5908 -25.4889 27.7254
      vertex -14 -25.4157 28.9375
      vertex -14 -25.415 28.9373
    endloop
  endfacet
  facet normal -0.443959 0.768704 -0.460428
    outer loop
      vertex -11.5908 -27.4966 27
      vertex -14 -28.641 27.4124
      vertex -14 -28.4903 27.664
    endloop
  endfacet
  facet normal -0.4437 0.76712 -0.46331
    outer loop
      vertex -14 -28.641 27.4124
      vertex -11.5908 -27.4966 27
      vertex -11.5908 -27.5027 26.9899
    endloop
  endfacet
  facet normal -0.443895 0.0455045 0.894923
    outer loop
      vertex -14 -26 23.005
      vertex -11.5908 -26.0118 24.2006
      vertex -11.5908 -26 24.2
    endloop
  endfacet
  facet normal -0.443938 0.0436954 0.894991
    outer loop
      vertex -11.5908 -26.0118 24.2006
      vertex -14 -26 23.005
      vertex -14 -26.2929 23.0193
    endloop
  endfacet
  facet normal -0.443938 0.0436954 -0.894991
    outer loop
      vertex -14 -26 28.995
      vertex -11.5908 -26.0118 27.7994
      vertex -14 -26.2929 28.9807
    endloop
  endfacet
  facet normal -0.443895 0.0455045 -0.894923
    outer loop
      vertex -11.5908 -26.0118 27.7994
      vertex -14 -26 28.995
      vertex -11.5908 -26 27.8
    endloop
  endfacet
  facet normal -0.444034 0.126715 -0.887005
    outer loop
      vertex -14 -26.2929 28.9807
      vertex -11.5908 -26.1764 27.7913
      vertex -14 -26.2936 28.9806
    endloop
  endfacet
  facet normal -0.443964 0.0440412 -0.894962
    outer loop
      vertex -11.5908 -26.1764 27.7913
      vertex -14 -26.2929 28.9807
      vertex -11.5908 -26.0118 27.7994
    endloop
  endfacet
  facet normal -0.443941 0.86923 -0.217613
    outer loop
      vertex -11.5908 -27.7225 26.5225
      vertex -14 -28.9373 26.585
      vertex -14 -28.8661 26.8694
    endloop
  endfacet
  facet normal -0.443673 0.868527 -0.220941
    outer loop
      vertex -14 -28.9373 26.585
      vertex -11.5908 -27.7225 26.5225
      vertex -11.5908 -27.7254 26.5111
    endloop
  endfacet
  facet normal -0.431629 -0.563507 0.704384
    outer loop
      vertex -14 -24.5881 23.3586
      vertex -11.5908 -25.0101 24.4973
      vertex -14 -24.5876 23.359
    endloop
  endfacet
  facet normal -0.443935 -0.460859 0.76846
    outer loop
      vertex -11.5908 -25.0101 24.4973
      vertex -14 -24.5881 23.3586
      vertex -11.5908 -25.1515 24.4125
    endloop
  endfacet
  facet normal -0.442695 -0.884472 -0.147412
    outer loop
      vertex -14 -23.0194 26.2936
      vertex -11.5908 -24.2329 26.3395
      vertex -14 -23.0195 26.2942
    endloop
  endfacet
  facet normal -0.443944 -0.886351 -0.131513
    outer loop
      vertex -11.5908 -24.2329 26.3395
      vertex -14 -23.0194 26.2936
      vertex -11.5908 -24.2087 26.1764
    endloop
  endfacet
  facet normal -0.444164 0.721286 0.531474
    outer loop
      vertex -11.5908 -27.3914 24.8581
      vertex -14 -28.4899 24.3355
      vertex -11.5908 -27.3984 24.8676
    endloop
  endfacet
  facet normal -0.44394 0.719659 0.533862
    outer loop
      vertex -14 -28.4899 24.3355
      vertex -11.5908 -27.3914 24.8581
      vertex -14 -28.3152 24.1
    endloop
  endfacet
  facet normal -0.443922 -0.810184 0.382798
    outer loop
      vertex -14 -23.3583 24.5888
      vertex -11.5908 -24.4125 25.1515
      vertex -11.5908 -24.3421 25.3005
    endloop
  endfacet
  facet normal -0.443047 -0.824012 0.353148
    outer loop
      vertex -11.5908 -24.4125 25.1515
      vertex -14 -23.3583 24.5888
      vertex -14 -23.3586 24.5881
    endloop
  endfacet
  facet normal -0.443946 -0.30172 -0.843728
    outer loop
      vertex -14 -25.1306 28.8661
      vertex -11.5908 -25.3223 27.667
      vertex -11.5908 -25.4775 27.7225
    endloop
  endfacet
  facet normal -0.439159 -0.353901 -0.825769
    outer loop
      vertex -11.5908 -25.3223 27.667
      vertex -14 -25.1306 28.8661
      vertex -14 -25.1299 28.8658
    endloop
  endfacet
  facet normal -0.443961 0.80994 -0.38327
    outer loop
      vertex -11.5908 -27.6579 26.6995
      vertex -14 -28.7671 27.1462
      vertex -14 -28.6417 27.4112
    endloop
  endfacet
  facet normal -0.443901 0.808892 -0.385547
    outer loop
      vertex -14 -28.7671 27.1462
      vertex -11.5908 -27.6579 26.6995
      vertex -11.5908 -27.663 26.6888
    endloop
  endfacet
  facet normal -0.443768 -0.30381 -0.843071
    outer loop
      vertex -14 -25.1299 28.8658
      vertex -11.5908 -25.3112 27.663
      vertex -11.5908 -25.3223 27.667
    endloop
  endfacet
  facet normal -0.443948 -0.301627 -0.84376
    outer loop
      vertex -11.5908 -25.3112 27.663
      vertex -14 -25.1299 28.8658
      vertex -14 -24.8538 28.7671
    endloop
  endfacet
  facet normal -0.443922 0.810184 0.382798
    outer loop
      vertex -11.5908 -27.5875 25.1515
      vertex -14 -28.6417 24.5888
      vertex -11.5908 -27.6579 25.3005
    endloop
  endfacet
  facet normal -0.443047 0.824012 0.353148
    outer loop
      vertex -14 -28.6417 24.5888
      vertex -11.5908 -27.5875 25.1515
      vertex -14 -28.6414 24.5881
    endloop
  endfacet
  facet normal -0.443901 0.808892 0.385547
    outer loop
      vertex -11.5908 -27.6579 25.3005
      vertex -14 -28.7671 24.8538
      vertex -11.5908 -27.663 25.3112
    endloop
  endfacet
  facet normal -0.443961 0.80994 0.38327
    outer loop
      vertex -14 -28.7671 24.8538
      vertex -11.5908 -27.6579 25.3005
      vertex -14 -28.6417 24.5888
    endloop
  endfacet
  facet normal -0.443959 -0.460428 0.768704
    outer loop
      vertex -14 -24.5876 23.359
      vertex -11.5908 -25 24.5034
      vertex -14 -24.336 23.5097
    endloop
  endfacet
  facet normal -0.4437 -0.46331 0.76712
    outer loop
      vertex -11.5908 -25 24.5034
      vertex -14 -24.5876 23.359
      vertex -11.5908 -25.0101 24.4973
    endloop
  endfacet
  facet normal -0.443938 -0.894991 -0.0436954
    outer loop
      vertex -14 -23.005 26
      vertex -11.5908 -24.2006 26.0118
      vertex -14 -23.0193 26.2929
    endloop
  endfacet
  facet normal -0.443895 -0.894923 -0.0455045
    outer loop
      vertex -11.5908 -24.2006 26.0118
      vertex -14 -23.005 26
      vertex -11.5908 -24.2 26
    endloop
  endfacet
  facet normal -0.443948 -0.84376 -0.301627
    outer loop
      vertex -14 -23.1342 26.8701
      vertex -11.5908 -24.337 26.6888
      vertex -14 -23.2329 27.1462
    endloop
  endfacet
  facet normal -0.443768 -0.843071 -0.30381
    outer loop
      vertex -11.5908 -24.337 26.6888
      vertex -14 -23.1342 26.8701
      vertex -11.5908 -24.333 26.6777
    endloop
  endfacet
  facet normal -0.443946 0.843728 0.30172
    outer loop
      vertex -11.5908 -27.667 25.3223
      vertex -14 -28.8661 25.1306
      vertex -11.5908 -27.7225 25.4775
    endloop
  endfacet
  facet normal -0.439159 0.825769 0.353901
    outer loop
      vertex -14 -28.8661 25.1306
      vertex -11.5908 -27.667 25.3223
      vertex -14 -28.8658 25.1299
    endloop
  endfacet
  facet normal -0.444359 0.633461 -0.633461
    outer loop
      vertex -11.5908 -27.2728 27.2728
      vertex -14 -28.1183 28.1173
      vertex -14 -28.1178 28.1178
    endloop
  endfacet
  facet normal -0.443935 0.664086 -0.60159
    outer loop
      vertex -14 -28.1183 28.1173
      vertex -11.5908 -27.2728 27.2728
      vertex -11.5908 -27.3835 27.1506
    endloop
  endfacet
  facet normal -0.44414 0.886647 0.128829
    outer loop
      vertex -11.5908 -27.7654 25.6488
      vertex -14 -28.9805 25.7058
      vertex -11.5908 -27.7671 25.6605
    endloop
  endfacet
  facet normal -0.443941 0.886372 0.131382
    outer loop
      vertex -14 -28.9805 25.7058
      vertex -11.5908 -27.7654 25.6488
      vertex -14 -28.9375 25.4157
    endloop
  endfacet
  facet normal -0.443941 -0.886372 -0.131382
    outer loop
      vertex -14 -23.0195 26.2942
      vertex -11.5908 -24.2346 26.3512
      vertex -14 -23.0625 26.5843
    endloop
  endfacet
  facet normal -0.44414 -0.886647 -0.128829
    outer loop
      vertex -11.5908 -24.2346 26.3512
      vertex -14 -23.0195 26.2942
      vertex -11.5908 -24.2329 26.3395
    endloop
  endfacet
  facet normal -0.443935 -0.460859 -0.76846
    outer loop
      vertex -11.5908 -25.1515 27.5875
      vertex -14 -24.5881 28.6414
      vertex -11.5908 -25.0101 27.5027
    endloop
  endfacet
  facet normal -0.431629 -0.563507 -0.704384
    outer loop
      vertex -11.5908 -25.0101 27.5027
      vertex -14 -24.5881 28.6414
      vertex -14 -24.5876 28.641
    endloop
  endfacet
  facet normal -0.4437 0.46331 0.76712
    outer loop
      vertex -14 -27.4124 23.359
      vertex -11.5908 -27 24.5034
      vertex -11.5908 -26.9899 24.4973
    endloop
  endfacet
  facet normal -0.443959 0.460428 0.768704
    outer loop
      vertex -11.5908 -27 24.5034
      vertex -14 -27.4124 23.359
      vertex -14 -27.664 23.5097
    endloop
  endfacet
  facet normal -0.443922 0.382798 0.810184
    outer loop
      vertex -14 -27.4112 23.3583
      vertex -11.5908 -26.8485 24.4125
      vertex -11.5908 -26.6995 24.3421
    endloop
  endfacet
  facet normal -0.443047 0.353148 0.824012
    outer loop
      vertex -11.5908 -26.8485 24.4125
      vertex -14 -27.4112 23.3583
      vertex -14 -27.4119 23.3586
    endloop
  endfacet
  facet normal -0.441536 -0.862721 -0.246492
    outer loop
      vertex -14 -23.0625 26.5843
      vertex -11.5908 -24.2746 26.5111
      vertex -14 -23.0627 26.585
    endloop
  endfacet
  facet normal -0.443947 -0.869267 -0.217453
    outer loop
      vertex -11.5908 -24.2746 26.5111
      vertex -14 -23.0625 26.5843
      vertex -11.5908 -24.2346 26.3512
    endloop
  endfacet
  facet normal -0.443964 -0.894962 0.0440412
    outer loop
      vertex -14 -23.0193 25.7071
      vertex -11.5908 -24.2087 25.8236
      vertex -11.5908 -24.2006 25.9882
    endloop
  endfacet
  facet normal -0.444034 -0.887005 0.126715
    outer loop
      vertex -11.5908 -24.2087 25.8236
      vertex -14 -23.0193 25.7071
      vertex -14 -23.0194 25.7064
    endloop
  endfacet
  facet normal -0.443964 -0.0440412 -0.894962
    outer loop
      vertex -14 -25.7071 28.9807
      vertex -11.5908 -25.8236 27.7913
      vertex -11.5908 -25.9882 27.7994
    endloop
  endfacet
  facet normal -0.444034 -0.126715 -0.887005
    outer loop
      vertex -11.5908 -25.8236 27.7913
      vertex -14 -25.7071 28.9807
      vertex -14 -25.7064 28.9806
    endloop
  endfacet
  facet normal -0.4437 0.76712 0.46331
    outer loop
      vertex -11.5908 -27.4966 25
      vertex -14 -28.641 24.5876
      vertex -11.5908 -27.5027 25.0101
    endloop
  endfacet
  facet normal -0.443959 0.768704 0.460428
    outer loop
      vertex -14 -28.641 24.5876
      vertex -11.5908 -27.4966 25
      vertex -14 -28.4903 24.336
    endloop
  endfacet
  facet normal -0.44414 -0.128829 -0.886647
    outer loop
      vertex -14 -25.7058 28.9805
      vertex -11.5908 -25.6488 27.7654
      vertex -11.5908 -25.6605 27.7671
    endloop
  endfacet
  facet normal -0.443941 -0.131382 -0.886372
    outer loop
      vertex -11.5908 -25.6488 27.7654
      vertex -14 -25.7058 28.9805
      vertex -14 -25.4157 28.9375
    endloop
  endfacet
  facet normal -0.443895 -0.0455045 -0.894923
    outer loop
      vertex -14 -26 28.995
      vertex -11.5908 -25.9882 27.7994
      vertex -11.5908 -26 27.8
    endloop
  endfacet
  facet normal -0.443938 -0.0436954 -0.894991
    outer loop
      vertex -11.5908 -25.9882 27.7994
      vertex -14 -26 28.995
      vertex -14 -25.7071 28.9807
    endloop
  endfacet
  facet normal -0.443944 -0.131513 -0.886351
    outer loop
      vertex -11.5908 -25.8236 27.7913
      vertex -14 -25.7064 28.9806
      vertex -11.5908 -25.6605 27.7671
    endloop
  endfacet
  facet normal -0.442695 -0.147412 -0.884472
    outer loop
      vertex -11.5908 -25.6605 27.7671
      vertex -14 -25.7064 28.9806
      vertex -14 -25.7058 28.9805
    endloop
  endfacet
  facet normal -0.443047 -0.824012 -0.353148
    outer loop
      vertex -14 -23.3583 27.4112
      vertex -11.5908 -24.4125 26.8485
      vertex -14 -23.3586 27.4119
    endloop
  endfacet
  facet normal -0.443922 -0.810184 -0.382798
    outer loop
      vertex -11.5908 -24.4125 26.8485
      vertex -14 -23.3583 27.4112
      vertex -11.5908 -24.3421 26.6995
    endloop
  endfacet
  facet normal -0.4437 -0.46331 -0.76712
    outer loop
      vertex -14 -24.5876 28.641
      vertex -11.5908 -25 27.4966
      vertex -11.5908 -25.0101 27.5027
    endloop
  endfacet
  facet normal -0.443959 -0.460428 -0.768704
    outer loop
      vertex -11.5908 -25 27.4966
      vertex -14 -24.5876 28.641
      vertex -14 -24.336 28.4903
    endloop
  endfacet
  facet normal -0.443901 -0.385547 -0.808892
    outer loop
      vertex -14 -24.8538 28.7671
      vertex -11.5908 -25.3005 27.6579
      vertex -11.5908 -25.3112 27.663
    endloop
  endfacet
  facet normal -0.443961 -0.38327 -0.80994
    outer loop
      vertex -11.5908 -25.3005 27.6579
      vertex -14 -24.8538 28.7671
      vertex -14 -24.5888 28.6417
    endloop
  endfacet
  facet normal -0.443935 -0.664086 0.60159
    outer loop
      vertex -14 -23.8817 23.8827
      vertex -11.5908 -24.7272 24.7272
      vertex -11.5908 -24.6165 24.8494
    endloop
  endfacet
  facet normal -0.444359 -0.633461 0.633461
    outer loop
      vertex -11.5908 -24.7272 24.7272
      vertex -14 -23.8817 23.8827
      vertex -14 -23.8822 23.8822
    endloop
  endfacet
  facet normal -0.443941 -0.131382 0.886372
    outer loop
      vertex -14 -25.7058 23.0195
      vertex -11.5908 -25.6488 24.2346
      vertex -14 -25.4157 23.0625
    endloop
  endfacet
  facet normal -0.44414 -0.128829 0.886647
    outer loop
      vertex -11.5908 -25.6488 24.2346
      vertex -14 -25.7058 23.0195
      vertex -11.5908 -25.6605 24.2329
    endloop
  endfacet
  facet normal -0.444164 -0.721286 0.531474
    outer loop
      vertex -14 -23.5101 24.3355
      vertex -11.5908 -24.6086 24.8581
      vertex -11.5908 -24.6016 24.8676
    endloop
  endfacet
  facet normal -0.44394 -0.719659 0.533862
    outer loop
      vertex -11.5908 -24.6086 24.8581
      vertex -14 -23.5101 24.3355
      vertex -14 -23.6848 24.1
    endloop
  endfacet
  facet normal -0.442695 -0.884472 0.147412
    outer loop
      vertex -11.5908 -24.2329 25.6605
      vertex -14 -23.0194 25.7064
      vertex -14 -23.0195 25.7058
    endloop
  endfacet
  facet normal -0.443944 -0.886351 0.131513
    outer loop
      vertex -14 -23.0194 25.7064
      vertex -11.5908 -24.2329 25.6605
      vertex -11.5908 -24.2087 25.8236
    endloop
  endfacet
  facet normal -0.439159 -0.825769 -0.353901
    outer loop
      vertex -14 -23.1339 26.8694
      vertex -11.5908 -24.333 26.6777
      vertex -14 -23.1342 26.8701
    endloop
  endfacet
  facet normal -0.443946 -0.843728 -0.30172
    outer loop
      vertex -11.5908 -24.333 26.6777
      vertex -14 -23.1339 26.8694
      vertex -11.5908 -24.2775 26.5225
    endloop
  endfacet
  facet normal -0.439159 0.825769 -0.353901
    outer loop
      vertex -11.5908 -27.667 26.6777
      vertex -14 -28.8661 26.8694
      vertex -14 -28.8658 26.8701
    endloop
  endfacet
  facet normal -0.443946 0.843728 -0.30172
    outer loop
      vertex -14 -28.8661 26.8694
      vertex -11.5908 -27.667 26.6777
      vertex -11.5908 -27.7225 26.5225
    endloop
  endfacet
  facet normal -0.443922 -0.382798 -0.810184
    outer loop
      vertex -14 -24.5888 28.6417
      vertex -11.5908 -25.1515 27.5875
      vertex -11.5908 -25.3005 27.6579
    endloop
  endfacet
  facet normal -0.443047 -0.353148 -0.824012
    outer loop
      vertex -11.5908 -25.1515 27.5875
      vertex -14 -24.5888 28.6417
      vertex -14 -24.5881 28.6414
    endloop
  endfacet
  facet normal -0.44414 0.128829 0.886647
    outer loop
      vertex -14 -26.2942 23.0195
      vertex -11.5908 -26.3512 24.2346
      vertex -11.5908 -26.3395 24.2329
    endloop
  endfacet
  facet normal -0.443941 0.131382 0.886372
    outer loop
      vertex -11.5908 -26.3512 24.2346
      vertex -14 -26.2942 23.0195
      vertex -14 -26.5843 23.0625
    endloop
  endfacet
  facet normal -0.443901 0.385547 0.808892
    outer loop
      vertex -14 -27.1462 23.2329
      vertex -11.5908 -26.6995 24.3421
      vertex -11.5908 -26.6888 24.337
    endloop
  endfacet
  facet normal -0.443961 0.38327 0.80994
    outer loop
      vertex -11.5908 -26.6995 24.3421
      vertex -14 -27.1462 23.2329
      vertex -14 -27.4112 23.3583
    endloop
  endfacet
  facet normal -0.441279 0.700728 -0.560582
    outer loop
      vertex -11.5908 -27.3984 27.1324
      vertex -14 -28.4903 27.664
      vertex -14 -28.4899 27.6645
    endloop
  endfacet
  facet normal -0.443965 0.719695 -0.533792
    outer loop
      vertex -11.5908 -27.4966 27
      vertex -14 -28.4903 27.664
      vertex -11.5908 -27.3984 27.1324
    endloop
  endfacet
  facet normal -0.442695 0.884472 -0.147412
    outer loop
      vertex -11.5908 -27.7671 26.3395
      vertex -14 -28.9806 26.2936
      vertex -14 -28.9805 26.2942
    endloop
  endfacet
  facet normal -0.443944 0.886351 -0.131513
    outer loop
      vertex -14 -28.9806 26.2936
      vertex -11.5908 -27.7671 26.3395
      vertex -11.5908 -27.7913 26.1764
    endloop
  endfacet
  facet normal -0.4437 -0.76712 0.46331
    outer loop
      vertex -14 -23.359 24.5876
      vertex -11.5908 -24.5034 25
      vertex -11.5908 -24.4973 25.0101
    endloop
  endfacet
  facet normal -0.443959 -0.768704 0.460428
    outer loop
      vertex -11.5908 -24.5034 25
      vertex -14 -23.359 24.5876
      vertex -14 -23.5097 24.336
    endloop
  endfacet
  facet normal -0.443941 -0.86923 -0.217613
    outer loop
      vertex -14 -23.0627 26.585
      vertex -11.5908 -24.2775 26.5225
      vertex -14 -23.1339 26.8694
    endloop
  endfacet
  facet normal -0.443673 -0.868527 -0.220941
    outer loop
      vertex -11.5908 -24.2775 26.5225
      vertex -14 -23.0627 26.585
      vertex -11.5908 -24.2746 26.5111
    endloop
  endfacet
  facet normal -0.443959 -0.768704 -0.460428
    outer loop
      vertex -14 -23.359 27.4124
      vertex -11.5908 -24.5034 27
      vertex -14 -23.5097 27.664
    endloop
  endfacet
  facet normal -0.4437 -0.76712 -0.46331
    outer loop
      vertex -11.5908 -24.5034 27
      vertex -14 -23.359 27.4124
      vertex -11.5908 -24.4973 26.9899
    endloop
  endfacet
  facet normal -0.443673 -0.220941 -0.868527
    outer loop
      vertex -14 -25.415 28.9373
      vertex -11.5908 -25.4775 27.7225
      vertex -11.5908 -25.4889 27.7254
    endloop
  endfacet
  facet normal -0.443941 -0.217613 -0.86923
    outer loop
      vertex -11.5908 -25.4775 27.7225
      vertex -14 -25.415 28.9373
      vertex -14 -25.1306 28.8661
    endloop
  endfacet
  facet normal -0.442695 -0.147412 0.884472
    outer loop
      vertex -14 -25.7064 23.0194
      vertex -11.5908 -25.6605 24.2329
      vertex -14 -25.7058 23.0195
    endloop
  endfacet
  facet normal -0.443944 -0.131513 0.886351
    outer loop
      vertex -11.5908 -25.6605 24.2329
      vertex -14 -25.7064 23.0194
      vertex -11.5908 -25.8236 24.2087
    endloop
  endfacet
  facet normal -0.441536 -0.246492 0.862721
    outer loop
      vertex -14 -25.4157 23.0625
      vertex -11.5908 -25.4889 24.2746
      vertex -14 -25.415 23.0627
    endloop
  endfacet
  facet normal -0.443947 -0.217453 0.869267
    outer loop
      vertex -11.5908 -25.4889 24.2746
      vertex -14 -25.4157 23.0625
      vertex -11.5908 -25.6488 24.2346
    endloop
  endfacet
  facet normal -0.444359 -0.633461 -0.633461
    outer loop
      vertex -14 -23.8817 28.1173
      vertex -11.5908 -24.7272 27.2728
      vertex -14 -23.8822 28.1178
    endloop
  endfacet
  facet normal -0.443935 -0.664086 -0.60159
    outer loop
      vertex -11.5908 -24.7272 27.2728
      vertex -14 -23.8817 28.1173
      vertex -11.5908 -24.6165 27.1506
    endloop
  endfacet
  facet normal -0.443935 0.664086 0.60159
    outer loop
      vertex -11.5908 -27.2728 24.7272
      vertex -14 -28.1183 23.8827
      vertex -11.5908 -27.3835 24.8494
    endloop
  endfacet
  facet normal -0.444359 0.633461 0.633461
    outer loop
      vertex -14 -28.1183 23.8827
      vertex -11.5908 -27.2728 24.7272
      vertex -14 -28.1178 23.8822
    endloop
  endfacet
  facet normal -0.443921 0.60238 0.66338
    outer loop
      vertex -14 -27.9 23.6848
      vertex -11.5908 -27.1506 24.6165
      vertex -11.5908 -27.1419 24.6086
    endloop
  endfacet
  facet normal -0.443943 0.601671 0.664008
    outer loop
      vertex -11.5908 -27.1506 24.6165
      vertex -14 -27.9 23.6848
      vertex -14 -28.1173 23.8817
    endloop
  endfacet
  facet normal -0.44414 -0.886647 0.128829
    outer loop
      vertex -14 -23.0195 25.7058
      vertex -11.5908 -24.2346 25.6488
      vertex -11.5908 -24.2329 25.6605
    endloop
  endfacet
  facet normal -0.443941 -0.886372 0.131382
    outer loop
      vertex -11.5908 -24.2346 25.6488
      vertex -14 -23.0195 25.7058
      vertex -14 -23.0625 25.4157
    endloop
  endfacet
  facet normal -0.44394 0.719659 -0.533862
    outer loop
      vertex -11.5908 -27.3914 27.1419
      vertex -14 -28.4899 27.6645
      vertex -14 -28.3152 27.9
    endloop
  endfacet
  facet normal -0.444164 0.721286 -0.531474
    outer loop
      vertex -14 -28.4899 27.6645
      vertex -11.5908 -27.3914 27.1419
      vertex -11.5908 -27.3984 27.1324
    endloop
  endfacet
  facet normal -0.443961 -0.80994 -0.38327
    outer loop
      vertex -14 -23.2329 27.1462
      vertex -11.5908 -24.3421 26.6995
      vertex -14 -23.3583 27.4112
    endloop
  endfacet
  facet normal -0.443901 -0.808892 -0.385547
    outer loop
      vertex -11.5908 -24.3421 26.6995
      vertex -14 -23.2329 27.1462
      vertex -11.5908 -24.337 26.6888
    endloop
  endfacet
  facet normal -0.444034 -0.126715 0.887005
    outer loop
      vertex -14 -25.7071 23.0193
      vertex -11.5908 -25.8236 24.2087
      vertex -14 -25.7064 23.0194
    endloop
  endfacet
  facet normal -0.443964 -0.0440412 0.894962
    outer loop
      vertex -11.5908 -25.8236 24.2087
      vertex -14 -25.7071 23.0193
      vertex -11.5908 -25.9882 24.2006
    endloop
  endfacet
  facet normal -0.443946 -0.843728 0.30172
    outer loop
      vertex -14 -23.1339 25.1306
      vertex -11.5908 -24.333 25.3223
      vertex -11.5908 -24.2775 25.4775
    endloop
  endfacet
  facet normal -0.439159 -0.825769 0.353901
    outer loop
      vertex -11.5908 -24.333 25.3223
      vertex -14 -23.1339 25.1306
      vertex -14 -23.1342 25.1299
    endloop
  endfacet
  facet normal -0.443768 0.843071 0.30381
    outer loop
      vertex -11.5908 -27.663 25.3112
      vertex -14 -28.8658 25.1299
      vertex -11.5908 -27.667 25.3223
    endloop
  endfacet
  facet normal -0.443948 0.84376 0.301627
    outer loop
      vertex -14 -28.8658 25.1299
      vertex -11.5908 -27.663 25.3112
      vertex -14 -28.7671 24.8538
    endloop
  endfacet
  facet normal -0.444359 -0.633461 0.633461
    outer loop
      vertex -14 -23.8827 23.8817
      vertex -11.5908 -24.7272 24.7272
      vertex -14 -23.8822 23.8822
    endloop
  endfacet
  facet normal -0.443935 -0.60159 0.664086
    outer loop
      vertex -11.5908 -24.7272 24.7272
      vertex -14 -23.8827 23.8817
      vertex -11.5908 -24.8494 24.6165
    endloop
  endfacet
  facet normal -0.443941 -0.217613 0.86923
    outer loop
      vertex -14 -25.415 23.0627
      vertex -11.5908 -25.4775 24.2775
      vertex -14 -25.1306 23.1339
    endloop
  endfacet
  facet normal -0.443673 -0.220941 0.868527
    outer loop
      vertex -11.5908 -25.4775 24.2775
      vertex -14 -25.415 23.0627
      vertex -11.5908 -25.4889 24.2746
    endloop
  endfacet
  facet normal -0.441536 0.246492 -0.862721
    outer loop
      vertex -14 -26.5843 28.9375
      vertex -11.5908 -26.5111 27.7254
      vertex -14 -26.585 28.9373
    endloop
  endfacet
  facet normal -0.443947 0.217453 -0.869267
    outer loop
      vertex -11.5908 -26.5111 27.7254
      vertex -14 -26.5843 28.9375
      vertex -11.5908 -26.3512 27.7654
    endloop
  endfacet
  facet normal -0.443895 -0.894923 0.0455045
    outer loop
      vertex -14 -23.005 26
      vertex -11.5908 -24.2006 25.9882
      vertex -11.5908 -24.2 26
    endloop
  endfacet
  facet normal -0.443938 -0.894991 0.0436954
    outer loop
      vertex -11.5908 -24.2006 25.9882
      vertex -14 -23.005 26
      vertex -14 -23.0193 25.7071
    endloop
  endfacet
  facet normal -0.44414 0.886647 -0.128829
    outer loop
      vertex -14 -28.9805 26.2942
      vertex -11.5908 -27.7654 26.3512
      vertex -11.5908 -27.7671 26.3395
    endloop
  endfacet
  facet normal -0.443941 0.886372 -0.131382
    outer loop
      vertex -11.5908 -27.7654 26.3512
      vertex -14 -28.9805 26.2942
      vertex -14 -28.9375 26.5843
    endloop
  endfacet
  facet normal -0.444034 -0.887005 -0.126715
    outer loop
      vertex -14 -23.0193 26.2929
      vertex -11.5908 -24.2087 26.1764
      vertex -14 -23.0194 26.2936
    endloop
  endfacet
  facet normal -0.443964 -0.894962 -0.0440412
    outer loop
      vertex -11.5908 -24.2087 26.1764
      vertex -14 -23.0193 26.2929
      vertex -11.5908 -24.2006 26.0118
    endloop
  endfacet
  facet normal -0.443047 -0.353148 0.824012
    outer loop
      vertex -14 -24.5888 23.3583
      vertex -11.5908 -25.1515 24.4125
      vertex -14 -24.5881 23.3586
    endloop
  endfacet
  facet normal -0.443922 -0.382798 0.810184
    outer loop
      vertex -11.5908 -25.1515 24.4125
      vertex -14 -24.5888 23.3583
      vertex -11.5908 -25.3005 24.3421
    endloop
  endfacet
  facet normal -0.44394 -0.719659 -0.533862
    outer loop
      vertex -14 -23.5101 27.6645
      vertex -11.5908 -24.6086 27.1419
      vertex -14 -23.6848 27.9
    endloop
  endfacet
  facet normal -0.444164 -0.721286 -0.531474
    outer loop
      vertex -11.5908 -24.6086 27.1419
      vertex -14 -23.5101 27.6645
      vertex -11.5908 -24.6016 27.1324
    endloop
  endfacet
  facet normal -0.443673 -0.868527 0.220941
    outer loop
      vertex -14 -23.0627 25.415
      vertex -11.5908 -24.2775 25.4775
      vertex -11.5908 -24.2746 25.4889
    endloop
  endfacet
  facet normal -0.443941 -0.86923 0.217613
    outer loop
      vertex -11.5908 -24.2775 25.4775
      vertex -14 -23.0627 25.415
      vertex -14 -23.1339 25.1306
    endloop
  endfacet
  facet normal -0.441279 -0.700728 -0.560582
    outer loop
      vertex -14 -23.5097 27.664
      vertex -11.5908 -24.6016 27.1324
      vertex -14 -23.5101 27.6645
    endloop
  endfacet
  facet normal -0.443965 -0.719695 -0.533792
    outer loop
      vertex -11.5908 -24.6016 27.1324
      vertex -14 -23.5097 27.664
      vertex -11.5908 -24.5034 27
    endloop
  endfacet
  facet normal -0.443965 0.719695 0.533792
    outer loop
      vertex -11.5908 -27.3984 24.8676
      vertex -14 -28.4903 24.336
      vertex -11.5908 -27.4966 25
    endloop
  endfacet
  facet normal -0.441279 0.700728 0.560582
    outer loop
      vertex -14 -28.4903 24.336
      vertex -11.5908 -27.3984 24.8676
      vertex -14 -28.4899 24.3355
    endloop
  endfacet
  facet normal -0.443943 -0.664008 -0.601671
    outer loop
      vertex -14 -23.6848 27.9
      vertex -11.5908 -24.6165 27.1506
      vertex -14 -23.8817 28.1173
    endloop
  endfacet
  facet normal -0.443921 -0.66338 -0.60238
    outer loop
      vertex -11.5908 -24.6165 27.1506
      vertex -14 -23.6848 27.9
      vertex -11.5908 -24.6086 27.1419
    endloop
  endfacet
  facet normal -0.443921 -0.66338 0.60238
    outer loop
      vertex -14 -23.6848 24.1
      vertex -11.5908 -24.6165 24.8494
      vertex -11.5908 -24.6086 24.8581
    endloop
  endfacet
  facet normal -0.443943 -0.664008 0.601671
    outer loop
      vertex -11.5908 -24.6165 24.8494
      vertex -14 -23.6848 24.1
      vertex -14 -23.8817 23.8827
    endloop
  endfacet
  facet normal -0.44394 0.533862 -0.719659
    outer loop
      vertex -14 -27.6645 28.4899
      vertex -11.5908 -27.1419 27.3914
      vertex -14 -27.9 28.3152
    endloop
  endfacet
  facet normal -0.444164 0.531474 -0.721286
    outer loop
      vertex -11.5908 -27.1419 27.3914
      vertex -14 -27.6645 28.4899
      vertex -11.5908 -27.1324 27.3984
    endloop
  endfacet
  facet normal -0.44394 -0.533862 0.719659
    outer loop
      vertex -14 -24.3355 23.5101
      vertex -11.5908 -24.8581 24.6086
      vertex -14 -24.1 23.6848
    endloop
  endfacet
  facet normal -0.444164 -0.531474 0.721286
    outer loop
      vertex -11.5908 -24.8581 24.6086
      vertex -14 -24.3355 23.5101
      vertex -11.5908 -24.8676 24.6016
    endloop
  endfacet
  facet normal -0.443965 0.533792 0.719695
    outer loop
      vertex -14 -27.664 23.5097
      vertex -11.5908 -27.1324 24.6016
      vertex -11.5908 -27 24.5034
    endloop
  endfacet
  facet normal -0.441279 0.560582 0.700728
    outer loop
      vertex -11.5908 -27.1324 24.6016
      vertex -14 -27.664 23.5097
      vertex -14 -27.6645 23.5101
    endloop
  endfacet
  facet normal -0.443965 -0.533792 -0.719695
    outer loop
      vertex -14 -24.336 28.4903
      vertex -11.5908 -24.8676 27.3984
      vertex -11.5908 -25 27.4966
    endloop
  endfacet
  facet normal -0.441279 -0.560582 -0.700728
    outer loop
      vertex -11.5908 -24.8676 27.3984
      vertex -14 -24.336 28.4903
      vertex -14 -24.3355 28.4899
    endloop
  endfacet
  facet normal -0.443921 -0.60238 -0.66338
    outer loop
      vertex -14 -24.1 28.3152
      vertex -11.5908 -24.8494 27.3835
      vertex -11.5908 -24.8581 27.3914
    endloop
  endfacet
  facet normal -0.443943 -0.601671 -0.664008
    outer loop
      vertex -11.5908 -24.8494 27.3835
      vertex -14 -24.1 28.3152
      vertex -14 -23.8827 28.1183
    endloop
  endfacet
  facet normal -0.443935 -0.60159 -0.664086
    outer loop
      vertex -14 -23.8827 28.1183
      vertex -11.5908 -24.7272 27.2728
      vertex -11.5908 -24.8494 27.3835
    endloop
  endfacet
  facet normal -0.444359 -0.633461 -0.633461
    outer loop
      vertex -11.5908 -24.7272 27.2728
      vertex -14 -23.8827 28.1183
      vertex -14 -23.8822 28.1178
    endloop
  endfacet
  facet normal -0.444164 -0.531474 -0.721286
    outer loop
      vertex -14 -24.3355 28.4899
      vertex -11.5908 -24.8581 27.3914
      vertex -11.5908 -24.8676 27.3984
    endloop
  endfacet
  facet normal -0.44394 -0.533862 -0.719659
    outer loop
      vertex -11.5908 -24.8581 27.3914
      vertex -14 -24.3355 28.4899
      vertex -14 -24.1 28.3152
    endloop
  endfacet
  facet normal -0.443768 -0.843071 0.30381
    outer loop
      vertex -14 -23.1342 25.1299
      vertex -11.5908 -24.337 25.3112
      vertex -11.5908 -24.333 25.3223
    endloop
  endfacet
  facet normal -0.443948 -0.84376 0.301627
    outer loop
      vertex -11.5908 -24.337 25.3112
      vertex -14 -23.1342 25.1299
      vertex -14 -23.2329 24.8538
    endloop
  endfacet
  facet normal -0.443943 -0.601671 0.664008
    outer loop
      vertex -14 -24.1 23.6848
      vertex -11.5908 -24.8494 24.6165
      vertex -14 -23.8827 23.8817
    endloop
  endfacet
  facet normal -0.443921 -0.60238 0.66338
    outer loop
      vertex -11.5908 -24.8494 24.6165
      vertex -14 -24.1 23.6848
      vertex -11.5908 -24.8581 24.6086
    endloop
  endfacet
  facet normal -0.431629 -0.704384 -0.563507
    outer loop
      vertex -14 -23.3586 27.4119
      vertex -11.5908 -24.4973 26.9899
      vertex -14 -23.359 27.4124
    endloop
  endfacet
  facet normal -0.443935 -0.76846 -0.460859
    outer loop
      vertex -11.5908 -24.4973 26.9899
      vertex -14 -23.3586 27.4119
      vertex -11.5908 -24.4125 26.8485
    endloop
  endfacet
  facet normal -0.439159 -0.353901 0.825769
    outer loop
      vertex -14 -25.1306 23.1339
      vertex -11.5908 -25.3223 24.333
      vertex -14 -25.1299 23.1342
    endloop
  endfacet
  facet normal -0.443946 -0.30172 0.843728
    outer loop
      vertex -11.5908 -25.3223 24.333
      vertex -14 -25.1306 23.1339
      vertex -11.5908 -25.4775 24.2775
    endloop
  endfacet
  facet normal -0.443965 -0.719695 0.533792
    outer loop
      vertex -14 -23.5097 24.336
      vertex -11.5908 -24.6016 24.8676
      vertex -11.5908 -24.5034 25
    endloop
  endfacet
  facet normal -0.441279 -0.700728 0.560582
    outer loop
      vertex -11.5908 -24.6016 24.8676
      vertex -14 -23.5097 24.336
      vertex -14 -23.5101 24.3355
    endloop
  endfacet
  facet normal -0.441279 -0.560582 0.700728
    outer loop
      vertex -14 -24.336 23.5097
      vertex -11.5908 -24.8676 24.6016
      vertex -14 -24.3355 23.5101
    endloop
  endfacet
  facet normal -0.443965 -0.533792 0.719695
    outer loop
      vertex -11.5908 -24.8676 24.6016
      vertex -14 -24.336 23.5097
      vertex -11.5908 -25 24.5034
    endloop
  endfacet
  facet normal -0.444359 0.633461 -0.633461
    outer loop
      vertex -14 -28.1173 28.1183
      vertex -11.5908 -27.2728 27.2728
      vertex -14 -28.1178 28.1178
    endloop
  endfacet
  facet normal -0.443935 0.60159 -0.664086
    outer loop
      vertex -11.5908 -27.2728 27.2728
      vertex -14 -28.1173 28.1183
      vertex -11.5908 -27.1506 27.3835
    endloop
  endfacet
  facet normal -0.443947 0.217453 0.869267
    outer loop
      vertex -14 -26.5843 23.0625
      vertex -11.5908 -26.5111 24.2746
      vertex -11.5908 -26.3512 24.2346
    endloop
  endfacet
  facet normal -0.441536 0.246492 0.862721
    outer loop
      vertex -11.5908 -26.5111 24.2746
      vertex -14 -26.5843 23.0625
      vertex -14 -26.585 23.0627
    endloop
  endfacet
  facet normal -0.443947 -0.869267 0.217453
    outer loop
      vertex -14 -23.0625 25.4157
      vertex -11.5908 -24.2746 25.4889
      vertex -11.5908 -24.2346 25.6488
    endloop
  endfacet
  facet normal -0.441536 -0.862721 0.246492
    outer loop
      vertex -11.5908 -24.2746 25.4889
      vertex -14 -23.0625 25.4157
      vertex -14 -23.0627 25.415
    endloop
  endfacet
  facet normal -0.443961 -0.38327 0.80994
    outer loop
      vertex -14 -24.8538 23.2329
      vertex -11.5908 -25.3005 24.3421
      vertex -14 -24.5888 23.3583
    endloop
  endfacet
  facet normal -0.443901 -0.385547 0.808892
    outer loop
      vertex -11.5908 -25.3005 24.3421
      vertex -14 -24.8538 23.2329
      vertex -11.5908 -25.3112 24.337
    endloop
  endfacet
  facet normal -0.443948 -0.301627 0.84376
    outer loop
      vertex -14 -25.1299 23.1342
      vertex -11.5908 -25.3112 24.337
      vertex -14 -24.8538 23.2329
    endloop
  endfacet
  facet normal -0.443768 -0.30381 0.843071
    outer loop
      vertex -11.5908 -25.3112 24.337
      vertex -14 -25.1299 23.1342
      vertex -11.5908 -25.3223 24.333
    endloop
  endfacet
  facet normal -0.443935 0.60159 0.664086
    outer loop
      vertex -14 -28.1173 23.8817
      vertex -11.5908 -27.2728 24.7272
      vertex -11.5908 -27.1506 24.6165
    endloop
  endfacet
  facet normal -0.444359 0.633461 0.633461
    outer loop
      vertex -11.5908 -27.2728 24.7272
      vertex -14 -28.1173 23.8817
      vertex -14 -28.1178 23.8822
    endloop
  endfacet
  facet normal -0.443964 0.894962 0.0440412
    outer loop
      vertex -11.5908 -27.7913 25.8236
      vertex -14 -28.9807 25.7071
      vertex -11.5908 -27.7994 25.9882
    endloop
  endfacet
  facet normal -0.444034 0.887005 0.126715
    outer loop
      vertex -14 -28.9807 25.7071
      vertex -11.5908 -27.7913 25.8236
      vertex -14 -28.9806 25.7064
    endloop
  endfacet
  facet normal -0.443935 0.460859 0.76846
    outer loop
      vertex -14 -27.4119 23.3586
      vertex -11.5908 -26.9899 24.4973
      vertex -11.5908 -26.8485 24.4125
    endloop
  endfacet
  facet normal -0.431629 0.563507 0.704384
    outer loop
      vertex -11.5908 -26.9899 24.4973
      vertex -14 -27.4119 23.3586
      vertex -14 -27.4124 23.359
    endloop
  endfacet
  facet normal -0.444164 0.531474 0.721286
    outer loop
      vertex -14 -27.6645 23.5101
      vertex -11.5908 -27.1419 24.6086
      vertex -11.5908 -27.1324 24.6016
    endloop
  endfacet
  facet normal -0.44394 0.533862 0.719659
    outer loop
      vertex -11.5908 -27.1419 24.6086
      vertex -14 -27.6645 23.5101
      vertex -14 -27.9 23.6848
    endloop
  endfacet
  facet normal -0.443768 0.30381 0.843071
    outer loop
      vertex -14 -26.8701 23.1342
      vertex -11.5908 -26.6888 24.337
      vertex -11.5908 -26.6777 24.333
    endloop
  endfacet
  facet normal -0.443948 0.301627 0.84376
    outer loop
      vertex -11.5908 -26.6888 24.337
      vertex -14 -26.8701 23.1342
      vertex -14 -27.1462 23.2329
    endloop
  endfacet
  facet normal -0.443921 0.66338 0.60238
    outer loop
      vertex -11.5908 -27.3835 24.8494
      vertex -14 -28.3152 24.1
      vertex -11.5908 -27.3914 24.8581
    endloop
  endfacet
  facet normal -0.443943 0.664008 0.601671
    outer loop
      vertex -14 -28.3152 24.1
      vertex -11.5908 -27.3835 24.8494
      vertex -14 -28.1183 23.8827
    endloop
  endfacet
  facet normal -0.443673 0.868527 0.220941
    outer loop
      vertex -11.5908 -27.7225 25.4775
      vertex -14 -28.9373 25.415
      vertex -11.5908 -27.7254 25.4889
    endloop
  endfacet
  facet normal -0.443941 0.86923 0.217613
    outer loop
      vertex -14 -28.9373 25.415
      vertex -11.5908 -27.7225 25.4775
      vertex -14 -28.8661 25.1306
    endloop
  endfacet
  facet normal -0.443944 0.886351 0.131513
    outer loop
      vertex -11.5908 -27.7671 25.6605
      vertex -14 -28.9806 25.7064
      vertex -11.5908 -27.7913 25.8236
    endloop
  endfacet
  facet normal -0.442695 0.884472 0.147412
    outer loop
      vertex -14 -28.9806 25.7064
      vertex -11.5908 -27.7671 25.6605
      vertex -14 -28.9805 25.7058
    endloop
  endfacet
  facet normal -0.443935 0.460859 -0.76846
    outer loop
      vertex -14 -27.4119 28.6414
      vertex -11.5908 -26.8485 27.5875
      vertex -11.5908 -26.9899 27.5027
    endloop
  endfacet
  facet normal -0.431629 0.563507 -0.704384
    outer loop
      vertex -14 -27.4119 28.6414
      vertex -11.5908 -26.9899 27.5027
      vertex -14 -27.4124 28.641
    endloop
  endfacet
  facet normal -0.443959 0.460428 -0.768704
    outer loop
      vertex -14 -27.4124 28.641
      vertex -11.5908 -27 27.4966
      vertex -14 -27.664 28.4903
    endloop
  endfacet
  facet normal -0.4437 0.46331 -0.76712
    outer loop
      vertex -11.5908 -27 27.4966
      vertex -14 -27.4124 28.641
      vertex -11.5908 -26.9899 27.5027
    endloop
  endfacet
  facet normal -0.443948 0.84376 -0.301627
    outer loop
      vertex -14 -28.7671 27.1462
      vertex -11.5908 -27.663 26.6888
      vertex -14 -28.8658 26.8701
    endloop
  endfacet
  facet normal -0.443768 0.843071 -0.30381
    outer loop
      vertex -14 -28.8658 26.8701
      vertex -11.5908 -27.663 26.6888
      vertex -11.5908 -27.667 26.6777
    endloop
  endfacet
  facet normal -0.443901 -0.808892 0.385547
    outer loop
      vertex -14 -23.2329 24.8538
      vertex -11.5908 -24.3421 25.3005
      vertex -11.5908 -24.337 25.3112
    endloop
  endfacet
  facet normal -0.443961 -0.80994 0.38327
    outer loop
      vertex -11.5908 -24.3421 25.3005
      vertex -14 -23.2329 24.8538
      vertex -14 -23.3583 24.5888
    endloop
  endfacet
  facet normal -0.443943 0.664008 -0.601671
    outer loop
      vertex -11.5908 -27.3835 27.1506
      vertex -14 -28.3152 27.9
      vertex -14 -28.1183 28.1173
    endloop
  endfacet
  facet normal -0.443921 0.66338 -0.60238
    outer loop
      vertex -14 -28.3152 27.9
      vertex -11.5908 -27.3835 27.1506
      vertex -11.5908 -27.3914 27.1419
    endloop
  endfacet
  facet normal -0.443946 0.30172 0.843728
    outer loop
      vertex -14 -26.8694 23.1339
      vertex -11.5908 -26.6777 24.333
      vertex -11.5908 -26.5225 24.2775
    endloop
  endfacet
  facet normal -0.439159 0.353901 0.825769
    outer loop
      vertex -11.5908 -26.6777 24.333
      vertex -14 -26.8694 23.1339
      vertex -14 -26.8701 23.1342
    endloop
  endfacet
  facet normal -0.443673 0.220941 0.868527
    outer loop
      vertex -14 -26.585 23.0627
      vertex -11.5908 -26.5225 24.2775
      vertex -11.5908 -26.5111 24.2746
    endloop
  endfacet
  facet normal -0.443941 0.217613 0.86923
    outer loop
      vertex -11.5908 -26.5225 24.2775
      vertex -14 -26.585 23.0627
      vertex -14 -26.8694 23.1339
    endloop
  endfacet
  facet normal -0.443943 0.601671 -0.664008
    outer loop
      vertex -14 -27.9 28.3152
      vertex -11.5908 -27.1506 27.3835
      vertex -14 -28.1173 28.1183
    endloop
  endfacet
  facet normal -0.443921 0.60238 -0.66338
    outer loop
      vertex -11.5908 -27.1506 27.3835
      vertex -14 -27.9 28.3152
      vertex -11.5908 -27.1419 27.3914
    endloop
  endfacet
  facet normal -0.443895 0.894923 -0.0455045
    outer loop
      vertex -14 -28.995 26
      vertex -11.5908 -27.7994 26.0118
      vertex -11.5908 -27.8 26
    endloop
  endfacet
  facet normal -0.443938 0.894991 -0.0436954
    outer loop
      vertex -11.5908 -27.7994 26.0118
      vertex -14 -28.995 26
      vertex -14 -28.9807 26.2929
    endloop
  endfacet
  facet normal -0.443948 0.301627 -0.84376
    outer loop
      vertex -14 -26.8701 28.8658
      vertex -11.5908 -26.6888 27.663
      vertex -14 -27.1462 28.7671
    endloop
  endfacet
  facet normal -0.443768 0.30381 -0.843071
    outer loop
      vertex -11.5908 -26.6888 27.663
      vertex -14 -26.8701 28.8658
      vertex -11.5908 -26.6777 27.667
    endloop
  endfacet
  facet normal -0.443047 0.824012 -0.353148
    outer loop
      vertex -11.5908 -27.5875 26.8485
      vertex -14 -28.6417 27.4112
      vertex -14 -28.6414 27.4119
    endloop
  endfacet
  facet normal -0.443922 0.810184 -0.382798
    outer loop
      vertex -14 -28.6417 27.4112
      vertex -11.5908 -27.5875 26.8485
      vertex -11.5908 -27.6579 26.6995
    endloop
  endfacet
  facet normal -0.443947 0.869267 0.217453
    outer loop
      vertex -11.5908 -27.7254 25.4889
      vertex -14 -28.9375 25.4157
      vertex -11.5908 -27.7654 25.6488
    endloop
  endfacet
  facet normal -0.441536 0.862721 0.246492
    outer loop
      vertex -14 -28.9375 25.4157
      vertex -11.5908 -27.7254 25.4889
      vertex -14 -28.9373 25.415
    endloop
  endfacet
  facet normal -0.443965 0.533792 -0.719695
    outer loop
      vertex -14 -27.664 28.4903
      vertex -11.5908 -27 27.4966
      vertex -11.5908 -27.1324 27.3984
    endloop
  endfacet
  facet normal -0.441279 0.560582 -0.700728
    outer loop
      vertex -14 -27.664 28.4903
      vertex -11.5908 -27.1324 27.3984
      vertex -14 -27.6645 28.4899
    endloop
  endfacet
  facet normal -0.431629 0.704384 -0.563507
    outer loop
      vertex -11.5908 -27.5027 26.9899
      vertex -14 -28.6414 27.4119
      vertex -14 -28.641 27.4124
    endloop
  endfacet
  facet normal -0.443935 0.76846 -0.460859
    outer loop
      vertex -11.5908 -27.5875 26.8485
      vertex -14 -28.6414 27.4119
      vertex -11.5908 -27.5027 26.9899
    endloop
  endfacet
  facet normal -0.441536 0.862721 -0.246492
    outer loop
      vertex -11.5908 -27.7254 26.5111
      vertex -14 -28.9375 26.5843
      vertex -14 -28.9373 26.585
    endloop
  endfacet
  facet normal -0.443947 0.869267 -0.217453
    outer loop
      vertex -14 -28.9375 26.5843
      vertex -11.5908 -27.7254 26.5111
      vertex -11.5908 -27.7654 26.3512
    endloop
  endfacet
  facet normal -0.443964 0.0440412 0.894962
    outer loop
      vertex -14 -26.2929 23.0193
      vertex -11.5908 -26.1764 24.2087
      vertex -11.5908 -26.0118 24.2006
    endloop
  endfacet
  facet normal -0.444034 0.126715 0.887005
    outer loop
      vertex -11.5908 -26.1764 24.2087
      vertex -14 -26.2929 23.0193
      vertex -14 -26.2936 23.0194
    endloop
  endfacet
  facet normal -0.443944 0.131513 0.886351
    outer loop
      vertex -14 -26.2936 23.0194
      vertex -11.5908 -26.3395 24.2329
      vertex -11.5908 -26.1764 24.2087
    endloop
  endfacet
  facet normal -0.442695 0.147412 0.884472
    outer loop
      vertex -11.5908 -26.3395 24.2329
      vertex -14 -26.2936 23.0194
      vertex -14 -26.2942 23.0195
    endloop
  endfacet
  facet normal -0.443935 0.76846 0.460859
    outer loop
      vertex -14 -28.6414 24.5881
      vertex -11.5908 -27.5875 25.1515
      vertex -11.5908 -27.5027 25.0101
    endloop
  endfacet
  facet normal -0.431629 0.704384 0.563507
    outer loop
      vertex -14 -28.6414 24.5881
      vertex -11.5908 -27.5027 25.0101
      vertex -14 -28.641 24.5876
    endloop
  endfacet
  facet normal -0.444034 0.887005 -0.126715
    outer loop
      vertex -11.5908 -27.7913 26.1764
      vertex -14 -28.9807 26.2929
      vertex -14 -28.9806 26.2936
    endloop
  endfacet
  facet normal -0.443964 0.894962 -0.0440412
    outer loop
      vertex -14 -28.9807 26.2929
      vertex -11.5908 -27.7913 26.1764
      vertex -11.5908 -27.7994 26.0118
    endloop
  endfacet
  facet normal -0.443935 -0.76846 0.460859
    outer loop
      vertex -14 -23.3586 24.5881
      vertex -11.5908 -24.4973 25.0101
      vertex -11.5908 -24.4125 25.1515
    endloop
  endfacet
  facet normal -0.431629 -0.704384 0.563507
    outer loop
      vertex -11.5908 -24.4973 25.0101
      vertex -14 -23.3586 24.5881
      vertex -14 -23.359 24.5876
    endloop
  endfacet
  facet normal -0.443938 -0.0436954 0.894991
    outer loop
      vertex -14 -26 23.005
      vertex -11.5908 -25.9882 24.2006
      vertex -14 -25.7071 23.0193
    endloop
  endfacet
  facet normal -0.443895 -0.0455045 0.894923
    outer loop
      vertex -11.5908 -25.9882 24.2006
      vertex -14 -26 23.005
      vertex -11.5908 -26 24.2
    endloop
  endfacet
  facet normal -0.443941 0.217613 -0.86923
    outer loop
      vertex -14 -26.585 28.9373
      vertex -11.5908 -26.5225 27.7225
      vertex -14 -26.8694 28.8661
    endloop
  endfacet
  facet normal -0.443673 0.220941 -0.868527
    outer loop
      vertex -11.5908 -26.5225 27.7225
      vertex -14 -26.585 28.9373
      vertex -11.5908 -26.5111 27.7254
    endloop
  endfacet
  facet normal -0.443961 0.38327 -0.80994
    outer loop
      vertex -14 -27.1462 28.7671
      vertex -11.5908 -26.6995 27.6579
      vertex -14 -27.4112 28.6417
    endloop
  endfacet
  facet normal -0.443901 0.385547 -0.808892
    outer loop
      vertex -11.5908 -26.6995 27.6579
      vertex -14 -27.1462 28.7671
      vertex -11.5908 -26.6888 27.663
    endloop
  endfacet
  facet normal -0.443895 0.894923 0.0455045
    outer loop
      vertex -11.5908 -27.7994 25.9882
      vertex -14 -28.995 26
      vertex -11.5908 -27.8 26
    endloop
  endfacet
  facet normal -0.443938 0.894991 0.0436954
    outer loop
      vertex -14 -28.995 26
      vertex -11.5908 -27.7994 25.9882
      vertex -14 -28.9807 25.7071
    endloop
  endfacet
  facet normal -0.443047 0.353148 -0.824012
    outer loop
      vertex -14 -27.4112 28.6417
      vertex -11.5908 -26.8485 27.5875
      vertex -14 -27.4119 28.6414
    endloop
  endfacet
  facet normal -0.443922 0.382798 -0.810184
    outer loop
      vertex -11.5908 -26.8485 27.5875
      vertex -14 -27.4112 28.6417
      vertex -11.5908 -26.6995 27.6579
    endloop
  endfacet
  facet normal -0.439159 0.353901 -0.825769
    outer loop
      vertex -14 -26.8694 28.8661
      vertex -11.5908 -26.6777 27.667
      vertex -14 -26.8701 28.8658
    endloop
  endfacet
  facet normal -0.443946 0.30172 -0.843728
    outer loop
      vertex -11.5908 -26.6777 27.667
      vertex -14 -26.8694 28.8661
      vertex -11.5908 -26.5225 27.7225
    endloop
  endfacet
  facet normal -0.443941 0.131382 -0.886372
    outer loop
      vertex -14 -26.2942 28.9805
      vertex -11.5908 -26.3512 27.7654
      vertex -14 -26.5843 28.9375
    endloop
  endfacet
  facet normal -0.44414 0.128829 -0.886647
    outer loop
      vertex -11.5908 -26.3512 27.7654
      vertex -14 -26.2942 28.9805
      vertex -11.5908 -26.3395 27.7671
    endloop
  endfacet
  facet normal -0.442695 0.147412 -0.884472
    outer loop
      vertex -14 -26.2936 28.9806
      vertex -11.5908 -26.3395 27.7671
      vertex -14 -26.2942 28.9805
    endloop
  endfacet
  facet normal -0.443944 0.131513 -0.886351
    outer loop
      vertex -11.5908 -26.3395 27.7671
      vertex -14 -26.2936 28.9806
      vertex -11.5908 -26.1764 27.7913
    endloop
  endfacet
  facet normal 0 0 -1
    outer loop
      vertex -14 5.65 -29.1
      vertex -10.5 29.1 -29.1
      vertex -10.5 5.65 -29.1
    endloop
  endfacet
  facet normal -0 0 -1
    outer loop
      vertex -10.5 29.1 -29.1
      vertex -14 5.65 -29.1
      vertex -14 29.1 -29.1
    endloop
  endfacet
  facet normal 0 0 -1
    outer loop
      vertex -14 -29.1 -29.1
      vertex -10.5 -5.65 -29.1
      vertex -10.5 -29.1 -29.1
    endloop
  endfacet
  facet normal -0 0 -1
    outer loop
      vertex -10.5 -5.65 -29.1
      vertex -14 -29.1 -29.1
      vertex -14 -5.65 -29.1
    endloop
  endfacet
  facet normal -0 0 1
    outer loop
      vertex -14 29.1 29.1
      vertex -10.5 5.65 29.1
      vertex -10.5 29.1 29.1
    endloop
  endfacet
  facet normal 0 0 1
    outer loop
      vertex -10.5 5.65 29.1
      vertex -14 29.1 29.1
      vertex -14 5.65 29.1
    endloop
  endfacet
  facet normal -0 0 1
    outer loop
      vertex -14 -5.65 29.1
      vertex -10.5 -29.1 29.1
      vertex -10.5 -5.65 29.1
    endloop
  endfacet
  facet normal 0 0 1
    outer loop
      vertex -10.5 -29.1 29.1
      vertex -14 -5.65 29.1
      vertex -14 -29.1 29.1
    endloop
  endfacet
  facet normal 0 1 -0
    outer loop
      vertex -10.5 29.1 5.65
      vertex -14 29.1 29.1
      vertex -10.5 29.1 29.1
    endloop
  endfacet
  facet normal 0 1 0
    outer loop
      vertex -14 29.1 29.1
      vertex -10.5 29.1 5.65
      vertex -14 29.1 5.65
    endloop
  endfacet
  facet normal 0 1 -0
    outer loop
      vertex -10.5 29.1 -29.1
      vertex -14 29.1 -5.65
      vertex -10.5 29.1 -5.65
    endloop
  endfacet
  facet normal 0 1 0
    outer loop
      vertex -14 29.1 -5.65
      vertex -10.5 29.1 -29.1
      vertex -14 29.1 -29.1
    endloop
  endfacet
  facet normal 0 -1 0
    outer loop
      vertex -14 -29.1 5.65
      vertex -10.5 -29.1 29.1
      vertex -14 -29.1 29.1
    endloop
  endfacet
  facet normal 0 -1 -0
    outer loop
      vertex -10.5 -29.1 29.1
      vertex -14 -29.1 5.65
      vertex -10.5 -29.1 5.65
    endloop
  endfacet
  facet normal 0 -1 0
    outer loop
      vertex -14 -29.1 -29.1
      vertex -10.5 -29.1 -5.65
      vertex -14 -29.1 -5.65
    endloop
  endfacet
  facet normal 0 -1 -0
    outer loop
      vertex -10.5 -29.1 -5.65
      vertex -14 -29.1 -29.1
      vertex -10.5 -29.1 -29.1
    endloop
  endfacet
  facet normal -0 0 1
    outer loop
      vertex -198 5.25 -24
      vertex -18 -5.25 -24
      vertex -18 5.25 -24
    endloop
  endfacet
  facet normal 0 0 1
    outer loop
      vertex -18 -5.25 -24
      vertex -198 5.25 -24
      vertex -198 -5.25 -24
    endloop
  endfacet
  facet normal -0 0 1
    outer loop
      vertex -198 36.5 -24
      vertex -18 32.5 -24
      vertex -18 36.5 -24
    endloop
  endfacet
  facet normal 0 0 1
    outer loop
      vertex -18 32.5 -24
      vertex -198 36.5 -24
      vertex -198 32.5 -24
    endloop
  endfacet
  facet normal -0 0 1
    outer loop
      vertex -198 -32.5 -24
      vertex -18 -36.5 -24
      vertex -18 -32.5 -24
    endloop
  endfacet
  facet normal 0 0 1
    outer loop
      vertex -18 -36.5 -24
      vertex -198 -32.5 -24
      vertex -198 -36.5 -24
    endloop
  endfacet
  facet normal 0 1 -0
    outer loop
      vertex -18 5.25 -33
      vertex -198 5.25 -24
      vertex -18 5.25 -24
    endloop
  endfacet
  facet normal 0 1 0
    outer loop
      vertex -198 5.25 -24
      vertex -18 5.25 -33
      vertex -198 5.25 -33
    endloop
  endfacet
  facet normal 0 -1 0
    outer loop
      vertex -198 -5.25 -33
      vertex -18 -5.25 -24
      vertex -198 -5.25 -24
    endloop
  endfacet
  facet normal 0 -1 -0
    outer loop
      vertex -18 -5.25 -24
      vertex -198 -5.25 -33
      vertex -18 -5.25 -33
    endloop
  endfacet
  facet normal 0 -0.8576 0.514317
    outer loop
      vertex -11.5908 -24.4973 -26.9899
      vertex -10.5 -24.4125 -26.8485
      vertex -11.5908 -24.4125 -26.8485
    endloop
  endfacet
  facet normal 0 -0.855994 0.516986
    outer loop
      vertex -10.5 -24.5034 -27
      vertex -11.5908 -24.4973 -26.9899
      vertex -11.5908 -24.5034 -27
    endloop
  endfacet
  facet normal -3.14446e-05 -0.857493 0.514496
    outer loop
      vertex -11.5908 -24.4973 -26.9899
      vertex -10.5 -24.5034 -27
      vertex -10.5 -24.4125 -26.8485
    endloop
  endfacet
  facet normal 0 -0.857493 0.514496
    outer loop
      vertex -18 -24.5034 -27
      vertex -14 -24.4125 -26.8485
      vertex -18 -24.4125 -26.8485
    endloop
  endfacet
  facet normal 0 -0.857493 0.514496
    outer loop
      vertex -14 -24.4125 -26.8485
      vertex -18 -24.5034 -27
      vertex -14 -24.5034 -27
    endloop
  endfacet
  facet normal 0 -0.246534 0.969134
    outer loop
      vertex -11.5908 -25.4889 -27.7254
      vertex -10.5 -25.4775 -27.7225
      vertex -11.5908 -25.4775 -27.7225
    endloop
  endfacet
  facet normal -4.0026e-05 -0.242935 0.970042
    outer loop
      vertex -10.5 -25.4775 -27.7225
      vertex -11.5908 -25.4889 -27.7254
      vertex -10.5 -25.6488 -27.7654
    endloop
  endfacet
  facet normal 0 -0.242678 0.970107
    outer loop
      vertex -10.5 -25.6488 -27.7654
      vertex -11.5908 -25.4889 -27.7254
      vertex -11.5908 -25.6488 -27.7654
    endloop
  endfacet
  facet normal 0 -0.242935 0.970042
    outer loop
      vertex -18 -25.4775 -27.7225
      vertex -14 -25.6488 -27.7654
      vertex -14 -25.4775 -27.7225
    endloop
  endfacet
  facet normal 0 -0.242935 0.970042
    outer loop
      vertex -14 -25.6488 -27.7654
      vertex -18 -25.4775 -27.7225
      vertex -18 -25.6488 -27.7654
    endloop
  endfacet
  facet normal 0 0.0507819 0.99871
    outer loop
      vertex -11.5908 -26.0118 -27.7994
      vertex -10.5 -26 -27.8
      vertex -11.5908 -26 -27.8
    endloop
  endfacet
  facet normal 1.65065e-05 0.0492599 0.998786
    outer loop
      vertex -10.5 -26 -27.8
      vertex -11.5908 -26.0118 -27.7994
      vertex -10.5 -26.1764 -27.7913
    endloop
  endfacet
  facet normal 0 0.0491507 0.998791
    outer loop
      vertex -10.5 -26.1764 -27.7913
      vertex -11.5908 -26.0118 -27.7994
      vertex -11.5908 -26.1764 -27.7913
    endloop
  endfacet
  facet normal -0 0.0492599 0.998786
    outer loop
      vertex -18 -26 -27.8
      vertex -14 -26.1764 -27.7913
      vertex -14 -26 -27.8
    endloop
  endfacet
  facet normal 0 0.0492599 0.998786
    outer loop
      vertex -14 -26.1764 -27.7913
      vertex -18 -26 -27.8
      vertex -18 -26.1764 -27.7913
    endloop
  endfacet
  facet normal 0 -0.998791 -0.0491507
    outer loop
      vertex -11.5908 -24.2006 -25.9882
      vertex -10.5 -24.2087 -25.8236
      vertex -11.5908 -24.2087 -25.8236
    endloop
  endfacet
  facet normal -0 -0.99871 -0.0507819
    outer loop
      vertex -10.5 -24.2 -26
      vertex -11.5908 -24.2006 -25.9882
      vertex -11.5908 -24.2 -26
    endloop
  endfacet
  facet normal 1.65065e-05 -0.998786 -0.0492599
    outer loop
      vertex -11.5908 -24.2006 -25.9882
      vertex -10.5 -24.2 -26
      vertex -10.5 -24.2087 -25.8236
    endloop
  endfacet
  facet normal 0 -0.998786 -0.0492599
    outer loop
      vertex -18 -24.2 -26
      vertex -14 -24.2087 -25.8236
      vertex -18 -24.2087 -25.8236
    endloop
  endfacet
  facet normal 0 -0.998786 -0.0492599
    outer loop
      vertex -14 -24.2087 -25.8236
      vertex -18 -24.2 -26
      vertex -14 -24.2 -26
    endloop
  endfacet
  facet normal 0 -0.989608 -0.143789
    outer loop
      vertex -11.5908 -24.2329 -25.6605
      vertex -10.5 -24.2346 -25.6488
      vertex -11.5908 -24.2346 -25.6488
    endloop
  endfacet
  facet normal -0 -0.989171 -0.146768
    outer loop
      vertex -10.5 -24.2087 -25.8236
      vertex -11.5908 -24.2329 -25.6605
      vertex -11.5908 -24.2087 -25.8236
    endloop
  endfacet
  facet normal 3.04534e-05 -0.9892 -0.146569
    outer loop
      vertex -11.5908 -24.2329 -25.6605
      vertex -10.5 -24.2087 -25.8236
      vertex -10.5 -24.2346 -25.6488
    endloop
  endfacet
  facet normal 0 -0.9892 -0.146569
    outer loop
      vertex -18 -24.2087 -25.8236
      vertex -14 -24.2346 -25.6488
      vertex -18 -24.2346 -25.6488
    endloop
  endfacet
  facet normal 0 -0.9892 -0.146569
    outer loop
      vertex -14 -24.2346 -25.6488
      vertex -18 -24.2087 -25.8236
      vertex -14 -24.2087 -25.8236
    endloop
  endfacet
  facet normal 0 0.336721 0.941605
    outer loop
      vertex -11.5908 -26.6777 -27.667
      vertex -10.5 -26.5225 -27.7225
      vertex -11.5908 -26.5225 -27.7225
    endloop
  endfacet
  facet normal -2.46547e-05 0.336874 0.94155
    outer loop
      vertex -10.5 -26.5225 -27.7225
      vertex -11.5908 -26.6777 -27.667
      vertex -10.5 -26.6888 -27.663
    endloop
  endfacet
  facet normal 0 0.33902 0.940779
    outer loop
      vertex -10.5 -26.6888 -27.663
      vertex -11.5908 -26.6777 -27.667
      vertex -11.5908 -26.6888 -27.663
    endloop
  endfacet
  facet normal -0 0.336874 0.94155
    outer loop
      vertex -18 -26.5225 -27.7225
      vertex -14 -26.6888 -27.663
      vertex -14 -26.5225 -27.7225
    endloop
  endfacet
  facet normal 0 0.336874 0.94155
    outer loop
      vertex -14 -26.6888 -27.663
      vertex -18 -26.5225 -27.7225
      vertex -18 -26.6888 -27.663
    endloop
  endfacet
  facet normal 0 -0.940779 -0.33902
    outer loop
      vertex -11.5908 -24.333 -25.3223
      vertex -10.5 -24.337 -25.3112
      vertex -11.5908 -24.337 -25.3112
    endloop
  endfacet
  facet normal -0 -0.941605 -0.336721
    outer loop
      vertex -10.5 -24.2775 -25.4775
      vertex -11.5908 -24.333 -25.3223
      vertex -11.5908 -24.2775 -25.4775
    endloop
  endfacet
  facet normal -2.46547e-05 -0.94155 -0.336874
    outer loop
      vertex -11.5908 -24.333 -25.3223
      vertex -10.5 -24.2775 -25.4775
      vertex -10.5 -24.337 -25.3112
    endloop
  endfacet
  facet normal 0 -0.94155 -0.336874
    outer loop
      vertex -18 -24.2775 -25.4775
      vertex -14 -24.337 -25.3112
      vertex -18 -24.337 -25.3112
    endloop
  endfacet
  facet normal 0 -0.94155 -0.336874
    outer loop
      vertex -14 -24.337 -25.3112
      vertex -18 -24.2775 -25.4775
      vertex -14 -24.2775 -25.4775
    endloop
  endfacet
  facet normal 1.65065e-05 -0.0492599 0.998786
    outer loop
      vertex -10.5 -25.8236 -27.7913
      vertex -11.5908 -25.9882 -27.7994
      vertex -10.5 -26 -27.8
    endloop
  endfacet
  facet normal 0 -0.0491507 0.998791
    outer loop
      vertex -10.5 -25.8236 -27.7913
      vertex -11.5908 -25.8236 -27.7913
      vertex -11.5908 -25.9882 -27.7994
    endloop
  endfacet
  facet normal 0 -0.0507819 0.99871
    outer loop
      vertex -10.5 -26 -27.8
      vertex -11.5908 -25.9882 -27.7994
      vertex -11.5908 -26 -27.8
    endloop
  endfacet
  facet normal 0 -0.0492599 0.998786
    outer loop
      vertex -18 -25.8236 -27.7913
      vertex -14 -26 -27.8
      vertex -14 -25.8236 -27.7913
    endloop
  endfacet
  facet normal 0 -0.0492599 0.998786
    outer loop
      vertex -14 -26 -27.8
      vertex -18 -25.8236 -27.7913
      vertex -18 -26 -27.8
    endloop
  endfacet
  facet normal 0 -0.99871 0.0507819
    outer loop
      vertex -11.5908 -24.2006 -26.0118
      vertex -10.5 -24.2 -26
      vertex -11.5908 -24.2 -26
    endloop
  endfacet
  facet normal 0 -0.998791 0.0491507
    outer loop
      vertex -10.5 -24.2087 -26.1764
      vertex -11.5908 -24.2006 -26.0118
      vertex -11.5908 -24.2087 -26.1764
    endloop
  endfacet
  facet normal 1.65065e-05 -0.998786 0.0492599
    outer loop
      vertex -11.5908 -24.2006 -26.0118
      vertex -10.5 -24.2087 -26.1764
      vertex -10.5 -24.2 -26
    endloop
  endfacet
  facet normal 0 -0.998786 0.0492599
    outer loop
      vertex -18 -24.2087 -26.1764
      vertex -14 -24.2 -26
      vertex -18 -24.2 -26
    endloop
  endfacet
  facet normal 0 -0.998786 0.0492599
    outer loop
      vertex -14 -24.2 -26
      vertex -18 -24.2087 -26.1764
      vertex -14 -24.2087 -26.1764
    endloop
  endfacet
  facet normal 0 -0.430261 -0.902705
    outer loop
      vertex -11.5908 -25.3005 -24.3421
      vertex -10.5 -25.3112 -24.337
      vertex -11.5908 -25.3112 -24.337
    endloop
  endfacet
  facet normal 3.43562e-05 -0.427405 -0.90406
    outer loop
      vertex -10.5 -25.3112 -24.337
      vertex -11.5908 -25.3005 -24.3421
      vertex -10.5 -25.1515 -24.4125
    endloop
  endfacet
  facet normal -0 -0.427199 -0.904158
    outer loop
      vertex -10.5 -25.1515 -24.4125
      vertex -11.5908 -25.3005 -24.3421
      vertex -11.5908 -25.1515 -24.4125
    endloop
  endfacet
  facet normal 0 -0.427405 -0.90406
    outer loop
      vertex -18 -25.3112 -24.337
      vertex -14 -25.1515 -24.4125
      vertex -14 -25.3112 -24.337
    endloop
  endfacet
  facet normal -0 -0.427405 -0.90406
    outer loop
      vertex -14 -25.1515 -24.4125
      vertex -18 -25.3112 -24.337
      vertex -18 -25.1515 -24.4125
    endloop
  endfacet
  facet normal 0 -0.740325 0.672249
    outer loop
      vertex -11.5908 -24.6165 -27.1506
      vertex -10.5 -24.6086 -27.1419
      vertex -11.5908 -24.6086 -27.1419
    endloop
  endfacet
  facet normal 1.27323e-05 -0.741119 0.671374
    outer loop
      vertex -11.5908 -24.7272 -27.2728
      vertex -10.5 -24.6086 -27.1419
      vertex -11.5908 -24.6165 -27.1506
    endloop
  endfacet
  facet normal 0 -0.741066 0.671432
    outer loop
      vertex -10.5 -24.6086 -27.1419
      vertex -11.5908 -24.7272 -27.2728
      vertex -10.5 -24.7272 -27.2728
    endloop
  endfacet
  facet normal 0 -0.741066 0.671432
    outer loop
      vertex -18 -24.7272 -27.2728
      vertex -14 -24.6086 -27.1419
      vertex -18 -24.6086 -27.1419
    endloop
  endfacet
  facet normal 0 -0.741066 0.671432
    outer loop
      vertex -14 -24.6086 -27.1419
      vertex -18 -24.7272 -27.2728
      vertex -14 -24.7272 -27.2728
    endloop
  endfacet
  facet normal 0 -0.741119 -0.671374
    outer loop
      vertex -11.5908 -24.6165 -24.8494
      vertex -10.5 -24.7272 -24.7272
      vertex -11.5908 -24.7272 -24.7272
    endloop
  endfacet
  facet normal -0 -0.740325 -0.672249
    outer loop
      vertex -10.5 -24.6086 -24.8581
      vertex -11.5908 -24.6165 -24.8494
      vertex -11.5908 -24.6086 -24.8581
    endloop
  endfacet
  facet normal 1.18852e-05 -0.741066 -0.671432
    outer loop
      vertex -11.5908 -24.6165 -24.8494
      vertex -10.5 -24.6086 -24.8581
      vertex -10.5 -24.7272 -24.7272
    endloop
  endfacet
  facet normal 0 -0.741066 -0.671432
    outer loop
      vertex -18 -24.6086 -24.8581
      vertex -14 -24.7272 -24.7272
      vertex -18 -24.7272 -24.7272
    endloop
  endfacet
  facet normal 0 -0.741066 -0.671432
    outer loop
      vertex -14 -24.7272 -24.7272
      vertex -18 -24.6086 -24.8581
      vertex -14 -24.6086 -24.8581
    endloop
  endfacet
  facet normal 0 -0.969134 -0.246534
    outer loop
      vertex -11.5908 -24.2746 -25.4889
      vertex -10.5 -24.2775 -25.4775
      vertex -11.5908 -24.2775 -25.4775
    endloop
  endfacet
  facet normal -0 -0.970107 -0.242678
    outer loop
      vertex -10.5 -24.2346 -25.6488
      vertex -11.5908 -24.2746 -25.4889
      vertex -11.5908 -24.2346 -25.6488
    endloop
  endfacet
  facet normal -4.0026e-05 -0.970042 -0.242935
    outer loop
      vertex -11.5908 -24.2746 -25.4889
      vertex -10.5 -24.2346 -25.6488
      vertex -10.5 -24.2775 -25.4775
    endloop
  endfacet
  facet normal 0 -0.970042 -0.242935
    outer loop
      vertex -18 -24.2346 -25.6488
      vertex -14 -24.2775 -25.4775
      vertex -18 -24.2775 -25.4775
    endloop
  endfacet
  facet normal 0 -0.970042 -0.242935
    outer loop
      vertex -14 -24.2775 -25.4775
      vertex -18 -24.2346 -25.6488
      vertex -14 -24.2346 -25.6488
    endloop
  endfacet
  facet normal 0 -0.989171 0.146768
    outer loop
      vertex -11.5908 -24.2329 -26.3395
      vertex -10.5 -24.2087 -26.1764
      vertex -11.5908 -24.2087 -26.1764
    endloop
  endfacet
  facet normal 0 -0.989608 0.143789
    outer loop
      vertex -10.5 -24.2346 -26.3512
      vertex -11.5908 -24.2329 -26.3395
      vertex -11.5908 -24.2346 -26.3512
    endloop
  endfacet
  facet normal 3.04534e-05 -0.9892 0.146569
    outer loop
      vertex -11.5908 -24.2329 -26.3395
      vertex -10.5 -24.2346 -26.3512
      vertex -10.5 -24.2087 -26.1764
    endloop
  endfacet
  facet normal 0 -0.9892 0.146569
    outer loop
      vertex -18 -24.2346 -26.3512
      vertex -14 -24.2087 -26.1764
      vertex -18 -24.2087 -26.1764
    endloop
  endfacet
  facet normal 0 -0.9892 0.146569
    outer loop
      vertex -14 -24.2087 -26.1764
      vertex -18 -24.2346 -26.3512
      vertex -14 -24.2346 -26.3512
    endloop
  endfacet
  facet normal 0 0.741119 -0.671374
    outer loop
      vertex -10.5 -27.2728 -24.7272
      vertex -11.5908 -27.3835 -24.8494
      vertex -11.5908 -27.2728 -24.7272
    endloop
  endfacet
  facet normal 1.18852e-05 0.741066 -0.671432
    outer loop
      vertex -10.5 -27.3914 -24.8581
      vertex -11.5908 -27.3835 -24.8494
      vertex -10.5 -27.2728 -24.7272
    endloop
  endfacet
  facet normal 0 0.740325 -0.672249
    outer loop
      vertex -11.5908 -27.3835 -24.8494
      vertex -10.5 -27.3914 -24.8581
      vertex -11.5908 -27.3914 -24.8581
    endloop
  endfacet
  facet normal 0 0.741066 -0.671432
    outer loop
      vertex -14 -27.3914 -24.8581
      vertex -18 -27.2728 -24.7272
      vertex -14 -27.2728 -24.7272
    endloop
  endfacet
  facet normal 0 0.741066 -0.671432
    outer loop
      vertex -18 -27.2728 -24.7272
      vertex -14 -27.3914 -24.8581
      vertex -18 -27.3914 -24.8581
    endloop
  endfacet
  facet normal 0 0.430261 0.902705
    outer loop
      vertex -11.5908 -26.6995 -27.6579
      vertex -10.5 -26.6888 -27.663
      vertex -11.5908 -26.6888 -27.663
    endloop
  endfacet
  facet normal 3.43562e-05 0.427405 0.90406
    outer loop
      vertex -10.5 -26.6888 -27.663
      vertex -11.5908 -26.6995 -27.6579
      vertex -10.5 -26.8485 -27.5875
    endloop
  endfacet
  facet normal -0 0.427199 0.904158
    outer loop
      vertex -11.5908 -26.8485 -27.5875
      vertex -10.5 -26.8485 -27.5875
      vertex -11.5908 -26.6995 -27.6579
    endloop
  endfacet
  facet normal -0 0.427405 0.90406
    outer loop
      vertex -18 -26.6888 -27.663
      vertex -14 -26.8485 -27.5875
      vertex -14 -26.6888 -27.663
    endloop
  endfacet
  facet normal 0 0.427405 0.90406
    outer loop
      vertex -14 -26.8485 -27.5875
      vertex -18 -26.6888 -27.663
      vertex -18 -26.8485 -27.5875
    endloop
  endfacet
  facet normal 3.16584e-05 -0.595552 0.803316
    outer loop
      vertex -10.5 -24.8581 -27.3914
      vertex -11.5908 -24.8676 -27.3984
      vertex -10.5 -25 -27.4966
    endloop
  endfacet
  facet normal 0 -0.593199 0.805056
    outer loop
      vertex -11.5908 -24.8676 -27.3984
      vertex -10.5 -24.8581 -27.3914
      vertex -11.5908 -24.8581 -27.3914
    endloop
  endfacet
  facet normal 0 -0.595721 0.803192
    outer loop
      vertex -10.5 -25 -27.4966
      vertex -11.5908 -24.8676 -27.3984
      vertex -11.5908 -25 -27.4966
    endloop
  endfacet
  facet normal 0 -0.595552 0.803316
    outer loop
      vertex -18 -24.8581 -27.3914
      vertex -14 -25 -27.4966
      vertex -14 -24.8581 -27.3914
    endloop
  endfacet
  facet normal 0 -0.595552 0.803316
    outer loop
      vertex -14 -25 -27.4966
      vertex -18 -24.8581 -27.3914
      vertex -18 -25 -27.4966
    endloop
  endfacet
  facet normal 0 -0.805056 -0.593199
    outer loop
      vertex -11.5908 -24.6016 -24.8676
      vertex -10.5 -24.6086 -24.8581
      vertex -11.5908 -24.6086 -24.8581
    endloop
  endfacet
  facet normal 3.39247e-05 -0.803192 -0.595721
    outer loop
      vertex -11.5908 -24.5034 -25
      vertex -10.5 -24.6086 -24.8581
      vertex -11.5908 -24.6016 -24.8676
    endloop
  endfacet
  facet normal 0 -0.803316 -0.595552
    outer loop
      vertex -10.5 -24.6086 -24.8581
      vertex -11.5908 -24.5034 -25
      vertex -10.5 -24.5034 -25
    endloop
  endfacet
  facet normal 0 -0.803316 -0.595552
    outer loop
      vertex -18 -24.5034 -25
      vertex -14 -24.6086 -24.8581
      vertex -18 -24.6086 -24.8581
    endloop
  endfacet
  facet normal 0 -0.803316 -0.595552
    outer loop
      vertex -14 -24.6086 -24.8581
      vertex -18 -24.5034 -25
      vertex -14 -24.5034 -25
    endloop
  endfacet
  facet normal 0 0.146768 0.989171
    outer loop
      vertex -11.5908 -26.3395 -27.7671
      vertex -10.5 -26.1764 -27.7913
      vertex -11.5908 -26.1764 -27.7913
    endloop
  endfacet
  facet normal 3.04534e-05 0.146569 0.9892
    outer loop
      vertex -10.5 -26.1764 -27.7913
      vertex -11.5908 -26.3395 -27.7671
      vertex -10.5 -26.3512 -27.7654
    endloop
  endfacet
  facet normal 0 0.143789 0.989608
    outer loop
      vertex -10.5 -26.3512 -27.7654
      vertex -11.5908 -26.3395 -27.7671
      vertex -11.5908 -26.3512 -27.7654
    endloop
  endfacet
  facet normal -0 0.146569 0.9892
    outer loop
      vertex -18 -26.1764 -27.7913
      vertex -14 -26.3512 -27.7654
      vertex -14 -26.1764 -27.7913
    endloop
  endfacet
  facet normal 0 0.146569 0.9892
    outer loop
      vertex -14 -26.3512 -27.7654
      vertex -18 -26.1764 -27.7913
      vertex -18 -26.3512 -27.7654
    endloop
  endfacet
  facet normal 0 0.99871 0.0507819
    outer loop
      vertex -10.5 -27.8 -26
      vertex -11.5908 -27.7994 -26.0118
      vertex -11.5908 -27.8 -26
    endloop
  endfacet
  facet normal 1.65065e-05 0.998786 0.0492599
    outer loop
      vertex -10.5 -27.7913 -26.1764
      vertex -11.5908 -27.7994 -26.0118
      vertex -10.5 -27.8 -26
    endloop
  endfacet
  facet normal 0 0.998791 0.0491507
    outer loop
      vertex -11.5908 -27.7994 -26.0118
      vertex -10.5 -27.7913 -26.1764
      vertex -11.5908 -27.7913 -26.1764
    endloop
  endfacet
  facet normal 0 0.998786 0.0492599
    outer loop
      vertex -14 -27.7913 -26.1764
      vertex -18 -27.8 -26
      vertex -14 -27.8 -26
    endloop
  endfacet
  facet normal 0 0.998786 0.0492599
    outer loop
      vertex -18 -27.8 -26
      vertex -14 -27.7913 -26.1764
      vertex -18 -27.7913 -26.1764
    endloop
  endfacet
  facet normal 0 0.970107 0.242678
    outer loop
      vertex -10.5 -27.7654 -26.3512
      vertex -11.5908 -27.7254 -26.5111
      vertex -11.5908 -27.7654 -26.3512
    endloop
  endfacet
  facet normal -4.0026e-05 0.970042 0.242935
    outer loop
      vertex -10.5 -27.7225 -26.5225
      vertex -11.5908 -27.7254 -26.5111
      vertex -10.5 -27.7654 -26.3512
    endloop
  endfacet
  facet normal 0 0.969134 0.246534
    outer loop
      vertex -11.5908 -27.7254 -26.5111
      vertex -10.5 -27.7225 -26.5225
      vertex -11.5908 -27.7225 -26.5225
    endloop
  endfacet
  facet normal 0 0.970042 0.242935
    outer loop
      vertex -14 -27.7225 -26.5225
      vertex -18 -27.7654 -26.3512
      vertex -14 -27.7654 -26.3512
    endloop
  endfacet
  facet normal 0 0.970042 0.242935
    outer loop
      vertex -18 -27.7654 -26.3512
      vertex -14 -27.7225 -26.5225
      vertex -18 -27.7225 -26.5225
    endloop
  endfacet
  facet normal 0 0.805056 -0.593199
    outer loop
      vertex -10.5 -27.3914 -24.8581
      vertex -11.5908 -27.3984 -24.8676
      vertex -11.5908 -27.3914 -24.8581
    endloop
  endfacet
  facet normal 3.16584e-05 0.803316 -0.595552
    outer loop
      vertex -10.5 -27.4966 -25
      vertex -11.5908 -27.3984 -24.8676
      vertex -10.5 -27.3914 -24.8581
    endloop
  endfacet
  facet normal 0 0.803192 -0.595721
    outer loop
      vertex -11.5908 -27.3984 -24.8676
      vertex -10.5 -27.4966 -25
      vertex -11.5908 -27.4966 -25
    endloop
  endfacet
  facet normal 0 0.803316 -0.595552
    outer loop
      vertex -14 -27.4966 -25
      vertex -18 -27.3914 -24.8581
      vertex -14 -27.3914 -24.8581
    endloop
  endfacet
  facet normal 0 0.803316 -0.595552
    outer loop
      vertex -18 -27.3914 -24.8581
      vertex -14 -27.4966 -25
      vertex -18 -27.4966 -25
    endloop
  endfacet
  facet normal 0 0.8576 0.514317
    outer loop
      vertex -10.5 -27.5875 -26.8485
      vertex -11.5908 -27.5027 -26.9899
      vertex -11.5908 -27.5875 -26.8485
    endloop
  endfacet
  facet normal -3.14446e-05 0.857493 0.514496
    outer loop
      vertex -10.5 -27.4966 -27
      vertex -11.5908 -27.5027 -26.9899
      vertex -10.5 -27.5875 -26.8485
    endloop
  endfacet
  facet normal 0 0.855994 0.516986
    outer loop
      vertex -11.5908 -27.5027 -26.9899
      vertex -10.5 -27.4966 -27
      vertex -11.5908 -27.4966 -27
    endloop
  endfacet
  facet normal 0 0.857493 0.514496
    outer loop
      vertex -14 -27.4966 -27
      vertex -18 -27.5875 -26.8485
      vertex -14 -27.5875 -26.8485
    endloop
  endfacet
  facet normal 0 0.857493 0.514496
    outer loop
      vertex -18 -27.5875 -26.8485
      vertex -14 -27.4966 -27
      vertex -18 -27.4966 -27
    endloop
  endfacet
  facet normal 0 0.671432 -0.741066
    outer loop
      vertex -11.5908 -27.2728 -24.7272
      vertex -10.5 -27.1419 -24.6086
      vertex -10.5 -27.2728 -24.7272
    endloop
  endfacet
  facet normal 1.27323e-05 0.671374 -0.741119
    outer loop
      vertex -11.5908 -27.1506 -24.6165
      vertex -10.5 -27.1419 -24.6086
      vertex -11.5908 -27.2728 -24.7272
    endloop
  endfacet
  facet normal 0 0.672249 -0.740325
    outer loop
      vertex -11.5908 -27.1419 -24.6086
      vertex -10.5 -27.1419 -24.6086
      vertex -11.5908 -27.1506 -24.6165
    endloop
  endfacet
  facet normal 0 0.671432 -0.741066
    outer loop
      vertex -18 -27.2728 -24.7272
      vertex -14 -27.1419 -24.6086
      vertex -14 -27.2728 -24.7272
    endloop
  endfacet
  facet normal 0 0.671432 -0.741066
    outer loop
      vertex -14 -27.1419 -24.6086
      vertex -18 -27.2728 -24.7272
      vertex -18 -27.1419 -24.6086
    endloop
  endfacet
  facet normal 0 0.143789 -0.989608
    outer loop
      vertex -11.5908 -26.3395 -24.2329
      vertex -10.5 -26.3512 -24.2346
      vertex -11.5908 -26.3512 -24.2346
    endloop
  endfacet
  facet normal 3.04534e-05 0.146569 -0.9892
    outer loop
      vertex -10.5 -26.3512 -24.2346
      vertex -11.5908 -26.3395 -24.2329
      vertex -10.5 -26.1764 -24.2087
    endloop
  endfacet
  facet normal 0 0.146768 -0.989171
    outer loop
      vertex -11.5908 -26.1764 -24.2087
      vertex -10.5 -26.1764 -24.2087
      vertex -11.5908 -26.3395 -24.2329
    endloop
  endfacet
  facet normal 0 0.146569 -0.9892
    outer loop
      vertex -18 -26.3512 -24.2346
      vertex -14 -26.1764 -24.2087
      vertex -14 -26.3512 -24.2346
    endloop
  endfacet
  facet normal 0 0.146569 -0.9892
    outer loop
      vertex -14 -26.1764 -24.2087
      vertex -18 -26.3512 -24.2346
      vertex -18 -26.1764 -24.2087
    endloop
  endfacet
  facet normal 0 0.998791 -0.0491507
    outer loop
      vertex -10.5 -27.7913 -25.8236
      vertex -11.5908 -27.7994 -25.9882
      vertex -11.5908 -27.7913 -25.8236
    endloop
  endfacet
  facet normal 1.65065e-05 0.998786 -0.0492599
    outer loop
      vertex -10.5 -27.8 -26
      vertex -11.5908 -27.7994 -25.9882
      vertex -10.5 -27.7913 -25.8236
    endloop
  endfacet
  facet normal 0 0.99871 -0.0507819
    outer loop
      vertex -11.5908 -27.7994 -25.9882
      vertex -10.5 -27.8 -26
      vertex -11.5908 -27.8 -26
    endloop
  endfacet
  facet normal 0 0.998786 -0.0492599
    outer loop
      vertex -14 -27.8 -26
      vertex -18 -27.7913 -25.8236
      vertex -14 -27.7913 -25.8236
    endloop
  endfacet
  facet normal 0 0.998786 -0.0492599
    outer loop
      vertex -18 -27.7913 -25.8236
      vertex -14 -27.8 -26
      vertex -18 -27.8 -26
    endloop
  endfacet
  facet normal 0 0.672249 0.740325
    outer loop
      vertex -11.5908 -27.1506 -27.3835
      vertex -10.5 -27.1419 -27.3914
      vertex -11.5908 -27.1419 -27.3914
    endloop
  endfacet
  facet normal 1.18852e-05 0.671432 0.741066
    outer loop
      vertex -10.5 -27.1419 -27.3914
      vertex -11.5908 -27.1506 -27.3835
      vertex -10.5 -27.2728 -27.2728
    endloop
  endfacet
  facet normal 0 0.671374 0.741119
    outer loop
      vertex -10.5 -27.2728 -27.2728
      vertex -11.5908 -27.1506 -27.3835
      vertex -11.5908 -27.2728 -27.2728
    endloop
  endfacet
  facet normal -0 0.671432 0.741066
    outer loop
      vertex -18 -27.1419 -27.3914
      vertex -14 -27.2728 -27.2728
      vertex -14 -27.1419 -27.3914
    endloop
  endfacet
  facet normal 0 0.671432 0.741066
    outer loop
      vertex -14 -27.2728 -27.2728
      vertex -18 -27.1419 -27.3914
      vertex -18 -27.2728 -27.2728
    endloop
  endfacet
  facet normal 0 -0.146768 -0.989171
    outer loop
      vertex -11.5908 -25.6605 -24.2329
      vertex -10.5 -25.8236 -24.2087
      vertex -11.5908 -25.8236 -24.2087
    endloop
  endfacet
  facet normal 3.04534e-05 -0.146569 -0.9892
    outer loop
      vertex -10.5 -25.8236 -24.2087
      vertex -11.5908 -25.6605 -24.2329
      vertex -10.5 -25.6488 -24.2346
    endloop
  endfacet
  facet normal -0 -0.143789 -0.989608
    outer loop
      vertex -10.5 -25.6488 -24.2346
      vertex -11.5908 -25.6605 -24.2329
      vertex -11.5908 -25.6488 -24.2346
    endloop
  endfacet
  facet normal 0 -0.146569 -0.9892
    outer loop
      vertex -18 -25.8236 -24.2087
      vertex -14 -25.6488 -24.2346
      vertex -14 -25.8236 -24.2087
    endloop
  endfacet
  facet normal -0 -0.146569 -0.9892
    outer loop
      vertex -14 -25.6488 -24.2346
      vertex -18 -25.8236 -24.2087
      vertex -18 -25.6488 -24.2346
    endloop
  endfacet
  facet normal 0 -0.143789 0.989608
    outer loop
      vertex -11.5908 -25.6605 -27.7671
      vertex -10.5 -25.6488 -27.7654
      vertex -11.5908 -25.6488 -27.7654
    endloop
  endfacet
  facet normal 3.04534e-05 -0.146569 0.9892
    outer loop
      vertex -10.5 -25.6488 -27.7654
      vertex -11.5908 -25.6605 -27.7671
      vertex -10.5 -25.8236 -27.7913
    endloop
  endfacet
  facet normal 0 -0.146768 0.989171
    outer loop
      vertex -10.5 -25.8236 -27.7913
      vertex -11.5908 -25.6605 -27.7671
      vertex -11.5908 -25.8236 -27.7913
    endloop
  endfacet
  facet normal 0 -0.146569 0.9892
    outer loop
      vertex -18 -25.6488 -27.7654
      vertex -14 -25.8236 -27.7913
      vertex -14 -25.6488 -27.7654
    endloop
  endfacet
  facet normal 0 -0.146569 0.9892
    outer loop
      vertex -14 -25.8236 -27.7913
      vertex -18 -25.6488 -27.7654
      vertex -18 -25.8236 -27.7913
    endloop
  endfacet
  facet normal -0 0.595552 0.803316
    outer loop
      vertex -11.5908 -27 -27.4966
      vertex -10.5 -27.1419 -27.3914
      vertex -10.5 -27 -27.4966
    endloop
  endfacet
  facet normal 3.39247e-05 0.595721 0.803192
    outer loop
      vertex -11.5908 -27.1324 -27.3984
      vertex -10.5 -27.1419 -27.3914
      vertex -11.5908 -27 -27.4966
    endloop
  endfacet
  facet normal 0 0.593199 0.805056
    outer loop
      vertex -10.5 -27.1419 -27.3914
      vertex -11.5908 -27.1324 -27.3984
      vertex -11.5908 -27.1419 -27.3914
    endloop
  endfacet
  facet normal -0 0.595552 0.803316
    outer loop
      vertex -18 -27 -27.4966
      vertex -14 -27.1419 -27.3914
      vertex -14 -27 -27.4966
    endloop
  endfacet
  facet normal 0 0.595552 0.803316
    outer loop
      vertex -14 -27.1419 -27.3914
      vertex -18 -27 -27.4966
      vertex -18 -27.1419 -27.3914
    endloop
  endfacet
  facet normal 0 0.593199 -0.805056
    outer loop
      vertex -11.5908 -27.1324 -24.6016
      vertex -10.5 -27.1419 -24.6086
      vertex -11.5908 -27.1419 -24.6086
    endloop
  endfacet
  facet normal 3.16584e-05 0.595552 -0.803316
    outer loop
      vertex -10.5 -27.1419 -24.6086
      vertex -11.5908 -27.1324 -24.6016
      vertex -10.5 -27 -24.5034
    endloop
  endfacet
  facet normal 0 0.595721 -0.803192
    outer loop
      vertex -10.5 -27 -24.5034
      vertex -11.5908 -27.1324 -24.6016
      vertex -11.5908 -27 -24.5034
    endloop
  endfacet
  facet normal 0 0.595552 -0.803316
    outer loop
      vertex -18 -27.1419 -24.6086
      vertex -14 -27 -24.5034
      vertex -14 -27.1419 -24.6086
    endloop
  endfacet
  facet normal 0 0.595552 -0.803316
    outer loop
      vertex -14 -27 -24.5034
      vertex -18 -27.1419 -24.6086
      vertex -18 -27 -24.5034
    endloop
  endfacet
  facet normal 0 -0.941605 0.336721
    outer loop
      vertex -11.5908 -24.333 -26.6777
      vertex -10.5 -24.2775 -26.5225
      vertex -11.5908 -24.2775 -26.5225
    endloop
  endfacet
  facet normal 0 -0.940779 0.33902
    outer loop
      vertex -10.5 -24.337 -26.6888
      vertex -11.5908 -24.333 -26.6777
      vertex -11.5908 -24.337 -26.6888
    endloop
  endfacet
  facet normal -2.46547e-05 -0.94155 0.336874
    outer loop
      vertex -11.5908 -24.333 -26.6777
      vertex -10.5 -24.337 -26.6888
      vertex -10.5 -24.2775 -26.5225
    endloop
  endfacet
  facet normal 0 -0.94155 0.336874
    outer loop
      vertex -18 -24.337 -26.6888
      vertex -14 -24.2775 -26.5225
      vertex -18 -24.2775 -26.5225
    endloop
  endfacet
  facet normal 0 -0.94155 0.336874
    outer loop
      vertex -14 -24.2775 -26.5225
      vertex -18 -24.337 -26.6888
      vertex -14 -24.337 -26.6888
    endloop
  endfacet
  facet normal 0 -0.902705 0.430261
    outer loop
      vertex -11.5908 -24.3421 -26.6995
      vertex -10.5 -24.337 -26.6888
      vertex -11.5908 -24.337 -26.6888
    endloop
  endfacet
  facet normal 3.68274e-05 -0.904158 0.427199
    outer loop
      vertex -11.5908 -24.4125 -26.8485
      vertex -10.5 -24.337 -26.6888
      vertex -11.5908 -24.3421 -26.6995
    endloop
  endfacet
  facet normal 0 -0.90406 0.427405
    outer loop
      vertex -10.5 -24.337 -26.6888
      vertex -11.5908 -24.4125 -26.8485
      vertex -10.5 -24.4125 -26.8485
    endloop
  endfacet
  facet normal 0 -0.90406 0.427405
    outer loop
      vertex -18 -24.4125 -26.8485
      vertex -14 -24.337 -26.6888
      vertex -18 -24.337 -26.6888
    endloop
  endfacet
  facet normal 0 -0.90406 0.427405
    outer loop
      vertex -14 -24.337 -26.6888
      vertex -18 -24.4125 -26.8485
      vertex -14 -24.4125 -26.8485
    endloop
  endfacet
  facet normal 0 -0.33902 0.940779
    outer loop
      vertex -11.5908 -25.3223 -27.667
      vertex -10.5 -25.3112 -27.663
      vertex -11.5908 -25.3112 -27.663
    endloop
  endfacet
  facet normal -2.46547e-05 -0.336874 0.94155
    outer loop
      vertex -10.5 -25.3112 -27.663
      vertex -11.5908 -25.3223 -27.667
      vertex -10.5 -25.4775 -27.7225
    endloop
  endfacet
  facet normal 0 -0.336721 0.941605
    outer loop
      vertex -10.5 -25.4775 -27.7225
      vertex -11.5908 -25.3223 -27.667
      vertex -11.5908 -25.4775 -27.7225
    endloop
  endfacet
  facet normal 0 -0.336874 0.94155
    outer loop
      vertex -18 -25.3112 -27.663
      vertex -14 -25.4775 -27.7225
      vertex -14 -25.3112 -27.663
    endloop
  endfacet
  facet normal 0 -0.336874 0.94155
    outer loop
      vertex -14 -25.4775 -27.7225
      vertex -18 -25.3112 -27.663
      vertex -18 -25.4775 -27.7225
    endloop
  endfacet
  facet normal 0 0.989608 -0.143789
    outer loop
      vertex -10.5 -27.7654 -25.6488
      vertex -11.5908 -27.7671 -25.6605
      vertex -11.5908 -27.7654 -25.6488
    endloop
  endfacet
  facet normal 3.04534e-05 0.9892 -0.146569
    outer loop
      vertex -10.5 -27.7913 -25.8236
      vertex -11.5908 -27.7671 -25.6605
      vertex -10.5 -27.7654 -25.6488
    endloop
  endfacet
  facet normal 0 0.989171 -0.146768
    outer loop
      vertex -11.5908 -27.7671 -25.6605
      vertex -10.5 -27.7913 -25.8236
      vertex -11.5908 -27.7913 -25.8236
    endloop
  endfacet
  facet normal 0 0.9892 -0.146569
    outer loop
      vertex -14 -27.7913 -25.8236
      vertex -18 -27.7654 -25.6488
      vertex -14 -27.7654 -25.6488
    endloop
  endfacet
  facet normal 0 0.9892 -0.146569
    outer loop
      vertex -18 -27.7654 -25.6488
      vertex -14 -27.7913 -25.8236
      vertex -18 -27.7913 -25.8236
    endloop
  endfacet
  facet normal 0 -0.595552 -0.803316
    outer loop
      vertex -11.5908 -25 -24.5034
      vertex -10.5 -24.8581 -24.6086
      vertex -10.5 -25 -24.5034
    endloop
  endfacet
  facet normal 3.39247e-05 -0.595721 -0.803192
    outer loop
      vertex -11.5908 -24.8676 -24.6016
      vertex -10.5 -24.8581 -24.6086
      vertex -11.5908 -25 -24.5034
    endloop
  endfacet
  facet normal -0 -0.593199 -0.805056
    outer loop
      vertex -10.5 -24.8581 -24.6086
      vertex -11.5908 -24.8676 -24.6016
      vertex -11.5908 -24.8581 -24.6086
    endloop
  endfacet
  facet normal 0 -0.595552 -0.803316
    outer loop
      vertex -18 -25 -24.5034
      vertex -14 -24.8581 -24.6086
      vertex -14 -25 -24.5034
    endloop
  endfacet
  facet normal -0 -0.595552 -0.803316
    outer loop
      vertex -14 -24.8581 -24.6086
      vertex -18 -25 -24.5034
      vertex -18 -24.8581 -24.6086
    endloop
  endfacet
  facet normal 3.43562e-05 -0.427405 0.90406
    outer loop
      vertex -10.5 -25.1515 -27.5875
      vertex -11.5908 -25.3005 -27.6579
      vertex -10.5 -25.3112 -27.663
    endloop
  endfacet
  facet normal 0 -0.427199 0.904158
    outer loop
      vertex -10.5 -25.1515 -27.5875
      vertex -11.5908 -25.1515 -27.5875
      vertex -11.5908 -25.3005 -27.6579
    endloop
  endfacet
  facet normal 0 -0.430261 0.902705
    outer loop
      vertex -10.5 -25.3112 -27.663
      vertex -11.5908 -25.3005 -27.6579
      vertex -11.5908 -25.3112 -27.663
    endloop
  endfacet
  facet normal 0 -0.427405 0.90406
    outer loop
      vertex -18 -25.1515 -27.5875
      vertex -14 -25.3112 -27.663
      vertex -14 -25.1515 -27.5875
    endloop
  endfacet
  facet normal 0 -0.427405 0.90406
    outer loop
      vertex -14 -25.3112 -27.663
      vertex -18 -25.1515 -27.5875
      vertex -18 -25.3112 -27.663
    endloop
  endfacet
  facet normal 0 0.989171 0.146768
    outer loop
      vertex -10.5 -27.7913 -26.1764
      vertex -11.5908 -27.7671 -26.3395
      vertex -11.5908 -27.7913 -26.1764
    endloop
  endfacet
  facet normal 3.04534e-05 0.9892 0.146569
    outer loop
      vertex -10.5 -27.7654 -26.3512
      vertex -11.5908 -27.7671 -26.3395
      vertex -10.5 -27.7913 -26.1764
    endloop
  endfacet
  facet normal 0 0.989608 0.143789
    outer loop
      vertex -11.5908 -27.7671 -26.3395
      vertex -10.5 -27.7654 -26.3512
      vertex -11.5908 -27.7654 -26.3512
    endloop
  endfacet
  facet normal 0 0.9892 0.146569
    outer loop
      vertex -14 -27.7654 -26.3512
      vertex -18 -27.7913 -26.1764
      vertex -14 -27.7913 -26.1764
    endloop
  endfacet
  facet normal 0 0.9892 0.146569
    outer loop
      vertex -18 -27.7913 -26.1764
      vertex -14 -27.7654 -26.3512
      vertex -18 -27.7654 -26.3512
    endloop
  endfacet
  facet normal 0 0.969134 -0.246534
    outer loop
      vertex -10.5 -27.7225 -25.4775
      vertex -11.5908 -27.7254 -25.4889
      vertex -11.5908 -27.7225 -25.4775
    endloop
  endfacet
  facet normal -4.0026e-05 0.970042 -0.242935
    outer loop
      vertex -10.5 -27.7654 -25.6488
      vertex -11.5908 -27.7254 -25.4889
      vertex -10.5 -27.7225 -25.4775
    endloop
  endfacet
  facet normal 0 0.970107 -0.242678
    outer loop
      vertex -11.5908 -27.7254 -25.4889
      vertex -10.5 -27.7654 -25.6488
      vertex -11.5908 -27.7654 -25.6488
    endloop
  endfacet
  facet normal 0 0.970042 -0.242935
    outer loop
      vertex -14 -27.7654 -25.6488
      vertex -18 -27.7225 -25.4775
      vertex -14 -27.7225 -25.4775
    endloop
  endfacet
  facet normal 0 0.970042 -0.242935
    outer loop
      vertex -18 -27.7225 -25.4775
      vertex -14 -27.7654 -25.6488
      vertex -18 -27.7654 -25.6488
    endloop
  endfacet
  facet normal 3.43562e-05 0.427405 -0.90406
    outer loop
      vertex -10.5 -26.8485 -24.4125
      vertex -11.5908 -26.6995 -24.3421
      vertex -10.5 -26.6888 -24.337
    endloop
  endfacet
  facet normal 0 0.427199 -0.904158
    outer loop
      vertex -11.5908 -26.6995 -24.3421
      vertex -10.5 -26.8485 -24.4125
      vertex -11.5908 -26.8485 -24.4125
    endloop
  endfacet
  facet normal 0 0.430261 -0.902705
    outer loop
      vertex -10.5 -26.6888 -24.337
      vertex -11.5908 -26.6995 -24.3421
      vertex -11.5908 -26.6888 -24.337
    endloop
  endfacet
  facet normal 0 0.427405 -0.90406
    outer loop
      vertex -18 -26.8485 -24.4125
      vertex -14 -26.6888 -24.337
      vertex -14 -26.8485 -24.4125
    endloop
  endfacet
  facet normal 0 0.427405 -0.90406
    outer loop
      vertex -14 -26.6888 -24.337
      vertex -18 -26.8485 -24.4125
      vertex -18 -26.6888 -24.337
    endloop
  endfacet
  facet normal 0 -0.803192 0.595721
    outer loop
      vertex -11.5908 -24.6016 -27.1324
      vertex -10.5 -24.5034 -27
      vertex -11.5908 -24.5034 -27
    endloop
  endfacet
  facet normal 0 -0.805056 0.593199
    outer loop
      vertex -10.5 -24.6086 -27.1419
      vertex -11.5908 -24.6016 -27.1324
      vertex -11.5908 -24.6086 -27.1419
    endloop
  endfacet
  facet normal 3.16584e-05 -0.803316 0.595552
    outer loop
      vertex -11.5908 -24.6016 -27.1324
      vertex -10.5 -24.6086 -27.1419
      vertex -10.5 -24.5034 -27
    endloop
  endfacet
  facet normal 0 -0.803316 0.595552
    outer loop
      vertex -18 -24.6086 -27.1419
      vertex -14 -24.5034 -27
      vertex -18 -24.5034 -27
    endloop
  endfacet
  facet normal 0 -0.803316 0.595552
    outer loop
      vertex -14 -24.5034 -27
      vertex -18 -24.6086 -27.1419
      vertex -14 -24.6086 -27.1419
    endloop
  endfacet
  facet normal 0 0.902705 0.430261
    outer loop
      vertex -10.5 -27.663 -26.6888
      vertex -11.5908 -27.6579 -26.6995
      vertex -11.5908 -27.663 -26.6888
    endloop
  endfacet
  facet normal 3.68274e-05 0.904158 0.427199
    outer loop
      vertex -10.5 -27.663 -26.6888
      vertex -11.5908 -27.5875 -26.8485
      vertex -11.5908 -27.6579 -26.6995
    endloop
  endfacet
  facet normal 0 0.90406 0.427405
    outer loop
      vertex -10.5 -27.5875 -26.8485
      vertex -11.5908 -27.5875 -26.8485
      vertex -10.5 -27.663 -26.6888
    endloop
  endfacet
  facet normal 0 0.90406 0.427405
    outer loop
      vertex -14 -27.5875 -26.8485
      vertex -18 -27.663 -26.6888
      vertex -14 -27.663 -26.6888
    endloop
  endfacet
  facet normal 0 0.90406 0.427405
    outer loop
      vertex -18 -27.663 -26.6888
      vertex -14 -27.5875 -26.8485
      vertex -18 -27.5875 -26.8485
    endloop
  endfacet
  facet normal -4.0026e-05 0.242935 0.970042
    outer loop
      vertex -10.5 -26.3512 -27.7654
      vertex -11.5908 -26.5111 -27.7254
      vertex -10.5 -26.5225 -27.7225
    endloop
  endfacet
  facet normal 0 0.242678 0.970107
    outer loop
      vertex -11.5908 -26.5111 -27.7254
      vertex -10.5 -26.3512 -27.7654
      vertex -11.5908 -26.3512 -27.7654
    endloop
  endfacet
  facet normal 0 0.246534 0.969134
    outer loop
      vertex -10.5 -26.5225 -27.7225
      vertex -11.5908 -26.5111 -27.7254
      vertex -11.5908 -26.5225 -27.7225
    endloop
  endfacet
  facet normal -0 0.242935 0.970042
    outer loop
      vertex -18 -26.3512 -27.7654
      vertex -14 -26.5225 -27.7225
      vertex -14 -26.3512 -27.7654
    endloop
  endfacet
  facet normal 0 0.242935 0.970042
    outer loop
      vertex -14 -26.5225 -27.7225
      vertex -18 -26.3512 -27.7654
      vertex -18 -26.5225 -27.7225
    endloop
  endfacet
  facet normal 0 -0.904158 -0.427199
    outer loop
      vertex -11.5908 -24.3421 -25.3005
      vertex -10.5 -24.4125 -25.1515
      vertex -11.5908 -24.4125 -25.1515
    endloop
  endfacet
  facet normal -0 -0.902705 -0.430261
    outer loop
      vertex -10.5 -24.337 -25.3112
      vertex -11.5908 -24.3421 -25.3005
      vertex -11.5908 -24.337 -25.3112
    endloop
  endfacet
  facet normal 3.43562e-05 -0.90406 -0.427405
    outer loop
      vertex -11.5908 -24.3421 -25.3005
      vertex -10.5 -24.337 -25.3112
      vertex -10.5 -24.4125 -25.1515
    endloop
  endfacet
  facet normal 0 -0.90406 -0.427405
    outer loop
      vertex -18 -24.337 -25.3112
      vertex -14 -24.4125 -25.1515
      vertex -18 -24.4125 -25.1515
    endloop
  endfacet
  facet normal 0 -0.90406 -0.427405
    outer loop
      vertex -14 -24.4125 -25.1515
      vertex -18 -24.337 -25.3112
      vertex -14 -24.337 -25.3112
    endloop
  endfacet
  facet normal 0 -0.0507819 -0.99871
    outer loop
      vertex -11.5908 -25.9882 -24.2006
      vertex -10.5 -26 -24.2
      vertex -11.5908 -26 -24.2
    endloop
  endfacet
  facet normal 1.65065e-05 -0.0492599 -0.998786
    outer loop
      vertex -10.5 -26 -24.2
      vertex -11.5908 -25.9882 -24.2006
      vertex -10.5 -25.8236 -24.2087
    endloop
  endfacet
  facet normal -0 -0.0491507 -0.998791
    outer loop
      vertex -10.5 -25.8236 -24.2087
      vertex -11.5908 -25.9882 -24.2006
      vertex -11.5908 -25.8236 -24.2087
    endloop
  endfacet
  facet normal 0 -0.0492599 -0.998786
    outer loop
      vertex -18 -26 -24.2
      vertex -14 -25.8236 -24.2087
      vertex -14 -26 -24.2
    endloop
  endfacet
  facet normal -0 -0.0492599 -0.998786
    outer loop
      vertex -14 -25.8236 -24.2087
      vertex -18 -26 -24.2
      vertex -18 -25.8236 -24.2087
    endloop
  endfacet
  facet normal 0 -0.516986 0.855994
    outer loop
      vertex -11.5908 -25.0101 -27.5027
      vertex -10.5 -25 -27.4966
      vertex -11.5908 -25 -27.4966
    endloop
  endfacet
  facet normal -3.14446e-05 -0.514496 0.857493
    outer loop
      vertex -10.5 -25 -27.4966
      vertex -11.5908 -25.0101 -27.5027
      vertex -10.5 -25.1515 -27.5875
    endloop
  endfacet
  facet normal 0 -0.514317 0.8576
    outer loop
      vertex -10.5 -25.1515 -27.5875
      vertex -11.5908 -25.0101 -27.5027
      vertex -11.5908 -25.1515 -27.5875
    endloop
  endfacet
  facet normal 0 -0.514496 0.857493
    outer loop
      vertex -18 -25 -27.4966
      vertex -14 -25.1515 -27.5875
      vertex -14 -25 -27.4966
    endloop
  endfacet
  facet normal 0 -0.514496 0.857493
    outer loop
      vertex -14 -25.1515 -27.5875
      vertex -18 -25 -27.4966
      vertex -18 -25.1515 -27.5875
    endloop
  endfacet
  facet normal 0 0.855994 -0.516986
    outer loop
      vertex -10.5 -27.4966 -25
      vertex -11.5908 -27.5027 -25.0101
      vertex -11.5908 -27.4966 -25
    endloop
  endfacet
  facet normal -3.14446e-05 0.857493 -0.514496
    outer loop
      vertex -10.5 -27.5875 -25.1515
      vertex -11.5908 -27.5027 -25.0101
      vertex -10.5 -27.4966 -25
    endloop
  endfacet
  facet normal 0 0.8576 -0.514317
    outer loop
      vertex -11.5908 -27.5027 -25.0101
      vertex -10.5 -27.5875 -25.1515
      vertex -11.5908 -27.5875 -25.1515
    endloop
  endfacet
  facet normal 0 0.857493 -0.514496
    outer loop
      vertex -14 -27.5875 -25.1515
      vertex -18 -27.4966 -25
      vertex -14 -27.4966 -25
    endloop
  endfacet
  facet normal 0 0.857493 -0.514496
    outer loop
      vertex -18 -27.4966 -25
      vertex -14 -27.5875 -25.1515
      vertex -18 -27.5875 -25.1515
    endloop
  endfacet
  facet normal 0 -0.855994 -0.516986
    outer loop
      vertex -11.5908 -24.4973 -25.0101
      vertex -10.5 -24.5034 -25
      vertex -11.5908 -24.5034 -25
    endloop
  endfacet
  facet normal -3.36948e-05 -0.8576 -0.514317
    outer loop
      vertex -11.5908 -24.4125 -25.1515
      vertex -10.5 -24.5034 -25
      vertex -11.5908 -24.4973 -25.0101
    endloop
  endfacet
  facet normal 0 -0.857493 -0.514496
    outer loop
      vertex -10.5 -24.5034 -25
      vertex -11.5908 -24.4125 -25.1515
      vertex -10.5 -24.4125 -25.1515
    endloop
  endfacet
  facet normal 0 -0.857493 -0.514496
    outer loop
      vertex -18 -24.4125 -25.1515
      vertex -14 -24.5034 -25
      vertex -18 -24.5034 -25
    endloop
  endfacet
  facet normal 0 -0.857493 -0.514496
    outer loop
      vertex -14 -24.5034 -25
      vertex -18 -24.4125 -25.1515
      vertex -14 -24.4125 -25.1515
    endloop
  endfacet
  facet normal 0 -0.970107 0.242678
    outer loop
      vertex -11.5908 -24.2746 -26.5111
      vertex -10.5 -24.2346 -26.3512
      vertex -11.5908 -24.2346 -26.3512
    endloop
  endfacet
  facet normal 0 -0.969134 0.246534
    outer loop
      vertex -10.5 -24.2775 -26.5225
      vertex -11.5908 -24.2746 -26.5111
      vertex -11.5908 -24.2775 -26.5225
    endloop
  endfacet
  facet normal -4.0026e-05 -0.970042 0.242935
    outer loop
      vertex -11.5908 -24.2746 -26.5111
      vertex -10.5 -24.2775 -26.5225
      vertex -10.5 -24.2346 -26.3512
    endloop
  endfacet
  facet normal 0 -0.970042 0.242935
    outer loop
      vertex -18 -24.2775 -26.5225
      vertex -14 -24.2346 -26.3512
      vertex -18 -24.2346 -26.3512
    endloop
  endfacet
  facet normal 0 -0.970042 0.242935
    outer loop
      vertex -14 -24.2346 -26.3512
      vertex -18 -24.2775 -26.5225
      vertex -14 -24.2775 -26.5225
    endloop
  endfacet
  facet normal 0 0.941605 0.336721
    outer loop
      vertex -10.5 -27.7225 -26.5225
      vertex -11.5908 -27.667 -26.6777
      vertex -11.5908 -27.7225 -26.5225
    endloop
  endfacet
  facet normal -2.46547e-05 0.94155 0.336874
    outer loop
      vertex -10.5 -27.663 -26.6888
      vertex -11.5908 -27.667 -26.6777
      vertex -10.5 -27.7225 -26.5225
    endloop
  endfacet
  facet normal 0 0.940779 0.33902
    outer loop
      vertex -11.5908 -27.667 -26.6777
      vertex -10.5 -27.663 -26.6888
      vertex -11.5908 -27.663 -26.6888
    endloop
  endfacet
  facet normal 0 0.94155 0.336874
    outer loop
      vertex -14 -27.663 -26.6888
      vertex -18 -27.7225 -26.5225
      vertex -14 -27.7225 -26.5225
    endloop
  endfacet
  facet normal 0 0.94155 0.336874
    outer loop
      vertex -18 -27.7225 -26.5225
      vertex -14 -27.663 -26.6888
      vertex -18 -27.663 -26.6888
    endloop
  endfacet
  facet normal 0 -0.672249 -0.740325
    outer loop
      vertex -11.5908 -24.8494 -24.6165
      vertex -10.5 -24.8581 -24.6086
      vertex -11.5908 -24.8581 -24.6086
    endloop
  endfacet
  facet normal 1.18852e-05 -0.671432 -0.741066
    outer loop
      vertex -10.5 -24.8581 -24.6086
      vertex -11.5908 -24.8494 -24.6165
      vertex -10.5 -24.7272 -24.7272
    endloop
  endfacet
  facet normal -0 -0.671374 -0.741119
    outer loop
      vertex -10.5 -24.7272 -24.7272
      vertex -11.5908 -24.8494 -24.6165
      vertex -11.5908 -24.7272 -24.7272
    endloop
  endfacet
  facet normal 0 -0.671432 -0.741066
    outer loop
      vertex -18 -24.8581 -24.6086
      vertex -14 -24.7272 -24.7272
      vertex -14 -24.8581 -24.6086
    endloop
  endfacet
  facet normal -0 -0.671432 -0.741066
    outer loop
      vertex -14 -24.7272 -24.7272
      vertex -18 -24.8581 -24.6086
      vertex -18 -24.7272 -24.7272
    endloop
  endfacet
  facet normal -0 0.514496 0.857493
    outer loop
      vertex -11.5908 -26.8485 -27.5875
      vertex -10.5 -27 -27.4966
      vertex -10.5 -26.8485 -27.5875
    endloop
  endfacet
  facet normal -3.36948e-05 0.514317 0.8576
    outer loop
      vertex -11.5908 -26.9899 -27.5027
      vertex -10.5 -27 -27.4966
      vertex -11.5908 -26.8485 -27.5875
    endloop
  endfacet
  facet normal -0 0.516986 0.855994
    outer loop
      vertex -11.5908 -27 -27.4966
      vertex -10.5 -27 -27.4966
      vertex -11.5908 -26.9899 -27.5027
    endloop
  endfacet
  facet normal -0 0.514496 0.857493
    outer loop
      vertex -18 -26.8485 -27.5875
      vertex -14 -27 -27.4966
      vertex -14 -26.8485 -27.5875
    endloop
  endfacet
  facet normal 0 0.514496 0.857493
    outer loop
      vertex -14 -27 -27.4966
      vertex -18 -26.8485 -27.5875
      vertex -18 -27 -27.4966
    endloop
  endfacet
  facet normal 0 0.740325 0.672249
    outer loop
      vertex -10.5 -27.3914 -27.1419
      vertex -11.5908 -27.3835 -27.1506
      vertex -11.5908 -27.3914 -27.1419
    endloop
  endfacet
  facet normal 1.18852e-05 0.741066 0.671432
    outer loop
      vertex -10.5 -27.2728 -27.2728
      vertex -11.5908 -27.3835 -27.1506
      vertex -10.5 -27.3914 -27.1419
    endloop
  endfacet
  facet normal 0 0.741119 0.671374
    outer loop
      vertex -11.5908 -27.3835 -27.1506
      vertex -10.5 -27.2728 -27.2728
      vertex -11.5908 -27.2728 -27.2728
    endloop
  endfacet
  facet normal 0 0.741066 0.671432
    outer loop
      vertex -14 -27.2728 -27.2728
      vertex -18 -27.3914 -27.1419
      vertex -14 -27.3914 -27.1419
    endloop
  endfacet
  facet normal 0 0.741066 0.671432
    outer loop
      vertex -18 -27.3914 -27.1419
      vertex -14 -27.2728 -27.2728
      vertex -18 -27.2728 -27.2728
    endloop
  endfacet
  facet normal 0 0.246534 -0.969134
    outer loop
      vertex -11.5908 -26.5111 -24.2746
      vertex -10.5 -26.5225 -24.2775
      vertex -11.5908 -26.5225 -24.2775
    endloop
  endfacet
  facet normal -4.0026e-05 0.242935 -0.970042
    outer loop
      vertex -10.5 -26.5225 -24.2775
      vertex -11.5908 -26.5111 -24.2746
      vertex -10.5 -26.3512 -24.2346
    endloop
  endfacet
  facet normal 0 0.242678 -0.970107
    outer loop
      vertex -10.5 -26.3512 -24.2346
      vertex -11.5908 -26.5111 -24.2746
      vertex -11.5908 -26.3512 -24.2346
    endloop
  endfacet
  facet normal 0 0.242935 -0.970042
    outer loop
      vertex -18 -26.5225 -24.2775
      vertex -14 -26.3512 -24.2346
      vertex -14 -26.5225 -24.2775
    endloop
  endfacet
  facet normal 0 0.242935 -0.970042
    outer loop
      vertex -14 -26.3512 -24.2346
      vertex -18 -26.5225 -24.2775
      vertex -18 -26.3512 -24.2346
    endloop
  endfacet
  facet normal 0 0.940779 -0.33902
    outer loop
      vertex -10.5 -27.663 -25.3112
      vertex -11.5908 -27.667 -25.3223
      vertex -11.5908 -27.663 -25.3112
    endloop
  endfacet
  facet normal -2.46547e-05 0.94155 -0.336874
    outer loop
      vertex -10.5 -27.7225 -25.4775
      vertex -11.5908 -27.667 -25.3223
      vertex -10.5 -27.663 -25.3112
    endloop
  endfacet
  facet normal 0 0.941605 -0.336721
    outer loop
      vertex -11.5908 -27.667 -25.3223
      vertex -10.5 -27.7225 -25.4775
      vertex -11.5908 -27.7225 -25.4775
    endloop
  endfacet
  facet normal 0 0.94155 -0.336874
    outer loop
      vertex -14 -27.7225 -25.4775
      vertex -18 -27.663 -25.3112
      vertex -14 -27.663 -25.3112
    endloop
  endfacet
  facet normal 0 0.94155 -0.336874
    outer loop
      vertex -18 -27.663 -25.3112
      vertex -14 -27.7225 -25.4775
      vertex -18 -27.7225 -25.4775
    endloop
  endfacet
  facet normal 0 0.33902 -0.940779
    outer loop
      vertex -11.5908 -26.6777 -24.333
      vertex -10.5 -26.6888 -24.337
      vertex -11.5908 -26.6888 -24.337
    endloop
  endfacet
  facet normal -2.46547e-05 0.336874 -0.94155
    outer loop
      vertex -10.5 -26.6888 -24.337
      vertex -11.5908 -26.6777 -24.333
      vertex -10.5 -26.5225 -24.2775
    endloop
  endfacet
  facet normal 0 0.336721 -0.941605
    outer loop
      vertex -11.5908 -26.5225 -24.2775
      vertex -10.5 -26.5225 -24.2775
      vertex -11.5908 -26.6777 -24.333
    endloop
  endfacet
  facet normal 0 0.336874 -0.94155
    outer loop
      vertex -18 -26.6888 -24.337
      vertex -14 -26.5225 -24.2775
      vertex -14 -26.6888 -24.337
    endloop
  endfacet
  facet normal 0 0.336874 -0.94155
    outer loop
      vertex -14 -26.5225 -24.2775
      vertex -18 -26.6888 -24.337
      vertex -18 -26.5225 -24.2775
    endloop
  endfacet
  facet normal 0 -0.671432 0.741066
    outer loop
      vertex -11.5908 -24.7272 -27.2728
      vertex -10.5 -24.8581 -27.3914
      vertex -10.5 -24.7272 -27.2728
    endloop
  endfacet
  facet normal 1.27323e-05 -0.671374 0.741119
    outer loop
      vertex -11.5908 -24.8494 -27.3835
      vertex -10.5 -24.8581 -27.3914
      vertex -11.5908 -24.7272 -27.2728
    endloop
  endfacet
  facet normal 0 -0.672249 0.740325
    outer loop
      vertex -10.5 -24.8581 -27.3914
      vertex -11.5908 -24.8494 -27.3835
      vertex -11.5908 -24.8581 -27.3914
    endloop
  endfacet
  facet normal 0 -0.671432 0.741066
    outer loop
      vertex -18 -24.7272 -27.2728
      vertex -14 -24.8581 -27.3914
      vertex -14 -24.7272 -27.2728
    endloop
  endfacet
  facet normal 0 -0.671432 0.741066
    outer loop
      vertex -14 -24.8581 -27.3914
      vertex -18 -24.7272 -27.2728
      vertex -18 -24.8581 -27.3914
    endloop
  endfacet
  facet normal 0 0.803192 0.595721
    outer loop
      vertex -10.5 -27.4966 -27
      vertex -11.5908 -27.3984 -27.1324
      vertex -11.5908 -27.4966 -27
    endloop
  endfacet
  facet normal 3.16584e-05 0.803316 0.595552
    outer loop
      vertex -10.5 -27.3914 -27.1419
      vertex -11.5908 -27.3984 -27.1324
      vertex -10.5 -27.4966 -27
    endloop
  endfacet
  facet normal 0 0.805056 0.593199
    outer loop
      vertex -11.5908 -27.3984 -27.1324
      vertex -10.5 -27.3914 -27.1419
      vertex -11.5908 -27.3914 -27.1419
    endloop
  endfacet
  facet normal 0 0.803316 0.595552
    outer loop
      vertex -14 -27.3914 -27.1419
      vertex -18 -27.4966 -27
      vertex -14 -27.4966 -27
    endloop
  endfacet
  facet normal 0 0.803316 0.595552
    outer loop
      vertex -18 -27.4966 -27
      vertex -14 -27.3914 -27.1419
      vertex -18 -27.3914 -27.1419
    endloop
  endfacet
  facet normal 0 -0.336721 -0.941605
    outer loop
      vertex -11.5908 -25.3223 -24.333
      vertex -10.5 -25.4775 -24.2775
      vertex -11.5908 -25.4775 -24.2775
    endloop
  endfacet
  facet normal -2.46547e-05 -0.336874 -0.94155
    outer loop
      vertex -10.5 -25.4775 -24.2775
      vertex -11.5908 -25.3223 -24.333
      vertex -10.5 -25.3112 -24.337
    endloop
  endfacet
  facet normal -0 -0.33902 -0.940779
    outer loop
      vertex -10.5 -25.3112 -24.337
      vertex -11.5908 -25.3223 -24.333
      vertex -11.5908 -25.3112 -24.337
    endloop
  endfacet
  facet normal 0 -0.336874 -0.94155
    outer loop
      vertex -18 -25.4775 -24.2775
      vertex -14 -25.3112 -24.337
      vertex -14 -25.4775 -24.2775
    endloop
  endfacet
  facet normal -0 -0.336874 -0.94155
    outer loop
      vertex -14 -25.3112 -24.337
      vertex -18 -25.4775 -24.2775
      vertex -18 -25.3112 -24.337
    endloop
  endfacet
  facet normal -4.0026e-05 -0.242935 -0.970042
    outer loop
      vertex -10.5 -25.6488 -24.2346
      vertex -11.5908 -25.4889 -24.2746
      vertex -10.5 -25.4775 -24.2775
    endloop
  endfacet
  facet normal 0 -0.242678 -0.970107
    outer loop
      vertex -11.5908 -25.4889 -24.2746
      vertex -10.5 -25.6488 -24.2346
      vertex -11.5908 -25.6488 -24.2346
    endloop
  endfacet
  facet normal -0 -0.246534 -0.969134
    outer loop
      vertex -10.5 -25.4775 -24.2775
      vertex -11.5908 -25.4889 -24.2746
      vertex -11.5908 -25.4775 -24.2775
    endloop
  endfacet
  facet normal 0 -0.242935 -0.970042
    outer loop
      vertex -18 -25.6488 -24.2346
      vertex -14 -25.4775 -24.2775
      vertex -14 -25.6488 -24.2346
    endloop
  endfacet
  facet normal -0 -0.242935 -0.970042
    outer loop
      vertex -14 -25.4775 -24.2775
      vertex -18 -25.6488 -24.2346
      vertex -18 -25.4775 -24.2775
    endloop
  endfacet
  facet normal 0 0.904158 -0.427199
    outer loop
      vertex -10.5 -27.5875 -25.1515
      vertex -11.5908 -27.6579 -25.3005
      vertex -11.5908 -27.5875 -25.1515
    endloop
  endfacet
  facet normal 3.43562e-05 0.90406 -0.427405
    outer loop
      vertex -10.5 -27.663 -25.3112
      vertex -11.5908 -27.6579 -25.3005
      vertex -10.5 -27.5875 -25.1515
    endloop
  endfacet
  facet normal 0 0.902705 -0.430261
    outer loop
      vertex -11.5908 -27.6579 -25.3005
      vertex -10.5 -27.663 -25.3112
      vertex -11.5908 -27.663 -25.3112
    endloop
  endfacet
  facet normal 0 0.90406 -0.427405
    outer loop
      vertex -14 -27.663 -25.3112
      vertex -18 -27.5875 -25.1515
      vertex -14 -27.5875 -25.1515
    endloop
  endfacet
  facet normal 0 0.90406 -0.427405
    outer loop
      vertex -18 -27.5875 -25.1515
      vertex -14 -27.663 -25.3112
      vertex -18 -27.663 -25.3112
    endloop
  endfacet
  facet normal 0 0.516986 -0.855994
    outer loop
      vertex -11.5908 -26.9899 -24.4973
      vertex -10.5 -27 -24.5034
      vertex -11.5908 -27 -24.5034
    endloop
  endfacet
  facet normal -3.14446e-05 0.514496 -0.857493
    outer loop
      vertex -10.5 -27 -24.5034
      vertex -11.5908 -26.9899 -24.4973
      vertex -10.5 -26.8485 -24.4125
    endloop
  endfacet
  facet normal 0 0.514317 -0.8576
    outer loop
      vertex -10.5 -26.8485 -24.4125
      vertex -11.5908 -26.9899 -24.4973
      vertex -11.5908 -26.8485 -24.4125
    endloop
  endfacet
  facet normal 0 0.514496 -0.857493
    outer loop
      vertex -18 -27 -24.5034
      vertex -14 -26.8485 -24.4125
      vertex -14 -27 -24.5034
    endloop
  endfacet
  facet normal 0 0.514496 -0.857493
    outer loop
      vertex -14 -26.8485 -24.4125
      vertex -18 -27 -24.5034
      vertex -18 -26.8485 -24.4125
    endloop
  endfacet
  facet normal 0 -0.514496 -0.857493
    outer loop
      vertex -11.5908 -25.1515 -24.4125
      vertex -10.5 -25 -24.5034
      vertex -10.5 -25.1515 -24.4125
    endloop
  endfacet
  facet normal -3.36948e-05 -0.514317 -0.8576
    outer loop
      vertex -11.5908 -25.0101 -24.4973
      vertex -10.5 -25 -24.5034
      vertex -11.5908 -25.1515 -24.4125
    endloop
  endfacet
  facet normal -0 -0.516986 -0.855994
    outer loop
      vertex -10.5 -25 -24.5034
      vertex -11.5908 -25.0101 -24.4973
      vertex -11.5908 -25 -24.5034
    endloop
  endfacet
  facet normal 0 -0.514496 -0.857493
    outer loop
      vertex -18 -25.1515 -24.4125
      vertex -14 -25 -24.5034
      vertex -14 -25.1515 -24.4125
    endloop
  endfacet
  facet normal -0 -0.514496 -0.857493
    outer loop
      vertex -14 -25 -24.5034
      vertex -18 -25.1515 -24.4125
      vertex -18 -25 -24.5034
    endloop
  endfacet
  facet normal 1.65065e-05 0.0492599 -0.998786
    outer loop
      vertex -10.5 -26.1764 -24.2087
      vertex -11.5908 -26.0118 -24.2006
      vertex -10.5 -26 -24.2
    endloop
  endfacet
  facet normal 0 0.0491507 -0.998791
    outer loop
      vertex -11.5908 -26.0118 -24.2006
      vertex -10.5 -26.1764 -24.2087
      vertex -11.5908 -26.1764 -24.2087
    endloop
  endfacet
  facet normal 0 0.0507819 -0.99871
    outer loop
      vertex -10.5 -26 -24.2
      vertex -11.5908 -26.0118 -24.2006
      vertex -11.5908 -26 -24.2
    endloop
  endfacet
  facet normal 0 0.0492599 -0.998786
    outer loop
      vertex -18 -26.1764 -24.2087
      vertex -14 -26 -24.2
      vertex -14 -26.1764 -24.2087
    endloop
  endfacet
  facet normal 0 0.0492599 -0.998786
    outer loop
      vertex -14 -26 -24.2
      vertex -18 -26.1764 -24.2087
      vertex -18 -26 -24.2
    endloop
  endfacet
  facet normal 0 -0.8576 0.514317
    outer loop
      vertex -11.5908 -24.4973 25.0101
      vertex -10.5 -24.4125 25.1515
      vertex -11.5908 -24.4125 25.1515
    endloop
  endfacet
  facet normal 0 -0.855994 0.516986
    outer loop
      vertex -10.5 -24.5034 25
      vertex -11.5908 -24.4973 25.0101
      vertex -11.5908 -24.5034 25
    endloop
  endfacet
  facet normal -3.14446e-05 -0.857493 0.514496
    outer loop
      vertex -11.5908 -24.4973 25.0101
      vertex -10.5 -24.5034 25
      vertex -10.5 -24.4125 25.1515
    endloop
  endfacet
  facet normal 0 -0.857493 0.514496
    outer loop
      vertex -18 -24.5034 25
      vertex -14 -24.4125 25.1515
      vertex -18 -24.4125 25.1515
    endloop
  endfacet
  facet normal 0 -0.857493 0.514496
    outer loop
      vertex -14 -24.4125 25.1515
      vertex -18 -24.5034 25
      vertex -14 -24.5034 25
    endloop
  endfacet
  facet normal 0 -0.246534 0.969134
    outer loop
      vertex -11.5908 -25.4889 24.2746
      vertex -10.5 -25.4775 24.2775
      vertex -11.5908 -25.4775 24.2775
    endloop
  endfacet
  facet normal -4.0026e-05 -0.242935 0.970042
    outer loop
      vertex -10.5 -25.4775 24.2775
      vertex -11.5908 -25.4889 24.2746
      vertex -10.5 -25.6488 24.2346
    endloop
  endfacet
  facet normal 0 -0.242678 0.970107
    outer loop
      vertex -10.5 -25.6488 24.2346
      vertex -11.5908 -25.4889 24.2746
      vertex -11.5908 -25.6488 24.2346
    endloop
  endfacet
  facet normal 0 -0.242935 0.970042
    outer loop
      vertex -18 -25.4775 24.2775
      vertex -14 -25.6488 24.2346
      vertex -14 -25.4775 24.2775
    endloop
  endfacet
  facet normal 0 -0.242935 0.970042
    outer loop
      vertex -14 -25.6488 24.2346
      vertex -18 -25.4775 24.2775
      vertex -18 -25.6488 24.2346
    endloop
  endfacet
  facet normal 0 0.0507819 0.99871
    outer loop
      vertex -11.5908 -26.0118 24.2006
      vertex -10.5 -26 24.2
      vertex -11.5908 -26 24.2
    endloop
  endfacet
  facet normal 1.65065e-05 0.0492599 0.998786
    outer loop
      vertex -10.5 -26 24.2
      vertex -11.5908 -26.0118 24.2006
      vertex -10.5 -26.1764 24.2087
    endloop
  endfacet
  facet normal 0 0.0491507 0.998791
    outer loop
      vertex -10.5 -26.1764 24.2087
      vertex -11.5908 -26.0118 24.2006
      vertex -11.5908 -26.1764 24.2087
    endloop
  endfacet
  facet normal -0 0.0492599 0.998786
    outer loop
      vertex -18 -26 24.2
      vertex -14 -26.1764 24.2087
      vertex -14 -26 24.2
    endloop
  endfacet
  facet normal 0 0.0492599 0.998786
    outer loop
      vertex -14 -26.1764 24.2087
      vertex -18 -26 24.2
      vertex -18 -26.1764 24.2087
    endloop
  endfacet
  facet normal 0 -0.998791 -0.0491507
    outer loop
      vertex -11.5908 -24.2006 26.0118
      vertex -10.5 -24.2087 26.1764
      vertex -11.5908 -24.2087 26.1764
    endloop
  endfacet
  facet normal -0 -0.99871 -0.0507819
    outer loop
      vertex -10.5 -24.2 26
      vertex -11.5908 -24.2006 26.0118
      vertex -11.5908 -24.2 26
    endloop
  endfacet
  facet normal 1.65065e-05 -0.998786 -0.0492599
    outer loop
      vertex -11.5908 -24.2006 26.0118
      vertex -10.5 -24.2 26
      vertex -10.5 -24.2087 26.1764
    endloop
  endfacet
  facet normal 0 -0.998786 -0.0492599
    outer loop
      vertex -18 -24.2 26
      vertex -14 -24.2087 26.1764
      vertex -18 -24.2087 26.1764
    endloop
  endfacet
  facet normal 0 -0.998786 -0.0492599
    outer loop
      vertex -14 -24.2087 26.1764
      vertex -18 -24.2 26
      vertex -14 -24.2 26
    endloop
  endfacet
  facet normal 0 -0.989608 -0.143789
    outer loop
      vertex -11.5908 -24.2329 26.3395
      vertex -10.5 -24.2346 26.3512
      vertex -11.5908 -24.2346 26.3512
    endloop
  endfacet
  facet normal -0 -0.989171 -0.146768
    outer loop
      vertex -10.5 -24.2087 26.1764
      vertex -11.5908 -24.2329 26.3395
      vertex -11.5908 -24.2087 26.1764
    endloop
  endfacet
  facet normal 3.04534e-05 -0.9892 -0.146569
    outer loop
      vertex -11.5908 -24.2329 26.3395
      vertex -10.5 -24.2087 26.1764
      vertex -10.5 -24.2346 26.3512
    endloop
  endfacet
  facet normal 0 -0.9892 -0.146569
    outer loop
      vertex -18 -24.2087 26.1764
      vertex -14 -24.2346 26.3512
      vertex -18 -24.2346 26.3512
    endloop
  endfacet
  facet normal 0 -0.9892 -0.146569
    outer loop
      vertex -14 -24.2346 26.3512
      vertex -18 -24.2087 26.1764
      vertex -14 -24.2087 26.1764
    endloop
  endfacet
  facet normal 0 0.336721 0.941605
    outer loop
      vertex -11.5908 -26.6777 24.333
      vertex -10.5 -26.5225 24.2775
      vertex -11.5908 -26.5225 24.2775
    endloop
  endfacet
  facet normal -2.46547e-05 0.336874 0.94155
    outer loop
      vertex -10.5 -26.5225 24.2775
      vertex -11.5908 -26.6777 24.333
      vertex -10.5 -26.6888 24.337
    endloop
  endfacet
  facet normal 0 0.33902 0.940779
    outer loop
      vertex -10.5 -26.6888 24.337
      vertex -11.5908 -26.6777 24.333
      vertex -11.5908 -26.6888 24.337
    endloop
  endfacet
  facet normal -0 0.336874 0.94155
    outer loop
      vertex -18 -26.5225 24.2775
      vertex -14 -26.6888 24.337
      vertex -14 -26.5225 24.2775
    endloop
  endfacet
  facet normal 0 0.336874 0.94155
    outer loop
      vertex -14 -26.6888 24.337
      vertex -18 -26.5225 24.2775
      vertex -18 -26.6888 24.337
    endloop
  endfacet
  facet normal 0 -0.940779 -0.33902
    outer loop
      vertex -11.5908 -24.333 26.6777
      vertex -10.5 -24.337 26.6888
      vertex -11.5908 -24.337 26.6888
    endloop
  endfacet
  facet normal -0 -0.941605 -0.336721
    outer loop
      vertex -10.5 -24.2775 26.5225
      vertex -11.5908 -24.333 26.6777
      vertex -11.5908 -24.2775 26.5225
    endloop
  endfacet
  facet normal -2.46547e-05 -0.94155 -0.336874
    outer loop
      vertex -11.5908 -24.333 26.6777
      vertex -10.5 -24.2775 26.5225
      vertex -10.5 -24.337 26.6888
    endloop
  endfacet
  facet normal 0 -0.94155 -0.336874
    outer loop
      vertex -18 -24.2775 26.5225
      vertex -14 -24.337 26.6888
      vertex -18 -24.337 26.6888
    endloop
  endfacet
  facet normal 0 -0.94155 -0.336874
    outer loop
      vertex -14 -24.337 26.6888
      vertex -18 -24.2775 26.5225
      vertex -14 -24.2775 26.5225
    endloop
  endfacet
  facet normal 1.65065e-05 -0.0492599 0.998786
    outer loop
      vertex -10.5 -25.8236 24.2087
      vertex -11.5908 -25.9882 24.2006
      vertex -10.5 -26 24.2
    endloop
  endfacet
  facet normal 0 -0.0491507 0.998791
    outer loop
      vertex -11.5908 -25.9882 24.2006
      vertex -10.5 -25.8236 24.2087
      vertex -11.5908 -25.8236 24.2087
    endloop
  endfacet
  facet normal 0 -0.0507819 0.99871
    outer loop
      vertex -10.5 -26 24.2
      vertex -11.5908 -25.9882 24.2006
      vertex -11.5908 -26 24.2
    endloop
  endfacet
  facet normal 0 -0.0492599 0.998786
    outer loop
      vertex -18 -25.8236 24.2087
      vertex -14 -26 24.2
      vertex -14 -25.8236 24.2087
    endloop
  endfacet
  facet normal 0 -0.0492599 0.998786
    outer loop
      vertex -14 -26 24.2
      vertex -18 -25.8236 24.2087
      vertex -18 -26 24.2
    endloop
  endfacet
  facet normal 0 -0.99871 0.0507819
    outer loop
      vertex -11.5908 -24.2006 25.9882
      vertex -10.5 -24.2 26
      vertex -11.5908 -24.2 26
    endloop
  endfacet
  facet normal 0 -0.998791 0.0491507
    outer loop
      vertex -10.5 -24.2087 25.8236
      vertex -11.5908 -24.2006 25.9882
      vertex -11.5908 -24.2087 25.8236
    endloop
  endfacet
  facet normal 1.65065e-05 -0.998786 0.0492599
    outer loop
      vertex -11.5908 -24.2006 25.9882
      vertex -10.5 -24.2087 25.8236
      vertex -10.5 -24.2 26
    endloop
  endfacet
  facet normal 0 -0.998786 0.0492599
    outer loop
      vertex -18 -24.2087 25.8236
      vertex -14 -24.2 26
      vertex -18 -24.2 26
    endloop
  endfacet
  facet normal 0 -0.998786 0.0492599
    outer loop
      vertex -14 -24.2 26
      vertex -18 -24.2087 25.8236
      vertex -14 -24.2087 25.8236
    endloop
  endfacet
  facet normal 0 -0.430261 -0.902705
    outer loop
      vertex -11.5908 -25.3005 27.6579
      vertex -10.5 -25.3112 27.663
      vertex -11.5908 -25.3112 27.663
    endloop
  endfacet
  facet normal 3.43562e-05 -0.427405 -0.90406
    outer loop
      vertex -10.5 -25.3112 27.663
      vertex -11.5908 -25.3005 27.6579
      vertex -10.5 -25.1515 27.5875
    endloop
  endfacet
  facet normal 0 -0.427199 -0.904158
    outer loop
      vertex -11.5908 -25.1515 27.5875
      vertex -10.5 -25.1515 27.5875
      vertex -11.5908 -25.3005 27.6579
    endloop
  endfacet
  facet normal 0 -0.427405 -0.90406
    outer loop
      vertex -18 -25.3112 27.663
      vertex -14 -25.1515 27.5875
      vertex -14 -25.3112 27.663
    endloop
  endfacet
  facet normal -0 -0.427405 -0.90406
    outer loop
      vertex -14 -25.1515 27.5875
      vertex -18 -25.3112 27.663
      vertex -18 -25.1515 27.5875
    endloop
  endfacet
  facet normal 0 -0.740325 0.672249
    outer loop
      vertex -11.5908 -24.6165 24.8494
      vertex -10.5 -24.6086 24.8581
      vertex -11.5908 -24.6086 24.8581
    endloop
  endfacet
  facet normal 1.27323e-05 -0.741119 0.671374
    outer loop
      vertex -11.5908 -24.7272 24.7272
      vertex -10.5 -24.6086 24.8581
      vertex -11.5908 -24.6165 24.8494
    endloop
  endfacet
  facet normal 0 -0.741066 0.671432
    outer loop
      vertex -10.5 -24.6086 24.8581
      vertex -11.5908 -24.7272 24.7272
      vertex -10.5 -24.7272 24.7272
    endloop
  endfacet
  facet normal 0 -0.741066 0.671432
    outer loop
      vertex -18 -24.7272 24.7272
      vertex -14 -24.6086 24.8581
      vertex -18 -24.6086 24.8581
    endloop
  endfacet
  facet normal 0 -0.741066 0.671432
    outer loop
      vertex -14 -24.6086 24.8581
      vertex -18 -24.7272 24.7272
      vertex -14 -24.7272 24.7272
    endloop
  endfacet
  facet normal -4.0026e-05 -0.242935 -0.970042
    outer loop
      vertex -10.5 -25.6488 27.7654
      vertex -11.5908 -25.4889 27.7254
      vertex -10.5 -25.4775 27.7225
    endloop
  endfacet
  facet normal 0 -0.242678 -0.970107
    outer loop
      vertex -11.5908 -25.4889 27.7254
      vertex -10.5 -25.6488 27.7654
      vertex -11.5908 -25.6488 27.7654
    endloop
  endfacet
  facet normal -0 -0.246534 -0.969134
    outer loop
      vertex -10.5 -25.4775 27.7225
      vertex -11.5908 -25.4889 27.7254
      vertex -11.5908 -25.4775 27.7225
    endloop
  endfacet
  facet normal 0 -0.242935 -0.970042
    outer loop
      vertex -18 -25.6488 27.7654
      vertex -14 -25.4775 27.7225
      vertex -14 -25.6488 27.7654
    endloop
  endfacet
  facet normal -0 -0.242935 -0.970042
    outer loop
      vertex -14 -25.4775 27.7225
      vertex -18 -25.6488 27.7654
      vertex -18 -25.4775 27.7225
    endloop
  endfacet
  facet normal 0 -0.741119 -0.671374
    outer loop
      vertex -11.5908 -24.6165 27.1506
      vertex -10.5 -24.7272 27.2728
      vertex -11.5908 -24.7272 27.2728
    endloop
  endfacet
  facet normal -0 -0.740325 -0.672249
    outer loop
      vertex -10.5 -24.6086 27.1419
      vertex -11.5908 -24.6165 27.1506
      vertex -11.5908 -24.6086 27.1419
    endloop
  endfacet
  facet normal 1.18852e-05 -0.741066 -0.671432
    outer loop
      vertex -11.5908 -24.6165 27.1506
      vertex -10.5 -24.6086 27.1419
      vertex -10.5 -24.7272 27.2728
    endloop
  endfacet
  facet normal 0 -0.741066 -0.671432
    outer loop
      vertex -18 -24.6086 27.1419
      vertex -14 -24.7272 27.2728
      vertex -18 -24.7272 27.2728
    endloop
  endfacet
  facet normal 0 -0.741066 -0.671432
    outer loop
      vertex -14 -24.7272 27.2728
      vertex -18 -24.6086 27.1419
      vertex -14 -24.6086 27.1419
    endloop
  endfacet
  facet normal 0 -0.969134 -0.246534
    outer loop
      vertex -11.5908 -24.2746 26.5111
      vertex -10.5 -24.2775 26.5225
      vertex -11.5908 -24.2775 26.5225
    endloop
  endfacet
  facet normal -0 -0.970107 -0.242678
    outer loop
      vertex -10.5 -24.2346 26.3512
      vertex -11.5908 -24.2746 26.5111
      vertex -11.5908 -24.2346 26.3512
    endloop
  endfacet
  facet normal -4.0026e-05 -0.970042 -0.242935
    outer loop
      vertex -11.5908 -24.2746 26.5111
      vertex -10.5 -24.2346 26.3512
      vertex -10.5 -24.2775 26.5225
    endloop
  endfacet
  facet normal 0 -0.970042 -0.242935
    outer loop
      vertex -18 -24.2346 26.3512
      vertex -14 -24.2775 26.5225
      vertex -18 -24.2775 26.5225
    endloop
  endfacet
  facet normal 0 -0.970042 -0.242935
    outer loop
      vertex -14 -24.2775 26.5225
      vertex -18 -24.2346 26.3512
      vertex -14 -24.2346 26.3512
    endloop
  endfacet
  facet normal 0 -0.989171 0.146768
    outer loop
      vertex -11.5908 -24.2329 25.6605
      vertex -10.5 -24.2087 25.8236
      vertex -11.5908 -24.2087 25.8236
    endloop
  endfacet
  facet normal 0 -0.989608 0.143789
    outer loop
      vertex -10.5 -24.2346 25.6488
      vertex -11.5908 -24.2329 25.6605
      vertex -11.5908 -24.2346 25.6488
    endloop
  endfacet
  facet normal 3.04534e-05 -0.9892 0.146569
    outer loop
      vertex -11.5908 -24.2329 25.6605
      vertex -10.5 -24.2346 25.6488
      vertex -10.5 -24.2087 25.8236
    endloop
  endfacet
  facet normal 0 -0.9892 0.146569
    outer loop
      vertex -18 -24.2346 25.6488
      vertex -14 -24.2087 25.8236
      vertex -18 -24.2087 25.8236
    endloop
  endfacet
  facet normal 0 -0.9892 0.146569
    outer loop
      vertex -14 -24.2087 25.8236
      vertex -18 -24.2346 25.6488
      vertex -14 -24.2346 25.6488
    endloop
  endfacet
  facet normal 0 0.741119 -0.671374
    outer loop
      vertex -10.5 -27.2728 27.2728
      vertex -11.5908 -27.3835 27.1506
      vertex -11.5908 -27.2728 27.2728
    endloop
  endfacet
  facet normal 1.18852e-05 0.741066 -0.671432
    outer loop
      vertex -10.5 -27.3914 27.1419
      vertex -11.5908 -27.3835 27.1506
      vertex -10.5 -27.2728 27.2728
    endloop
  endfacet
  facet normal 0 0.740325 -0.672249
    outer loop
      vertex -11.5908 -27.3835 27.1506
      vertex -10.5 -27.3914 27.1419
      vertex -11.5908 -27.3914 27.1419
    endloop
  endfacet
  facet normal 0 0.741066 -0.671432
    outer loop
      vertex -14 -27.3914 27.1419
      vertex -18 -27.2728 27.2728
      vertex -14 -27.2728 27.2728
    endloop
  endfacet
  facet normal 0 0.741066 -0.671432
    outer loop
      vertex -18 -27.2728 27.2728
      vertex -14 -27.3914 27.1419
      vertex -18 -27.3914 27.1419
    endloop
  endfacet
  facet normal 0 0.430261 0.902705
    outer loop
      vertex -11.5908 -26.6995 24.3421
      vertex -10.5 -26.6888 24.337
      vertex -11.5908 -26.6888 24.337
    endloop
  endfacet
  facet normal 3.43562e-05 0.427405 0.90406
    outer loop
      vertex -10.5 -26.6888 24.337
      vertex -11.5908 -26.6995 24.3421
      vertex -10.5 -26.8485 24.4125
    endloop
  endfacet
  facet normal 0 0.427199 0.904158
    outer loop
      vertex -10.5 -26.8485 24.4125
      vertex -11.5908 -26.6995 24.3421
      vertex -11.5908 -26.8485 24.4125
    endloop
  endfacet
  facet normal -0 0.427405 0.90406
    outer loop
      vertex -18 -26.6888 24.337
      vertex -14 -26.8485 24.4125
      vertex -14 -26.6888 24.337
    endloop
  endfacet
  facet normal 0 0.427405 0.90406
    outer loop
      vertex -14 -26.8485 24.4125
      vertex -18 -26.6888 24.337
      vertex -18 -26.8485 24.4125
    endloop
  endfacet
  facet normal 0 -0.593199 0.805056
    outer loop
      vertex -11.5908 -24.8676 24.6016
      vertex -10.5 -24.8581 24.6086
      vertex -11.5908 -24.8581 24.6086
    endloop
  endfacet
  facet normal 3.16584e-05 -0.595552 0.803316
    outer loop
      vertex -10.5 -24.8581 24.6086
      vertex -11.5908 -24.8676 24.6016
      vertex -10.5 -25 24.5034
    endloop
  endfacet
  facet normal 0 -0.595721 0.803192
    outer loop
      vertex -10.5 -25 24.5034
      vertex -11.5908 -24.8676 24.6016
      vertex -11.5908 -25 24.5034
    endloop
  endfacet
  facet normal 0 -0.595552 0.803316
    outer loop
      vertex -18 -24.8581 24.6086
      vertex -14 -25 24.5034
      vertex -14 -24.8581 24.6086
    endloop
  endfacet
  facet normal 0 -0.595552 0.803316
    outer loop
      vertex -14 -25 24.5034
      vertex -18 -24.8581 24.6086
      vertex -18 -25 24.5034
    endloop
  endfacet
  facet normal 0 -0.805056 -0.593199
    outer loop
      vertex -11.5908 -24.6016 27.1324
      vertex -10.5 -24.6086 27.1419
      vertex -11.5908 -24.6086 27.1419
    endloop
  endfacet
  facet normal 3.39247e-05 -0.803192 -0.595721
    outer loop
      vertex -11.5908 -24.5034 27
      vertex -10.5 -24.6086 27.1419
      vertex -11.5908 -24.6016 27.1324
    endloop
  endfacet
  facet normal 0 -0.803316 -0.595552
    outer loop
      vertex -10.5 -24.6086 27.1419
      vertex -11.5908 -24.5034 27
      vertex -10.5 -24.5034 27
    endloop
  endfacet
  facet normal 0 -0.803316 -0.595552
    outer loop
      vertex -18 -24.5034 27
      vertex -14 -24.6086 27.1419
      vertex -18 -24.6086 27.1419
    endloop
  endfacet
  facet normal 0 -0.803316 -0.595552
    outer loop
      vertex -14 -24.6086 27.1419
      vertex -18 -24.5034 27
      vertex -14 -24.5034 27
    endloop
  endfacet
  facet normal 0 0.146768 0.989171
    outer loop
      vertex -11.5908 -26.3395 24.2329
      vertex -10.5 -26.1764 24.2087
      vertex -11.5908 -26.1764 24.2087
    endloop
  endfacet
  facet normal 3.04534e-05 0.146569 0.9892
    outer loop
      vertex -10.5 -26.1764 24.2087
      vertex -11.5908 -26.3395 24.2329
      vertex -10.5 -26.3512 24.2346
    endloop
  endfacet
  facet normal 0 0.143789 0.989608
    outer loop
      vertex -10.5 -26.3512 24.2346
      vertex -11.5908 -26.3395 24.2329
      vertex -11.5908 -26.3512 24.2346
    endloop
  endfacet
  facet normal -0 0.146569 0.9892
    outer loop
      vertex -18 -26.1764 24.2087
      vertex -14 -26.3512 24.2346
      vertex -14 -26.1764 24.2087
    endloop
  endfacet
  facet normal 0 0.146569 0.9892
    outer loop
      vertex -14 -26.3512 24.2346
      vertex -18 -26.1764 24.2087
      vertex -18 -26.3512 24.2346
    endloop
  endfacet
  facet normal 0 0.99871 0.0507819
    outer loop
      vertex -10.5 -27.8 26
      vertex -11.5908 -27.7994 25.9882
      vertex -11.5908 -27.8 26
    endloop
  endfacet
  facet normal 1.65065e-05 0.998786 0.0492599
    outer loop
      vertex -10.5 -27.7913 25.8236
      vertex -11.5908 -27.7994 25.9882
      vertex -10.5 -27.8 26
    endloop
  endfacet
  facet normal 0 0.998791 0.0491507
    outer loop
      vertex -11.5908 -27.7994 25.9882
      vertex -10.5 -27.7913 25.8236
      vertex -11.5908 -27.7913 25.8236
    endloop
  endfacet
  facet normal 0 0.998786 0.0492599
    outer loop
      vertex -14 -27.7913 25.8236
      vertex -18 -27.8 26
      vertex -14 -27.8 26
    endloop
  endfacet
  facet normal 0 0.998786 0.0492599
    outer loop
      vertex -18 -27.8 26
      vertex -14 -27.7913 25.8236
      vertex -18 -27.7913 25.8236
    endloop
  endfacet
  facet normal 0 0.970107 0.242678
    outer loop
      vertex -10.5 -27.7654 25.6488
      vertex -11.5908 -27.7254 25.4889
      vertex -11.5908 -27.7654 25.6488
    endloop
  endfacet
  facet normal -4.0026e-05 0.970042 0.242935
    outer loop
      vertex -10.5 -27.7225 25.4775
      vertex -11.5908 -27.7254 25.4889
      vertex -10.5 -27.7654 25.6488
    endloop
  endfacet
  facet normal 0 0.969134 0.246534
    outer loop
      vertex -11.5908 -27.7254 25.4889
      vertex -10.5 -27.7225 25.4775
      vertex -11.5908 -27.7225 25.4775
    endloop
  endfacet
  facet normal 0 0.970042 0.242935
    outer loop
      vertex -14 -27.7225 25.4775
      vertex -18 -27.7654 25.6488
      vertex -14 -27.7654 25.6488
    endloop
  endfacet
  facet normal 0 0.970042 0.242935
    outer loop
      vertex -18 -27.7654 25.6488
      vertex -14 -27.7225 25.4775
      vertex -18 -27.7225 25.4775
    endloop
  endfacet
  facet normal 0 0.805056 -0.593199
    outer loop
      vertex -10.5 -27.3914 27.1419
      vertex -11.5908 -27.3984 27.1324
      vertex -11.5908 -27.3914 27.1419
    endloop
  endfacet
  facet normal 3.16584e-05 0.803316 -0.595552
    outer loop
      vertex -10.5 -27.4966 27
      vertex -11.5908 -27.3984 27.1324
      vertex -10.5 -27.3914 27.1419
    endloop
  endfacet
  facet normal 0 0.803192 -0.595721
    outer loop
      vertex -11.5908 -27.3984 27.1324
      vertex -10.5 -27.4966 27
      vertex -11.5908 -27.4966 27
    endloop
  endfacet
  facet normal 0 0.803316 -0.595552
    outer loop
      vertex -14 -27.4966 27
      vertex -18 -27.3914 27.1419
      vertex -14 -27.3914 27.1419
    endloop
  endfacet
  facet normal 0 0.803316 -0.595552
    outer loop
      vertex -18 -27.3914 27.1419
      vertex -14 -27.4966 27
      vertex -18 -27.4966 27
    endloop
  endfacet
  facet normal 0 0.8576 0.514317
    outer loop
      vertex -10.5 -27.5875 25.1515
      vertex -11.5908 -27.5027 25.0101
      vertex -11.5908 -27.5875 25.1515
    endloop
  endfacet
  facet normal -3.14446e-05 0.857493 0.514496
    outer loop
      vertex -10.5 -27.4966 25
      vertex -11.5908 -27.5027 25.0101
      vertex -10.5 -27.5875 25.1515
    endloop
  endfacet
  facet normal 0 0.855994 0.516986
    outer loop
      vertex -11.5908 -27.5027 25.0101
      vertex -10.5 -27.4966 25
      vertex -11.5908 -27.4966 25
    endloop
  endfacet
  facet normal 0 0.857493 0.514496
    outer loop
      vertex -14 -27.4966 25
      vertex -18 -27.5875 25.1515
      vertex -14 -27.5875 25.1515
    endloop
  endfacet
  facet normal 0 0.857493 0.514496
    outer loop
      vertex -18 -27.5875 25.1515
      vertex -14 -27.4966 25
      vertex -18 -27.4966 25
    endloop
  endfacet
  facet normal 0 0.671432 -0.741066
    outer loop
      vertex -11.5908 -27.2728 27.2728
      vertex -10.5 -27.1419 27.3914
      vertex -10.5 -27.2728 27.2728
    endloop
  endfacet
  facet normal 1.27323e-05 0.671374 -0.741119
    outer loop
      vertex -11.5908 -27.1506 27.3835
      vertex -10.5 -27.1419 27.3914
      vertex -11.5908 -27.2728 27.2728
    endloop
  endfacet
  facet normal 0 0.672249 -0.740325
    outer loop
      vertex -10.5 -27.1419 27.3914
      vertex -11.5908 -27.1506 27.3835
      vertex -11.5908 -27.1419 27.3914
    endloop
  endfacet
  facet normal 0 0.671432 -0.741066
    outer loop
      vertex -18 -27.2728 27.2728
      vertex -14 -27.1419 27.3914
      vertex -14 -27.2728 27.2728
    endloop
  endfacet
  facet normal 0 0.671432 -0.741066
    outer loop
      vertex -14 -27.1419 27.3914
      vertex -18 -27.2728 27.2728
      vertex -18 -27.1419 27.3914
    endloop
  endfacet
  facet normal 0 0.143789 -0.989608
    outer loop
      vertex -11.5908 -26.3395 27.7671
      vertex -10.5 -26.3512 27.7654
      vertex -11.5908 -26.3512 27.7654
    endloop
  endfacet
  facet normal 3.04534e-05 0.146569 -0.9892
    outer loop
      vertex -10.5 -26.3512 27.7654
      vertex -11.5908 -26.3395 27.7671
      vertex -10.5 -26.1764 27.7913
    endloop
  endfacet
  facet normal 0 0.146768 -0.989171
    outer loop
      vertex -10.5 -26.1764 27.7913
      vertex -11.5908 -26.3395 27.7671
      vertex -11.5908 -26.1764 27.7913
    endloop
  endfacet
  facet normal 0 0.146569 -0.9892
    outer loop
      vertex -18 -26.3512 27.7654
      vertex -14 -26.1764 27.7913
      vertex -14 -26.3512 27.7654
    endloop
  endfacet
  facet normal 0 0.146569 -0.9892
    outer loop
      vertex -14 -26.1764 27.7913
      vertex -18 -26.3512 27.7654
      vertex -18 -26.1764 27.7913
    endloop
  endfacet
  facet normal 0 0.998791 -0.0491507
    outer loop
      vertex -10.5 -27.7913 26.1764
      vertex -11.5908 -27.7994 26.0118
      vertex -11.5908 -27.7913 26.1764
    endloop
  endfacet
  facet normal 1.65065e-05 0.998786 -0.0492599
    outer loop
      vertex -10.5 -27.8 26
      vertex -11.5908 -27.7994 26.0118
      vertex -10.5 -27.7913 26.1764
    endloop
  endfacet
  facet normal 0 0.99871 -0.0507819
    outer loop
      vertex -11.5908 -27.7994 26.0118
      vertex -10.5 -27.8 26
      vertex -11.5908 -27.8 26
    endloop
  endfacet
  facet normal 0 0.998786 -0.0492599
    outer loop
      vertex -14 -27.8 26
      vertex -18 -27.7913 26.1764
      vertex -14 -27.7913 26.1764
    endloop
  endfacet
  facet normal 0 0.998786 -0.0492599
    outer loop
      vertex -18 -27.7913 26.1764
      vertex -14 -27.8 26
      vertex -18 -27.8 26
    endloop
  endfacet
  facet normal 0 0.672249 0.740325
    outer loop
      vertex -11.5908 -27.1506 24.6165
      vertex -10.5 -27.1419 24.6086
      vertex -11.5908 -27.1419 24.6086
    endloop
  endfacet
  facet normal 1.18852e-05 0.671432 0.741066
    outer loop
      vertex -10.5 -27.1419 24.6086
      vertex -11.5908 -27.1506 24.6165
      vertex -10.5 -27.2728 24.7272
    endloop
  endfacet
  facet normal 0 0.671374 0.741119
    outer loop
      vertex -10.5 -27.2728 24.7272
      vertex -11.5908 -27.1506 24.6165
      vertex -11.5908 -27.2728 24.7272
    endloop
  endfacet
  facet normal -0 0.671432 0.741066
    outer loop
      vertex -18 -27.1419 24.6086
      vertex -14 -27.2728 24.7272
      vertex -14 -27.1419 24.6086
    endloop
  endfacet
  facet normal 0 0.671432 0.741066
    outer loop
      vertex -14 -27.2728 24.7272
      vertex -18 -27.1419 24.6086
      vertex -18 -27.2728 24.7272
    endloop
  endfacet
  facet normal 0 -0.146768 -0.989171
    outer loop
      vertex -11.5908 -25.6605 27.7671
      vertex -10.5 -25.8236 27.7913
      vertex -11.5908 -25.8236 27.7913
    endloop
  endfacet
  facet normal 3.04534e-05 -0.146569 -0.9892
    outer loop
      vertex -10.5 -25.8236 27.7913
      vertex -11.5908 -25.6605 27.7671
      vertex -10.5 -25.6488 27.7654
    endloop
  endfacet
  facet normal -0 -0.143789 -0.989608
    outer loop
      vertex -10.5 -25.6488 27.7654
      vertex -11.5908 -25.6605 27.7671
      vertex -11.5908 -25.6488 27.7654
    endloop
  endfacet
  facet normal 0 -0.146569 -0.9892
    outer loop
      vertex -18 -25.8236 27.7913
      vertex -14 -25.6488 27.7654
      vertex -14 -25.8236 27.7913
    endloop
  endfacet
  facet normal -0 -0.146569 -0.9892
    outer loop
      vertex -14 -25.6488 27.7654
      vertex -18 -25.8236 27.7913
      vertex -18 -25.6488 27.7654
    endloop
  endfacet
  facet normal 0 -0.143789 0.989608
    outer loop
      vertex -11.5908 -25.6605 24.2329
      vertex -10.5 -25.6488 24.2346
      vertex -11.5908 -25.6488 24.2346
    endloop
  endfacet
  facet normal 3.04534e-05 -0.146569 0.9892
    outer loop
      vertex -10.5 -25.6488 24.2346
      vertex -11.5908 -25.6605 24.2329
      vertex -10.5 -25.8236 24.2087
    endloop
  endfacet
  facet normal 0 -0.146768 0.989171
    outer loop
      vertex -10.5 -25.8236 24.2087
      vertex -11.5908 -25.6605 24.2329
      vertex -11.5908 -25.8236 24.2087
    endloop
  endfacet
  facet normal 0 -0.146569 0.9892
    outer loop
      vertex -18 -25.6488 24.2346
      vertex -14 -25.8236 24.2087
      vertex -14 -25.6488 24.2346
    endloop
  endfacet
  facet normal 0 -0.146569 0.9892
    outer loop
      vertex -14 -25.8236 24.2087
      vertex -18 -25.6488 24.2346
      vertex -18 -25.8236 24.2087
    endloop
  endfacet
  facet normal -0 0.595552 0.803316
    outer loop
      vertex -11.5908 -27 24.5034
      vertex -10.5 -27.1419 24.6086
      vertex -10.5 -27 24.5034
    endloop
  endfacet
  facet normal 3.39247e-05 0.595721 0.803192
    outer loop
      vertex -11.5908 -27.1324 24.6016
      vertex -10.5 -27.1419 24.6086
      vertex -11.5908 -27 24.5034
    endloop
  endfacet
  facet normal 0 0.593199 0.805056
    outer loop
      vertex -10.5 -27.1419 24.6086
      vertex -11.5908 -27.1324 24.6016
      vertex -11.5908 -27.1419 24.6086
    endloop
  endfacet
  facet normal -0 0.595552 0.803316
    outer loop
      vertex -18 -27 24.5034
      vertex -14 -27.1419 24.6086
      vertex -14 -27 24.5034
    endloop
  endfacet
  facet normal 0 0.595552 0.803316
    outer loop
      vertex -14 -27.1419 24.6086
      vertex -18 -27 24.5034
      vertex -18 -27.1419 24.6086
    endloop
  endfacet
  facet normal 0 0.593199 -0.805056
    outer loop
      vertex -11.5908 -27.1324 27.3984
      vertex -10.5 -27.1419 27.3914
      vertex -11.5908 -27.1419 27.3914
    endloop
  endfacet
  facet normal 3.16584e-05 0.595552 -0.803316
    outer loop
      vertex -10.5 -27.1419 27.3914
      vertex -11.5908 -27.1324 27.3984
      vertex -10.5 -27 27.4966
    endloop
  endfacet
  facet normal 0 0.595721 -0.803192
    outer loop
      vertex -10.5 -27 27.4966
      vertex -11.5908 -27.1324 27.3984
      vertex -11.5908 -27 27.4966
    endloop
  endfacet
  facet normal 0 0.595552 -0.803316
    outer loop
      vertex -18 -27.1419 27.3914
      vertex -14 -27 27.4966
      vertex -14 -27.1419 27.3914
    endloop
  endfacet
  facet normal 0 0.595552 -0.803316
    outer loop
      vertex -14 -27 27.4966
      vertex -18 -27.1419 27.3914
      vertex -18 -27 27.4966
    endloop
  endfacet
  facet normal 0 -0.941605 0.336721
    outer loop
      vertex -11.5908 -24.333 25.3223
      vertex -10.5 -24.2775 25.4775
      vertex -11.5908 -24.2775 25.4775
    endloop
  endfacet
  facet normal 0 -0.940779 0.33902
    outer loop
      vertex -10.5 -24.337 25.3112
      vertex -11.5908 -24.333 25.3223
      vertex -11.5908 -24.337 25.3112
    endloop
  endfacet
  facet normal -2.46547e-05 -0.94155 0.336874
    outer loop
      vertex -11.5908 -24.333 25.3223
      vertex -10.5 -24.337 25.3112
      vertex -10.5 -24.2775 25.4775
    endloop
  endfacet
  facet normal 0 -0.94155 0.336874
    outer loop
      vertex -18 -24.337 25.3112
      vertex -14 -24.2775 25.4775
      vertex -18 -24.2775 25.4775
    endloop
  endfacet
  facet normal 0 -0.94155 0.336874
    outer loop
      vertex -14 -24.2775 25.4775
      vertex -18 -24.337 25.3112
      vertex -14 -24.337 25.3112
    endloop
  endfacet
  facet normal 0 -0.902705 0.430261
    outer loop
      vertex -11.5908 -24.3421 25.3005
      vertex -10.5 -24.337 25.3112
      vertex -11.5908 -24.337 25.3112
    endloop
  endfacet
  facet normal 3.68274e-05 -0.904158 0.427199
    outer loop
      vertex -11.5908 -24.4125 25.1515
      vertex -10.5 -24.337 25.3112
      vertex -11.5908 -24.3421 25.3005
    endloop
  endfacet
  facet normal 0 -0.90406 0.427405
    outer loop
      vertex -10.5 -24.337 25.3112
      vertex -11.5908 -24.4125 25.1515
      vertex -10.5 -24.4125 25.1515
    endloop
  endfacet
  facet normal 0 -0.90406 0.427405
    outer loop
      vertex -18 -24.4125 25.1515
      vertex -14 -24.337 25.3112
      vertex -18 -24.337 25.3112
    endloop
  endfacet
  facet normal 0 -0.90406 0.427405
    outer loop
      vertex -14 -24.337 25.3112
      vertex -18 -24.4125 25.1515
      vertex -14 -24.4125 25.1515
    endloop
  endfacet
  facet normal 0 -0.33902 0.940779
    outer loop
      vertex -11.5908 -25.3223 24.333
      vertex -10.5 -25.3112 24.337
      vertex -11.5908 -25.3112 24.337
    endloop
  endfacet
  facet normal -2.46547e-05 -0.336874 0.94155
    outer loop
      vertex -10.5 -25.3112 24.337
      vertex -11.5908 -25.3223 24.333
      vertex -10.5 -25.4775 24.2775
    endloop
  endfacet
  facet normal 0 -0.336721 0.941605
    outer loop
      vertex -10.5 -25.4775 24.2775
      vertex -11.5908 -25.3223 24.333
      vertex -11.5908 -25.4775 24.2775
    endloop
  endfacet
  facet normal 0 -0.336874 0.94155
    outer loop
      vertex -18 -25.3112 24.337
      vertex -14 -25.4775 24.2775
      vertex -14 -25.3112 24.337
    endloop
  endfacet
  facet normal 0 -0.336874 0.94155
    outer loop
      vertex -14 -25.4775 24.2775
      vertex -18 -25.3112 24.337
      vertex -18 -25.4775 24.2775
    endloop
  endfacet
  facet normal 0 0.989608 -0.143789
    outer loop
      vertex -10.5 -27.7654 26.3512
      vertex -11.5908 -27.7671 26.3395
      vertex -11.5908 -27.7654 26.3512
    endloop
  endfacet
  facet normal 3.04534e-05 0.9892 -0.146569
    outer loop
      vertex -10.5 -27.7913 26.1764
      vertex -11.5908 -27.7671 26.3395
      vertex -10.5 -27.7654 26.3512
    endloop
  endfacet
  facet normal 0 0.989171 -0.146768
    outer loop
      vertex -11.5908 -27.7671 26.3395
      vertex -10.5 -27.7913 26.1764
      vertex -11.5908 -27.7913 26.1764
    endloop
  endfacet
  facet normal 0 0.9892 -0.146569
    outer loop
      vertex -14 -27.7913 26.1764
      vertex -18 -27.7654 26.3512
      vertex -14 -27.7654 26.3512
    endloop
  endfacet
  facet normal 0 0.9892 -0.146569
    outer loop
      vertex -18 -27.7654 26.3512
      vertex -14 -27.7913 26.1764
      vertex -18 -27.7913 26.1764
    endloop
  endfacet
  facet normal 0 -0.595552 -0.803316
    outer loop
      vertex -11.5908 -25 27.4966
      vertex -10.5 -24.8581 27.3914
      vertex -10.5 -25 27.4966
    endloop
  endfacet
  facet normal 3.39247e-05 -0.595721 -0.803192
    outer loop
      vertex -11.5908 -24.8676 27.3984
      vertex -10.5 -24.8581 27.3914
      vertex -11.5908 -25 27.4966
    endloop
  endfacet
  facet normal -0 -0.593199 -0.805056
    outer loop
      vertex -10.5 -24.8581 27.3914
      vertex -11.5908 -24.8676 27.3984
      vertex -11.5908 -24.8581 27.3914
    endloop
  endfacet
  facet normal 0 -0.595552 -0.803316
    outer loop
      vertex -18 -25 27.4966
      vertex -14 -24.8581 27.3914
      vertex -14 -25 27.4966
    endloop
  endfacet
  facet normal -0 -0.595552 -0.803316
    outer loop
      vertex -14 -24.8581 27.3914
      vertex -18 -25 27.4966
      vertex -18 -24.8581 27.3914
    endloop
  endfacet
  facet normal 0 -0.427405 0.90406
    outer loop
      vertex -11.5908 -25.1515 24.4125
      vertex -10.5 -25.3112 24.337
      vertex -10.5 -25.1515 24.4125
    endloop
  endfacet
  facet normal 3.68274e-05 -0.427199 0.904158
    outer loop
      vertex -11.5908 -25.3005 24.3421
      vertex -10.5 -25.3112 24.337
      vertex -11.5908 -25.1515 24.4125
    endloop
  endfacet
  facet normal 0 -0.430261 0.902705
    outer loop
      vertex -10.5 -25.3112 24.337
      vertex -11.5908 -25.3005 24.3421
      vertex -11.5908 -25.3112 24.337
    endloop
  endfacet
  facet normal 0 -0.427405 0.90406
    outer loop
      vertex -18 -25.1515 24.4125
      vertex -14 -25.3112 24.337
      vertex -14 -25.1515 24.4125
    endloop
  endfacet
  facet normal 0 -0.427405 0.90406
    outer loop
      vertex -14 -25.3112 24.337
      vertex -18 -25.1515 24.4125
      vertex -18 -25.3112 24.337
    endloop
  endfacet
  facet normal 0 0.989171 0.146768
    outer loop
      vertex -10.5 -27.7913 25.8236
      vertex -11.5908 -27.7671 25.6605
      vertex -11.5908 -27.7913 25.8236
    endloop
  endfacet
  facet normal 3.04534e-05 0.9892 0.146569
    outer loop
      vertex -10.5 -27.7654 25.6488
      vertex -11.5908 -27.7671 25.6605
      vertex -10.5 -27.7913 25.8236
    endloop
  endfacet
  facet normal 0 0.989608 0.143789
    outer loop
      vertex -11.5908 -27.7671 25.6605
      vertex -10.5 -27.7654 25.6488
      vertex -11.5908 -27.7654 25.6488
    endloop
  endfacet
  facet normal 0 0.9892 0.146569
    outer loop
      vertex -14 -27.7654 25.6488
      vertex -18 -27.7913 25.8236
      vertex -14 -27.7913 25.8236
    endloop
  endfacet
  facet normal 0 0.9892 0.146569
    outer loop
      vertex -18 -27.7913 25.8236
      vertex -14 -27.7654 25.6488
      vertex -18 -27.7654 25.6488
    endloop
  endfacet
  facet normal 0 0.969134 -0.246534
    outer loop
      vertex -10.5 -27.7225 26.5225
      vertex -11.5908 -27.7254 26.5111
      vertex -11.5908 -27.7225 26.5225
    endloop
  endfacet
  facet normal -4.0026e-05 0.970042 -0.242935
    outer loop
      vertex -10.5 -27.7654 26.3512
      vertex -11.5908 -27.7254 26.5111
      vertex -10.5 -27.7225 26.5225
    endloop
  endfacet
  facet normal 0 0.970107 -0.242678
    outer loop
      vertex -11.5908 -27.7254 26.5111
      vertex -10.5 -27.7654 26.3512
      vertex -11.5908 -27.7654 26.3512
    endloop
  endfacet
  facet normal 0 0.970042 -0.242935
    outer loop
      vertex -14 -27.7654 26.3512
      vertex -18 -27.7225 26.5225
      vertex -14 -27.7225 26.5225
    endloop
  endfacet
  facet normal 0 0.970042 -0.242935
    outer loop
      vertex -18 -27.7225 26.5225
      vertex -14 -27.7654 26.3512
      vertex -18 -27.7654 26.3512
    endloop
  endfacet
  facet normal 3.43562e-05 0.427405 -0.90406
    outer loop
      vertex -10.5 -26.8485 27.5875
      vertex -11.5908 -26.6995 27.6579
      vertex -10.5 -26.6888 27.663
    endloop
  endfacet
  facet normal 0 0.427199 -0.904158
    outer loop
      vertex -10.5 -26.8485 27.5875
      vertex -11.5908 -26.8485 27.5875
      vertex -11.5908 -26.6995 27.6579
    endloop
  endfacet
  facet normal 0 0.430261 -0.902705
    outer loop
      vertex -10.5 -26.6888 27.663
      vertex -11.5908 -26.6995 27.6579
      vertex -11.5908 -26.6888 27.663
    endloop
  endfacet
  facet normal 0 0.427405 -0.90406
    outer loop
      vertex -18 -26.8485 27.5875
      vertex -14 -26.6888 27.663
      vertex -14 -26.8485 27.5875
    endloop
  endfacet
  facet normal 0 0.427405 -0.90406
    outer loop
      vertex -14 -26.6888 27.663
      vertex -18 -26.8485 27.5875
      vertex -18 -26.6888 27.663
    endloop
  endfacet
  facet normal 0 -0.803192 0.595721
    outer loop
      vertex -11.5908 -24.6016 24.8676
      vertex -10.5 -24.5034 25
      vertex -11.5908 -24.5034 25
    endloop
  endfacet
  facet normal 0 -0.805056 0.593199
    outer loop
      vertex -10.5 -24.6086 24.8581
      vertex -11.5908 -24.6016 24.8676
      vertex -11.5908 -24.6086 24.8581
    endloop
  endfacet
  facet normal 3.16584e-05 -0.803316 0.595552
    outer loop
      vertex -11.5908 -24.6016 24.8676
      vertex -10.5 -24.6086 24.8581
      vertex -10.5 -24.5034 25
    endloop
  endfacet
  facet normal 0 -0.803316 0.595552
    outer loop
      vertex -18 -24.6086 24.8581
      vertex -14 -24.5034 25
      vertex -18 -24.5034 25
    endloop
  endfacet
  facet normal 0 -0.803316 0.595552
    outer loop
      vertex -14 -24.5034 25
      vertex -18 -24.6086 24.8581
      vertex -14 -24.6086 24.8581
    endloop
  endfacet
  facet normal 0 0.902705 0.430261
    outer loop
      vertex -10.5 -27.663 25.3112
      vertex -11.5908 -27.6579 25.3005
      vertex -11.5908 -27.663 25.3112
    endloop
  endfacet
  facet normal 3.68274e-05 0.904158 0.427199
    outer loop
      vertex -10.5 -27.663 25.3112
      vertex -11.5908 -27.5875 25.1515
      vertex -11.5908 -27.6579 25.3005
    endloop
  endfacet
  facet normal 0 0.90406 0.427405
    outer loop
      vertex -10.5 -27.5875 25.1515
      vertex -11.5908 -27.5875 25.1515
      vertex -10.5 -27.663 25.3112
    endloop
  endfacet
  facet normal 0 0.90406 0.427405
    outer loop
      vertex -14 -27.5875 25.1515
      vertex -18 -27.663 25.3112
      vertex -14 -27.663 25.3112
    endloop
  endfacet
  facet normal 0 0.90406 0.427405
    outer loop
      vertex -18 -27.663 25.3112
      vertex -14 -27.5875 25.1515
      vertex -18 -27.5875 25.1515
    endloop
  endfacet
  facet normal -4.0026e-05 0.242935 0.970042
    outer loop
      vertex -10.5 -26.3512 24.2346
      vertex -11.5908 -26.5111 24.2746
      vertex -10.5 -26.5225 24.2775
    endloop
  endfacet
  facet normal 0 0.242678 0.970107
    outer loop
      vertex -11.5908 -26.5111 24.2746
      vertex -10.5 -26.3512 24.2346
      vertex -11.5908 -26.3512 24.2346
    endloop
  endfacet
  facet normal 0 0.246534 0.969134
    outer loop
      vertex -10.5 -26.5225 24.2775
      vertex -11.5908 -26.5111 24.2746
      vertex -11.5908 -26.5225 24.2775
    endloop
  endfacet
  facet normal -0 0.242935 0.970042
    outer loop
      vertex -18 -26.3512 24.2346
      vertex -14 -26.5225 24.2775
      vertex -14 -26.3512 24.2346
    endloop
  endfacet
  facet normal 0 0.242935 0.970042
    outer loop
      vertex -14 -26.5225 24.2775
      vertex -18 -26.3512 24.2346
      vertex -18 -26.5225 24.2775
    endloop
  endfacet
  facet normal 0 -0.904158 -0.427199
    outer loop
      vertex -11.5908 -24.3421 26.6995
      vertex -10.5 -24.4125 26.8485
      vertex -11.5908 -24.4125 26.8485
    endloop
  endfacet
  facet normal -0 -0.902705 -0.430261
    outer loop
      vertex -10.5 -24.337 26.6888
      vertex -11.5908 -24.3421 26.6995
      vertex -11.5908 -24.337 26.6888
    endloop
  endfacet
  facet normal 3.43562e-05 -0.90406 -0.427405
    outer loop
      vertex -11.5908 -24.3421 26.6995
      vertex -10.5 -24.337 26.6888
      vertex -10.5 -24.4125 26.8485
    endloop
  endfacet
  facet normal 0 -0.90406 -0.427405
    outer loop
      vertex -18 -24.337 26.6888
      vertex -14 -24.4125 26.8485
      vertex -18 -24.4125 26.8485
    endloop
  endfacet
  facet normal 0 -0.90406 -0.427405
    outer loop
      vertex -14 -24.4125 26.8485
      vertex -18 -24.337 26.6888
      vertex -14 -24.337 26.6888
    endloop
  endfacet
  facet normal 0 -0.0507819 -0.99871
    outer loop
      vertex -11.5908 -25.9882 27.7994
      vertex -10.5 -26 27.8
      vertex -11.5908 -26 27.8
    endloop
  endfacet
  facet normal 1.65065e-05 -0.0492599 -0.998786
    outer loop
      vertex -10.5 -26 27.8
      vertex -11.5908 -25.9882 27.7994
      vertex -10.5 -25.8236 27.7913
    endloop
  endfacet
  facet normal 0 -0.0491507 -0.998791
    outer loop
      vertex -11.5908 -25.8236 27.7913
      vertex -10.5 -25.8236 27.7913
      vertex -11.5908 -25.9882 27.7994
    endloop
  endfacet
  facet normal 0 -0.0492599 -0.998786
    outer loop
      vertex -18 -26 27.8
      vertex -14 -25.8236 27.7913
      vertex -14 -26 27.8
    endloop
  endfacet
  facet normal -0 -0.0492599 -0.998786
    outer loop
      vertex -14 -25.8236 27.7913
      vertex -18 -26 27.8
      vertex -18 -25.8236 27.7913
    endloop
  endfacet
  facet normal 0 -0.516986 0.855994
    outer loop
      vertex -11.5908 -25.0101 24.4973
      vertex -10.5 -25 24.5034
      vertex -11.5908 -25 24.5034
    endloop
  endfacet
  facet normal -3.14446e-05 -0.514496 0.857493
    outer loop
      vertex -10.5 -25 24.5034
      vertex -11.5908 -25.0101 24.4973
      vertex -10.5 -25.1515 24.4125
    endloop
  endfacet
  facet normal 0 -0.514317 0.8576
    outer loop
      vertex -10.5 -25.1515 24.4125
      vertex -11.5908 -25.0101 24.4973
      vertex -11.5908 -25.1515 24.4125
    endloop
  endfacet
  facet normal 0 -0.514496 0.857493
    outer loop
      vertex -18 -25 24.5034
      vertex -14 -25.1515 24.4125
      vertex -14 -25 24.5034
    endloop
  endfacet
  facet normal 0 -0.514496 0.857493
    outer loop
      vertex -14 -25.1515 24.4125
      vertex -18 -25 24.5034
      vertex -18 -25.1515 24.4125
    endloop
  endfacet
  facet normal 0 0.855994 -0.516986
    outer loop
      vertex -10.5 -27.4966 27
      vertex -11.5908 -27.5027 26.9899
      vertex -11.5908 -27.4966 27
    endloop
  endfacet
  facet normal -3.14446e-05 0.857493 -0.514496
    outer loop
      vertex -10.5 -27.5875 26.8485
      vertex -11.5908 -27.5027 26.9899
      vertex -10.5 -27.4966 27
    endloop
  endfacet
  facet normal 0 0.8576 -0.514317
    outer loop
      vertex -11.5908 -27.5027 26.9899
      vertex -10.5 -27.5875 26.8485
      vertex -11.5908 -27.5875 26.8485
    endloop
  endfacet
  facet normal 0 0.857493 -0.514496
    outer loop
      vertex -14 -27.5875 26.8485
      vertex -18 -27.4966 27
      vertex -14 -27.4966 27
    endloop
  endfacet
  facet normal 0 0.857493 -0.514496
    outer loop
      vertex -18 -27.4966 27
      vertex -14 -27.5875 26.8485
      vertex -18 -27.5875 26.8485
    endloop
  endfacet
  facet normal 0 -0.855994 -0.516986
    outer loop
      vertex -11.5908 -24.4973 26.9899
      vertex -10.5 -24.5034 27
      vertex -11.5908 -24.5034 27
    endloop
  endfacet
  facet normal -3.36948e-05 -0.8576 -0.514317
    outer loop
      vertex -11.5908 -24.4125 26.8485
      vertex -10.5 -24.5034 27
      vertex -11.5908 -24.4973 26.9899
    endloop
  endfacet
  facet normal 0 -0.857493 -0.514496
    outer loop
      vertex -10.5 -24.5034 27
      vertex -11.5908 -24.4125 26.8485
      vertex -10.5 -24.4125 26.8485
    endloop
  endfacet
  facet normal 0 -0.857493 -0.514496
    outer loop
      vertex -18 -24.4125 26.8485
      vertex -14 -24.5034 27
      vertex -18 -24.5034 27
    endloop
  endfacet
  facet normal 0 -0.857493 -0.514496
    outer loop
      vertex -14 -24.5034 27
      vertex -18 -24.4125 26.8485
      vertex -14 -24.4125 26.8485
    endloop
  endfacet
  facet normal 0 -0.970107 0.242678
    outer loop
      vertex -11.5908 -24.2746 25.4889
      vertex -10.5 -24.2346 25.6488
      vertex -11.5908 -24.2346 25.6488
    endloop
  endfacet
  facet normal 0 -0.969134 0.246534
    outer loop
      vertex -10.5 -24.2775 25.4775
      vertex -11.5908 -24.2746 25.4889
      vertex -11.5908 -24.2775 25.4775
    endloop
  endfacet
  facet normal -4.0026e-05 -0.970042 0.242935
    outer loop
      vertex -11.5908 -24.2746 25.4889
      vertex -10.5 -24.2775 25.4775
      vertex -10.5 -24.2346 25.6488
    endloop
  endfacet
  facet normal 0 -0.970042 0.242935
    outer loop
      vertex -18 -24.2775 25.4775
      vertex -14 -24.2346 25.6488
      vertex -18 -24.2346 25.6488
    endloop
  endfacet
  facet normal 0 -0.970042 0.242935
    outer loop
      vertex -14 -24.2346 25.6488
      vertex -18 -24.2775 25.4775
      vertex -14 -24.2775 25.4775
    endloop
  endfacet
  facet normal 0 0.941605 0.336721
    outer loop
      vertex -10.5 -27.7225 25.4775
      vertex -11.5908 -27.667 25.3223
      vertex -11.5908 -27.7225 25.4775
    endloop
  endfacet
  facet normal -2.46547e-05 0.94155 0.336874
    outer loop
      vertex -10.5 -27.663 25.3112
      vertex -11.5908 -27.667 25.3223
      vertex -10.5 -27.7225 25.4775
    endloop
  endfacet
  facet normal 0 0.940779 0.33902
    outer loop
      vertex -11.5908 -27.667 25.3223
      vertex -10.5 -27.663 25.3112
      vertex -11.5908 -27.663 25.3112
    endloop
  endfacet
  facet normal 0 0.94155 0.336874
    outer loop
      vertex -14 -27.663 25.3112
      vertex -18 -27.7225 25.4775
      vertex -14 -27.7225 25.4775
    endloop
  endfacet
  facet normal 0 0.94155 0.336874
    outer loop
      vertex -18 -27.7225 25.4775
      vertex -14 -27.663 25.3112
      vertex -18 -27.663 25.3112
    endloop
  endfacet
  facet normal 0 -0.672249 -0.740325
    outer loop
      vertex -11.5908 -24.8494 27.3835
      vertex -10.5 -24.8581 27.3914
      vertex -11.5908 -24.8581 27.3914
    endloop
  endfacet
  facet normal 1.18852e-05 -0.671432 -0.741066
    outer loop
      vertex -10.5 -24.8581 27.3914
      vertex -11.5908 -24.8494 27.3835
      vertex -10.5 -24.7272 27.2728
    endloop
  endfacet
  facet normal -0 -0.671374 -0.741119
    outer loop
      vertex -10.5 -24.7272 27.2728
      vertex -11.5908 -24.8494 27.3835
      vertex -11.5908 -24.7272 27.2728
    endloop
  endfacet
  facet normal 0 -0.671432 -0.741066
    outer loop
      vertex -18 -24.8581 27.3914
      vertex -14 -24.7272 27.2728
      vertex -14 -24.8581 27.3914
    endloop
  endfacet
  facet normal -0 -0.671432 -0.741066
    outer loop
      vertex -14 -24.7272 27.2728
      vertex -18 -24.8581 27.3914
      vertex -18 -24.7272 27.2728
    endloop
  endfacet
  facet normal -0 0.514496 0.857493
    outer loop
      vertex -11.5908 -26.8485 24.4125
      vertex -10.5 -27 24.5034
      vertex -10.5 -26.8485 24.4125
    endloop
  endfacet
  facet normal -3.36948e-05 0.514317 0.8576
    outer loop
      vertex -11.5908 -26.9899 24.4973
      vertex -10.5 -27 24.5034
      vertex -11.5908 -26.8485 24.4125
    endloop
  endfacet
  facet normal 0 0.516986 0.855994
    outer loop
      vertex -10.5 -27 24.5034
      vertex -11.5908 -26.9899 24.4973
      vertex -11.5908 -27 24.5034
    endloop
  endfacet
  facet normal -0 0.514496 0.857493
    outer loop
      vertex -18 -26.8485 24.4125
      vertex -14 -27 24.5034
      vertex -14 -26.8485 24.4125
    endloop
  endfacet
  facet normal 0 0.514496 0.857493
    outer loop
      vertex -14 -27 24.5034
      vertex -18 -26.8485 24.4125
      vertex -18 -27 24.5034
    endloop
  endfacet
  facet normal 0 0.740325 0.672249
    outer loop
      vertex -10.5 -27.3914 24.8581
      vertex -11.5908 -27.3835 24.8494
      vertex -11.5908 -27.3914 24.8581
    endloop
  endfacet
  facet normal 1.18852e-05 0.741066 0.671432
    outer loop
      vertex -10.5 -27.2728 24.7272
      vertex -11.5908 -27.3835 24.8494
      vertex -10.5 -27.3914 24.8581
    endloop
  endfacet
  facet normal 0 0.741119 0.671374
    outer loop
      vertex -11.5908 -27.3835 24.8494
      vertex -10.5 -27.2728 24.7272
      vertex -11.5908 -27.2728 24.7272
    endloop
  endfacet
  facet normal 0 0.741066 0.671432
    outer loop
      vertex -14 -27.2728 24.7272
      vertex -18 -27.3914 24.8581
      vertex -14 -27.3914 24.8581
    endloop
  endfacet
  facet normal 0 0.741066 0.671432
    outer loop
      vertex -18 -27.3914 24.8581
      vertex -14 -27.2728 24.7272
      vertex -18 -27.2728 24.7272
    endloop
  endfacet
  facet normal 0 0.246534 -0.969134
    outer loop
      vertex -11.5908 -26.5111 27.7254
      vertex -10.5 -26.5225 27.7225
      vertex -11.5908 -26.5225 27.7225
    endloop
  endfacet
  facet normal -4.0026e-05 0.242935 -0.970042
    outer loop
      vertex -10.5 -26.5225 27.7225
      vertex -11.5908 -26.5111 27.7254
      vertex -10.5 -26.3512 27.7654
    endloop
  endfacet
  facet normal 0 0.242678 -0.970107
    outer loop
      vertex -10.5 -26.3512 27.7654
      vertex -11.5908 -26.5111 27.7254
      vertex -11.5908 -26.3512 27.7654
    endloop
  endfacet
  facet normal 0 0.242935 -0.970042
    outer loop
      vertex -18 -26.5225 27.7225
      vertex -14 -26.3512 27.7654
      vertex -14 -26.5225 27.7225
    endloop
  endfacet
  facet normal 0 0.242935 -0.970042
    outer loop
      vertex -14 -26.3512 27.7654
      vertex -18 -26.5225 27.7225
      vertex -18 -26.3512 27.7654
    endloop
  endfacet
  facet normal 0 0.940779 -0.33902
    outer loop
      vertex -10.5 -27.663 26.6888
      vertex -11.5908 -27.667 26.6777
      vertex -11.5908 -27.663 26.6888
    endloop
  endfacet
  facet normal -2.46547e-05 0.94155 -0.336874
    outer loop
      vertex -10.5 -27.7225 26.5225
      vertex -11.5908 -27.667 26.6777
      vertex -10.5 -27.663 26.6888
    endloop
  endfacet
  facet normal 0 0.941605 -0.336721
    outer loop
      vertex -11.5908 -27.667 26.6777
      vertex -10.5 -27.7225 26.5225
      vertex -11.5908 -27.7225 26.5225
    endloop
  endfacet
  facet normal 0 0.94155 -0.336874
    outer loop
      vertex -14 -27.7225 26.5225
      vertex -18 -27.663 26.6888
      vertex -14 -27.663 26.6888
    endloop
  endfacet
  facet normal 0 0.94155 -0.336874
    outer loop
      vertex -18 -27.663 26.6888
      vertex -14 -27.7225 26.5225
      vertex -18 -27.7225 26.5225
    endloop
  endfacet
  facet normal -2.46547e-05 0.336874 -0.94155
    outer loop
      vertex -10.5 -26.6888 27.663
      vertex -11.5908 -26.6777 27.667
      vertex -10.5 -26.5225 27.7225
    endloop
  endfacet
  facet normal 0 0.33902 -0.940779
    outer loop
      vertex -11.5908 -26.6777 27.667
      vertex -10.5 -26.6888 27.663
      vertex -11.5908 -26.6888 27.663
    endloop
  endfacet
  facet normal 0 0.336721 -0.941605
    outer loop
      vertex -11.5908 -26.5225 27.7225
      vertex -10.5 -26.5225 27.7225
      vertex -11.5908 -26.6777 27.667
    endloop
  endfacet
  facet normal 0 0.336874 -0.94155
    outer loop
      vertex -18 -26.6888 27.663
      vertex -14 -26.5225 27.7225
      vertex -14 -26.6888 27.663
    endloop
  endfacet
  facet normal 0 0.336874 -0.94155
    outer loop
      vertex -14 -26.5225 27.7225
      vertex -18 -26.6888 27.663
      vertex -18 -26.5225 27.7225
    endloop
  endfacet
  facet normal 0 -0.671432 0.741066
    outer loop
      vertex -11.5908 -24.7272 24.7272
      vertex -10.5 -24.8581 24.6086
      vertex -10.5 -24.7272 24.7272
    endloop
  endfacet
  facet normal 1.27323e-05 -0.671374 0.741119
    outer loop
      vertex -11.5908 -24.8494 24.6165
      vertex -10.5 -24.8581 24.6086
      vertex -11.5908 -24.7272 24.7272
    endloop
  endfacet
  facet normal 0 -0.672249 0.740325
    outer loop
      vertex -10.5 -24.8581 24.6086
      vertex -11.5908 -24.8494 24.6165
      vertex -11.5908 -24.8581 24.6086
    endloop
  endfacet
  facet normal 0 -0.671432 0.741066
    outer loop
      vertex -18 -24.7272 24.7272
      vertex -14 -24.8581 24.6086
      vertex -14 -24.7272 24.7272
    endloop
  endfacet
  facet normal 0 -0.671432 0.741066
    outer loop
      vertex -14 -24.8581 24.6086
      vertex -18 -24.7272 24.7272
      vertex -18 -24.8581 24.6086
    endloop
  endfacet
  facet normal 0 0.803192 0.595721
    outer loop
      vertex -10.5 -27.4966 25
      vertex -11.5908 -27.3984 24.8676
      vertex -11.5908 -27.4966 25
    endloop
  endfacet
  facet normal 3.16584e-05 0.803316 0.595552
    outer loop
      vertex -10.5 -27.3914 24.8581
      vertex -11.5908 -27.3984 24.8676
      vertex -10.5 -27.4966 25
    endloop
  endfacet
  facet normal 0 0.805056 0.593199
    outer loop
      vertex -11.5908 -27.3984 24.8676
      vertex -10.5 -27.3914 24.8581
      vertex -11.5908 -27.3914 24.8581
    endloop
  endfacet
  facet normal 0 0.803316 0.595552
    outer loop
      vertex -14 -27.3914 24.8581
      vertex -18 -27.4966 25
      vertex -14 -27.4966 25
    endloop
  endfacet
  facet normal 0 0.803316 0.595552
    outer loop
      vertex -18 -27.4966 25
      vertex -14 -27.3914 24.8581
      vertex -18 -27.3914 24.8581
    endloop
  endfacet
  facet normal 0 -0.336721 -0.941605
    outer loop
      vertex -11.5908 -25.3223 27.667
      vertex -10.5 -25.4775 27.7225
      vertex -11.5908 -25.4775 27.7225
    endloop
  endfacet
  facet normal -2.46547e-05 -0.336874 -0.94155
    outer loop
      vertex -10.5 -25.4775 27.7225
      vertex -11.5908 -25.3223 27.667
      vertex -10.5 -25.3112 27.663
    endloop
  endfacet
  facet normal 0 -0.33902 -0.940779
    outer loop
      vertex -11.5908 -25.3112 27.663
      vertex -10.5 -25.3112 27.663
      vertex -11.5908 -25.3223 27.667
    endloop
  endfacet
  facet normal 0 -0.336874 -0.94155
    outer loop
      vertex -18 -25.4775 27.7225
      vertex -14 -25.3112 27.663
      vertex -14 -25.4775 27.7225
    endloop
  endfacet
  facet normal -0 -0.336874 -0.94155
    outer loop
      vertex -14 -25.3112 27.663
      vertex -18 -25.4775 27.7225
      vertex -18 -25.3112 27.663
    endloop
  endfacet
  facet normal 0 0.904158 -0.427199
    outer loop
      vertex -10.5 -27.5875 26.8485
      vertex -11.5908 -27.6579 26.6995
      vertex -11.5908 -27.5875 26.8485
    endloop
  endfacet
  facet normal 3.43562e-05 0.90406 -0.427405
    outer loop
      vertex -10.5 -27.663 26.6888
      vertex -11.5908 -27.6579 26.6995
      vertex -10.5 -27.5875 26.8485
    endloop
  endfacet
  facet normal 0 0.902705 -0.430261
    outer loop
      vertex -11.5908 -27.6579 26.6995
      vertex -10.5 -27.663 26.6888
      vertex -11.5908 -27.663 26.6888
    endloop
  endfacet
  facet normal 0 0.90406 -0.427405
    outer loop
      vertex -14 -27.663 26.6888
      vertex -18 -27.5875 26.8485
      vertex -14 -27.5875 26.8485
    endloop
  endfacet
  facet normal 0 0.90406 -0.427405
    outer loop
      vertex -18 -27.5875 26.8485
      vertex -14 -27.663 26.6888
      vertex -18 -27.663 26.6888
    endloop
  endfacet
  facet normal 0 0.516986 -0.855994
    outer loop
      vertex -11.5908 -26.9899 27.5027
      vertex -10.5 -27 27.4966
      vertex -11.5908 -27 27.4966
    endloop
  endfacet
  facet normal -3.14446e-05 0.514496 -0.857493
    outer loop
      vertex -10.5 -27 27.4966
      vertex -11.5908 -26.9899 27.5027
      vertex -10.5 -26.8485 27.5875
    endloop
  endfacet
  facet normal 0 0.514317 -0.8576
    outer loop
      vertex -10.5 -26.8485 27.5875
      vertex -11.5908 -26.9899 27.5027
      vertex -11.5908 -26.8485 27.5875
    endloop
  endfacet
  facet normal 0 0.514496 -0.857493
    outer loop
      vertex -18 -27 27.4966
      vertex -14 -26.8485 27.5875
      vertex -14 -27 27.4966
    endloop
  endfacet
  facet normal 0 0.514496 -0.857493
    outer loop
      vertex -14 -26.8485 27.5875
      vertex -18 -27 27.4966
      vertex -18 -26.8485 27.5875
    endloop
  endfacet
  facet normal 0 -0.514496 -0.857493
    outer loop
      vertex -11.5908 -25.1515 27.5875
      vertex -10.5 -25 27.4966
      vertex -10.5 -25.1515 27.5875
    endloop
  endfacet
  facet normal -3.36948e-05 -0.514317 -0.8576
    outer loop
      vertex -11.5908 -25.0101 27.5027
      vertex -10.5 -25 27.4966
      vertex -11.5908 -25.1515 27.5875
    endloop
  endfacet
  facet normal -0 -0.516986 -0.855994
    outer loop
      vertex -10.5 -25 27.4966
      vertex -11.5908 -25.0101 27.5027
      vertex -11.5908 -25 27.4966
    endloop
  endfacet
  facet normal 0 -0.514496 -0.857493
    outer loop
      vertex -18 -25.1515 27.5875
      vertex -14 -25 27.4966
      vertex -14 -25.1515 27.5875
    endloop
  endfacet
  facet normal -0 -0.514496 -0.857493
    outer loop
      vertex -14 -25 27.4966
      vertex -18 -25.1515 27.5875
      vertex -18 -25 27.4966
    endloop
  endfacet
  facet normal 1.65065e-05 0.0492599 -0.998786
    outer loop
      vertex -10.5 -26.1764 27.7913
      vertex -11.5908 -26.0118 27.7994
      vertex -10.5 -26 27.8
    endloop
  endfacet
  facet normal 0 0.0491507 -0.998791
    outer loop
      vertex -11.5908 -26.0118 27.7994
      vertex -10.5 -26.1764 27.7913
      vertex -11.5908 -26.1764 27.7913
    endloop
  endfacet
  facet normal 0 0.0507819 -0.99871
    outer loop
      vertex -10.5 -26 27.8
      vertex -11.5908 -26.0118 27.7994
      vertex -11.5908 -26 27.8
    endloop
  endfacet
  facet normal 0 0.0492599 -0.998786
    outer loop
      vertex -18 -26.1764 27.7913
      vertex -14 -26 27.8
      vertex -14 -26.1764 27.7913
    endloop
  endfacet
  facet normal 0 0.0492599 -0.998786
    outer loop
      vertex -14 -26 27.8
      vertex -18 -26.1764 27.7913
      vertex -18 -26 27.8
    endloop
  endfacet
  facet normal 0 -0.246534 0.969134
    outer loop
      vertex -11.5908 26.5111 -27.7254
      vertex -10.5 26.5225 -27.7225
      vertex -11.5908 26.5225 -27.7225
    endloop
  endfacet
  facet normal -4.0026e-05 -0.242935 0.970042
    outer loop
      vertex -10.5 26.5225 -27.7225
      vertex -11.5908 26.5111 -27.7254
      vertex -10.5 26.3512 -27.7654
    endloop
  endfacet
  facet normal 0 -0.242678 0.970107
    outer loop
      vertex -10.5 26.3512 -27.7654
      vertex -11.5908 26.5111 -27.7254
      vertex -11.5908 26.3512 -27.7654
    endloop
  endfacet
  facet normal 0 -0.242935 0.970042
    outer loop
      vertex -18 26.5225 -27.7225
      vertex -14 26.3512 -27.7654
      vertex -14 26.5225 -27.7225
    endloop
  endfacet
  facet normal 0 -0.242935 0.970042
    outer loop
      vertex -14 26.3512 -27.7654
      vertex -18 26.5225 -27.7225
      vertex -18 26.3512 -27.7654
    endloop
  endfacet
  facet normal 0 -0.969134 -0.246534
    outer loop
      vertex -11.5908 27.7254 -25.4889
      vertex -10.5 27.7225 -25.4775
      vertex -11.5908 27.7225 -25.4775
    endloop
  endfacet
  facet normal -0 -0.970107 -0.242678
    outer loop
      vertex -10.5 27.7654 -25.6488
      vertex -11.5908 27.7254 -25.4889
      vertex -11.5908 27.7654 -25.6488
    endloop
  endfacet
  facet normal -4.0026e-05 -0.970042 -0.242935
    outer loop
      vertex -11.5908 27.7254 -25.4889
      vertex -10.5 27.7654 -25.6488
      vertex -10.5 27.7225 -25.4775
    endloop
  endfacet
  facet normal 0 -0.970042 -0.242935
    outer loop
      vertex -18 27.7654 -25.6488
      vertex -14 27.7225 -25.4775
      vertex -18 27.7225 -25.4775
    endloop
  endfacet
  facet normal 0 -0.970042 -0.242935
    outer loop
      vertex -14 27.7225 -25.4775
      vertex -18 27.7654 -25.6488
      vertex -14 27.7654 -25.6488
    endloop
  endfacet
  facet normal 0 -0.593199 0.805056
    outer loop
      vertex -11.5908 27.1324 -27.3984
      vertex -10.5 27.1419 -27.3914
      vertex -11.5908 27.1419 -27.3914
    endloop
  endfacet
  facet normal 3.16584e-05 -0.595552 0.803316
    outer loop
      vertex -10.5 27.1419 -27.3914
      vertex -11.5908 27.1324 -27.3984
      vertex -10.5 27 -27.4966
    endloop
  endfacet
  facet normal 0 -0.595721 0.803192
    outer loop
      vertex -10.5 27 -27.4966
      vertex -11.5908 27.1324 -27.3984
      vertex -11.5908 27 -27.4966
    endloop
  endfacet
  facet normal 0 -0.595552 0.803316
    outer loop
      vertex -18 27.1419 -27.3914
      vertex -14 27 -27.4966
      vertex -14 27.1419 -27.3914
    endloop
  endfacet
  facet normal 0 -0.595552 0.803316
    outer loop
      vertex -14 27 -27.4966
      vertex -18 27.1419 -27.3914
      vertex -18 27 -27.4966
    endloop
  endfacet
  facet normal 1.65065e-05 -0.0492599 0.998786
    outer loop
      vertex -10.5 26.1764 -27.7913
      vertex -11.5908 26.0118 -27.7994
      vertex -10.5 26 -27.8
    endloop
  endfacet
  facet normal 0 -0.0491507 0.998791
    outer loop
      vertex -11.5908 26.0118 -27.7994
      vertex -10.5 26.1764 -27.7913
      vertex -11.5908 26.1764 -27.7913
    endloop
  endfacet
  facet normal 0 -0.0507819 0.99871
    outer loop
      vertex -10.5 26 -27.8
      vertex -11.5908 26.0118 -27.7994
      vertex -11.5908 26 -27.8
    endloop
  endfacet
  facet normal 0 -0.0492599 0.998786
    outer loop
      vertex -18 26.1764 -27.7913
      vertex -14 26 -27.8
      vertex -14 26.1764 -27.7913
    endloop
  endfacet
  facet normal 0 -0.0492599 0.998786
    outer loop
      vertex -14 26 -27.8
      vertex -18 26.1764 -27.7913
      vertex -18 26 -27.8
    endloop
  endfacet
  facet normal 0 0.8576 0.514317
    outer loop
      vertex -10.5 24.4125 -26.8485
      vertex -11.5908 24.4973 -26.9899
      vertex -11.5908 24.4125 -26.8485
    endloop
  endfacet
  facet normal -3.14446e-05 0.857493 0.514496
    outer loop
      vertex -10.5 24.5034 -27
      vertex -11.5908 24.4973 -26.9899
      vertex -10.5 24.4125 -26.8485
    endloop
  endfacet
  facet normal 0 0.855994 0.516986
    outer loop
      vertex -11.5908 24.4973 -26.9899
      vertex -10.5 24.5034 -27
      vertex -11.5908 24.5034 -27
    endloop
  endfacet
  facet normal 0 0.857493 0.514496
    outer loop
      vertex -14 24.5034 -27
      vertex -18 24.4125 -26.8485
      vertex -14 24.4125 -26.8485
    endloop
  endfacet
  facet normal 0 0.857493 0.514496
    outer loop
      vertex -18 24.4125 -26.8485
      vertex -14 24.5034 -27
      vertex -18 24.5034 -27
    endloop
  endfacet
  facet normal 0 0.940779 -0.33902
    outer loop
      vertex -10.5 24.337 -25.3112
      vertex -11.5908 24.333 -25.3223
      vertex -11.5908 24.337 -25.3112
    endloop
  endfacet
  facet normal -2.46547e-05 0.94155 -0.336874
    outer loop
      vertex -10.5 24.2775 -25.4775
      vertex -11.5908 24.333 -25.3223
      vertex -10.5 24.337 -25.3112
    endloop
  endfacet
  facet normal 0 0.941605 -0.336721
    outer loop
      vertex -11.5908 24.333 -25.3223
      vertex -10.5 24.2775 -25.4775
      vertex -11.5908 24.2775 -25.4775
    endloop
  endfacet
  facet normal 0 0.94155 -0.336874
    outer loop
      vertex -14 24.2775 -25.4775
      vertex -18 24.337 -25.3112
      vertex -14 24.337 -25.3112
    endloop
  endfacet
  facet normal 0 0.94155 -0.336874
    outer loop
      vertex -18 24.337 -25.3112
      vertex -14 24.2775 -25.4775
      vertex -18 24.2775 -25.4775
    endloop
  endfacet
  facet normal 0 0.941605 0.336721
    outer loop
      vertex -10.5 24.2775 -26.5225
      vertex -11.5908 24.333 -26.6777
      vertex -11.5908 24.2775 -26.5225
    endloop
  endfacet
  facet normal -2.46547e-05 0.94155 0.336874
    outer loop
      vertex -10.5 24.337 -26.6888
      vertex -11.5908 24.333 -26.6777
      vertex -10.5 24.2775 -26.5225
    endloop
  endfacet
  facet normal 0 0.940779 0.33902
    outer loop
      vertex -11.5908 24.333 -26.6777
      vertex -10.5 24.337 -26.6888
      vertex -11.5908 24.337 -26.6888
    endloop
  endfacet
  facet normal 0 0.94155 0.336874
    outer loop
      vertex -14 24.337 -26.6888
      vertex -18 24.2775 -26.5225
      vertex -14 24.2775 -26.5225
    endloop
  endfacet
  facet normal 0 0.94155 0.336874
    outer loop
      vertex -18 24.2775 -26.5225
      vertex -14 24.337 -26.6888
      vertex -18 24.337 -26.6888
    endloop
  endfacet
  facet normal 0 0.855994 -0.516986
    outer loop
      vertex -10.5 24.5034 -25
      vertex -11.5908 24.4973 -25.0101
      vertex -11.5908 24.5034 -25
    endloop
  endfacet
  facet normal -3.14446e-05 0.857493 -0.514496
    outer loop
      vertex -10.5 24.4125 -25.1515
      vertex -11.5908 24.4973 -25.0101
      vertex -10.5 24.5034 -25
    endloop
  endfacet
  facet normal 0 0.8576 -0.514317
    outer loop
      vertex -11.5908 24.4973 -25.0101
      vertex -10.5 24.4125 -25.1515
      vertex -11.5908 24.4125 -25.1515
    endloop
  endfacet
  facet normal 0 0.857493 -0.514496
    outer loop
      vertex -14 24.4125 -25.1515
      vertex -18 24.5034 -25
      vertex -14 24.5034 -25
    endloop
  endfacet
  facet normal 0 0.857493 -0.514496
    outer loop
      vertex -18 24.5034 -25
      vertex -14 24.4125 -25.1515
      vertex -18 24.4125 -25.1515
    endloop
  endfacet
  facet normal 0 0.516986 -0.855994
    outer loop
      vertex -11.5908 25.0101 -24.4973
      vertex -10.5 25 -24.5034
      vertex -11.5908 25 -24.5034
    endloop
  endfacet
  facet normal -3.14446e-05 0.514496 -0.857493
    outer loop
      vertex -10.5 25 -24.5034
      vertex -11.5908 25.0101 -24.4973
      vertex -10.5 25.1515 -24.4125
    endloop
  endfacet
  facet normal 0 0.514317 -0.8576
    outer loop
      vertex -10.5 25.1515 -24.4125
      vertex -11.5908 25.0101 -24.4973
      vertex -11.5908 25.1515 -24.4125
    endloop
  endfacet
  facet normal 0 0.514496 -0.857493
    outer loop
      vertex -18 25 -24.5034
      vertex -14 25.1515 -24.4125
      vertex -14 25 -24.5034
    endloop
  endfacet
  facet normal 0 0.514496 -0.857493
    outer loop
      vertex -14 25.1515 -24.4125
      vertex -18 25 -24.5034
      vertex -18 25.1515 -24.4125
    endloop
  endfacet
  facet normal 0 -0.741119 -0.671374
    outer loop
      vertex -11.5908 27.3835 -24.8494
      vertex -10.5 27.2728 -24.7272
      vertex -11.5908 27.2728 -24.7272
    endloop
  endfacet
  facet normal -0 -0.740325 -0.672249
    outer loop
      vertex -10.5 27.3914 -24.8581
      vertex -11.5908 27.3835 -24.8494
      vertex -11.5908 27.3914 -24.8581
    endloop
  endfacet
  facet normal 1.18852e-05 -0.741066 -0.671432
    outer loop
      vertex -11.5908 27.3835 -24.8494
      vertex -10.5 27.3914 -24.8581
      vertex -10.5 27.2728 -24.7272
    endloop
  endfacet
  facet normal 0 -0.741066 -0.671432
    outer loop
      vertex -18 27.3914 -24.8581
      vertex -14 27.2728 -24.7272
      vertex -18 27.2728 -24.7272
    endloop
  endfacet
  facet normal 0 -0.741066 -0.671432
    outer loop
      vertex -14 27.2728 -24.7272
      vertex -18 27.3914 -24.8581
      vertex -14 27.3914 -24.8581
    endloop
  endfacet
  facet normal 0 0.970107 0.242678
    outer loop
      vertex -10.5 24.2346 -26.3512
      vertex -11.5908 24.2746 -26.5111
      vertex -11.5908 24.2346 -26.3512
    endloop
  endfacet
  facet normal -4.0026e-05 0.970042 0.242935
    outer loop
      vertex -10.5 24.2775 -26.5225
      vertex -11.5908 24.2746 -26.5111
      vertex -10.5 24.2346 -26.3512
    endloop
  endfacet
  facet normal 0 0.969134 0.246534
    outer loop
      vertex -11.5908 24.2746 -26.5111
      vertex -10.5 24.2775 -26.5225
      vertex -11.5908 24.2775 -26.5225
    endloop
  endfacet
  facet normal 0 0.970042 0.242935
    outer loop
      vertex -14 24.2775 -26.5225
      vertex -18 24.2346 -26.3512
      vertex -14 24.2346 -26.3512
    endloop
  endfacet
  facet normal 0 0.970042 0.242935
    outer loop
      vertex -18 24.2346 -26.3512
      vertex -14 24.2775 -26.5225
      vertex -18 24.2775 -26.5225
    endloop
  endfacet
  facet normal 0 -0.514496 -0.857493
    outer loop
      vertex -11.5908 26.8485 -24.4125
      vertex -10.5 27 -24.5034
      vertex -10.5 26.8485 -24.4125
    endloop
  endfacet
  facet normal -3.36948e-05 -0.514317 -0.8576
    outer loop
      vertex -11.5908 26.9899 -24.4973
      vertex -10.5 27 -24.5034
      vertex -11.5908 26.8485 -24.4125
    endloop
  endfacet
  facet normal -0 -0.516986 -0.855994
    outer loop
      vertex -10.5 27 -24.5034
      vertex -11.5908 26.9899 -24.4973
      vertex -11.5908 27 -24.5034
    endloop
  endfacet
  facet normal 0 -0.514496 -0.857493
    outer loop
      vertex -18 26.8485 -24.4125
      vertex -14 27 -24.5034
      vertex -14 26.8485 -24.4125
    endloop
  endfacet
  facet normal -0 -0.514496 -0.857493
    outer loop
      vertex -14 27 -24.5034
      vertex -18 26.8485 -24.4125
      vertex -18 27 -24.5034
    endloop
  endfacet
  facet normal 0 -0.146768 -0.989171
    outer loop
      vertex -11.5908 26.3395 -24.2329
      vertex -10.5 26.1764 -24.2087
      vertex -11.5908 26.1764 -24.2087
    endloop
  endfacet
  facet normal 3.04534e-05 -0.146569 -0.9892
    outer loop
      vertex -10.5 26.1764 -24.2087
      vertex -11.5908 26.3395 -24.2329
      vertex -10.5 26.3512 -24.2346
    endloop
  endfacet
  facet normal -0 -0.143789 -0.989608
    outer loop
      vertex -10.5 26.3512 -24.2346
      vertex -11.5908 26.3395 -24.2329
      vertex -11.5908 26.3512 -24.2346
    endloop
  endfacet
  facet normal 0 -0.146569 -0.9892
    outer loop
      vertex -18 26.1764 -24.2087
      vertex -14 26.3512 -24.2346
      vertex -14 26.1764 -24.2087
    endloop
  endfacet
  facet normal -0 -0.146569 -0.9892
    outer loop
      vertex -14 26.3512 -24.2346
      vertex -18 26.1764 -24.2087
      vertex -18 26.3512 -24.2346
    endloop
  endfacet
  facet normal 0 -0.989171 0.146768
    outer loop
      vertex -11.5908 27.7671 -26.3395
      vertex -10.5 27.7913 -26.1764
      vertex -11.5908 27.7913 -26.1764
    endloop
  endfacet
  facet normal 0 -0.989608 0.143789
    outer loop
      vertex -10.5 27.7654 -26.3512
      vertex -11.5908 27.7671 -26.3395
      vertex -11.5908 27.7654 -26.3512
    endloop
  endfacet
  facet normal 3.04534e-05 -0.9892 0.146569
    outer loop
      vertex -11.5908 27.7671 -26.3395
      vertex -10.5 27.7654 -26.3512
      vertex -10.5 27.7913 -26.1764
    endloop
  endfacet
  facet normal 0 -0.9892 0.146569
    outer loop
      vertex -18 27.7654 -26.3512
      vertex -14 27.7913 -26.1764
      vertex -18 27.7913 -26.1764
    endloop
  endfacet
  facet normal 0 -0.9892 0.146569
    outer loop
      vertex -14 27.7913 -26.1764
      vertex -18 27.7654 -26.3512
      vertex -14 27.7654 -26.3512
    endloop
  endfacet
  facet normal -0 0.595552 0.803316
    outer loop
      vertex -11.5908 25 -27.4966
      vertex -10.5 24.8581 -27.3914
      vertex -10.5 25 -27.4966
    endloop
  endfacet
  facet normal 3.39247e-05 0.595721 0.803192
    outer loop
      vertex -11.5908 24.8676 -27.3984
      vertex -10.5 24.8581 -27.3914
      vertex -11.5908 25 -27.4966
    endloop
  endfacet
  facet normal 0 0.593199 0.805056
    outer loop
      vertex -10.5 24.8581 -27.3914
      vertex -11.5908 24.8676 -27.3984
      vertex -11.5908 24.8581 -27.3914
    endloop
  endfacet
  facet normal -0 0.595552 0.803316
    outer loop
      vertex -18 25 -27.4966
      vertex -14 24.8581 -27.3914
      vertex -14 25 -27.4966
    endloop
  endfacet
  facet normal 0 0.595552 0.803316
    outer loop
      vertex -14 24.8581 -27.3914
      vertex -18 25 -27.4966
      vertex -18 24.8581 -27.3914
    endloop
  endfacet
  facet normal 0 -0.941605 0.336721
    outer loop
      vertex -11.5908 27.667 -26.6777
      vertex -10.5 27.7225 -26.5225
      vertex -11.5908 27.7225 -26.5225
    endloop
  endfacet
  facet normal 0 -0.940779 0.33902
    outer loop
      vertex -10.5 27.663 -26.6888
      vertex -11.5908 27.667 -26.6777
      vertex -11.5908 27.663 -26.6888
    endloop
  endfacet
  facet normal -2.46547e-05 -0.94155 0.336874
    outer loop
      vertex -11.5908 27.667 -26.6777
      vertex -10.5 27.663 -26.6888
      vertex -10.5 27.7225 -26.5225
    endloop
  endfacet
  facet normal 0 -0.94155 0.336874
    outer loop
      vertex -18 27.663 -26.6888
      vertex -14 27.7225 -26.5225
      vertex -18 27.7225 -26.5225
    endloop
  endfacet
  facet normal 0 -0.94155 0.336874
    outer loop
      vertex -14 27.7225 -26.5225
      vertex -18 27.663 -26.6888
      vertex -14 27.663 -26.6888
    endloop
  endfacet
  facet normal 3.43562e-05 -0.427405 0.90406
    outer loop
      vertex -10.5 26.8485 -27.5875
      vertex -11.5908 26.6995 -27.6579
      vertex -10.5 26.6888 -27.663
    endloop
  endfacet
  facet normal 0 -0.427199 0.904158
    outer loop
      vertex -10.5 26.8485 -27.5875
      vertex -11.5908 26.8485 -27.5875
      vertex -11.5908 26.6995 -27.6579
    endloop
  endfacet
  facet normal 0 -0.430261 0.902705
    outer loop
      vertex -10.5 26.6888 -27.663
      vertex -11.5908 26.6995 -27.6579
      vertex -11.5908 26.6888 -27.663
    endloop
  endfacet
  facet normal 0 -0.427405 0.90406
    outer loop
      vertex -18 26.8485 -27.5875
      vertex -14 26.6888 -27.663
      vertex -14 26.8485 -27.5875
    endloop
  endfacet
  facet normal 0 -0.427405 0.90406
    outer loop
      vertex -14 26.6888 -27.663
      vertex -18 26.8485 -27.5875
      vertex -18 26.6888 -27.663
    endloop
  endfacet
  facet normal 0 -0.805056 -0.593199
    outer loop
      vertex -11.5908 27.3984 -24.8676
      vertex -10.5 27.3914 -24.8581
      vertex -11.5908 27.3914 -24.8581
    endloop
  endfacet
  facet normal 3.39247e-05 -0.803192 -0.595721
    outer loop
      vertex -11.5908 27.4966 -25
      vertex -10.5 27.3914 -24.8581
      vertex -11.5908 27.3984 -24.8676
    endloop
  endfacet
  facet normal 0 -0.803316 -0.595552
    outer loop
      vertex -10.5 27.3914 -24.8581
      vertex -11.5908 27.4966 -25
      vertex -10.5 27.4966 -25
    endloop
  endfacet
  facet normal 0 -0.803316 -0.595552
    outer loop
      vertex -18 27.4966 -25
      vertex -14 27.3914 -24.8581
      vertex -18 27.3914 -24.8581
    endloop
  endfacet
  facet normal 0 -0.803316 -0.595552
    outer loop
      vertex -14 27.3914 -24.8581
      vertex -18 27.4966 -25
      vertex -14 27.4966 -25
    endloop
  endfacet
  facet normal 0 -0.803192 0.595721
    outer loop
      vertex -11.5908 27.3984 -27.1324
      vertex -10.5 27.4966 -27
      vertex -11.5908 27.4966 -27
    endloop
  endfacet
  facet normal 0 -0.805056 0.593199
    outer loop
      vertex -10.5 27.3914 -27.1419
      vertex -11.5908 27.3984 -27.1324
      vertex -11.5908 27.3914 -27.1419
    endloop
  endfacet
  facet normal 3.16584e-05 -0.803316 0.595552
    outer loop
      vertex -11.5908 27.3984 -27.1324
      vertex -10.5 27.3914 -27.1419
      vertex -10.5 27.4966 -27
    endloop
  endfacet
  facet normal 0 -0.803316 0.595552
    outer loop
      vertex -18 27.3914 -27.1419
      vertex -14 27.4966 -27
      vertex -18 27.4966 -27
    endloop
  endfacet
  facet normal 0 -0.803316 0.595552
    outer loop
      vertex -14 27.4966 -27
      vertex -18 27.3914 -27.1419
      vertex -14 27.3914 -27.1419
    endloop
  endfacet
  facet normal 0 0.969134 -0.246534
    outer loop
      vertex -10.5 24.2775 -25.4775
      vertex -11.5908 24.2746 -25.4889
      vertex -11.5908 24.2775 -25.4775
    endloop
  endfacet
  facet normal -4.0026e-05 0.970042 -0.242935
    outer loop
      vertex -10.5 24.2346 -25.6488
      vertex -11.5908 24.2746 -25.4889
      vertex -10.5 24.2775 -25.4775
    endloop
  endfacet
  facet normal 0 0.970107 -0.242678
    outer loop
      vertex -11.5908 24.2746 -25.4889
      vertex -10.5 24.2346 -25.6488
      vertex -11.5908 24.2346 -25.6488
    endloop
  endfacet
  facet normal 0 0.970042 -0.242935
    outer loop
      vertex -14 24.2346 -25.6488
      vertex -18 24.2775 -25.4775
      vertex -14 24.2775 -25.4775
    endloop
  endfacet
  facet normal 0 0.970042 -0.242935
    outer loop
      vertex -18 24.2775 -25.4775
      vertex -14 24.2346 -25.6488
      vertex -18 24.2346 -25.6488
    endloop
  endfacet
  facet normal 0 -0.855994 -0.516986
    outer loop
      vertex -11.5908 27.5027 -25.0101
      vertex -10.5 27.4966 -25
      vertex -11.5908 27.4966 -25
    endloop
  endfacet
  facet normal -3.36948e-05 -0.8576 -0.514317
    outer loop
      vertex -11.5908 27.5875 -25.1515
      vertex -10.5 27.4966 -25
      vertex -11.5908 27.5027 -25.0101
    endloop
  endfacet
  facet normal 0 -0.857493 -0.514496
    outer loop
      vertex -10.5 27.4966 -25
      vertex -11.5908 27.5875 -25.1515
      vertex -10.5 27.5875 -25.1515
    endloop
  endfacet
  facet normal 0 -0.857493 -0.514496
    outer loop
      vertex -18 27.5875 -25.1515
      vertex -14 27.4966 -25
      vertex -18 27.4966 -25
    endloop
  endfacet
  facet normal 0 -0.857493 -0.514496
    outer loop
      vertex -14 27.4966 -25
      vertex -18 27.5875 -25.1515
      vertex -14 27.5875 -25.1515
    endloop
  endfacet
  facet normal 0 0.998791 -0.0491507
    outer loop
      vertex -10.5 24.2087 -25.8236
      vertex -11.5908 24.2006 -25.9882
      vertex -11.5908 24.2087 -25.8236
    endloop
  endfacet
  facet normal 1.65065e-05 0.998786 -0.0492599
    outer loop
      vertex -10.5 24.2 -26
      vertex -11.5908 24.2006 -25.9882
      vertex -10.5 24.2087 -25.8236
    endloop
  endfacet
  facet normal 0 0.99871 -0.0507819
    outer loop
      vertex -11.5908 24.2006 -25.9882
      vertex -10.5 24.2 -26
      vertex -11.5908 24.2 -26
    endloop
  endfacet
  facet normal 0 0.998786 -0.0492599
    outer loop
      vertex -14 24.2 -26
      vertex -18 24.2087 -25.8236
      vertex -14 24.2087 -25.8236
    endloop
  endfacet
  facet normal 0 0.998786 -0.0492599
    outer loop
      vertex -18 24.2087 -25.8236
      vertex -14 24.2 -26
      vertex -18 24.2 -26
    endloop
  endfacet
  facet normal 0 -0.8576 0.514317
    outer loop
      vertex -11.5908 27.5027 -26.9899
      vertex -10.5 27.5875 -26.8485
      vertex -11.5908 27.5875 -26.8485
    endloop
  endfacet
  facet normal 0 -0.855994 0.516986
    outer loop
      vertex -10.5 27.4966 -27
      vertex -11.5908 27.5027 -26.9899
      vertex -11.5908 27.4966 -27
    endloop
  endfacet
  facet normal -3.14446e-05 -0.857493 0.514496
    outer loop
      vertex -11.5908 27.5027 -26.9899
      vertex -10.5 27.4966 -27
      vertex -10.5 27.5875 -26.8485
    endloop
  endfacet
  facet normal 0 -0.857493 0.514496
    outer loop
      vertex -18 27.4966 -27
      vertex -14 27.5875 -26.8485
      vertex -18 27.5875 -26.8485
    endloop
  endfacet
  facet normal 0 -0.857493 0.514496
    outer loop
      vertex -14 27.5875 -26.8485
      vertex -18 27.4966 -27
      vertex -14 27.4966 -27
    endloop
  endfacet
  facet normal 0 0.33902 -0.940779
    outer loop
      vertex -11.5908 25.3223 -24.333
      vertex -10.5 25.3112 -24.337
      vertex -11.5908 25.3112 -24.337
    endloop
  endfacet
  facet normal -2.46547e-05 0.336874 -0.94155
    outer loop
      vertex -10.5 25.3112 -24.337
      vertex -11.5908 25.3223 -24.333
      vertex -10.5 25.4775 -24.2775
    endloop
  endfacet
  facet normal 0 0.336721 -0.941605
    outer loop
      vertex -10.5 25.4775 -24.2775
      vertex -11.5908 25.3223 -24.333
      vertex -11.5908 25.4775 -24.2775
    endloop
  endfacet
  facet normal 0 0.336874 -0.94155
    outer loop
      vertex -18 25.3112 -24.337
      vertex -14 25.4775 -24.2775
      vertex -14 25.3112 -24.337
    endloop
  endfacet
  facet normal 0 0.336874 -0.94155
    outer loop
      vertex -14 25.4775 -24.2775
      vertex -18 25.3112 -24.337
      vertex -18 25.4775 -24.2775
    endloop
  endfacet
  facet normal 0 0.0507819 0.99871
    outer loop
      vertex -11.5908 25.9882 -27.7994
      vertex -10.5 26 -27.8
      vertex -11.5908 26 -27.8
    endloop
  endfacet
  facet normal 1.65065e-05 0.0492599 0.998786
    outer loop
      vertex -10.5 26 -27.8
      vertex -11.5908 25.9882 -27.7994
      vertex -10.5 25.8236 -27.7913
    endloop
  endfacet
  facet normal -0 0.0491507 0.998791
    outer loop
      vertex -11.5908 25.8236 -27.7913
      vertex -10.5 25.8236 -27.7913
      vertex -11.5908 25.9882 -27.7994
    endloop
  endfacet
  facet normal -0 0.0492599 0.998786
    outer loop
      vertex -18 26 -27.8
      vertex -14 25.8236 -27.7913
      vertex -14 26 -27.8
    endloop
  endfacet
  facet normal 0 0.0492599 0.998786
    outer loop
      vertex -14 25.8236 -27.7913
      vertex -18 26 -27.8
      vertex -18 25.8236 -27.7913
    endloop
  endfacet
  facet normal 0 -0.904158 -0.427199
    outer loop
      vertex -11.5908 27.6579 -25.3005
      vertex -10.5 27.5875 -25.1515
      vertex -11.5908 27.5875 -25.1515
    endloop
  endfacet
  facet normal -0 -0.902705 -0.430261
    outer loop
      vertex -10.5 27.663 -25.3112
      vertex -11.5908 27.6579 -25.3005
      vertex -11.5908 27.663 -25.3112
    endloop
  endfacet
  facet normal 3.43562e-05 -0.90406 -0.427405
    outer loop
      vertex -11.5908 27.6579 -25.3005
      vertex -10.5 27.663 -25.3112
      vertex -10.5 27.5875 -25.1515
    endloop
  endfacet
  facet normal 0 -0.90406 -0.427405
    outer loop
      vertex -18 27.663 -25.3112
      vertex -14 27.5875 -25.1515
      vertex -18 27.5875 -25.1515
    endloop
  endfacet
  facet normal 0 -0.90406 -0.427405
    outer loop
      vertex -14 27.5875 -25.1515
      vertex -18 27.663 -25.3112
      vertex -14 27.663 -25.3112
    endloop
  endfacet
  facet normal 0 0.430261 0.902705
    outer loop
      vertex -11.5908 25.3005 -27.6579
      vertex -10.5 25.3112 -27.663
      vertex -11.5908 25.3112 -27.663
    endloop
  endfacet
  facet normal 3.43562e-05 0.427405 0.90406
    outer loop
      vertex -10.5 25.3112 -27.663
      vertex -11.5908 25.3005 -27.6579
      vertex -10.5 25.1515 -27.5875
    endloop
  endfacet
  facet normal -0 0.427199 0.904158
    outer loop
      vertex -11.5908 25.1515 -27.5875
      vertex -10.5 25.1515 -27.5875
      vertex -11.5908 25.3005 -27.6579
    endloop
  endfacet
  facet normal -0 0.427405 0.90406
    outer loop
      vertex -18 25.3112 -27.663
      vertex -14 25.1515 -27.5875
      vertex -14 25.3112 -27.663
    endloop
  endfacet
  facet normal 0 0.427405 0.90406
    outer loop
      vertex -14 25.1515 -27.5875
      vertex -18 25.3112 -27.663
      vertex -18 25.1515 -27.5875
    endloop
  endfacet
  facet normal 0 0.805056 -0.593199
    outer loop
      vertex -10.5 24.6086 -24.8581
      vertex -11.5908 24.6016 -24.8676
      vertex -11.5908 24.6086 -24.8581
    endloop
  endfacet
  facet normal 3.16584e-05 0.803316 -0.595552
    outer loop
      vertex -10.5 24.5034 -25
      vertex -11.5908 24.6016 -24.8676
      vertex -10.5 24.6086 -24.8581
    endloop
  endfacet
  facet normal 0 0.803192 -0.595721
    outer loop
      vertex -11.5908 24.6016 -24.8676
      vertex -10.5 24.5034 -25
      vertex -11.5908 24.5034 -25
    endloop
  endfacet
  facet normal 0 0.803316 -0.595552
    outer loop
      vertex -14 24.5034 -25
      vertex -18 24.6086 -24.8581
      vertex -14 24.6086 -24.8581
    endloop
  endfacet
  facet normal 0 0.803316 -0.595552
    outer loop
      vertex -18 24.6086 -24.8581
      vertex -14 24.5034 -25
      vertex -18 24.5034 -25
    endloop
  endfacet
  facet normal 0 -0.595552 -0.803316
    outer loop
      vertex -11.5908 27 -24.5034
      vertex -10.5 27.1419 -24.6086
      vertex -10.5 27 -24.5034
    endloop
  endfacet
  facet normal 3.39247e-05 -0.595721 -0.803192
    outer loop
      vertex -11.5908 27.1324 -24.6016
      vertex -10.5 27.1419 -24.6086
      vertex -11.5908 27 -24.5034
    endloop
  endfacet
  facet normal -0 -0.593199 -0.805056
    outer loop
      vertex -10.5 27.1419 -24.6086
      vertex -11.5908 27.1324 -24.6016
      vertex -11.5908 27.1419 -24.6086
    endloop
  endfacet
  facet normal 0 -0.595552 -0.803316
    outer loop
      vertex -18 27 -24.5034
      vertex -14 27.1419 -24.6086
      vertex -14 27 -24.5034
    endloop
  endfacet
  facet normal -0 -0.595552 -0.803316
    outer loop
      vertex -14 27.1419 -24.6086
      vertex -18 27 -24.5034
      vertex -18 27.1419 -24.6086
    endloop
  endfacet
  facet normal 0 0.427405 -0.90406
    outer loop
      vertex -11.5908 25.1515 -24.4125
      vertex -10.5 25.3112 -24.337
      vertex -10.5 25.1515 -24.4125
    endloop
  endfacet
  facet normal 3.68274e-05 0.427199 -0.904158
    outer loop
      vertex -11.5908 25.3005 -24.3421
      vertex -10.5 25.3112 -24.337
      vertex -11.5908 25.1515 -24.4125
    endloop
  endfacet
  facet normal 0 0.430261 -0.902705
    outer loop
      vertex -10.5 25.3112 -24.337
      vertex -11.5908 25.3005 -24.3421
      vertex -11.5908 25.3112 -24.337
    endloop
  endfacet
  facet normal 0 0.427405 -0.90406
    outer loop
      vertex -18 25.1515 -24.4125
      vertex -14 25.3112 -24.337
      vertex -14 25.1515 -24.4125
    endloop
  endfacet
  facet normal 0 0.427405 -0.90406
    outer loop
      vertex -14 25.3112 -24.337
      vertex -18 25.1515 -24.4125
      vertex -18 25.3112 -24.337
    endloop
  endfacet
  facet normal 0 -0.143789 0.989608
    outer loop
      vertex -11.5908 26.3395 -27.7671
      vertex -10.5 26.3512 -27.7654
      vertex -11.5908 26.3512 -27.7654
    endloop
  endfacet
  facet normal 3.04534e-05 -0.146569 0.9892
    outer loop
      vertex -10.5 26.3512 -27.7654
      vertex -11.5908 26.3395 -27.7671
      vertex -10.5 26.1764 -27.7913
    endloop
  endfacet
  facet normal 0 -0.146768 0.989171
    outer loop
      vertex -10.5 26.1764 -27.7913
      vertex -11.5908 26.3395 -27.7671
      vertex -11.5908 26.1764 -27.7913
    endloop
  endfacet
  facet normal 0 -0.146569 0.9892
    outer loop
      vertex -18 26.3512 -27.7654
      vertex -14 26.1764 -27.7913
      vertex -14 26.3512 -27.7654
    endloop
  endfacet
  facet normal 0 -0.146569 0.9892
    outer loop
      vertex -14 26.1764 -27.7913
      vertex -18 26.3512 -27.7654
      vertex -18 26.1764 -27.7913
    endloop
  endfacet
  facet normal 0 -0.336721 -0.941605
    outer loop
      vertex -11.5908 26.6777 -24.333
      vertex -10.5 26.5225 -24.2775
      vertex -11.5908 26.5225 -24.2775
    endloop
  endfacet
  facet normal -2.46547e-05 -0.336874 -0.94155
    outer loop
      vertex -10.5 26.5225 -24.2775
      vertex -11.5908 26.6777 -24.333
      vertex -10.5 26.6888 -24.337
    endloop
  endfacet
  facet normal -0 -0.33902 -0.940779
    outer loop
      vertex -10.5 26.6888 -24.337
      vertex -11.5908 26.6777 -24.333
      vertex -11.5908 26.6888 -24.337
    endloop
  endfacet
  facet normal 0 -0.336874 -0.94155
    outer loop
      vertex -18 26.5225 -24.2775
      vertex -14 26.6888 -24.337
      vertex -14 26.5225 -24.2775
    endloop
  endfacet
  facet normal -0 -0.336874 -0.94155
    outer loop
      vertex -14 26.6888 -24.337
      vertex -18 26.5225 -24.2775
      vertex -18 26.6888 -24.337
    endloop
  endfacet
  facet normal -2.46547e-05 -0.336874 0.94155
    outer loop
      vertex -10.5 26.6888 -27.663
      vertex -11.5908 26.6777 -27.667
      vertex -10.5 26.5225 -27.7225
    endloop
  endfacet
  facet normal 0 -0.33902 0.940779
    outer loop
      vertex -11.5908 26.6777 -27.667
      vertex -10.5 26.6888 -27.663
      vertex -11.5908 26.6888 -27.663
    endloop
  endfacet
  facet normal 0 -0.336721 0.941605
    outer loop
      vertex -11.5908 26.5225 -27.7225
      vertex -10.5 26.5225 -27.7225
      vertex -11.5908 26.6777 -27.667
    endloop
  endfacet
  facet normal 0 -0.336874 0.94155
    outer loop
      vertex -18 26.6888 -27.663
      vertex -14 26.5225 -27.7225
      vertex -14 26.6888 -27.663
    endloop
  endfacet
  facet normal 0 -0.336874 0.94155
    outer loop
      vertex -14 26.5225 -27.7225
      vertex -18 26.6888 -27.663
      vertex -18 26.5225 -27.7225
    endloop
  endfacet
  facet normal 0 0.741119 -0.671374
    outer loop
      vertex -10.5 24.7272 -24.7272
      vertex -11.5908 24.6165 -24.8494
      vertex -11.5908 24.7272 -24.7272
    endloop
  endfacet
  facet normal 1.18852e-05 0.741066 -0.671432
    outer loop
      vertex -10.5 24.6086 -24.8581
      vertex -11.5908 24.6165 -24.8494
      vertex -10.5 24.7272 -24.7272
    endloop
  endfacet
  facet normal 0 0.740325 -0.672249
    outer loop
      vertex -11.5908 24.6165 -24.8494
      vertex -10.5 24.6086 -24.8581
      vertex -11.5908 24.6086 -24.8581
    endloop
  endfacet
  facet normal 0 0.741066 -0.671432
    outer loop
      vertex -14 24.6086 -24.8581
      vertex -18 24.7272 -24.7272
      vertex -14 24.7272 -24.7272
    endloop
  endfacet
  facet normal 0 0.741066 -0.671432
    outer loop
      vertex -18 24.7272 -24.7272
      vertex -14 24.6086 -24.8581
      vertex -18 24.6086 -24.8581
    endloop
  endfacet
  facet normal -4.0026e-05 0.242935 0.970042
    outer loop
      vertex -10.5 25.6488 -27.7654
      vertex -11.5908 25.4889 -27.7254
      vertex -10.5 25.4775 -27.7225
    endloop
  endfacet
  facet normal 0 0.242678 0.970107
    outer loop
      vertex -11.5908 25.4889 -27.7254
      vertex -10.5 25.6488 -27.7654
      vertex -11.5908 25.6488 -27.7654
    endloop
  endfacet
  facet normal 0 0.246534 0.969134
    outer loop
      vertex -10.5 25.4775 -27.7225
      vertex -11.5908 25.4889 -27.7254
      vertex -11.5908 25.4775 -27.7225
    endloop
  endfacet
  facet normal -0 0.242935 0.970042
    outer loop
      vertex -18 25.6488 -27.7654
      vertex -14 25.4775 -27.7225
      vertex -14 25.6488 -27.7654
    endloop
  endfacet
  facet normal 0 0.242935 0.970042
    outer loop
      vertex -14 25.4775 -27.7225
      vertex -18 25.6488 -27.7654
      vertex -18 25.4775 -27.7225
    endloop
  endfacet
  facet normal 0 0.146768 0.989171
    outer loop
      vertex -11.5908 25.6605 -27.7671
      vertex -10.5 25.8236 -27.7913
      vertex -11.5908 25.8236 -27.7913
    endloop
  endfacet
  facet normal 3.04534e-05 0.146569 0.9892
    outer loop
      vertex -10.5 25.8236 -27.7913
      vertex -11.5908 25.6605 -27.7671
      vertex -10.5 25.6488 -27.7654
    endloop
  endfacet
  facet normal 0 0.143789 0.989608
    outer loop
      vertex -10.5 25.6488 -27.7654
      vertex -11.5908 25.6605 -27.7671
      vertex -11.5908 25.6488 -27.7654
    endloop
  endfacet
  facet normal -0 0.146569 0.9892
    outer loop
      vertex -18 25.8236 -27.7913
      vertex -14 25.6488 -27.7654
      vertex -14 25.8236 -27.7913
    endloop
  endfacet
  facet normal 0 0.146569 0.9892
    outer loop
      vertex -14 25.6488 -27.7654
      vertex -18 25.8236 -27.7913
      vertex -18 25.6488 -27.7654
    endloop
  endfacet
  facet normal 0 -0.940779 -0.33902
    outer loop
      vertex -11.5908 27.667 -25.3223
      vertex -10.5 27.663 -25.3112
      vertex -11.5908 27.663 -25.3112
    endloop
  endfacet
  facet normal -0 -0.941605 -0.336721
    outer loop
      vertex -10.5 27.7225 -25.4775
      vertex -11.5908 27.667 -25.3223
      vertex -11.5908 27.7225 -25.4775
    endloop
  endfacet
  facet normal -2.46547e-05 -0.94155 -0.336874
    outer loop
      vertex -11.5908 27.667 -25.3223
      vertex -10.5 27.7225 -25.4775
      vertex -10.5 27.663 -25.3112
    endloop
  endfacet
  facet normal 0 -0.94155 -0.336874
    outer loop
      vertex -18 27.7225 -25.4775
      vertex -14 27.663 -25.3112
      vertex -18 27.663 -25.3112
    endloop
  endfacet
  facet normal 0 -0.94155 -0.336874
    outer loop
      vertex -14 27.663 -25.3112
      vertex -18 27.7225 -25.4775
      vertex -14 27.7225 -25.4775
    endloop
  endfacet
  facet normal 0 0.989171 0.146768
    outer loop
      vertex -10.5 24.2087 -26.1764
      vertex -11.5908 24.2329 -26.3395
      vertex -11.5908 24.2087 -26.1764
    endloop
  endfacet
  facet normal 3.04534e-05 0.9892 0.146569
    outer loop
      vertex -10.5 24.2346 -26.3512
      vertex -11.5908 24.2329 -26.3395
      vertex -10.5 24.2087 -26.1764
    endloop
  endfacet
  facet normal 0 0.989608 0.143789
    outer loop
      vertex -11.5908 24.2329 -26.3395
      vertex -10.5 24.2346 -26.3512
      vertex -11.5908 24.2346 -26.3512
    endloop
  endfacet
  facet normal 0 0.9892 0.146569
    outer loop
      vertex -14 24.2346 -26.3512
      vertex -18 24.2087 -26.1764
      vertex -14 24.2087 -26.1764
    endloop
  endfacet
  facet normal 0 0.9892 0.146569
    outer loop
      vertex -18 24.2087 -26.1764
      vertex -14 24.2346 -26.3512
      vertex -18 24.2346 -26.3512
    endloop
  endfacet
  facet normal -0 0.514496 0.857493
    outer loop
      vertex -11.5908 25.1515 -27.5875
      vertex -10.5 25 -27.4966
      vertex -10.5 25.1515 -27.5875
    endloop
  endfacet
  facet normal -3.36948e-05 0.514317 0.8576
    outer loop
      vertex -11.5908 25.0101 -27.5027
      vertex -10.5 25 -27.4966
      vertex -11.5908 25.1515 -27.5875
    endloop
  endfacet
  facet normal 0 0.516986 0.855994
    outer loop
      vertex -10.5 25 -27.4966
      vertex -11.5908 25.0101 -27.5027
      vertex -11.5908 25 -27.4966
    endloop
  endfacet
  facet normal -0 0.514496 0.857493
    outer loop
      vertex -18 25.1515 -27.5875
      vertex -14 25 -27.4966
      vertex -14 25.1515 -27.5875
    endloop
  endfacet
  facet normal 0 0.514496 0.857493
    outer loop
      vertex -14 25 -27.4966
      vertex -18 25.1515 -27.5875
      vertex -18 25 -27.4966
    endloop
  endfacet
  facet normal 0 -0.998791 -0.0491507
    outer loop
      vertex -11.5908 27.7994 -25.9882
      vertex -10.5 27.7913 -25.8236
      vertex -11.5908 27.7913 -25.8236
    endloop
  endfacet
  facet normal -0 -0.99871 -0.0507819
    outer loop
      vertex -10.5 27.8 -26
      vertex -11.5908 27.7994 -25.9882
      vertex -11.5908 27.8 -26
    endloop
  endfacet
  facet normal 1.65065e-05 -0.998786 -0.0492599
    outer loop
      vertex -11.5908 27.7994 -25.9882
      vertex -10.5 27.8 -26
      vertex -10.5 27.7913 -25.8236
    endloop
  endfacet
  facet normal 0 -0.998786 -0.0492599
    outer loop
      vertex -18 27.8 -26
      vertex -14 27.7913 -25.8236
      vertex -18 27.7913 -25.8236
    endloop
  endfacet
  facet normal 0 -0.998786 -0.0492599
    outer loop
      vertex -14 27.7913 -25.8236
      vertex -18 27.8 -26
      vertex -14 27.8 -26
    endloop
  endfacet
  facet normal 1.65065e-05 0.0492599 -0.998786
    outer loop
      vertex -10.5 25.8236 -24.2087
      vertex -11.5908 25.9882 -24.2006
      vertex -10.5 26 -24.2
    endloop
  endfacet
  facet normal 0 0.0491507 -0.998791
    outer loop
      vertex -11.5908 25.9882 -24.2006
      vertex -10.5 25.8236 -24.2087
      vertex -11.5908 25.8236 -24.2087
    endloop
  endfacet
  facet normal 0 0.0507819 -0.99871
    outer loop
      vertex -10.5 26 -24.2
      vertex -11.5908 25.9882 -24.2006
      vertex -11.5908 26 -24.2
    endloop
  endfacet
  facet normal 0 0.0492599 -0.998786
    outer loop
      vertex -18 25.8236 -24.2087
      vertex -14 26 -24.2
      vertex -14 25.8236 -24.2087
    endloop
  endfacet
  facet normal 0 0.0492599 -0.998786
    outer loop
      vertex -14 26 -24.2
      vertex -18 25.8236 -24.2087
      vertex -18 26 -24.2
    endloop
  endfacet
  facet normal 0 0.336721 0.941605
    outer loop
      vertex -11.5908 25.3223 -27.667
      vertex -10.5 25.4775 -27.7225
      vertex -11.5908 25.4775 -27.7225
    endloop
  endfacet
  facet normal -2.46547e-05 0.336874 0.94155
    outer loop
      vertex -10.5 25.4775 -27.7225
      vertex -11.5908 25.3223 -27.667
      vertex -10.5 25.3112 -27.663
    endloop
  endfacet
  facet normal -0 0.33902 0.940779
    outer loop
      vertex -11.5908 25.3112 -27.663
      vertex -10.5 25.3112 -27.663
      vertex -11.5908 25.3223 -27.667
    endloop
  endfacet
  facet normal -0 0.336874 0.94155
    outer loop
      vertex -18 25.4775 -27.7225
      vertex -14 25.3112 -27.663
      vertex -14 25.4775 -27.7225
    endloop
  endfacet
  facet normal 0 0.336874 0.94155
    outer loop
      vertex -14 25.3112 -27.663
      vertex -18 25.4775 -27.7225
      vertex -18 25.3112 -27.663
    endloop
  endfacet
  facet normal 0 -0.902705 0.430261
    outer loop
      vertex -11.5908 27.6579 -26.6995
      vertex -10.5 27.663 -26.6888
      vertex -11.5908 27.663 -26.6888
    endloop
  endfacet
  facet normal 3.68274e-05 -0.904158 0.427199
    outer loop
      vertex -11.5908 27.5875 -26.8485
      vertex -10.5 27.663 -26.6888
      vertex -11.5908 27.6579 -26.6995
    endloop
  endfacet
  facet normal 0 -0.90406 0.427405
    outer loop
      vertex -11.5908 27.5875 -26.8485
      vertex -10.5 27.5875 -26.8485
      vertex -10.5 27.663 -26.6888
    endloop
  endfacet
  facet normal 0 -0.90406 0.427405
    outer loop
      vertex -18 27.5875 -26.8485
      vertex -14 27.663 -26.6888
      vertex -18 27.663 -26.6888
    endloop
  endfacet
  facet normal 0 -0.90406 0.427405
    outer loop
      vertex -14 27.663 -26.6888
      vertex -18 27.5875 -26.8485
      vertex -14 27.5875 -26.8485
    endloop
  endfacet
  facet normal 0 -0.99871 0.0507819
    outer loop
      vertex -11.5908 27.7994 -26.0118
      vertex -10.5 27.8 -26
      vertex -11.5908 27.8 -26
    endloop
  endfacet
  facet normal 0 -0.998791 0.0491507
    outer loop
      vertex -10.5 27.7913 -26.1764
      vertex -11.5908 27.7994 -26.0118
      vertex -11.5908 27.7913 -26.1764
    endloop
  endfacet
  facet normal 1.65065e-05 -0.998786 0.0492599
    outer loop
      vertex -11.5908 27.7994 -26.0118
      vertex -10.5 27.7913 -26.1764
      vertex -10.5 27.8 -26
    endloop
  endfacet
  facet normal 0 -0.998786 0.0492599
    outer loop
      vertex -18 27.7913 -26.1764
      vertex -14 27.8 -26
      vertex -18 27.8 -26
    endloop
  endfacet
  facet normal 0 -0.998786 0.0492599
    outer loop
      vertex -14 27.8 -26
      vertex -18 27.7913 -26.1764
      vertex -14 27.7913 -26.1764
    endloop
  endfacet
  facet normal 0 -0.516986 0.855994
    outer loop
      vertex -11.5908 26.9899 -27.5027
      vertex -10.5 27 -27.4966
      vertex -11.5908 27 -27.4966
    endloop
  endfacet
  facet normal -3.14446e-05 -0.514496 0.857493
    outer loop
      vertex -10.5 27 -27.4966
      vertex -11.5908 26.9899 -27.5027
      vertex -10.5 26.8485 -27.5875
    endloop
  endfacet
  facet normal 0 -0.514317 0.8576
    outer loop
      vertex -10.5 26.8485 -27.5875
      vertex -11.5908 26.9899 -27.5027
      vertex -11.5908 26.8485 -27.5875
    endloop
  endfacet
  facet normal 0 -0.514496 0.857493
    outer loop
      vertex -18 27 -27.4966
      vertex -14 26.8485 -27.5875
      vertex -14 27 -27.4966
    endloop
  endfacet
  facet normal 0 -0.514496 0.857493
    outer loop
      vertex -14 26.8485 -27.5875
      vertex -18 27 -27.4966
      vertex -18 26.8485 -27.5875
    endloop
  endfacet
  facet normal 0 0.989608 -0.143789
    outer loop
      vertex -10.5 24.2346 -25.6488
      vertex -11.5908 24.2329 -25.6605
      vertex -11.5908 24.2346 -25.6488
    endloop
  endfacet
  facet normal 3.04534e-05 0.9892 -0.146569
    outer loop
      vertex -10.5 24.2087 -25.8236
      vertex -11.5908 24.2329 -25.6605
      vertex -10.5 24.2346 -25.6488
    endloop
  endfacet
  facet normal 0 0.989171 -0.146768
    outer loop
      vertex -11.5908 24.2329 -25.6605
      vertex -10.5 24.2087 -25.8236
      vertex -11.5908 24.2087 -25.8236
    endloop
  endfacet
  facet normal 0 0.9892 -0.146569
    outer loop
      vertex -14 24.2087 -25.8236
      vertex -18 24.2346 -25.6488
      vertex -14 24.2346 -25.6488
    endloop
  endfacet
  facet normal 0 0.9892 -0.146569
    outer loop
      vertex -18 24.2346 -25.6488
      vertex -14 24.2087 -25.8236
      vertex -18 24.2087 -25.8236
    endloop
  endfacet
  facet normal 0 0.740325 0.672249
    outer loop
      vertex -10.5 24.6086 -27.1419
      vertex -11.5908 24.6165 -27.1506
      vertex -11.5908 24.6086 -27.1419
    endloop
  endfacet
  facet normal 1.18852e-05 0.741066 0.671432
    outer loop
      vertex -10.5 24.7272 -27.2728
      vertex -11.5908 24.6165 -27.1506
      vertex -10.5 24.6086 -27.1419
    endloop
  endfacet
  facet normal 0 0.741119 0.671374
    outer loop
      vertex -11.5908 24.6165 -27.1506
      vertex -10.5 24.7272 -27.2728
      vertex -11.5908 24.7272 -27.2728
    endloop
  endfacet
  facet normal 0 0.741066 0.671432
    outer loop
      vertex -14 24.7272 -27.2728
      vertex -18 24.6086 -27.1419
      vertex -14 24.6086 -27.1419
    endloop
  endfacet
  facet normal 0 0.741066 0.671432
    outer loop
      vertex -18 24.6086 -27.1419
      vertex -14 24.7272 -27.2728
      vertex -18 24.7272 -27.2728
    endloop
  endfacet
  facet normal 0 -0.672249 -0.740325
    outer loop
      vertex -11.5908 27.1506 -24.6165
      vertex -10.5 27.1419 -24.6086
      vertex -11.5908 27.1419 -24.6086
    endloop
  endfacet
  facet normal 1.18852e-05 -0.671432 -0.741066
    outer loop
      vertex -10.5 27.1419 -24.6086
      vertex -11.5908 27.1506 -24.6165
      vertex -10.5 27.2728 -24.7272
    endloop
  endfacet
  facet normal -0 -0.671374 -0.741119
    outer loop
      vertex -10.5 27.2728 -24.7272
      vertex -11.5908 27.1506 -24.6165
      vertex -11.5908 27.2728 -24.7272
    endloop
  endfacet
  facet normal 0 -0.671432 -0.741066
    outer loop
      vertex -18 27.1419 -24.6086
      vertex -14 27.2728 -24.7272
      vertex -14 27.1419 -24.6086
    endloop
  endfacet
  facet normal -0 -0.671432 -0.741066
    outer loop
      vertex -14 27.2728 -24.7272
      vertex -18 27.1419 -24.6086
      vertex -18 27.2728 -24.7272
    endloop
  endfacet
  facet normal 0 -0.671432 0.741066
    outer loop
      vertex -11.5908 27.2728 -27.2728
      vertex -10.5 27.1419 -27.3914
      vertex -10.5 27.2728 -27.2728
    endloop
  endfacet
  facet normal 1.27323e-05 -0.671374 0.741119
    outer loop
      vertex -11.5908 27.1506 -27.3835
      vertex -10.5 27.1419 -27.3914
      vertex -11.5908 27.2728 -27.2728
    endloop
  endfacet
  facet normal 0 -0.672249 0.740325
    outer loop
      vertex -10.5 27.1419 -27.3914
      vertex -11.5908 27.1506 -27.3835
      vertex -11.5908 27.1419 -27.3914
    endloop
  endfacet
  facet normal 0 -0.671432 0.741066
    outer loop
      vertex -18 27.2728 -27.2728
      vertex -14 27.1419 -27.3914
      vertex -14 27.2728 -27.2728
    endloop
  endfacet
  facet normal 0 -0.671432 0.741066
    outer loop
      vertex -14 27.1419 -27.3914
      vertex -18 27.2728 -27.2728
      vertex -18 27.1419 -27.3914
    endloop
  endfacet
  facet normal 0 -0.740325 0.672249
    outer loop
      vertex -11.5908 27.3835 -27.1506
      vertex -10.5 27.3914 -27.1419
      vertex -11.5908 27.3914 -27.1419
    endloop
  endfacet
  facet normal 1.27323e-05 -0.741119 0.671374
    outer loop
      vertex -11.5908 27.2728 -27.2728
      vertex -10.5 27.3914 -27.1419
      vertex -11.5908 27.3835 -27.1506
    endloop
  endfacet
  facet normal 0 -0.741066 0.671432
    outer loop
      vertex -10.5 27.3914 -27.1419
      vertex -11.5908 27.2728 -27.2728
      vertex -10.5 27.2728 -27.2728
    endloop
  endfacet
  facet normal 0 -0.741066 0.671432
    outer loop
      vertex -18 27.2728 -27.2728
      vertex -14 27.3914 -27.1419
      vertex -18 27.3914 -27.1419
    endloop
  endfacet
  facet normal 0 -0.741066 0.671432
    outer loop
      vertex -14 27.3914 -27.1419
      vertex -18 27.2728 -27.2728
      vertex -14 27.2728 -27.2728
    endloop
  endfacet
  facet normal 0 -0.989608 -0.143789
    outer loop
      vertex -11.5908 27.7671 -25.6605
      vertex -10.5 27.7654 -25.6488
      vertex -11.5908 27.7654 -25.6488
    endloop
  endfacet
  facet normal -0 -0.989171 -0.146768
    outer loop
      vertex -10.5 27.7913 -25.8236
      vertex -11.5908 27.7671 -25.6605
      vertex -11.5908 27.7913 -25.8236
    endloop
  endfacet
  facet normal 3.04534e-05 -0.9892 -0.146569
    outer loop
      vertex -11.5908 27.7671 -25.6605
      vertex -10.5 27.7913 -25.8236
      vertex -10.5 27.7654 -25.6488
    endloop
  endfacet
  facet normal 0 -0.9892 -0.146569
    outer loop
      vertex -18 27.7913 -25.8236
      vertex -14 27.7654 -25.6488
      vertex -18 27.7654 -25.6488
    endloop
  endfacet
  facet normal 0 -0.9892 -0.146569
    outer loop
      vertex -14 27.7654 -25.6488
      vertex -18 27.7913 -25.8236
      vertex -14 27.7913 -25.8236
    endloop
  endfacet
  facet normal 0 0.246534 -0.969134
    outer loop
      vertex -11.5908 25.4889 -24.2746
      vertex -10.5 25.4775 -24.2775
      vertex -11.5908 25.4775 -24.2775
    endloop
  endfacet
  facet normal -4.0026e-05 0.242935 -0.970042
    outer loop
      vertex -10.5 25.4775 -24.2775
      vertex -11.5908 25.4889 -24.2746
      vertex -10.5 25.6488 -24.2346
    endloop
  endfacet
  facet normal 0 0.242678 -0.970107
    outer loop
      vertex -10.5 25.6488 -24.2346
      vertex -11.5908 25.4889 -24.2746
      vertex -11.5908 25.6488 -24.2346
    endloop
  endfacet
  facet normal 0 0.242935 -0.970042
    outer loop
      vertex -18 25.4775 -24.2775
      vertex -14 25.6488 -24.2346
      vertex -14 25.4775 -24.2775
    endloop
  endfacet
  facet normal 0 0.242935 -0.970042
    outer loop
      vertex -14 25.6488 -24.2346
      vertex -18 25.4775 -24.2775
      vertex -18 25.6488 -24.2346
    endloop
  endfacet
  facet normal 0 -0.430261 -0.902705
    outer loop
      vertex -11.5908 26.6995 -24.3421
      vertex -10.5 26.6888 -24.337
      vertex -11.5908 26.6888 -24.337
    endloop
  endfacet
  facet normal 3.43562e-05 -0.427405 -0.90406
    outer loop
      vertex -10.5 26.6888 -24.337
      vertex -11.5908 26.6995 -24.3421
      vertex -10.5 26.8485 -24.4125
    endloop
  endfacet
  facet normal -0 -0.427199 -0.904158
    outer loop
      vertex -10.5 26.8485 -24.4125
      vertex -11.5908 26.6995 -24.3421
      vertex -11.5908 26.8485 -24.4125
    endloop
  endfacet
  facet normal 0 -0.427405 -0.90406
    outer loop
      vertex -18 26.6888 -24.337
      vertex -14 26.8485 -24.4125
      vertex -14 26.6888 -24.337
    endloop
  endfacet
  facet normal -0 -0.427405 -0.90406
    outer loop
      vertex -14 26.8485 -24.4125
      vertex -18 26.6888 -24.337
      vertex -18 26.8485 -24.4125
    endloop
  endfacet
  facet normal 0 0.904158 -0.427199
    outer loop
      vertex -10.5 24.4125 -25.1515
      vertex -11.5908 24.3421 -25.3005
      vertex -11.5908 24.4125 -25.1515
    endloop
  endfacet
  facet normal 3.43562e-05 0.90406 -0.427405
    outer loop
      vertex -10.5 24.337 -25.3112
      vertex -11.5908 24.3421 -25.3005
      vertex -10.5 24.4125 -25.1515
    endloop
  endfacet
  facet normal 0 0.902705 -0.430261
    outer loop
      vertex -11.5908 24.3421 -25.3005
      vertex -10.5 24.337 -25.3112
      vertex -11.5908 24.337 -25.3112
    endloop
  endfacet
  facet normal 0 0.90406 -0.427405
    outer loop
      vertex -14 24.337 -25.3112
      vertex -18 24.4125 -25.1515
      vertex -14 24.4125 -25.1515
    endloop
  endfacet
  facet normal 0 0.90406 -0.427405
    outer loop
      vertex -18 24.4125 -25.1515
      vertex -14 24.337 -25.3112
      vertex -18 24.337 -25.3112
    endloop
  endfacet
  facet normal -4.0026e-05 -0.242935 -0.970042
    outer loop
      vertex -10.5 26.3512 -24.2346
      vertex -11.5908 26.5111 -24.2746
      vertex -10.5 26.5225 -24.2775
    endloop
  endfacet
  facet normal 0 -0.242678 -0.970107
    outer loop
      vertex -11.5908 26.5111 -24.2746
      vertex -10.5 26.3512 -24.2346
      vertex -11.5908 26.3512 -24.2346
    endloop
  endfacet
  facet normal -0 -0.246534 -0.969134
    outer loop
      vertex -10.5 26.5225 -24.2775
      vertex -11.5908 26.5111 -24.2746
      vertex -11.5908 26.5225 -24.2775
    endloop
  endfacet
  facet normal 0 -0.242935 -0.970042
    outer loop
      vertex -18 26.3512 -24.2346
      vertex -14 26.5225 -24.2775
      vertex -14 26.3512 -24.2346
    endloop
  endfacet
  facet normal -0 -0.242935 -0.970042
    outer loop
      vertex -14 26.5225 -24.2775
      vertex -18 26.3512 -24.2346
      vertex -18 26.5225 -24.2775
    endloop
  endfacet
  facet normal 0 -0.970107 0.242678
    outer loop
      vertex -11.5908 27.7254 -26.5111
      vertex -10.5 27.7654 -26.3512
      vertex -11.5908 27.7654 -26.3512
    endloop
  endfacet
  facet normal 0 -0.969134 0.246534
    outer loop
      vertex -10.5 27.7225 -26.5225
      vertex -11.5908 27.7254 -26.5111
      vertex -11.5908 27.7225 -26.5225
    endloop
  endfacet
  facet normal -4.0026e-05 -0.970042 0.242935
    outer loop
      vertex -11.5908 27.7254 -26.5111
      vertex -10.5 27.7225 -26.5225
      vertex -10.5 27.7654 -26.3512
    endloop
  endfacet
  facet normal 0 -0.970042 0.242935
    outer loop
      vertex -18 27.7225 -26.5225
      vertex -14 27.7654 -26.3512
      vertex -18 27.7654 -26.3512
    endloop
  endfacet
  facet normal 0 -0.970042 0.242935
    outer loop
      vertex -14 27.7654 -26.3512
      vertex -18 27.7225 -26.5225
      vertex -14 27.7225 -26.5225
    endloop
  endfacet
  facet normal 0 0.671432 -0.741066
    outer loop
      vertex -11.5908 24.7272 -24.7272
      vertex -10.5 24.8581 -24.6086
      vertex -10.5 24.7272 -24.7272
    endloop
  endfacet
  facet normal 1.27323e-05 0.671374 -0.741119
    outer loop
      vertex -11.5908 24.8494 -24.6165
      vertex -10.5 24.8581 -24.6086
      vertex -11.5908 24.7272 -24.7272
    endloop
  endfacet
  facet normal 0 0.672249 -0.740325
    outer loop
      vertex -10.5 24.8581 -24.6086
      vertex -11.5908 24.8494 -24.6165
      vertex -11.5908 24.8581 -24.6086
    endloop
  endfacet
  facet normal 0 0.671432 -0.741066
    outer loop
      vertex -18 24.7272 -24.7272
      vertex -14 24.8581 -24.6086
      vertex -14 24.7272 -24.7272
    endloop
  endfacet
  facet normal 0 0.671432 -0.741066
    outer loop
      vertex -14 24.8581 -24.6086
      vertex -18 24.7272 -24.7272
      vertex -18 24.8581 -24.6086
    endloop
  endfacet
  facet normal 0 0.902705 0.430261
    outer loop
      vertex -10.5 24.337 -26.6888
      vertex -11.5908 24.3421 -26.6995
      vertex -11.5908 24.337 -26.6888
    endloop
  endfacet
  facet normal 3.43562e-05 0.90406 0.427405
    outer loop
      vertex -10.5 24.4125 -26.8485
      vertex -11.5908 24.3421 -26.6995
      vertex -10.5 24.337 -26.6888
    endloop
  endfacet
  facet normal 0 0.904158 0.427199
    outer loop
      vertex -11.5908 24.3421 -26.6995
      vertex -10.5 24.4125 -26.8485
      vertex -11.5908 24.4125 -26.8485
    endloop
  endfacet
  facet normal 0 0.90406 0.427405
    outer loop
      vertex -14 24.4125 -26.8485
      vertex -18 24.337 -26.6888
      vertex -14 24.337 -26.6888
    endloop
  endfacet
  facet normal 0 0.90406 0.427405
    outer loop
      vertex -18 24.337 -26.6888
      vertex -14 24.4125 -26.8485
      vertex -18 24.4125 -26.8485
    endloop
  endfacet
  facet normal 0 0.99871 0.0507819
    outer loop
      vertex -10.5 24.2 -26
      vertex -11.5908 24.2006 -26.0118
      vertex -11.5908 24.2 -26
    endloop
  endfacet
  facet normal 1.65065e-05 0.998786 0.0492599
    outer loop
      vertex -10.5 24.2087 -26.1764
      vertex -11.5908 24.2006 -26.0118
      vertex -10.5 24.2 -26
    endloop
  endfacet
  facet normal 0 0.998791 0.0491507
    outer loop
      vertex -11.5908 24.2006 -26.0118
      vertex -10.5 24.2087 -26.1764
      vertex -11.5908 24.2087 -26.1764
    endloop
  endfacet
  facet normal 0 0.998786 0.0492599
    outer loop
      vertex -14 24.2087 -26.1764
      vertex -18 24.2 -26
      vertex -14 24.2 -26
    endloop
  endfacet
  facet normal 0 0.998786 0.0492599
    outer loop
      vertex -18 24.2 -26
      vertex -14 24.2087 -26.1764
      vertex -18 24.2087 -26.1764
    endloop
  endfacet
  facet normal 0 0.143789 -0.989608
    outer loop
      vertex -11.5908 25.6605 -24.2329
      vertex -10.5 25.6488 -24.2346
      vertex -11.5908 25.6488 -24.2346
    endloop
  endfacet
  facet normal 3.04534e-05 0.146569 -0.9892
    outer loop
      vertex -10.5 25.6488 -24.2346
      vertex -11.5908 25.6605 -24.2329
      vertex -10.5 25.8236 -24.2087
    endloop
  endfacet
  facet normal 0 0.146768 -0.989171
    outer loop
      vertex -10.5 25.8236 -24.2087
      vertex -11.5908 25.6605 -24.2329
      vertex -11.5908 25.8236 -24.2087
    endloop
  endfacet
  facet normal 0 0.146569 -0.9892
    outer loop
      vertex -18 25.6488 -24.2346
      vertex -14 25.8236 -24.2087
      vertex -14 25.6488 -24.2346
    endloop
  endfacet
  facet normal 0 0.146569 -0.9892
    outer loop
      vertex -14 25.8236 -24.2087
      vertex -18 25.6488 -24.2346
      vertex -18 25.8236 -24.2087
    endloop
  endfacet
  facet normal 0 0.803192 0.595721
    outer loop
      vertex -10.5 24.5034 -27
      vertex -11.5908 24.6016 -27.1324
      vertex -11.5908 24.5034 -27
    endloop
  endfacet
  facet normal 3.16584e-05 0.803316 0.595552
    outer loop
      vertex -10.5 24.6086 -27.1419
      vertex -11.5908 24.6016 -27.1324
      vertex -10.5 24.5034 -27
    endloop
  endfacet
  facet normal 0 0.805056 0.593199
    outer loop
      vertex -11.5908 24.6016 -27.1324
      vertex -10.5 24.6086 -27.1419
      vertex -11.5908 24.6086 -27.1419
    endloop
  endfacet
  facet normal 0 0.803316 0.595552
    outer loop
      vertex -14 24.6086 -27.1419
      vertex -18 24.5034 -27
      vertex -14 24.5034 -27
    endloop
  endfacet
  facet normal 0 0.803316 0.595552
    outer loop
      vertex -18 24.5034 -27
      vertex -14 24.6086 -27.1419
      vertex -18 24.6086 -27.1419
    endloop
  endfacet
  facet normal 0 0.593199 -0.805056
    outer loop
      vertex -11.5908 24.8676 -24.6016
      vertex -10.5 24.8581 -24.6086
      vertex -11.5908 24.8581 -24.6086
    endloop
  endfacet
  facet normal 3.16584e-05 0.595552 -0.803316
    outer loop
      vertex -10.5 24.8581 -24.6086
      vertex -11.5908 24.8676 -24.6016
      vertex -10.5 25 -24.5034
    endloop
  endfacet
  facet normal 0 0.595721 -0.803192
    outer loop
      vertex -10.5 25 -24.5034
      vertex -11.5908 24.8676 -24.6016
      vertex -11.5908 25 -24.5034
    endloop
  endfacet
  facet normal 0 0.595552 -0.803316
    outer loop
      vertex -18 24.8581 -24.6086
      vertex -14 25 -24.5034
      vertex -14 24.8581 -24.6086
    endloop
  endfacet
  facet normal 0 0.595552 -0.803316
    outer loop
      vertex -14 25 -24.5034
      vertex -18 24.8581 -24.6086
      vertex -18 25 -24.5034
    endloop
  endfacet
  facet normal 0 -0.0507819 -0.99871
    outer loop
      vertex -11.5908 26.0118 -24.2006
      vertex -10.5 26 -24.2
      vertex -11.5908 26 -24.2
    endloop
  endfacet
  facet normal 1.65065e-05 -0.0492599 -0.998786
    outer loop
      vertex -10.5 26 -24.2
      vertex -11.5908 26.0118 -24.2006
      vertex -10.5 26.1764 -24.2087
    endloop
  endfacet
  facet normal -0 -0.0491507 -0.998791
    outer loop
      vertex -10.5 26.1764 -24.2087
      vertex -11.5908 26.0118 -24.2006
      vertex -11.5908 26.1764 -24.2087
    endloop
  endfacet
  facet normal 0 -0.0492599 -0.998786
    outer loop
      vertex -18 26 -24.2
      vertex -14 26.1764 -24.2087
      vertex -14 26 -24.2
    endloop
  endfacet
  facet normal -0 -0.0492599 -0.998786
    outer loop
      vertex -14 26.1764 -24.2087
      vertex -18 26 -24.2
      vertex -18 26.1764 -24.2087
    endloop
  endfacet
  facet normal 0 0.672249 0.740325
    outer loop
      vertex -11.5908 24.8494 -27.3835
      vertex -10.5 24.8581 -27.3914
      vertex -11.5908 24.8581 -27.3914
    endloop
  endfacet
  facet normal 1.18852e-05 0.671432 0.741066
    outer loop
      vertex -10.5 24.8581 -27.3914
      vertex -11.5908 24.8494 -27.3835
      vertex -10.5 24.7272 -27.2728
    endloop
  endfacet
  facet normal 0 0.671374 0.741119
    outer loop
      vertex -10.5 24.7272 -27.2728
      vertex -11.5908 24.8494 -27.3835
      vertex -11.5908 24.7272 -27.2728
    endloop
  endfacet
  facet normal -0 0.671432 0.741066
    outer loop
      vertex -18 24.8581 -27.3914
      vertex -14 24.7272 -27.2728
      vertex -14 24.8581 -27.3914
    endloop
  endfacet
  facet normal 0 0.671432 0.741066
    outer loop
      vertex -14 24.7272 -27.2728
      vertex -18 24.8581 -27.3914
      vertex -18 24.7272 -27.2728
    endloop
  endfacet
  facet normal 0 -0.246534 0.969134
    outer loop
      vertex -11.5908 26.5111 24.2746
      vertex -10.5 26.5225 24.2775
      vertex -11.5908 26.5225 24.2775
    endloop
  endfacet
  facet normal -4.0026e-05 -0.242935 0.970042
    outer loop
      vertex -10.5 26.5225 24.2775
      vertex -11.5908 26.5111 24.2746
      vertex -10.5 26.3512 24.2346
    endloop
  endfacet
  facet normal 0 -0.242678 0.970107
    outer loop
      vertex -10.5 26.3512 24.2346
      vertex -11.5908 26.5111 24.2746
      vertex -11.5908 26.3512 24.2346
    endloop
  endfacet
  facet normal 0 -0.242935 0.970042
    outer loop
      vertex -18 26.5225 24.2775
      vertex -14 26.3512 24.2346
      vertex -14 26.5225 24.2775
    endloop
  endfacet
  facet normal 0 -0.242935 0.970042
    outer loop
      vertex -14 26.3512 24.2346
      vertex -18 26.5225 24.2775
      vertex -18 26.3512 24.2346
    endloop
  endfacet
  facet normal 0 -0.969134 -0.246534
    outer loop
      vertex -11.5908 27.7254 26.5111
      vertex -10.5 27.7225 26.5225
      vertex -11.5908 27.7225 26.5225
    endloop
  endfacet
  facet normal -0 -0.970107 -0.242678
    outer loop
      vertex -10.5 27.7654 26.3512
      vertex -11.5908 27.7254 26.5111
      vertex -11.5908 27.7654 26.3512
    endloop
  endfacet
  facet normal -4.0026e-05 -0.970042 -0.242935
    outer loop
      vertex -11.5908 27.7254 26.5111
      vertex -10.5 27.7654 26.3512
      vertex -10.5 27.7225 26.5225
    endloop
  endfacet
  facet normal 0 -0.970042 -0.242935
    outer loop
      vertex -18 27.7654 26.3512
      vertex -14 27.7225 26.5225
      vertex -18 27.7225 26.5225
    endloop
  endfacet
  facet normal 0 -0.970042 -0.242935
    outer loop
      vertex -14 27.7225 26.5225
      vertex -18 27.7654 26.3512
      vertex -14 27.7654 26.3512
    endloop
  endfacet
  facet normal 0 0.902705 0.430261
    outer loop
      vertex -10.5 24.337 25.3112
      vertex -11.5908 24.3421 25.3005
      vertex -11.5908 24.337 25.3112
    endloop
  endfacet
  facet normal 3.43562e-05 0.90406 0.427405
    outer loop
      vertex -10.5 24.4125 25.1515
      vertex -11.5908 24.3421 25.3005
      vertex -10.5 24.337 25.3112
    endloop
  endfacet
  facet normal 0 0.904158 0.427199
    outer loop
      vertex -11.5908 24.3421 25.3005
      vertex -10.5 24.4125 25.1515
      vertex -11.5908 24.4125 25.1515
    endloop
  endfacet
  facet normal 0 0.90406 0.427405
    outer loop
      vertex -14 24.4125 25.1515
      vertex -18 24.337 25.3112
      vertex -14 24.337 25.3112
    endloop
  endfacet
  facet normal 0 0.90406 0.427405
    outer loop
      vertex -18 24.337 25.3112
      vertex -14 24.4125 25.1515
      vertex -18 24.4125 25.1515
    endloop
  endfacet
  facet normal 0 -0.593199 0.805056
    outer loop
      vertex -11.5908 27.1324 24.6016
      vertex -10.5 27.1419 24.6086
      vertex -11.5908 27.1419 24.6086
    endloop
  endfacet
  facet normal 3.16584e-05 -0.595552 0.803316
    outer loop
      vertex -10.5 27.1419 24.6086
      vertex -11.5908 27.1324 24.6016
      vertex -10.5 27 24.5034
    endloop
  endfacet
  facet normal 0 -0.595721 0.803192
    outer loop
      vertex -10.5 27 24.5034
      vertex -11.5908 27.1324 24.6016
      vertex -11.5908 27 24.5034
    endloop
  endfacet
  facet normal 0 -0.595552 0.803316
    outer loop
      vertex -18 27.1419 24.6086
      vertex -14 27 24.5034
      vertex -14 27.1419 24.6086
    endloop
  endfacet
  facet normal 0 -0.595552 0.803316
    outer loop
      vertex -14 27 24.5034
      vertex -18 27.1419 24.6086
      vertex -18 27 24.5034
    endloop
  endfacet
  facet normal 1.65065e-05 -0.0492599 0.998786
    outer loop
      vertex -10.5 26.1764 24.2087
      vertex -11.5908 26.0118 24.2006
      vertex -10.5 26 24.2
    endloop
  endfacet
  facet normal 0 -0.0491507 0.998791
    outer loop
      vertex -11.5908 26.0118 24.2006
      vertex -10.5 26.1764 24.2087
      vertex -11.5908 26.1764 24.2087
    endloop
  endfacet
  facet normal 0 -0.0507819 0.99871
    outer loop
      vertex -10.5 26 24.2
      vertex -11.5908 26.0118 24.2006
      vertex -11.5908 26 24.2
    endloop
  endfacet
  facet normal 0 -0.0492599 0.998786
    outer loop
      vertex -18 26.1764 24.2087
      vertex -14 26 24.2
      vertex -14 26.1764 24.2087
    endloop
  endfacet
  facet normal 0 -0.0492599 0.998786
    outer loop
      vertex -14 26 24.2
      vertex -18 26.1764 24.2087
      vertex -18 26 24.2
    endloop
  endfacet
  facet normal 0 0.8576 0.514317
    outer loop
      vertex -10.5 24.4125 25.1515
      vertex -11.5908 24.4973 25.0101
      vertex -11.5908 24.4125 25.1515
    endloop
  endfacet
  facet normal -3.14446e-05 0.857493 0.514496
    outer loop
      vertex -10.5 24.5034 25
      vertex -11.5908 24.4973 25.0101
      vertex -10.5 24.4125 25.1515
    endloop
  endfacet
  facet normal 0 0.855994 0.516986
    outer loop
      vertex -11.5908 24.4973 25.0101
      vertex -10.5 24.5034 25
      vertex -11.5908 24.5034 25
    endloop
  endfacet
  facet normal 0 0.857493 0.514496
    outer loop
      vertex -14 24.5034 25
      vertex -18 24.4125 25.1515
      vertex -14 24.4125 25.1515
    endloop
  endfacet
  facet normal 0 0.857493 0.514496
    outer loop
      vertex -18 24.4125 25.1515
      vertex -14 24.5034 25
      vertex -18 24.5034 25
    endloop
  endfacet
  facet normal 0 0.940779 -0.33902
    outer loop
      vertex -10.5 24.337 26.6888
      vertex -11.5908 24.333 26.6777
      vertex -11.5908 24.337 26.6888
    endloop
  endfacet
  facet normal -2.46547e-05 0.94155 -0.336874
    outer loop
      vertex -10.5 24.2775 26.5225
      vertex -11.5908 24.333 26.6777
      vertex -10.5 24.337 26.6888
    endloop
  endfacet
  facet normal 0 0.941605 -0.336721
    outer loop
      vertex -11.5908 24.333 26.6777
      vertex -10.5 24.2775 26.5225
      vertex -11.5908 24.2775 26.5225
    endloop
  endfacet
  facet normal 0 0.94155 -0.336874
    outer loop
      vertex -14 24.2775 26.5225
      vertex -18 24.337 26.6888
      vertex -14 24.337 26.6888
    endloop
  endfacet
  facet normal 0 0.94155 -0.336874
    outer loop
      vertex -18 24.337 26.6888
      vertex -14 24.2775 26.5225
      vertex -18 24.2775 26.5225
    endloop
  endfacet
  facet normal 0 0.941605 0.336721
    outer loop
      vertex -10.5 24.2775 25.4775
      vertex -11.5908 24.333 25.3223
      vertex -11.5908 24.2775 25.4775
    endloop
  endfacet
  facet normal -2.46547e-05 0.94155 0.336874
    outer loop
      vertex -10.5 24.337 25.3112
      vertex -11.5908 24.333 25.3223
      vertex -10.5 24.2775 25.4775
    endloop
  endfacet
  facet normal 0 0.940779 0.33902
    outer loop
      vertex -11.5908 24.333 25.3223
      vertex -10.5 24.337 25.3112
      vertex -11.5908 24.337 25.3112
    endloop
  endfacet
  facet normal 0 0.94155 0.336874
    outer loop
      vertex -14 24.337 25.3112
      vertex -18 24.2775 25.4775
      vertex -14 24.2775 25.4775
    endloop
  endfacet
  facet normal 0 0.94155 0.336874
    outer loop
      vertex -18 24.2775 25.4775
      vertex -14 24.337 25.3112
      vertex -18 24.337 25.3112
    endloop
  endfacet
  facet normal 0 0.855994 -0.516986
    outer loop
      vertex -10.5 24.5034 27
      vertex -11.5908 24.4973 26.9899
      vertex -11.5908 24.5034 27
    endloop
  endfacet
  facet normal -3.14446e-05 0.857493 -0.514496
    outer loop
      vertex -10.5 24.4125 26.8485
      vertex -11.5908 24.4973 26.9899
      vertex -10.5 24.5034 27
    endloop
  endfacet
  facet normal 0 0.8576 -0.514317
    outer loop
      vertex -11.5908 24.4973 26.9899
      vertex -10.5 24.4125 26.8485
      vertex -11.5908 24.4125 26.8485
    endloop
  endfacet
  facet normal 0 0.857493 -0.514496
    outer loop
      vertex -14 24.4125 26.8485
      vertex -18 24.5034 27
      vertex -14 24.5034 27
    endloop
  endfacet
  facet normal 0 0.857493 -0.514496
    outer loop
      vertex -18 24.5034 27
      vertex -14 24.4125 26.8485
      vertex -18 24.4125 26.8485
    endloop
  endfacet
  facet normal 0 0.516986 -0.855994
    outer loop
      vertex -11.5908 25.0101 27.5027
      vertex -10.5 25 27.4966
      vertex -11.5908 25 27.4966
    endloop
  endfacet
  facet normal -3.14446e-05 0.514496 -0.857493
    outer loop
      vertex -10.5 25 27.4966
      vertex -11.5908 25.0101 27.5027
      vertex -10.5 25.1515 27.5875
    endloop
  endfacet
  facet normal 0 0.514317 -0.8576
    outer loop
      vertex -10.5 25.1515 27.5875
      vertex -11.5908 25.0101 27.5027
      vertex -11.5908 25.1515 27.5875
    endloop
  endfacet
  facet normal 0 0.514496 -0.857493
    outer loop
      vertex -18 25 27.4966
      vertex -14 25.1515 27.5875
      vertex -14 25 27.4966
    endloop
  endfacet
  facet normal 0 0.514496 -0.857493
    outer loop
      vertex -14 25.1515 27.5875
      vertex -18 25 27.4966
      vertex -18 25.1515 27.5875
    endloop
  endfacet
  facet normal 0 -0.741119 -0.671374
    outer loop
      vertex -11.5908 27.3835 27.1506
      vertex -10.5 27.2728 27.2728
      vertex -11.5908 27.2728 27.2728
    endloop
  endfacet
  facet normal -0 -0.740325 -0.672249
    outer loop
      vertex -10.5 27.3914 27.1419
      vertex -11.5908 27.3835 27.1506
      vertex -11.5908 27.3914 27.1419
    endloop
  endfacet
  facet normal 1.18852e-05 -0.741066 -0.671432
    outer loop
      vertex -11.5908 27.3835 27.1506
      vertex -10.5 27.3914 27.1419
      vertex -10.5 27.2728 27.2728
    endloop
  endfacet
  facet normal 0 -0.741066 -0.671432
    outer loop
      vertex -18 27.3914 27.1419
      vertex -14 27.2728 27.2728
      vertex -18 27.2728 27.2728
    endloop
  endfacet
  facet normal 0 -0.741066 -0.671432
    outer loop
      vertex -14 27.2728 27.2728
      vertex -18 27.3914 27.1419
      vertex -14 27.3914 27.1419
    endloop
  endfacet
  facet normal 0 0.970107 0.242678
    outer loop
      vertex -10.5 24.2346 25.6488
      vertex -11.5908 24.2746 25.4889
      vertex -11.5908 24.2346 25.6488
    endloop
  endfacet
  facet normal -4.0026e-05 0.970042 0.242935
    outer loop
      vertex -10.5 24.2775 25.4775
      vertex -11.5908 24.2746 25.4889
      vertex -10.5 24.2346 25.6488
    endloop
  endfacet
  facet normal 0 0.969134 0.246534
    outer loop
      vertex -11.5908 24.2746 25.4889
      vertex -10.5 24.2775 25.4775
      vertex -11.5908 24.2775 25.4775
    endloop
  endfacet
  facet normal 0 0.970042 0.242935
    outer loop
      vertex -14 24.2775 25.4775
      vertex -18 24.2346 25.6488
      vertex -14 24.2346 25.6488
    endloop
  endfacet
  facet normal 0 0.970042 0.242935
    outer loop
      vertex -18 24.2346 25.6488
      vertex -14 24.2775 25.4775
      vertex -18 24.2775 25.4775
    endloop
  endfacet
  facet normal 0 -0.514496 -0.857493
    outer loop
      vertex -11.5908 26.8485 27.5875
      vertex -10.5 27 27.4966
      vertex -10.5 26.8485 27.5875
    endloop
  endfacet
  facet normal -3.36948e-05 -0.514317 -0.8576
    outer loop
      vertex -11.5908 26.9899 27.5027
      vertex -10.5 27 27.4966
      vertex -11.5908 26.8485 27.5875
    endloop
  endfacet
  facet normal 0 -0.516986 -0.855994
    outer loop
      vertex -11.5908 27 27.4966
      vertex -10.5 27 27.4966
      vertex -11.5908 26.9899 27.5027
    endloop
  endfacet
  facet normal 0 -0.514496 -0.857493
    outer loop
      vertex -18 26.8485 27.5875
      vertex -14 27 27.4966
      vertex -14 26.8485 27.5875
    endloop
  endfacet
  facet normal -0 -0.514496 -0.857493
    outer loop
      vertex -14 27 27.4966
      vertex -18 26.8485 27.5875
      vertex -18 27 27.4966
    endloop
  endfacet
  facet normal 0 -0.146768 -0.989171
    outer loop
      vertex -11.5908 26.3395 27.7671
      vertex -10.5 26.1764 27.7913
      vertex -11.5908 26.1764 27.7913
    endloop
  endfacet
  facet normal 3.04534e-05 -0.146569 -0.9892
    outer loop
      vertex -10.5 26.1764 27.7913
      vertex -11.5908 26.3395 27.7671
      vertex -10.5 26.3512 27.7654
    endloop
  endfacet
  facet normal -0 -0.143789 -0.989608
    outer loop
      vertex -10.5 26.3512 27.7654
      vertex -11.5908 26.3395 27.7671
      vertex -11.5908 26.3512 27.7654
    endloop
  endfacet
  facet normal 0 -0.146569 -0.9892
    outer loop
      vertex -18 26.1764 27.7913
      vertex -14 26.3512 27.7654
      vertex -14 26.1764 27.7913
    endloop
  endfacet
  facet normal -0 -0.146569 -0.9892
    outer loop
      vertex -14 26.3512 27.7654
      vertex -18 26.1764 27.7913
      vertex -18 26.3512 27.7654
    endloop
  endfacet
  facet normal 0 -0.989171 0.146768
    outer loop
      vertex -11.5908 27.7671 25.6605
      vertex -10.5 27.7913 25.8236
      vertex -11.5908 27.7913 25.8236
    endloop
  endfacet
  facet normal 0 -0.989608 0.143789
    outer loop
      vertex -10.5 27.7654 25.6488
      vertex -11.5908 27.7671 25.6605
      vertex -11.5908 27.7654 25.6488
    endloop
  endfacet
  facet normal 3.04534e-05 -0.9892 0.146569
    outer loop
      vertex -11.5908 27.7671 25.6605
      vertex -10.5 27.7654 25.6488
      vertex -10.5 27.7913 25.8236
    endloop
  endfacet
  facet normal 0 -0.9892 0.146569
    outer loop
      vertex -18 27.7654 25.6488
      vertex -14 27.7913 25.8236
      vertex -18 27.7913 25.8236
    endloop
  endfacet
  facet normal 0 -0.9892 0.146569
    outer loop
      vertex -14 27.7913 25.8236
      vertex -18 27.7654 25.6488
      vertex -14 27.7654 25.6488
    endloop
  endfacet
  facet normal -0 0.595552 0.803316
    outer loop
      vertex -11.5908 25 24.5034
      vertex -10.5 24.8581 24.6086
      vertex -10.5 25 24.5034
    endloop
  endfacet
  facet normal 3.39247e-05 0.595721 0.803192
    outer loop
      vertex -11.5908 24.8676 24.6016
      vertex -10.5 24.8581 24.6086
      vertex -11.5908 25 24.5034
    endloop
  endfacet
  facet normal 0 0.593199 0.805056
    outer loop
      vertex -10.5 24.8581 24.6086
      vertex -11.5908 24.8676 24.6016
      vertex -11.5908 24.8581 24.6086
    endloop
  endfacet
  facet normal -0 0.595552 0.803316
    outer loop
      vertex -18 25 24.5034
      vertex -14 24.8581 24.6086
      vertex -14 25 24.5034
    endloop
  endfacet
  facet normal 0 0.595552 0.803316
    outer loop
      vertex -14 24.8581 24.6086
      vertex -18 25 24.5034
      vertex -18 24.8581 24.6086
    endloop
  endfacet
  facet normal 0 -0.941605 0.336721
    outer loop
      vertex -11.5908 27.667 25.3223
      vertex -10.5 27.7225 25.4775
      vertex -11.5908 27.7225 25.4775
    endloop
  endfacet
  facet normal 0 -0.940779 0.33902
    outer loop
      vertex -10.5 27.663 25.3112
      vertex -11.5908 27.667 25.3223
      vertex -11.5908 27.663 25.3112
    endloop
  endfacet
  facet normal -2.46547e-05 -0.94155 0.336874
    outer loop
      vertex -11.5908 27.667 25.3223
      vertex -10.5 27.663 25.3112
      vertex -10.5 27.7225 25.4775
    endloop
  endfacet
  facet normal 0 -0.94155 0.336874
    outer loop
      vertex -18 27.663 25.3112
      vertex -14 27.7225 25.4775
      vertex -18 27.7225 25.4775
    endloop
  endfacet
  facet normal 0 -0.94155 0.336874
    outer loop
      vertex -14 27.7225 25.4775
      vertex -18 27.663 25.3112
      vertex -14 27.663 25.3112
    endloop
  endfacet
  facet normal 3.43562e-05 -0.427405 0.90406
    outer loop
      vertex -10.5 26.8485 24.4125
      vertex -11.5908 26.6995 24.3421
      vertex -10.5 26.6888 24.337
    endloop
  endfacet
  facet normal 0 -0.427199 0.904158
    outer loop
      vertex -11.5908 26.6995 24.3421
      vertex -10.5 26.8485 24.4125
      vertex -11.5908 26.8485 24.4125
    endloop
  endfacet
  facet normal 0 -0.430261 0.902705
    outer loop
      vertex -10.5 26.6888 24.337
      vertex -11.5908 26.6995 24.3421
      vertex -11.5908 26.6888 24.337
    endloop
  endfacet
  facet normal 0 -0.427405 0.90406
    outer loop
      vertex -18 26.8485 24.4125
      vertex -14 26.6888 24.337
      vertex -14 26.8485 24.4125
    endloop
  endfacet
  facet normal 0 -0.427405 0.90406
    outer loop
      vertex -14 26.6888 24.337
      vertex -18 26.8485 24.4125
      vertex -18 26.6888 24.337
    endloop
  endfacet
  facet normal 0 -0.805056 -0.593199
    outer loop
      vertex -11.5908 27.3984 27.1324
      vertex -10.5 27.3914 27.1419
      vertex -11.5908 27.3914 27.1419
    endloop
  endfacet
  facet normal 3.39247e-05 -0.803192 -0.595721
    outer loop
      vertex -11.5908 27.4966 27
      vertex -10.5 27.3914 27.1419
      vertex -11.5908 27.3984 27.1324
    endloop
  endfacet
  facet normal 0 -0.803316 -0.595552
    outer loop
      vertex -10.5 27.3914 27.1419
      vertex -11.5908 27.4966 27
      vertex -10.5 27.4966 27
    endloop
  endfacet
  facet normal 0 -0.803316 -0.595552
    outer loop
      vertex -18 27.4966 27
      vertex -14 27.3914 27.1419
      vertex -18 27.3914 27.1419
    endloop
  endfacet
  facet normal 0 -0.803316 -0.595552
    outer loop
      vertex -14 27.3914 27.1419
      vertex -18 27.4966 27
      vertex -14 27.4966 27
    endloop
  endfacet
  facet normal 0 -0.803192 0.595721
    outer loop
      vertex -11.5908 27.3984 24.8676
      vertex -10.5 27.4966 25
      vertex -11.5908 27.4966 25
    endloop
  endfacet
  facet normal 0 -0.805056 0.593199
    outer loop
      vertex -10.5 27.3914 24.8581
      vertex -11.5908 27.3984 24.8676
      vertex -11.5908 27.3914 24.8581
    endloop
  endfacet
  facet normal 3.16584e-05 -0.803316 0.595552
    outer loop
      vertex -11.5908 27.3984 24.8676
      vertex -10.5 27.3914 24.8581
      vertex -10.5 27.4966 25
    endloop
  endfacet
  facet normal 0 -0.803316 0.595552
    outer loop
      vertex -18 27.3914 24.8581
      vertex -14 27.4966 25
      vertex -18 27.4966 25
    endloop
  endfacet
  facet normal 0 -0.803316 0.595552
    outer loop
      vertex -14 27.4966 25
      vertex -18 27.3914 24.8581
      vertex -14 27.3914 24.8581
    endloop
  endfacet
  facet normal 0 0.969134 -0.246534
    outer loop
      vertex -10.5 24.2775 26.5225
      vertex -11.5908 24.2746 26.5111
      vertex -11.5908 24.2775 26.5225
    endloop
  endfacet
  facet normal -4.0026e-05 0.970042 -0.242935
    outer loop
      vertex -10.5 24.2346 26.3512
      vertex -11.5908 24.2746 26.5111
      vertex -10.5 24.2775 26.5225
    endloop
  endfacet
  facet normal 0 0.970107 -0.242678
    outer loop
      vertex -11.5908 24.2746 26.5111
      vertex -10.5 24.2346 26.3512
      vertex -11.5908 24.2346 26.3512
    endloop
  endfacet
  facet normal 0 0.970042 -0.242935
    outer loop
      vertex -14 24.2346 26.3512
      vertex -18 24.2775 26.5225
      vertex -14 24.2775 26.5225
    endloop
  endfacet
  facet normal 0 0.970042 -0.242935
    outer loop
      vertex -18 24.2775 26.5225
      vertex -14 24.2346 26.3512
      vertex -18 24.2346 26.3512
    endloop
  endfacet
  facet normal 0 -0.855994 -0.516986
    outer loop
      vertex -11.5908 27.5027 26.9899
      vertex -10.5 27.4966 27
      vertex -11.5908 27.4966 27
    endloop
  endfacet
  facet normal -3.36948e-05 -0.8576 -0.514317
    outer loop
      vertex -11.5908 27.5875 26.8485
      vertex -10.5 27.4966 27
      vertex -11.5908 27.5027 26.9899
    endloop
  endfacet
  facet normal 0 -0.857493 -0.514496
    outer loop
      vertex -10.5 27.4966 27
      vertex -11.5908 27.5875 26.8485
      vertex -10.5 27.5875 26.8485
    endloop
  endfacet
  facet normal 0 -0.857493 -0.514496
    outer loop
      vertex -18 27.5875 26.8485
      vertex -14 27.4966 27
      vertex -18 27.4966 27
    endloop
  endfacet
  facet normal 0 -0.857493 -0.514496
    outer loop
      vertex -14 27.4966 27
      vertex -18 27.5875 26.8485
      vertex -14 27.5875 26.8485
    endloop
  endfacet
  facet normal 0 -0.989608 -0.143789
    outer loop
      vertex -11.5908 27.7671 26.3395
      vertex -10.5 27.7654 26.3512
      vertex -11.5908 27.7654 26.3512
    endloop
  endfacet
  facet normal -0 -0.989171 -0.146768
    outer loop
      vertex -10.5 27.7913 26.1764
      vertex -11.5908 27.7671 26.3395
      vertex -11.5908 27.7913 26.1764
    endloop
  endfacet
  facet normal 3.04534e-05 -0.9892 -0.146569
    outer loop
      vertex -11.5908 27.7671 26.3395
      vertex -10.5 27.7913 26.1764
      vertex -10.5 27.7654 26.3512
    endloop
  endfacet
  facet normal 0 -0.9892 -0.146569
    outer loop
      vertex -18 27.7913 26.1764
      vertex -14 27.7654 26.3512
      vertex -18 27.7654 26.3512
    endloop
  endfacet
  facet normal 0 -0.9892 -0.146569
    outer loop
      vertex -14 27.7654 26.3512
      vertex -18 27.7913 26.1764
      vertex -14 27.7913 26.1764
    endloop
  endfacet
  facet normal 0 0.998791 -0.0491507
    outer loop
      vertex -10.5 24.2087 26.1764
      vertex -11.5908 24.2006 26.0118
      vertex -11.5908 24.2087 26.1764
    endloop
  endfacet
  facet normal 1.65065e-05 0.998786 -0.0492599
    outer loop
      vertex -10.5 24.2 26
      vertex -11.5908 24.2006 26.0118
      vertex -10.5 24.2087 26.1764
    endloop
  endfacet
  facet normal 0 0.99871 -0.0507819
    outer loop
      vertex -11.5908 24.2006 26.0118
      vertex -10.5 24.2 26
      vertex -11.5908 24.2 26
    endloop
  endfacet
  facet normal 0 0.998786 -0.0492599
    outer loop
      vertex -14 24.2 26
      vertex -18 24.2087 26.1764
      vertex -14 24.2087 26.1764
    endloop
  endfacet
  facet normal 0 0.998786 -0.0492599
    outer loop
      vertex -18 24.2087 26.1764
      vertex -14 24.2 26
      vertex -18 24.2 26
    endloop
  endfacet
  facet normal 0 -0.8576 0.514317
    outer loop
      vertex -11.5908 27.5027 25.0101
      vertex -10.5 27.5875 25.1515
      vertex -11.5908 27.5875 25.1515
    endloop
  endfacet
  facet normal 0 -0.855994 0.516986
    outer loop
      vertex -10.5 27.4966 25
      vertex -11.5908 27.5027 25.0101
      vertex -11.5908 27.4966 25
    endloop
  endfacet
  facet normal -3.14446e-05 -0.857493 0.514496
    outer loop
      vertex -11.5908 27.5027 25.0101
      vertex -10.5 27.4966 25
      vertex -10.5 27.5875 25.1515
    endloop
  endfacet
  facet normal 0 -0.857493 0.514496
    outer loop
      vertex -18 27.4966 25
      vertex -14 27.5875 25.1515
      vertex -18 27.5875 25.1515
    endloop
  endfacet
  facet normal 0 -0.857493 0.514496
    outer loop
      vertex -14 27.5875 25.1515
      vertex -18 27.4966 25
      vertex -14 27.4966 25
    endloop
  endfacet
  facet normal 0 0.33902 -0.940779
    outer loop
      vertex -11.5908 25.3223 27.667
      vertex -10.5 25.3112 27.663
      vertex -11.5908 25.3112 27.663
    endloop
  endfacet
  facet normal -2.46547e-05 0.336874 -0.94155
    outer loop
      vertex -10.5 25.3112 27.663
      vertex -11.5908 25.3223 27.667
      vertex -10.5 25.4775 27.7225
    endloop
  endfacet
  facet normal 0 0.336721 -0.941605
    outer loop
      vertex -10.5 25.4775 27.7225
      vertex -11.5908 25.3223 27.667
      vertex -11.5908 25.4775 27.7225
    endloop
  endfacet
  facet normal 0 0.336874 -0.94155
    outer loop
      vertex -18 25.3112 27.663
      vertex -14 25.4775 27.7225
      vertex -14 25.3112 27.663
    endloop
  endfacet
  facet normal 0 0.336874 -0.94155
    outer loop
      vertex -14 25.4775 27.7225
      vertex -18 25.3112 27.663
      vertex -18 25.4775 27.7225
    endloop
  endfacet
  facet normal 0 0.0507819 0.99871
    outer loop
      vertex -11.5908 25.9882 24.2006
      vertex -10.5 26 24.2
      vertex -11.5908 26 24.2
    endloop
  endfacet
  facet normal 1.65065e-05 0.0492599 0.998786
    outer loop
      vertex -10.5 26 24.2
      vertex -11.5908 25.9882 24.2006
      vertex -10.5 25.8236 24.2087
    endloop
  endfacet
  facet normal 0 0.0491507 0.998791
    outer loop
      vertex -10.5 25.8236 24.2087
      vertex -11.5908 25.9882 24.2006
      vertex -11.5908 25.8236 24.2087
    endloop
  endfacet
  facet normal -0 0.0492599 0.998786
    outer loop
      vertex -18 26 24.2
      vertex -14 25.8236 24.2087
      vertex -14 26 24.2
    endloop
  endfacet
  facet normal 0 0.0492599 0.998786
    outer loop
      vertex -14 25.8236 24.2087
      vertex -18 26 24.2
      vertex -18 25.8236 24.2087
    endloop
  endfacet
  facet normal 0 -0.904158 -0.427199
    outer loop
      vertex -11.5908 27.6579 26.6995
      vertex -10.5 27.5875 26.8485
      vertex -11.5908 27.5875 26.8485
    endloop
  endfacet
  facet normal -0 -0.902705 -0.430261
    outer loop
      vertex -10.5 27.663 26.6888
      vertex -11.5908 27.6579 26.6995
      vertex -11.5908 27.663 26.6888
    endloop
  endfacet
  facet normal 3.43562e-05 -0.90406 -0.427405
    outer loop
      vertex -11.5908 27.6579 26.6995
      vertex -10.5 27.663 26.6888
      vertex -10.5 27.5875 26.8485
    endloop
  endfacet
  facet normal 0 -0.90406 -0.427405
    outer loop
      vertex -18 27.663 26.6888
      vertex -14 27.5875 26.8485
      vertex -18 27.5875 26.8485
    endloop
  endfacet
  facet normal 0 -0.90406 -0.427405
    outer loop
      vertex -14 27.5875 26.8485
      vertex -18 27.663 26.6888
      vertex -14 27.663 26.6888
    endloop
  endfacet
  facet normal 0 0.430261 0.902705
    outer loop
      vertex -11.5908 25.3005 24.3421
      vertex -10.5 25.3112 24.337
      vertex -11.5908 25.3112 24.337
    endloop
  endfacet
  facet normal 3.43562e-05 0.427405 0.90406
    outer loop
      vertex -10.5 25.3112 24.337
      vertex -11.5908 25.3005 24.3421
      vertex -10.5 25.1515 24.4125
    endloop
  endfacet
  facet normal 0 0.427199 0.904158
    outer loop
      vertex -10.5 25.1515 24.4125
      vertex -11.5908 25.3005 24.3421
      vertex -11.5908 25.1515 24.4125
    endloop
  endfacet
  facet normal -0 0.427405 0.90406
    outer loop
      vertex -18 25.3112 24.337
      vertex -14 25.1515 24.4125
      vertex -14 25.3112 24.337
    endloop
  endfacet
  facet normal 0 0.427405 0.90406
    outer loop
      vertex -14 25.1515 24.4125
      vertex -18 25.3112 24.337
      vertex -18 25.1515 24.4125
    endloop
  endfacet
  facet normal 0 0.805056 -0.593199
    outer loop
      vertex -10.5 24.6086 27.1419
      vertex -11.5908 24.6016 27.1324
      vertex -11.5908 24.6086 27.1419
    endloop
  endfacet
  facet normal 3.16584e-05 0.803316 -0.595552
    outer loop
      vertex -10.5 24.5034 27
      vertex -11.5908 24.6016 27.1324
      vertex -10.5 24.6086 27.1419
    endloop
  endfacet
  facet normal 0 0.803192 -0.595721
    outer loop
      vertex -11.5908 24.6016 27.1324
      vertex -10.5 24.5034 27
      vertex -11.5908 24.5034 27
    endloop
  endfacet
  facet normal 0 0.803316 -0.595552
    outer loop
      vertex -14 24.5034 27
      vertex -18 24.6086 27.1419
      vertex -14 24.6086 27.1419
    endloop
  endfacet
  facet normal 0 0.803316 -0.595552
    outer loop
      vertex -18 24.6086 27.1419
      vertex -14 24.5034 27
      vertex -18 24.5034 27
    endloop
  endfacet
  facet normal 0 -0.595552 -0.803316
    outer loop
      vertex -11.5908 27 27.4966
      vertex -10.5 27.1419 27.3914
      vertex -10.5 27 27.4966
    endloop
  endfacet
  facet normal 3.39247e-05 -0.595721 -0.803192
    outer loop
      vertex -11.5908 27.1324 27.3984
      vertex -10.5 27.1419 27.3914
      vertex -11.5908 27 27.4966
    endloop
  endfacet
  facet normal -0 -0.593199 -0.805056
    outer loop
      vertex -10.5 27.1419 27.3914
      vertex -11.5908 27.1324 27.3984
      vertex -11.5908 27.1419 27.3914
    endloop
  endfacet
  facet normal 0 -0.595552 -0.803316
    outer loop
      vertex -18 27 27.4966
      vertex -14 27.1419 27.3914
      vertex -14 27 27.4966
    endloop
  endfacet
  facet normal -0 -0.595552 -0.803316
    outer loop
      vertex -14 27.1419 27.3914
      vertex -18 27 27.4966
      vertex -18 27.1419 27.3914
    endloop
  endfacet
  facet normal 3.43562e-05 0.427405 -0.90406
    outer loop
      vertex -10.5 25.1515 27.5875
      vertex -11.5908 25.3005 27.6579
      vertex -10.5 25.3112 27.663
    endloop
  endfacet
  facet normal 0 0.427199 -0.904158
    outer loop
      vertex -10.5 25.1515 27.5875
      vertex -11.5908 25.1515 27.5875
      vertex -11.5908 25.3005 27.6579
    endloop
  endfacet
  facet normal 0 0.430261 -0.902705
    outer loop
      vertex -10.5 25.3112 27.663
      vertex -11.5908 25.3005 27.6579
      vertex -11.5908 25.3112 27.663
    endloop
  endfacet
  facet normal 0 0.427405 -0.90406
    outer loop
      vertex -18 25.1515 27.5875
      vertex -14 25.3112 27.663
      vertex -14 25.1515 27.5875
    endloop
  endfacet
  facet normal 0 0.427405 -0.90406
    outer loop
      vertex -14 25.3112 27.663
      vertex -18 25.1515 27.5875
      vertex -18 25.3112 27.663
    endloop
  endfacet
  facet normal 0 -0.143789 0.989608
    outer loop
      vertex -11.5908 26.3395 24.2329
      vertex -10.5 26.3512 24.2346
      vertex -11.5908 26.3512 24.2346
    endloop
  endfacet
  facet normal 3.04534e-05 -0.146569 0.9892
    outer loop
      vertex -10.5 26.3512 24.2346
      vertex -11.5908 26.3395 24.2329
      vertex -10.5 26.1764 24.2087
    endloop
  endfacet
  facet normal 0 -0.146768 0.989171
    outer loop
      vertex -11.5908 26.1764 24.2087
      vertex -10.5 26.1764 24.2087
      vertex -11.5908 26.3395 24.2329
    endloop
  endfacet
  facet normal 0 -0.146569 0.9892
    outer loop
      vertex -18 26.3512 24.2346
      vertex -14 26.1764 24.2087
      vertex -14 26.3512 24.2346
    endloop
  endfacet
  facet normal 0 -0.146569 0.9892
    outer loop
      vertex -14 26.1764 24.2087
      vertex -18 26.3512 24.2346
      vertex -18 26.1764 24.2087
    endloop
  endfacet
  facet normal 0 -0.336721 -0.941605
    outer loop
      vertex -11.5908 26.6777 27.667
      vertex -10.5 26.5225 27.7225
      vertex -11.5908 26.5225 27.7225
    endloop
  endfacet
  facet normal -2.46547e-05 -0.336874 -0.94155
    outer loop
      vertex -10.5 26.5225 27.7225
      vertex -11.5908 26.6777 27.667
      vertex -10.5 26.6888 27.663
    endloop
  endfacet
  facet normal -0 -0.33902 -0.940779
    outer loop
      vertex -10.5 26.6888 27.663
      vertex -11.5908 26.6777 27.667
      vertex -11.5908 26.6888 27.663
    endloop
  endfacet
  facet normal 0 -0.336874 -0.94155
    outer loop
      vertex -18 26.5225 27.7225
      vertex -14 26.6888 27.663
      vertex -14 26.5225 27.7225
    endloop
  endfacet
  facet normal -0 -0.336874 -0.94155
    outer loop
      vertex -14 26.6888 27.663
      vertex -18 26.5225 27.7225
      vertex -18 26.6888 27.663
    endloop
  endfacet
  facet normal 0 -0.33902 0.940779
    outer loop
      vertex -11.5908 26.6777 24.333
      vertex -10.5 26.6888 24.337
      vertex -11.5908 26.6888 24.337
    endloop
  endfacet
  facet normal -2.46547e-05 -0.336874 0.94155
    outer loop
      vertex -10.5 26.6888 24.337
      vertex -11.5908 26.6777 24.333
      vertex -10.5 26.5225 24.2775
    endloop
  endfacet
  facet normal 0 -0.336721 0.941605
    outer loop
      vertex -11.5908 26.5225 24.2775
      vertex -10.5 26.5225 24.2775
      vertex -11.5908 26.6777 24.333
    endloop
  endfacet
  facet normal 0 -0.336874 0.94155
    outer loop
      vertex -18 26.6888 24.337
      vertex -14 26.5225 24.2775
      vertex -14 26.6888 24.337
    endloop
  endfacet
  facet normal 0 -0.336874 0.94155
    outer loop
      vertex -14 26.5225 24.2775
      vertex -18 26.6888 24.337
      vertex -18 26.5225 24.2775
    endloop
  endfacet
  facet normal 0 0.741119 -0.671374
    outer loop
      vertex -10.5 24.7272 27.2728
      vertex -11.5908 24.6165 27.1506
      vertex -11.5908 24.7272 27.2728
    endloop
  endfacet
  facet normal 1.18852e-05 0.741066 -0.671432
    outer loop
      vertex -10.5 24.6086 27.1419
      vertex -11.5908 24.6165 27.1506
      vertex -10.5 24.7272 27.2728
    endloop
  endfacet
  facet normal 0 0.740325 -0.672249
    outer loop
      vertex -11.5908 24.6165 27.1506
      vertex -10.5 24.6086 27.1419
      vertex -11.5908 24.6086 27.1419
    endloop
  endfacet
  facet normal 0 0.741066 -0.671432
    outer loop
      vertex -14 24.6086 27.1419
      vertex -18 24.7272 27.2728
      vertex -14 24.7272 27.2728
    endloop
  endfacet
  facet normal 0 0.741066 -0.671432
    outer loop
      vertex -18 24.7272 27.2728
      vertex -14 24.6086 27.1419
      vertex -18 24.6086 27.1419
    endloop
  endfacet
  facet normal -4.0026e-05 0.242935 0.970042
    outer loop
      vertex -10.5 25.6488 24.2346
      vertex -11.5908 25.4889 24.2746
      vertex -10.5 25.4775 24.2775
    endloop
  endfacet
  facet normal 0 0.242678 0.970107
    outer loop
      vertex -11.5908 25.4889 24.2746
      vertex -10.5 25.6488 24.2346
      vertex -11.5908 25.6488 24.2346
    endloop
  endfacet
  facet normal 0 0.246534 0.969134
    outer loop
      vertex -10.5 25.4775 24.2775
      vertex -11.5908 25.4889 24.2746
      vertex -11.5908 25.4775 24.2775
    endloop
  endfacet
  facet normal -0 0.242935 0.970042
    outer loop
      vertex -18 25.6488 24.2346
      vertex -14 25.4775 24.2775
      vertex -14 25.6488 24.2346
    endloop
  endfacet
  facet normal 0 0.242935 0.970042
    outer loop
      vertex -14 25.4775 24.2775
      vertex -18 25.6488 24.2346
      vertex -18 25.4775 24.2775
    endloop
  endfacet
  facet normal 0 0.146768 0.989171
    outer loop
      vertex -11.5908 25.6605 24.2329
      vertex -10.5 25.8236 24.2087
      vertex -11.5908 25.8236 24.2087
    endloop
  endfacet
  facet normal 3.04534e-05 0.146569 0.9892
    outer loop
      vertex -10.5 25.8236 24.2087
      vertex -11.5908 25.6605 24.2329
      vertex -10.5 25.6488 24.2346
    endloop
  endfacet
  facet normal 0 0.143789 0.989608
    outer loop
      vertex -10.5 25.6488 24.2346
      vertex -11.5908 25.6605 24.2329
      vertex -11.5908 25.6488 24.2346
    endloop
  endfacet
  facet normal -0 0.146569 0.9892
    outer loop
      vertex -18 25.8236 24.2087
      vertex -14 25.6488 24.2346
      vertex -14 25.8236 24.2087
    endloop
  endfacet
  facet normal 0 0.146569 0.9892
    outer loop
      vertex -14 25.6488 24.2346
      vertex -18 25.8236 24.2087
      vertex -18 25.6488 24.2346
    endloop
  endfacet
  facet normal 0 -0.940779 -0.33902
    outer loop
      vertex -11.5908 27.667 26.6777
      vertex -10.5 27.663 26.6888
      vertex -11.5908 27.663 26.6888
    endloop
  endfacet
  facet normal -0 -0.941605 -0.336721
    outer loop
      vertex -10.5 27.7225 26.5225
      vertex -11.5908 27.667 26.6777
      vertex -11.5908 27.7225 26.5225
    endloop
  endfacet
  facet normal -2.46547e-05 -0.94155 -0.336874
    outer loop
      vertex -11.5908 27.667 26.6777
      vertex -10.5 27.7225 26.5225
      vertex -10.5 27.663 26.6888
    endloop
  endfacet
  facet normal 0 -0.94155 -0.336874
    outer loop
      vertex -18 27.7225 26.5225
      vertex -14 27.663 26.6888
      vertex -18 27.663 26.6888
    endloop
  endfacet
  facet normal 0 -0.94155 -0.336874
    outer loop
      vertex -14 27.663 26.6888
      vertex -18 27.7225 26.5225
      vertex -14 27.7225 26.5225
    endloop
  endfacet
  facet normal 0 0.989171 0.146768
    outer loop
      vertex -10.5 24.2087 25.8236
      vertex -11.5908 24.2329 25.6605
      vertex -11.5908 24.2087 25.8236
    endloop
  endfacet
  facet normal 3.04534e-05 0.9892 0.146569
    outer loop
      vertex -10.5 24.2346 25.6488
      vertex -11.5908 24.2329 25.6605
      vertex -10.5 24.2087 25.8236
    endloop
  endfacet
  facet normal 0 0.989608 0.143789
    outer loop
      vertex -11.5908 24.2329 25.6605
      vertex -10.5 24.2346 25.6488
      vertex -11.5908 24.2346 25.6488
    endloop
  endfacet
  facet normal 0 0.9892 0.146569
    outer loop
      vertex -14 24.2346 25.6488
      vertex -18 24.2087 25.8236
      vertex -14 24.2087 25.8236
    endloop
  endfacet
  facet normal 0 0.9892 0.146569
    outer loop
      vertex -18 24.2087 25.8236
      vertex -14 24.2346 25.6488
      vertex -18 24.2346 25.6488
    endloop
  endfacet
  facet normal -0 0.514496 0.857493
    outer loop
      vertex -11.5908 25.1515 24.4125
      vertex -10.5 25 24.5034
      vertex -10.5 25.1515 24.4125
    endloop
  endfacet
  facet normal -3.36948e-05 0.514317 0.8576
    outer loop
      vertex -11.5908 25.0101 24.4973
      vertex -10.5 25 24.5034
      vertex -11.5908 25.1515 24.4125
    endloop
  endfacet
  facet normal 0 0.516986 0.855994
    outer loop
      vertex -10.5 25 24.5034
      vertex -11.5908 25.0101 24.4973
      vertex -11.5908 25 24.5034
    endloop
  endfacet
  facet normal -0 0.514496 0.857493
    outer loop
      vertex -18 25.1515 24.4125
      vertex -14 25 24.5034
      vertex -14 25.1515 24.4125
    endloop
  endfacet
  facet normal 0 0.514496 0.857493
    outer loop
      vertex -14 25 24.5034
      vertex -18 25.1515 24.4125
      vertex -18 25 24.5034
    endloop
  endfacet
  facet normal 0 -0.998791 -0.0491507
    outer loop
      vertex -11.5908 27.7994 26.0118
      vertex -10.5 27.7913 26.1764
      vertex -11.5908 27.7913 26.1764
    endloop
  endfacet
  facet normal -0 -0.99871 -0.0507819
    outer loop
      vertex -10.5 27.8 26
      vertex -11.5908 27.7994 26.0118
      vertex -11.5908 27.8 26
    endloop
  endfacet
  facet normal 1.65065e-05 -0.998786 -0.0492599
    outer loop
      vertex -11.5908 27.7994 26.0118
      vertex -10.5 27.8 26
      vertex -10.5 27.7913 26.1764
    endloop
  endfacet
  facet normal 0 -0.998786 -0.0492599
    outer loop
      vertex -18 27.8 26
      vertex -14 27.7913 26.1764
      vertex -18 27.7913 26.1764
    endloop
  endfacet
  facet normal 0 -0.998786 -0.0492599
    outer loop
      vertex -14 27.7913 26.1764
      vertex -18 27.8 26
      vertex -14 27.8 26
    endloop
  endfacet
  facet normal 1.65065e-05 0.0492599 -0.998786
    outer loop
      vertex -10.5 25.8236 27.7913
      vertex -11.5908 25.9882 27.7994
      vertex -10.5 26 27.8
    endloop
  endfacet
  facet normal 0 0.0491507 -0.998791
    outer loop
      vertex -10.5 25.8236 27.7913
      vertex -11.5908 25.8236 27.7913
      vertex -11.5908 25.9882 27.7994
    endloop
  endfacet
  facet normal 0 0.0507819 -0.99871
    outer loop
      vertex -10.5 26 27.8
      vertex -11.5908 25.9882 27.7994
      vertex -11.5908 26 27.8
    endloop
  endfacet
  facet normal 0 0.0492599 -0.998786
    outer loop
      vertex -18 25.8236 27.7913
      vertex -14 26 27.8
      vertex -14 25.8236 27.7913
    endloop
  endfacet
  facet normal 0 0.0492599 -0.998786
    outer loop
      vertex -14 26 27.8
      vertex -18 25.8236 27.7913
      vertex -18 26 27.8
    endloop
  endfacet
  facet normal 0 0.336721 0.941605
    outer loop
      vertex -11.5908 25.3223 24.333
      vertex -10.5 25.4775 24.2775
      vertex -11.5908 25.4775 24.2775
    endloop
  endfacet
  facet normal -2.46547e-05 0.336874 0.94155
    outer loop
      vertex -10.5 25.4775 24.2775
      vertex -11.5908 25.3223 24.333
      vertex -10.5 25.3112 24.337
    endloop
  endfacet
  facet normal 0 0.33902 0.940779
    outer loop
      vertex -10.5 25.3112 24.337
      vertex -11.5908 25.3223 24.333
      vertex -11.5908 25.3112 24.337
    endloop
  endfacet
  facet normal -0 0.336874 0.94155
    outer loop
      vertex -18 25.4775 24.2775
      vertex -14 25.3112 24.337
      vertex -14 25.4775 24.2775
    endloop
  endfacet
  facet normal 0 0.336874 0.94155
    outer loop
      vertex -14 25.3112 24.337
      vertex -18 25.4775 24.2775
      vertex -18 25.3112 24.337
    endloop
  endfacet
  facet normal 0 -0.902705 0.430261
    outer loop
      vertex -11.5908 27.6579 25.3005
      vertex -10.5 27.663 25.3112
      vertex -11.5908 27.663 25.3112
    endloop
  endfacet
  facet normal 3.68274e-05 -0.904158 0.427199
    outer loop
      vertex -11.5908 27.5875 25.1515
      vertex -10.5 27.663 25.3112
      vertex -11.5908 27.6579 25.3005
    endloop
  endfacet
  facet normal 0 -0.90406 0.427405
    outer loop
      vertex -11.5908 27.5875 25.1515
      vertex -10.5 27.5875 25.1515
      vertex -10.5 27.663 25.3112
    endloop
  endfacet
  facet normal 0 -0.90406 0.427405
    outer loop
      vertex -18 27.5875 25.1515
      vertex -14 27.663 25.3112
      vertex -18 27.663 25.3112
    endloop
  endfacet
  facet normal 0 -0.90406 0.427405
    outer loop
      vertex -14 27.663 25.3112
      vertex -18 27.5875 25.1515
      vertex -14 27.5875 25.1515
    endloop
  endfacet
  facet normal 0 -0.99871 0.0507819
    outer loop
      vertex -11.5908 27.7994 25.9882
      vertex -10.5 27.8 26
      vertex -11.5908 27.8 26
    endloop
  endfacet
  facet normal 0 -0.998791 0.0491507
    outer loop
      vertex -10.5 27.7913 25.8236
      vertex -11.5908 27.7994 25.9882
      vertex -11.5908 27.7913 25.8236
    endloop
  endfacet
  facet normal 1.65065e-05 -0.998786 0.0492599
    outer loop
      vertex -11.5908 27.7994 25.9882
      vertex -10.5 27.7913 25.8236
      vertex -10.5 27.8 26
    endloop
  endfacet
  facet normal 0 -0.998786 0.0492599
    outer loop
      vertex -18 27.7913 25.8236
      vertex -14 27.8 26
      vertex -18 27.8 26
    endloop
  endfacet
  facet normal 0 -0.998786 0.0492599
    outer loop
      vertex -14 27.8 26
      vertex -18 27.7913 25.8236
      vertex -14 27.7913 25.8236
    endloop
  endfacet
  facet normal 0 -0.516986 0.855994
    outer loop
      vertex -11.5908 26.9899 24.4973
      vertex -10.5 27 24.5034
      vertex -11.5908 27 24.5034
    endloop
  endfacet
  facet normal -3.14446e-05 -0.514496 0.857493
    outer loop
      vertex -10.5 27 24.5034
      vertex -11.5908 26.9899 24.4973
      vertex -10.5 26.8485 24.4125
    endloop
  endfacet
  facet normal 0 -0.514317 0.8576
    outer loop
      vertex -10.5 26.8485 24.4125
      vertex -11.5908 26.9899 24.4973
      vertex -11.5908 26.8485 24.4125
    endloop
  endfacet
  facet normal 0 -0.514496 0.857493
    outer loop
      vertex -18 27 24.5034
      vertex -14 26.8485 24.4125
      vertex -14 27 24.5034
    endloop
  endfacet
  facet normal 0 -0.514496 0.857493
    outer loop
      vertex -14 26.8485 24.4125
      vertex -18 27 24.5034
      vertex -18 26.8485 24.4125
    endloop
  endfacet
  facet normal 0 0.989608 -0.143789
    outer loop
      vertex -10.5 24.2346 26.3512
      vertex -11.5908 24.2329 26.3395
      vertex -11.5908 24.2346 26.3512
    endloop
  endfacet
  facet normal 3.04534e-05 0.9892 -0.146569
    outer loop
      vertex -10.5 24.2087 26.1764
      vertex -11.5908 24.2329 26.3395
      vertex -10.5 24.2346 26.3512
    endloop
  endfacet
  facet normal 0 0.989171 -0.146768
    outer loop
      vertex -11.5908 24.2329 26.3395
      vertex -10.5 24.2087 26.1764
      vertex -11.5908 24.2087 26.1764
    endloop
  endfacet
  facet normal 0 0.9892 -0.146569
    outer loop
      vertex -14 24.2087 26.1764
      vertex -18 24.2346 26.3512
      vertex -14 24.2346 26.3512
    endloop
  endfacet
  facet normal 0 0.9892 -0.146569
    outer loop
      vertex -18 24.2346 26.3512
      vertex -14 24.2087 26.1764
      vertex -18 24.2087 26.1764
    endloop
  endfacet
  facet normal 0 0.740325 0.672249
    outer loop
      vertex -10.5 24.6086 24.8581
      vertex -11.5908 24.6165 24.8494
      vertex -11.5908 24.6086 24.8581
    endloop
  endfacet
  facet normal 1.18852e-05 0.741066 0.671432
    outer loop
      vertex -10.5 24.7272 24.7272
      vertex -11.5908 24.6165 24.8494
      vertex -10.5 24.6086 24.8581
    endloop
  endfacet
  facet normal 0 0.741119 0.671374
    outer loop
      vertex -11.5908 24.6165 24.8494
      vertex -10.5 24.7272 24.7272
      vertex -11.5908 24.7272 24.7272
    endloop
  endfacet
  facet normal 0 0.741066 0.671432
    outer loop
      vertex -14 24.7272 24.7272
      vertex -18 24.6086 24.8581
      vertex -14 24.6086 24.8581
    endloop
  endfacet
  facet normal 0 0.741066 0.671432
    outer loop
      vertex -18 24.6086 24.8581
      vertex -14 24.7272 24.7272
      vertex -18 24.7272 24.7272
    endloop
  endfacet
  facet normal 0 -0.672249 -0.740325
    outer loop
      vertex -11.5908 27.1506 27.3835
      vertex -10.5 27.1419 27.3914
      vertex -11.5908 27.1419 27.3914
    endloop
  endfacet
  facet normal 1.18852e-05 -0.671432 -0.741066
    outer loop
      vertex -10.5 27.1419 27.3914
      vertex -11.5908 27.1506 27.3835
      vertex -10.5 27.2728 27.2728
    endloop
  endfacet
  facet normal -0 -0.671374 -0.741119
    outer loop
      vertex -10.5 27.2728 27.2728
      vertex -11.5908 27.1506 27.3835
      vertex -11.5908 27.2728 27.2728
    endloop
  endfacet
  facet normal 0 -0.671432 -0.741066
    outer loop
      vertex -18 27.1419 27.3914
      vertex -14 27.2728 27.2728
      vertex -14 27.1419 27.3914
    endloop
  endfacet
  facet normal -0 -0.671432 -0.741066
    outer loop
      vertex -14 27.2728 27.2728
      vertex -18 27.1419 27.3914
      vertex -18 27.2728 27.2728
    endloop
  endfacet
  facet normal 0 -0.671432 0.741066
    outer loop
      vertex -11.5908 27.2728 24.7272
      vertex -10.5 27.1419 24.6086
      vertex -10.5 27.2728 24.7272
    endloop
  endfacet
  facet normal 1.27323e-05 -0.671374 0.741119
    outer loop
      vertex -11.5908 27.1506 24.6165
      vertex -10.5 27.1419 24.6086
      vertex -11.5908 27.2728 24.7272
    endloop
  endfacet
  facet normal 0 -0.672249 0.740325
    outer loop
      vertex -11.5908 27.1419 24.6086
      vertex -10.5 27.1419 24.6086
      vertex -11.5908 27.1506 24.6165
    endloop
  endfacet
  facet normal 0 -0.671432 0.741066
    outer loop
      vertex -18 27.2728 24.7272
      vertex -14 27.1419 24.6086
      vertex -14 27.2728 24.7272
    endloop
  endfacet
  facet normal 0 -0.671432 0.741066
    outer loop
      vertex -14 27.1419 24.6086
      vertex -18 27.2728 24.7272
      vertex -18 27.1419 24.6086
    endloop
  endfacet
  facet normal 0 -0.740325 0.672249
    outer loop
      vertex -11.5908 27.3835 24.8494
      vertex -10.5 27.3914 24.8581
      vertex -11.5908 27.3914 24.8581
    endloop
  endfacet
  facet normal 1.27323e-05 -0.741119 0.671374
    outer loop
      vertex -11.5908 27.2728 24.7272
      vertex -10.5 27.3914 24.8581
      vertex -11.5908 27.3835 24.8494
    endloop
  endfacet
  facet normal 0 -0.741066 0.671432
    outer loop
      vertex -10.5 27.3914 24.8581
      vertex -11.5908 27.2728 24.7272
      vertex -10.5 27.2728 24.7272
    endloop
  endfacet
  facet normal 0 -0.741066 0.671432
    outer loop
      vertex -18 27.2728 24.7272
      vertex -14 27.3914 24.8581
      vertex -18 27.3914 24.8581
    endloop
  endfacet
  facet normal 0 -0.741066 0.671432
    outer loop
      vertex -14 27.3914 24.8581
      vertex -18 27.2728 24.7272
      vertex -14 27.2728 24.7272
    endloop
  endfacet
  facet normal 0 0.246534 -0.969134
    outer loop
      vertex -11.5908 25.4889 27.7254
      vertex -10.5 25.4775 27.7225
      vertex -11.5908 25.4775 27.7225
    endloop
  endfacet
  facet normal -4.0026e-05 0.242935 -0.970042
    outer loop
      vertex -10.5 25.4775 27.7225
      vertex -11.5908 25.4889 27.7254
      vertex -10.5 25.6488 27.7654
    endloop
  endfacet
  facet normal 0 0.242678 -0.970107
    outer loop
      vertex -10.5 25.6488 27.7654
      vertex -11.5908 25.4889 27.7254
      vertex -11.5908 25.6488 27.7654
    endloop
  endfacet
  facet normal 0 0.242935 -0.970042
    outer loop
      vertex -18 25.4775 27.7225
      vertex -14 25.6488 27.7654
      vertex -14 25.4775 27.7225
    endloop
  endfacet
  facet normal 0 0.242935 -0.970042
    outer loop
      vertex -14 25.6488 27.7654
      vertex -18 25.4775 27.7225
      vertex -18 25.6488 27.7654
    endloop
  endfacet
  facet normal 0 -0.430261 -0.902705
    outer loop
      vertex -11.5908 26.6995 27.6579
      vertex -10.5 26.6888 27.663
      vertex -11.5908 26.6888 27.663
    endloop
  endfacet
  facet normal 3.43562e-05 -0.427405 -0.90406
    outer loop
      vertex -10.5 26.6888 27.663
      vertex -11.5908 26.6995 27.6579
      vertex -10.5 26.8485 27.5875
    endloop
  endfacet
  facet normal 0 -0.427199 -0.904158
    outer loop
      vertex -11.5908 26.8485 27.5875
      vertex -10.5 26.8485 27.5875
      vertex -11.5908 26.6995 27.6579
    endloop
  endfacet
  facet normal 0 -0.427405 -0.90406
    outer loop
      vertex -18 26.6888 27.663
      vertex -14 26.8485 27.5875
      vertex -14 26.6888 27.663
    endloop
  endfacet
  facet normal -0 -0.427405 -0.90406
    outer loop
      vertex -14 26.8485 27.5875
      vertex -18 26.6888 27.663
      vertex -18 26.8485 27.5875
    endloop
  endfacet
  facet normal 0 0.904158 -0.427199
    outer loop
      vertex -10.5 24.4125 26.8485
      vertex -11.5908 24.3421 26.6995
      vertex -11.5908 24.4125 26.8485
    endloop
  endfacet
  facet normal 3.43562e-05 0.90406 -0.427405
    outer loop
      vertex -10.5 24.337 26.6888
      vertex -11.5908 24.3421 26.6995
      vertex -10.5 24.4125 26.8485
    endloop
  endfacet
  facet normal 0 0.902705 -0.430261
    outer loop
      vertex -11.5908 24.3421 26.6995
      vertex -10.5 24.337 26.6888
      vertex -11.5908 24.337 26.6888
    endloop
  endfacet
  facet normal 0 0.90406 -0.427405
    outer loop
      vertex -14 24.337 26.6888
      vertex -18 24.4125 26.8485
      vertex -14 24.4125 26.8485
    endloop
  endfacet
  facet normal 0 0.90406 -0.427405
    outer loop
      vertex -18 24.4125 26.8485
      vertex -14 24.337 26.6888
      vertex -18 24.337 26.6888
    endloop
  endfacet
  facet normal -4.0026e-05 -0.242935 -0.970042
    outer loop
      vertex -10.5 26.3512 27.7654
      vertex -11.5908 26.5111 27.7254
      vertex -10.5 26.5225 27.7225
    endloop
  endfacet
  facet normal 0 -0.242678 -0.970107
    outer loop
      vertex -11.5908 26.5111 27.7254
      vertex -10.5 26.3512 27.7654
      vertex -11.5908 26.3512 27.7654
    endloop
  endfacet
  facet normal -0 -0.246534 -0.969134
    outer loop
      vertex -10.5 26.5225 27.7225
      vertex -11.5908 26.5111 27.7254
      vertex -11.5908 26.5225 27.7225
    endloop
  endfacet
  facet normal 0 -0.242935 -0.970042
    outer loop
      vertex -18 26.3512 27.7654
      vertex -14 26.5225 27.7225
      vertex -14 26.3512 27.7654
    endloop
  endfacet
  facet normal -0 -0.242935 -0.970042
    outer loop
      vertex -14 26.5225 27.7225
      vertex -18 26.3512 27.7654
      vertex -18 26.5225 27.7225
    endloop
  endfacet
  facet normal 0 -0.970107 0.242678
    outer loop
      vertex -11.5908 27.7254 25.4889
      vertex -10.5 27.7654 25.6488
      vertex -11.5908 27.7654 25.6488
    endloop
  endfacet
  facet normal 0 -0.969134 0.246534
    outer loop
      vertex -10.5 27.7225 25.4775
      vertex -11.5908 27.7254 25.4889
      vertex -11.5908 27.7225 25.4775
    endloop
  endfacet
  facet normal -4.0026e-05 -0.970042 0.242935
    outer loop
      vertex -11.5908 27.7254 25.4889
      vertex -10.5 27.7225 25.4775
      vertex -10.5 27.7654 25.6488
    endloop
  endfacet
  facet normal 0 -0.970042 0.242935
    outer loop
      vertex -18 27.7225 25.4775
      vertex -14 27.7654 25.6488
      vertex -18 27.7654 25.6488
    endloop
  endfacet
  facet normal 0 -0.970042 0.242935
    outer loop
      vertex -14 27.7654 25.6488
      vertex -18 27.7225 25.4775
      vertex -14 27.7225 25.4775
    endloop
  endfacet
  facet normal 0 0.671432 -0.741066
    outer loop
      vertex -11.5908 24.7272 27.2728
      vertex -10.5 24.8581 27.3914
      vertex -10.5 24.7272 27.2728
    endloop
  endfacet
  facet normal 1.27323e-05 0.671374 -0.741119
    outer loop
      vertex -11.5908 24.8494 27.3835
      vertex -10.5 24.8581 27.3914
      vertex -11.5908 24.7272 27.2728
    endloop
  endfacet
  facet normal 0 0.672249 -0.740325
    outer loop
      vertex -10.5 24.8581 27.3914
      vertex -11.5908 24.8494 27.3835
      vertex -11.5908 24.8581 27.3914
    endloop
  endfacet
  facet normal 0 0.671432 -0.741066
    outer loop
      vertex -18 24.7272 27.2728
      vertex -14 24.8581 27.3914
      vertex -14 24.7272 27.2728
    endloop
  endfacet
  facet normal 0 0.671432 -0.741066
    outer loop
      vertex -14 24.8581 27.3914
      vertex -18 24.7272 27.2728
      vertex -18 24.8581 27.3914
    endloop
  endfacet
  facet normal 0 0.99871 0.0507819
    outer loop
      vertex -10.5 24.2 26
      vertex -11.5908 24.2006 25.9882
      vertex -11.5908 24.2 26
    endloop
  endfacet
  facet normal 1.65065e-05 0.998786 0.0492599
    outer loop
      vertex -10.5 24.2087 25.8236
      vertex -11.5908 24.2006 25.9882
      vertex -10.5 24.2 26
    endloop
  endfacet
  facet normal 0 0.998791 0.0491507
    outer loop
      vertex -11.5908 24.2006 25.9882
      vertex -10.5 24.2087 25.8236
      vertex -11.5908 24.2087 25.8236
    endloop
  endfacet
  facet normal 0 0.998786 0.0492599
    outer loop
      vertex -14 24.2087 25.8236
      vertex -18 24.2 26
      vertex -14 24.2 26
    endloop
  endfacet
  facet normal 0 0.998786 0.0492599
    outer loop
      vertex -18 24.2 26
      vertex -14 24.2087 25.8236
      vertex -18 24.2087 25.8236
    endloop
  endfacet
  facet normal 0 0.143789 -0.989608
    outer loop
      vertex -11.5908 25.6605 27.7671
      vertex -10.5 25.6488 27.7654
      vertex -11.5908 25.6488 27.7654
    endloop
  endfacet
  facet normal 3.04534e-05 0.146569 -0.9892
    outer loop
      vertex -10.5 25.6488 27.7654
      vertex -11.5908 25.6605 27.7671
      vertex -10.5 25.8236 27.7913
    endloop
  endfacet
  facet normal 0 0.146768 -0.989171
    outer loop
      vertex -10.5 25.8236 27.7913
      vertex -11.5908 25.6605 27.7671
      vertex -11.5908 25.8236 27.7913
    endloop
  endfacet
  facet normal 0 0.146569 -0.9892
    outer loop
      vertex -18 25.6488 27.7654
      vertex -14 25.8236 27.7913
      vertex -14 25.6488 27.7654
    endloop
  endfacet
  facet normal 0 0.146569 -0.9892
    outer loop
      vertex -14 25.8236 27.7913
      vertex -18 25.6488 27.7654
      vertex -18 25.8236 27.7913
    endloop
  endfacet
  facet normal 0 0.803192 0.595721
    outer loop
      vertex -10.5 24.5034 25
      vertex -11.5908 24.6016 24.8676
      vertex -11.5908 24.5034 25
    endloop
  endfacet
  facet normal 3.16584e-05 0.803316 0.595552
    outer loop
      vertex -10.5 24.6086 24.8581
      vertex -11.5908 24.6016 24.8676
      vertex -10.5 24.5034 25
    endloop
  endfacet
  facet normal 0 0.805056 0.593199
    outer loop
      vertex -11.5908 24.6016 24.8676
      vertex -10.5 24.6086 24.8581
      vertex -11.5908 24.6086 24.8581
    endloop
  endfacet
  facet normal 0 0.803316 0.595552
    outer loop
      vertex -14 24.6086 24.8581
      vertex -18 24.5034 25
      vertex -14 24.5034 25
    endloop
  endfacet
  facet normal 0 0.803316 0.595552
    outer loop
      vertex -18 24.5034 25
      vertex -14 24.6086 24.8581
      vertex -18 24.6086 24.8581
    endloop
  endfacet
  facet normal 3.16584e-05 0.595552 -0.803316
    outer loop
      vertex -10.5 24.8581 27.3914
      vertex -11.5908 24.8676 27.3984
      vertex -10.5 25 27.4966
    endloop
  endfacet
  facet normal 0 0.593199 -0.805056
    outer loop
      vertex -11.5908 24.8676 27.3984
      vertex -10.5 24.8581 27.3914
      vertex -11.5908 24.8581 27.3914
    endloop
  endfacet
  facet normal 0 0.595721 -0.803192
    outer loop
      vertex -10.5 25 27.4966
      vertex -11.5908 24.8676 27.3984
      vertex -11.5908 25 27.4966
    endloop
  endfacet
  facet normal 0 0.595552 -0.803316
    outer loop
      vertex -18 24.8581 27.3914
      vertex -14 25 27.4966
      vertex -14 24.8581 27.3914
    endloop
  endfacet
  facet normal 0 0.595552 -0.803316
    outer loop
      vertex -14 25 27.4966
      vertex -18 24.8581 27.3914
      vertex -18 25 27.4966
    endloop
  endfacet
  facet normal 0 -0.0507819 -0.99871
    outer loop
      vertex -11.5908 26.0118 27.7994
      vertex -10.5 26 27.8
      vertex -11.5908 26 27.8
    endloop
  endfacet
  facet normal 1.65065e-05 -0.0492599 -0.998786
    outer loop
      vertex -10.5 26 27.8
      vertex -11.5908 26.0118 27.7994
      vertex -10.5 26.1764 27.7913
    endloop
  endfacet
  facet normal -0 -0.0491507 -0.998791
    outer loop
      vertex -10.5 26.1764 27.7913
      vertex -11.5908 26.0118 27.7994
      vertex -11.5908 26.1764 27.7913
    endloop
  endfacet
  facet normal 0 -0.0492599 -0.998786
    outer loop
      vertex -18 26 27.8
      vertex -14 26.1764 27.7913
      vertex -14 26 27.8
    endloop
  endfacet
  facet normal -0 -0.0492599 -0.998786
    outer loop
      vertex -14 26.1764 27.7913
      vertex -18 26 27.8
      vertex -18 26.1764 27.7913
    endloop
  endfacet
  facet normal 0 0.672249 0.740325
    outer loop
      vertex -11.5908 24.8494 24.6165
      vertex -10.5 24.8581 24.6086
      vertex -11.5908 24.8581 24.6086
    endloop
  endfacet
  facet normal 1.18852e-05 0.671432 0.741066
    outer loop
      vertex -10.5 24.8581 24.6086
      vertex -11.5908 24.8494 24.6165
      vertex -10.5 24.7272 24.7272
    endloop
  endfacet
  facet normal 0 0.671374 0.741119
    outer loop
      vertex -10.5 24.7272 24.7272
      vertex -11.5908 24.8494 24.6165
      vertex -11.5908 24.7272 24.7272
    endloop
  endfacet
  facet normal -0 0.671432 0.741066
    outer loop
      vertex -18 24.8581 24.6086
      vertex -14 24.7272 24.7272
      vertex -14 24.8581 24.6086
    endloop
  endfacet
  facet normal 0 0.671432 0.741066
    outer loop
      vertex -14 24.7272 24.7272
      vertex -18 24.8581 24.6086
      vertex -18 24.7272 24.7272
    endloop
  endfacet
  facet normal 0 0.740928 -0.671584
    outer loop
      vertex -10.5 -15.4602 12.6879
      vertex -18 -14.1421 14.1421
      vertex -10.5 -14.1421 14.1421
    endloop
  endfacet
  facet normal 0 0.740928 -0.671584
    outer loop
      vertex -18 -14.1421 14.1421
      vertex -10.5 -15.4602 12.6879
      vertex -18 -15.4602 12.6879
    endloop
  endfacet
  facet normal 0 -0.336882 -0.941547
    outer loop
      vertex -18 5.80569 19.1388
      vertex -10.5 7.65367 18.4776
      vertex -10.5 5.80569 19.1388
    endloop
  endfacet
  facet normal -0 -0.336882 -0.941547
    outer loop
      vertex -10.5 7.65367 18.4776
      vertex -18 5.80569 19.1388
      vertex -18 7.65367 18.4776
    endloop
  endfacet
  facet normal 0 0.857736 -0.51409
    outer loop
      vertex -10.5 -17.6384 9.42793
      vertex -18 -16.6294 11.1114
      vertex -10.5 -16.6294 11.1114
    endloop
  endfacet
  facet normal 0 0.857736 -0.51409
    outer loop
      vertex -18 -16.6294 11.1114
      vertex -10.5 -17.6384 9.42793
      vertex -18 -17.6384 9.42793
    endloop
  endfacet
  facet normal 0 -0.049065 0.998796
    outer loop
      vertex -18 1.96034 -19.9037
      vertex -10.5 0 -20
      vertex -10.5 1.96034 -19.9037
    endloop
  endfacet
  facet normal 0 -0.049065 0.998796
    outer loop
      vertex -10.5 0 -20
      vertex -18 1.96034 -19.9037
      vertex -18 0 -20
    endloop
  endfacet
  facet normal 0 -0.740928 0.671584
    outer loop
      vertex -18 14.1421 -14.1421
      vertex -10.5 15.4602 -12.6879
      vertex -18 15.4602 -12.6879
    endloop
  endfacet
  facet normal 0 -0.740928 0.671584
    outer loop
      vertex -10.5 15.4602 -12.6879
      vertex -18 14.1421 -14.1421
      vertex -10.5 14.1421 -14.1421
    endloop
  endfacet
  facet normal 0 -0.671584 0.740928
    outer loop
      vertex -18 14.1421 -14.1421
      vertex -10.5 12.6879 -15.4602
      vertex -10.5 14.1421 -14.1421
    endloop
  endfacet
  facet normal 0 -0.671584 0.740928
    outer loop
      vertex -10.5 12.6879 -15.4602
      vertex -18 14.1421 -14.1421
      vertex -18 12.6879 -15.4602
    endloop
  endfacet
  facet normal 0 -0.51409 0.857736
    outer loop
      vertex -18 11.1114 -16.6294
      vertex -10.5 9.42793 -17.6384
      vertex -10.5 11.1114 -16.6294
    endloop
  endfacet
  facet normal 0 -0.51409 0.857736
    outer loop
      vertex -10.5 9.42793 -17.6384
      vertex -18 11.1114 -16.6294
      vertex -18 9.42793 -17.6384
    endloop
  endfacet
  facet normal 0 0.998796 0.049065
    outer loop
      vertex -10.5 -19.9037 -1.96034
      vertex -18 -20 0
      vertex -10.5 -20 0
    endloop
  endfacet
  facet normal 0 0.998796 0.049065
    outer loop
      vertex -18 -20 0
      vertex -10.5 -19.9037 -1.96034
      vertex -18 -19.9037 -1.96034
    endloop
  endfacet
  facet normal 0 -0.671584 -0.740928
    outer loop
      vertex -18 12.6879 15.4602
      vertex -10.5 14.1421 14.1421
      vertex -10.5 12.6879 15.4602
    endloop
  endfacet
  facet normal -0 -0.671584 -0.740928
    outer loop
      vertex -10.5 14.1421 14.1421
      vertex -18 12.6879 15.4602
      vertex -18 14.1421 14.1421
    endloop
  endfacet
  facet normal -0 0.146736 0.989176
    outer loop
      vertex -18 -1.96034 -19.9037
      vertex -10.5 -3.90181 -19.6157
      vertex -10.5 -1.96034 -19.9037
    endloop
  endfacet
  facet normal 0 0.146736 0.989176
    outer loop
      vertex -10.5 -3.90181 -19.6157
      vertex -18 -1.96034 -19.9037
      vertex -18 -3.90181 -19.6157
    endloop
  endfacet
  facet normal 0 -0.427571 0.903982
    outer loop
      vertex -18 9.42793 -17.6384
      vertex -10.5 7.65367 -18.4776
      vertex -10.5 9.42793 -17.6384
    endloop
  endfacet
  facet normal 0 -0.427571 0.903982
    outer loop
      vertex -10.5 7.65367 -18.4776
      vertex -18 9.42793 -17.6384
      vertex -18 7.65367 -18.4776
    endloop
  endfacet
  facet normal 0 -0.970031 -0.242982
    outer loop
      vertex -18 19.6157 3.90181
      vertex -10.5 19.1388 5.80569
      vertex -18 19.1388 5.80569
    endloop
  endfacet
  facet normal 0 -0.970031 -0.242982
    outer loop
      vertex -10.5 19.1388 5.80569
      vertex -18 19.6157 3.90181
      vertex -10.5 19.6157 3.90181
    endloop
  endfacet
  facet normal 0 -0.595695 -0.80321
    outer loop
      vertex -18 11.1114 16.6294
      vertex -10.5 12.6879 15.4602
      vertex -10.5 11.1114 16.6294
    endloop
  endfacet
  facet normal -0 -0.595695 -0.80321
    outer loop
      vertex -10.5 12.6879 15.4602
      vertex -18 11.1114 16.6294
      vertex -18 12.6879 15.4602
    endloop
  endfacet
  facet normal 0 -0.941547 0.336882
    outer loop
      vertex -18 18.4776 -7.65367
      vertex -10.5 19.1388 -5.80569
      vertex -18 19.1388 -5.80569
    endloop
  endfacet
  facet normal 0 -0.941547 0.336882
    outer loop
      vertex -10.5 19.1388 -5.80569
      vertex -18 18.4776 -7.65367
      vertex -10.5 18.4776 -7.65367
    endloop
  endfacet
  facet normal 0 -0.146736 0.989176
    outer loop
      vertex -18 3.90181 -19.6157
      vertex -10.5 1.96034 -19.9037
      vertex -10.5 3.90181 -19.6157
    endloop
  endfacet
  facet normal 0 -0.146736 0.989176
    outer loop
      vertex -10.5 1.96034 -19.9037
      vertex -18 3.90181 -19.6157
      vertex -18 1.96034 -19.9037
    endloop
  endfacet
  facet normal 0 -0.970031 0.242982
    outer loop
      vertex -18 19.1388 -5.80569
      vertex -10.5 19.6157 -3.90181
      vertex -18 19.6157 -3.90181
    endloop
  endfacet
  facet normal 0 -0.970031 0.242982
    outer loop
      vertex -10.5 19.6157 -3.90181
      vertex -18 19.1388 -5.80569
      vertex -10.5 19.1388 -5.80569
    endloop
  endfacet
  facet normal 0 -0.80321 0.595695
    outer loop
      vertex -18 15.4602 -12.6879
      vertex -10.5 16.6294 -11.1114
      vertex -18 16.6294 -11.1114
    endloop
  endfacet
  facet normal 0 -0.80321 0.595695
    outer loop
      vertex -10.5 16.6294 -11.1114
      vertex -18 15.4602 -12.6879
      vertex -10.5 15.4602 -12.6879
    endloop
  endfacet
  facet normal 0 0.51409 -0.857736
    outer loop
      vertex -18 -11.1114 16.6294
      vertex -10.5 -9.42793 17.6384
      vertex -10.5 -11.1114 16.6294
    endloop
  endfacet
  facet normal 0 0.51409 -0.857736
    outer loop
      vertex -10.5 -9.42793 17.6384
      vertex -18 -11.1114 16.6294
      vertex -18 -9.42793 17.6384
    endloop
  endfacet
  facet normal 0 -0.857736 0.51409
    outer loop
      vertex -18 16.6294 -11.1114
      vertex -10.5 17.6384 -9.42793
      vertex -18 17.6384 -9.42793
    endloop
  endfacet
  facet normal 0 -0.857736 0.51409
    outer loop
      vertex -10.5 17.6384 -9.42793
      vertex -18 16.6294 -11.1114
      vertex -10.5 16.6294 -11.1114
    endloop
  endfacet
  facet normal 0 0.146736 -0.989176
    outer loop
      vertex -18 -3.90181 19.6157
      vertex -10.5 -1.96034 19.9037
      vertex -10.5 -3.90181 19.6157
    endloop
  endfacet
  facet normal 0 0.146736 -0.989176
    outer loop
      vertex -10.5 -1.96034 19.9037
      vertex -18 -3.90181 19.6157
      vertex -18 -1.96034 19.9037
    endloop
  endfacet
  facet normal -0 0.336882 0.941547
    outer loop
      vertex -18 -5.80569 -19.1388
      vertex -10.5 -7.65367 -18.4776
      vertex -10.5 -5.80569 -19.1388
    endloop
  endfacet
  facet normal 0 0.336882 0.941547
    outer loop
      vertex -10.5 -7.65367 -18.4776
      vertex -18 -5.80569 -19.1388
      vertex -18 -7.65367 -18.4776
    endloop
  endfacet
  facet normal 0 -0.336882 0.941547
    outer loop
      vertex -18 7.65367 -18.4776
      vertex -10.5 5.80569 -19.1388
      vertex -10.5 7.65367 -18.4776
    endloop
  endfacet
  facet normal 0 -0.336882 0.941547
    outer loop
      vertex -10.5 5.80569 -19.1388
      vertex -18 7.65367 -18.4776
      vertex -18 5.80569 -19.1388
    endloop
  endfacet
  facet normal 0 -0.51409 -0.857736
    outer loop
      vertex -18 9.42793 17.6384
      vertex -10.5 11.1114 16.6294
      vertex -10.5 9.42793 17.6384
    endloop
  endfacet
  facet normal -0 -0.51409 -0.857736
    outer loop
      vertex -10.5 11.1114 16.6294
      vertex -18 9.42793 17.6384
      vertex -18 11.1114 16.6294
    endloop
  endfacet
  facet normal 0 0.242982 -0.970031
    outer loop
      vertex -18 -5.80569 19.1388
      vertex -10.5 -3.90181 19.6157
      vertex -10.5 -5.80569 19.1388
    endloop
  endfacet
  facet normal 0 0.242982 -0.970031
    outer loop
      vertex -10.5 -3.90181 19.6157
      vertex -18 -5.80569 19.1388
      vertex -18 -3.90181 19.6157
    endloop
  endfacet
  facet normal 0 -0.998796 0.049065
    outer loop
      vertex -18 19.9037 -1.96034
      vertex -10.5 20 0
      vertex -18 20 0
    endloop
  endfacet
  facet normal 0 -0.998796 0.049065
    outer loop
      vertex -10.5 20 0
      vertex -18 19.9037 -1.96034
      vertex -10.5 19.9037 -1.96034
    endloop
  endfacet
  facet normal 0 -0.740928 -0.671584
    outer loop
      vertex -18 15.4602 12.6879
      vertex -10.5 14.1421 14.1421
      vertex -18 14.1421 14.1421
    endloop
  endfacet
  facet normal 0 -0.740928 -0.671584
    outer loop
      vertex -10.5 14.1421 14.1421
      vertex -18 15.4602 12.6879
      vertex -10.5 15.4602 12.6879
    endloop
  endfacet
  facet normal -0 0.242982 0.970031
    outer loop
      vertex -18 -3.90181 -19.6157
      vertex -10.5 -5.80569 -19.1388
      vertex -10.5 -3.90181 -19.6157
    endloop
  endfacet
  facet normal 0 0.242982 0.970031
    outer loop
      vertex -10.5 -5.80569 -19.1388
      vertex -18 -3.90181 -19.6157
      vertex -18 -5.80569 -19.1388
    endloop
  endfacet
  facet normal 0 -0.857736 -0.51409
    outer loop
      vertex -18 17.6384 9.42793
      vertex -10.5 16.6294 11.1114
      vertex -18 16.6294 11.1114
    endloop
  endfacet
  facet normal 0 -0.857736 -0.51409
    outer loop
      vertex -10.5 16.6294 11.1114
      vertex -18 17.6384 9.42793
      vertex -10.5 17.6384 9.42793
    endloop
  endfacet
  facet normal 0 -0.989176 0.146736
    outer loop
      vertex -18 19.6157 -3.90181
      vertex -10.5 19.9037 -1.96034
      vertex -18 19.9037 -1.96034
    endloop
  endfacet
  facet normal 0 -0.989176 0.146736
    outer loop
      vertex -10.5 19.9037 -1.96034
      vertex -18 19.6157 -3.90181
      vertex -10.5 19.6157 -3.90181
    endloop
  endfacet
  facet normal 0 0.049065 -0.998796
    outer loop
      vertex -18 -1.96034 19.9037
      vertex -10.5 0 20
      vertex -10.5 -1.96034 19.9037
    endloop
  endfacet
  facet normal 0 0.049065 -0.998796
    outer loop
      vertex -10.5 0 20
      vertex -18 -1.96034 19.9037
      vertex -18 0 20
    endloop
  endfacet
  facet normal 0 -0.242982 -0.970031
    outer loop
      vertex -18 3.90181 19.6157
      vertex -10.5 5.80569 19.1388
      vertex -10.5 3.90181 19.6157
    endloop
  endfacet
  facet normal -0 -0.242982 -0.970031
    outer loop
      vertex -10.5 5.80569 19.1388
      vertex -18 3.90181 19.6157
      vertex -18 5.80569 19.1388
    endloop
  endfacet
  facet normal 0 0.903982 0.427571
    outer loop
      vertex -10.5 -17.6384 -9.42793
      vertex -18 -18.4776 -7.65367
      vertex -10.5 -18.4776 -7.65367
    endloop
  endfacet
  facet normal 0 0.903982 0.427571
    outer loop
      vertex -18 -18.4776 -7.65367
      vertex -10.5 -17.6384 -9.42793
      vertex -18 -17.6384 -9.42793
    endloop
  endfacet
  facet normal 0 0.336882 -0.941547
    outer loop
      vertex -18 -7.65367 18.4776
      vertex -10.5 -5.80569 19.1388
      vertex -10.5 -7.65367 18.4776
    endloop
  endfacet
  facet normal 0 0.336882 -0.941547
    outer loop
      vertex -10.5 -5.80569 19.1388
      vertex -18 -7.65367 18.4776
      vertex -18 -5.80569 19.1388
    endloop
  endfacet
  facet normal 0 -0.941547 -0.336882
    outer loop
      vertex -18 19.1388 5.80569
      vertex -10.5 18.4776 7.65367
      vertex -18 18.4776 7.65367
    endloop
  endfacet
  facet normal 0 -0.941547 -0.336882
    outer loop
      vertex -10.5 18.4776 7.65367
      vertex -18 19.1388 5.80569
      vertex -10.5 19.1388 5.80569
    endloop
  endfacet
  facet normal 0 0.857736 0.51409
    outer loop
      vertex -10.5 -16.6294 -11.1114
      vertex -18 -17.6384 -9.42793
      vertex -10.5 -17.6384 -9.42793
    endloop
  endfacet
  facet normal 0 0.857736 0.51409
    outer loop
      vertex -18 -17.6384 -9.42793
      vertex -10.5 -16.6294 -11.1114
      vertex -18 -16.6294 -11.1114
    endloop
  endfacet
  facet normal 0 -0.903982 0.427571
    outer loop
      vertex -18 17.6384 -9.42793
      vertex -10.5 18.4776 -7.65367
      vertex -18 18.4776 -7.65367
    endloop
  endfacet
  facet normal 0 -0.903982 0.427571
    outer loop
      vertex -10.5 18.4776 -7.65367
      vertex -18 17.6384 -9.42793
      vertex -10.5 17.6384 -9.42793
    endloop
  endfacet
  facet normal 0 0.989176 0.146736
    outer loop
      vertex -10.5 -19.6157 -3.90181
      vertex -18 -19.9037 -1.96034
      vertex -10.5 -19.9037 -1.96034
    endloop
  endfacet
  facet normal 0 0.989176 0.146736
    outer loop
      vertex -18 -19.9037 -1.96034
      vertex -10.5 -19.6157 -3.90181
      vertex -18 -19.6157 -3.90181
    endloop
  endfacet
  facet normal -0 0.671584 0.740928
    outer loop
      vertex -18 -12.6879 -15.4602
      vertex -10.5 -14.1421 -14.1421
      vertex -10.5 -12.6879 -15.4602
    endloop
  endfacet
  facet normal 0 0.671584 0.740928
    outer loop
      vertex -10.5 -14.1421 -14.1421
      vertex -18 -12.6879 -15.4602
      vertex -18 -14.1421 -14.1421
    endloop
  endfacet
  facet normal -0 0.595695 0.80321
    outer loop
      vertex -18 -11.1114 -16.6294
      vertex -10.5 -12.6879 -15.4602
      vertex -10.5 -11.1114 -16.6294
    endloop
  endfacet
  facet normal 0 0.595695 0.80321
    outer loop
      vertex -10.5 -12.6879 -15.4602
      vertex -18 -11.1114 -16.6294
      vertex -18 -12.6879 -15.4602
    endloop
  endfacet
  facet normal 0 -0.998796 -0.049065
    outer loop
      vertex -18 20 0
      vertex -10.5 19.9037 1.96034
      vertex -18 19.9037 1.96034
    endloop
  endfacet
  facet normal 0 -0.998796 -0.049065
    outer loop
      vertex -10.5 19.9037 1.96034
      vertex -18 20 0
      vertex -10.5 20 0
    endloop
  endfacet
  facet normal 0 -0.903982 -0.427571
    outer loop
      vertex -18 18.4776 7.65367
      vertex -10.5 17.6384 9.42793
      vertex -18 17.6384 9.42793
    endloop
  endfacet
  facet normal 0 -0.903982 -0.427571
    outer loop
      vertex -10.5 17.6384 9.42793
      vertex -18 18.4776 7.65367
      vertex -10.5 18.4776 7.65367
    endloop
  endfacet
  facet normal 0 -0.80321 -0.595695
    outer loop
      vertex -18 16.6294 11.1114
      vertex -10.5 15.4602 12.6879
      vertex -18 15.4602 12.6879
    endloop
  endfacet
  facet normal 0 -0.80321 -0.595695
    outer loop
      vertex -10.5 15.4602 12.6879
      vertex -18 16.6294 11.1114
      vertex -10.5 16.6294 11.1114
    endloop
  endfacet
  facet normal 0 -0.146736 -0.989176
    outer loop
      vertex -18 1.96034 19.9037
      vertex -10.5 3.90181 19.6157
      vertex -10.5 1.96034 19.9037
    endloop
  endfacet
  facet normal -0 -0.146736 -0.989176
    outer loop
      vertex -10.5 3.90181 19.6157
      vertex -18 1.96034 19.9037
      vertex -18 3.90181 19.6157
    endloop
  endfacet
  facet normal 0 0.427571 -0.903982
    outer loop
      vertex -18 -9.42793 17.6384
      vertex -10.5 -7.65367 18.4776
      vertex -10.5 -9.42793 17.6384
    endloop
  endfacet
  facet normal 0 0.427571 -0.903982
    outer loop
      vertex -10.5 -7.65367 18.4776
      vertex -18 -9.42793 17.6384
      vertex -18 -7.65367 18.4776
    endloop
  endfacet
  facet normal 0 0.970031 -0.242982
    outer loop
      vertex -10.5 -19.6157 3.90181
      vertex -18 -19.1388 5.80569
      vertex -10.5 -19.1388 5.80569
    endloop
  endfacet
  facet normal 0 0.970031 -0.242982
    outer loop
      vertex -18 -19.1388 5.80569
      vertex -10.5 -19.6157 3.90181
      vertex -18 -19.6157 3.90181
    endloop
  endfacet
  facet normal 0 -0.242982 0.970031
    outer loop
      vertex -18 5.80569 -19.1388
      vertex -10.5 3.90181 -19.6157
      vertex -10.5 5.80569 -19.1388
    endloop
  endfacet
  facet normal 0 -0.242982 0.970031
    outer loop
      vertex -10.5 3.90181 -19.6157
      vertex -18 5.80569 -19.1388
      vertex -18 3.90181 -19.6157
    endloop
  endfacet
  facet normal 0 -0.595695 0.80321
    outer loop
      vertex -18 12.6879 -15.4602
      vertex -10.5 11.1114 -16.6294
      vertex -10.5 12.6879 -15.4602
    endloop
  endfacet
  facet normal 0 -0.595695 0.80321
    outer loop
      vertex -10.5 11.1114 -16.6294
      vertex -18 12.6879 -15.4602
      vertex -18 11.1114 -16.6294
    endloop
  endfacet
  facet normal 0 0.595695 -0.80321
    outer loop
      vertex -18 -12.6879 15.4602
      vertex -10.5 -11.1114 16.6294
      vertex -10.5 -12.6879 15.4602
    endloop
  endfacet
  facet normal 0 0.595695 -0.80321
    outer loop
      vertex -10.5 -11.1114 16.6294
      vertex -18 -12.6879 15.4602
      vertex -18 -11.1114 16.6294
    endloop
  endfacet
  facet normal 0 0.903982 -0.427571
    outer loop
      vertex -10.5 -18.4776 7.65367
      vertex -18 -17.6384 9.42793
      vertex -10.5 -17.6384 9.42793
    endloop
  endfacet
  facet normal 0 0.903982 -0.427571
    outer loop
      vertex -18 -17.6384 9.42793
      vertex -10.5 -18.4776 7.65367
      vertex -18 -18.4776 7.65367
    endloop
  endfacet
  facet normal 0 0.80321 0.595695
    outer loop
      vertex -10.5 -15.4602 -12.6879
      vertex -18 -16.6294 -11.1114
      vertex -10.5 -16.6294 -11.1114
    endloop
  endfacet
  facet normal 0 0.80321 0.595695
    outer loop
      vertex -18 -16.6294 -11.1114
      vertex -10.5 -15.4602 -12.6879
      vertex -18 -15.4602 -12.6879
    endloop
  endfacet
  facet normal -0 0.049065 0.998796
    outer loop
      vertex -18 0 -20
      vertex -10.5 -1.96034 -19.9037
      vertex -10.5 0 -20
    endloop
  endfacet
  facet normal 0 0.049065 0.998796
    outer loop
      vertex -10.5 -1.96034 -19.9037
      vertex -18 0 -20
      vertex -18 -1.96034 -19.9037
    endloop
  endfacet
  facet normal 0 -0.989176 -0.146736
    outer loop
      vertex -18 19.9037 1.96034
      vertex -10.5 19.6157 3.90181
      vertex -18 19.6157 3.90181
    endloop
  endfacet
  facet normal 0 -0.989176 -0.146736
    outer loop
      vertex -10.5 19.6157 3.90181
      vertex -18 19.9037 1.96034
      vertex -10.5 19.9037 1.96034
    endloop
  endfacet
  facet normal 0 0.941547 0.336882
    outer loop
      vertex -10.5 -18.4776 -7.65367
      vertex -18 -19.1388 -5.80569
      vertex -10.5 -19.1388 -5.80569
    endloop
  endfacet
  facet normal 0 0.941547 0.336882
    outer loop
      vertex -18 -19.1388 -5.80569
      vertex -10.5 -18.4776 -7.65367
      vertex -18 -18.4776 -7.65367
    endloop
  endfacet
  facet normal 0 0.970031 0.242982
    outer loop
      vertex -10.5 -19.1388 -5.80569
      vertex -18 -19.6157 -3.90181
      vertex -10.5 -19.6157 -3.90181
    endloop
  endfacet
  facet normal 0 0.970031 0.242982
    outer loop
      vertex -18 -19.6157 -3.90181
      vertex -10.5 -19.1388 -5.80569
      vertex -18 -19.1388 -5.80569
    endloop
  endfacet
  facet normal 0 0.671584 -0.740928
    outer loop
      vertex -18 -14.1421 14.1421
      vertex -10.5 -12.6879 15.4602
      vertex -10.5 -14.1421 14.1421
    endloop
  endfacet
  facet normal 0 0.671584 -0.740928
    outer loop
      vertex -10.5 -12.6879 15.4602
      vertex -18 -14.1421 14.1421
      vertex -18 -12.6879 15.4602
    endloop
  endfacet
  facet normal 0 -0.427571 -0.903982
    outer loop
      vertex -18 7.65367 18.4776
      vertex -10.5 9.42793 17.6384
      vertex -10.5 7.65367 18.4776
    endloop
  endfacet
  facet normal -0 -0.427571 -0.903982
    outer loop
      vertex -10.5 9.42793 17.6384
      vertex -18 7.65367 18.4776
      vertex -18 9.42793 17.6384
    endloop
  endfacet
  facet normal -0 0.427571 0.903982
    outer loop
      vertex -18 -7.65367 -18.4776
      vertex -10.5 -9.42793 -17.6384
      vertex -10.5 -7.65367 -18.4776
    endloop
  endfacet
  facet normal 0 0.427571 0.903982
    outer loop
      vertex -10.5 -9.42793 -17.6384
      vertex -18 -7.65367 -18.4776
      vertex -18 -9.42793 -17.6384
    endloop
  endfacet
  facet normal -0 0.51409 0.857736
    outer loop
      vertex -18 -9.42793 -17.6384
      vertex -10.5 -11.1114 -16.6294
      vertex -10.5 -9.42793 -17.6384
    endloop
  endfacet
  facet normal 0 0.51409 0.857736
    outer loop
      vertex -10.5 -11.1114 -16.6294
      vertex -18 -9.42793 -17.6384
      vertex -18 -11.1114 -16.6294
    endloop
  endfacet
  facet normal 0 0.80321 -0.595695
    outer loop
      vertex -10.5 -16.6294 11.1114
      vertex -18 -15.4602 12.6879
      vertex -10.5 -15.4602 12.6879
    endloop
  endfacet
  facet normal 0 0.80321 -0.595695
    outer loop
      vertex -18 -15.4602 12.6879
      vertex -10.5 -16.6294 11.1114
      vertex -18 -16.6294 11.1114
    endloop
  endfacet
  facet normal 0 0.998796 -0.049065
    outer loop
      vertex -10.5 -20 0
      vertex -18 -19.9037 1.96034
      vertex -10.5 -19.9037 1.96034
    endloop
  endfacet
  facet normal 0 0.998796 -0.049065
    outer loop
      vertex -18 -19.9037 1.96034
      vertex -10.5 -20 0
      vertex -18 -20 0
    endloop
  endfacet
  facet normal 0 0.989176 -0.146736
    outer loop
      vertex -10.5 -19.9037 1.96034
      vertex -18 -19.6157 3.90181
      vertex -10.5 -19.6157 3.90181
    endloop
  endfacet
  facet normal 0 0.989176 -0.146736
    outer loop
      vertex -18 -19.6157 3.90181
      vertex -10.5 -19.9037 1.96034
      vertex -18 -19.9037 1.96034
    endloop
  endfacet
  facet normal 0 -0.049065 -0.998796
    outer loop
      vertex -18 0 20
      vertex -10.5 1.96034 19.9037
      vertex -10.5 0 20
    endloop
  endfacet
  facet normal -0 -0.049065 -0.998796
    outer loop
      vertex -10.5 1.96034 19.9037
      vertex -18 0 20
      vertex -18 1.96034 19.9037
    endloop
  endfacet
  facet normal 0 0.941547 -0.336882
    outer loop
      vertex -10.5 -19.1388 5.80569
      vertex -18 -18.4776 7.65367
      vertex -10.5 -18.4776 7.65367
    endloop
  endfacet
  facet normal 0 0.941547 -0.336882
    outer loop
      vertex -18 -18.4776 7.65367
      vertex -10.5 -19.1388 5.80569
      vertex -18 -19.1388 5.80569
    endloop
  endfacet
  facet normal 0 0.740928 0.671584
    outer loop
      vertex -10.5 -14.1421 -14.1421
      vertex -18 -15.4602 -12.6879
      vertex -10.5 -15.4602 -12.6879
    endloop
  endfacet
  facet normal 0 0.740928 0.671584
    outer loop
      vertex -18 -15.4602 -12.6879
      vertex -10.5 -14.1421 -14.1421
      vertex -18 -14.1421 -14.1421
    endloop
  endfacet
endsolid OpenSCAD_Model
