solid OpenSCAD_Model
  facet normal -0.595508 0 0.80335
    outer loop
      vertex -69.8889 -6.25 -29.2629
      vertex -69.7312 -11.25 -29.146
      vertex -69.7312 -6.25 -29.146
    endloop
  endfacet
  facet normal -0.595508 0 0.80335
    outer loop
      vertex -69.7312 -11.25 -29.146
      vertex -69.8889 -6.25 -29.2629
      vertex -69.8889 -11.25 -29.2629
    endloop
  endfacet
  facet normal -0.146696 0 -0.989182
    outer loop
      vertex -70.804 -11.25 -25.6096
      vertex -70.6098 -6.25 -25.6384
      vertex -70.6098 -11.25 -25.6384
    endloop
  endfacet
  facet normal -0.146696 0 -0.989182
    outer loop
      vertex -70.6098 -6.25 -25.6384
      vertex -70.804 -11.25 -25.6096
      vertex -70.804 -6.25 -25.6096
    endloop
  endfacet
  facet normal -0.0489209 0 0.998803
    outer loop
      vertex -71 -6.25 -29.6
      vertex -70.804 -11.25 -29.5904
      vertex -70.804 -6.25 -29.5904
    endloop
  endfacet
  facet normal -0.0489209 0 0.998803
    outer loop
      vertex -70.804 -11.25 -29.5904
      vertex -71 -6.25 -29.6
      vertex -71 -11.25 -29.6
    endloop
  endfacet
  facet normal -0.514196 0 0.857673
    outer loop
      vertex -70.0572 -6.25 -29.3638
      vertex -69.8889 -11.25 -29.2629
      vertex -69.8889 -6.25 -29.2629
    endloop
  endfacet
  facet normal -0.514196 0 0.857673
    outer loop
      vertex -69.8889 -11.25 -29.2629
      vertex -70.0572 -6.25 -29.3638
      vertex -70.0572 -11.25 -29.3638
    endloop
  endfacet
  facet normal -0.970023 0 -0.243015
    outer loop
      vertex -69.0384 -11.25 -27.2098
      vertex -69.0861 -6.25 -27.0194
      vertex -69.0384 -6.25 -27.2098
    endloop
  endfacet
  facet normal -0.970023 -0 -0.243015
    outer loop
      vertex -69.0861 -6.25 -27.0194
      vertex -69.0384 -11.25 -27.2098
      vertex -69.0861 -11.25 -27.0194
    endloop
  endfacet
  facet normal 0.970023 0 -0.243015
    outer loop
      vertex -72.9139 -11.25 -27.0194
      vertex -72.9616 -6.25 -27.2098
      vertex -72.9139 -6.25 -27.0194
    endloop
  endfacet
  facet normal 0.970023 0 -0.243015
    outer loop
      vertex -72.9616 -6.25 -27.2098
      vertex -72.9139 -11.25 -27.0194
      vertex -72.9616 -11.25 -27.2098
    endloop
  endfacet
  facet normal -0.998803 0 -0.0489209
    outer loop
      vertex -69 -11.25 -27.6
      vertex -69.0096 -6.25 -27.404
      vertex -69 -6.25 -27.6
    endloop
  endfacet
  facet normal -0.998803 -0 -0.0489209
    outer loop
      vertex -69.0096 -6.25 -27.404
      vertex -69 -11.25 -27.6
      vertex -69.0096 -11.25 -27.404
    endloop
  endfacet
  facet normal -0.80335 0 0.595508
    outer loop
      vertex -69.454 -11.25 -28.8688
      vertex -69.3371 -6.25 -28.7111
      vertex -69.454 -6.25 -28.8688
    endloop
  endfacet
  facet normal -0.80335 0 0.595508
    outer loop
      vertex -69.3371 -6.25 -28.7111
      vertex -69.454 -11.25 -28.8688
      vertex -69.3371 -11.25 -28.7111
    endloop
  endfacet
  facet normal -0.989182 0 -0.146696
    outer loop
      vertex -69.0096 -11.25 -27.404
      vertex -69.0384 -6.25 -27.2098
      vertex -69.0096 -6.25 -27.404
    endloop
  endfacet
  facet normal -0.989182 -0 -0.146696
    outer loop
      vertex -69.0384 -6.25 -27.2098
      vertex -69.0096 -11.25 -27.404
      vertex -69.0384 -11.25 -27.2098
    endloop
  endfacet
  facet normal -0.989182 0 0.146696
    outer loop
      vertex -69.0384 -11.25 -27.9902
      vertex -69.0096 -6.25 -27.796
      vertex -69.0384 -6.25 -27.9902
    endloop
  endfacet
  facet normal -0.989182 0 0.146696
    outer loop
      vertex -69.0096 -6.25 -27.796
      vertex -69.0384 -11.25 -27.9902
      vertex -69.0096 -11.25 -27.796
    endloop
  endfacet
  facet normal 0.146696 0 0.989182
    outer loop
      vertex -71.3902 -6.25 -29.5616
      vertex -71.196 -11.25 -29.5904
      vertex -71.196 -6.25 -29.5904
    endloop
  endfacet
  facet normal 0.146696 0 0.989182
    outer loop
      vertex -71.196 -11.25 -29.5904
      vertex -71.3902 -6.25 -29.5616
      vertex -71.3902 -11.25 -29.5616
    endloop
  endfacet
  facet normal 0.989182 0 -0.146696
    outer loop
      vertex -72.9616 -11.25 -27.2098
      vertex -72.9904 -6.25 -27.404
      vertex -72.9616 -6.25 -27.2098
    endloop
  endfacet
  facet normal 0.989182 0 -0.146696
    outer loop
      vertex -72.9904 -6.25 -27.404
      vertex -72.9616 -11.25 -27.2098
      vertex -72.9904 -11.25 -27.404
    endloop
  endfacet
  facet normal 0.336788 0 0.94158
    outer loop
      vertex -71.7654 -6.25 -29.4478
      vertex -71.5806 -11.25 -29.5139
      vertex -71.5806 -6.25 -29.5139
    endloop
  endfacet
  facet normal 0.336788 0 0.94158
    outer loop
      vertex -71.5806 -11.25 -29.5139
      vertex -71.7654 -6.25 -29.4478
      vertex -71.7654 -11.25 -29.4478
    endloop
  endfacet
  facet normal -0.94158 0 0.336788
    outer loop
      vertex -69.1522 -11.25 -28.3654
      vertex -69.0861 -6.25 -28.1806
      vertex -69.1522 -6.25 -28.3654
    endloop
  endfacet
  facet normal -0.94158 0 0.336788
    outer loop
      vertex -69.0861 -6.25 -28.1806
      vertex -69.1522 -11.25 -28.3654
      vertex -69.0861 -11.25 -28.1806
    endloop
  endfacet
  facet normal -0.970023 0 0.243015
    outer loop
      vertex -69.0861 -11.25 -28.1806
      vertex -69.0384 -6.25 -27.9902
      vertex -69.0861 -6.25 -28.1806
    endloop
  endfacet
  facet normal -0.970023 0 0.243015
    outer loop
      vertex -69.0384 -6.25 -27.9902
      vertex -69.0861 -11.25 -28.1806
      vertex -69.0384 -11.25 -27.9902
    endloop
  endfacet
  facet normal -0.80335 0 -0.595508
    outer loop
      vertex -69.3371 -11.25 -26.4889
      vertex -69.454 -6.25 -26.3312
      vertex -69.3371 -6.25 -26.4889
    endloop
  endfacet
  facet normal -0.80335 -0 -0.595508
    outer loop
      vertex -69.454 -6.25 -26.3312
      vertex -69.3371 -11.25 -26.4889
      vertex -69.454 -11.25 -26.3312
    endloop
  endfacet
  facet normal -0.0489209 0 -0.998803
    outer loop
      vertex -71 -11.25 -25.6
      vertex -70.804 -6.25 -25.6096
      vertex -70.804 -11.25 -25.6096
    endloop
  endfacet
  facet normal -0.0489209 0 -0.998803
    outer loop
      vertex -70.804 -6.25 -25.6096
      vertex -71 -11.25 -25.6
      vertex -71 -6.25 -25.6
    endloop
  endfacet
  facet normal 0.146696 0 -0.989182
    outer loop
      vertex -71.3902 -11.25 -25.6384
      vertex -71.196 -6.25 -25.6096
      vertex -71.196 -11.25 -25.6096
    endloop
  endfacet
  facet normal 0.146696 0 -0.989182
    outer loop
      vertex -71.196 -6.25 -25.6096
      vertex -71.3902 -11.25 -25.6384
      vertex -71.3902 -6.25 -25.6384
    endloop
  endfacet
  facet normal -0.9038 0 0.427955
    outer loop
      vertex -69.2362 -11.25 -28.5428
      vertex -69.1522 -6.25 -28.3654
      vertex -69.2362 -6.25 -28.5428
    endloop
  endfacet
  facet normal -0.9038 0 0.427955
    outer loop
      vertex -69.1522 -6.25 -28.3654
      vertex -69.2362 -11.25 -28.5428
      vertex -69.1522 -11.25 -28.3654
    endloop
  endfacet
  facet normal -0.998803 0 0.0489209
    outer loop
      vertex -69.0096 -11.25 -27.796
      vertex -69 -6.25 -27.6
      vertex -69.0096 -6.25 -27.796
    endloop
  endfacet
  facet normal -0.998803 0 0.0489209
    outer loop
      vertex -69 -6.25 -27.6
      vertex -69.0096 -11.25 -27.796
      vertex -69 -11.25 -27.6
    endloop
  endfacet
  facet normal -0.94158 0 -0.336788
    outer loop
      vertex -69.0861 -11.25 -27.0194
      vertex -69.1522 -6.25 -26.8346
      vertex -69.0861 -6.25 -27.0194
    endloop
  endfacet
  facet normal -0.94158 -0 -0.336788
    outer loop
      vertex -69.1522 -6.25 -26.8346
      vertex -69.0861 -11.25 -27.0194
      vertex -69.1522 -11.25 -26.8346
    endloop
  endfacet
  facet normal 0.998803 0 -0.0489209
    outer loop
      vertex -72.9904 -11.25 -27.404
      vertex -73 -6.25 -27.6
      vertex -72.9904 -6.25 -27.404
    endloop
  endfacet
  facet normal 0.998803 0 -0.0489209
    outer loop
      vertex -73 -6.25 -27.6
      vertex -72.9904 -11.25 -27.404
      vertex -73 -11.25 -27.6
    endloop
  endfacet
  facet normal 0.427955 0 0.9038
    outer loop
      vertex -71.9428 -6.25 -29.3638
      vertex -71.7654 -11.25 -29.4478
      vertex -71.7654 -6.25 -29.4478
    endloop
  endfacet
  facet normal 0.427955 0 0.9038
    outer loop
      vertex -71.7654 -11.25 -29.4478
      vertex -71.9428 -6.25 -29.3638
      vertex -71.9428 -11.25 -29.3638
    endloop
  endfacet
  facet normal 0.514196 0 0.857673
    outer loop
      vertex -72.1111 -6.25 -29.2629
      vertex -71.9428 -11.25 -29.3638
      vertex -71.9428 -6.25 -29.3638
    endloop
  endfacet
  facet normal 0.514196 0 0.857673
    outer loop
      vertex -71.9428 -11.25 -29.3638
      vertex -72.1111 -6.25 -29.2629
      vertex -72.1111 -11.25 -29.2629
    endloop
  endfacet
  facet normal 0.243015 0 -0.970023
    outer loop
      vertex -71.5806 -11.25 -25.6861
      vertex -71.3902 -6.25 -25.6384
      vertex -71.3902 -11.25 -25.6384
    endloop
  endfacet
  facet normal 0.243015 0 -0.970023
    outer loop
      vertex -71.3902 -6.25 -25.6384
      vertex -71.5806 -11.25 -25.6861
      vertex -71.5806 -6.25 -25.6861
    endloop
  endfacet
  facet normal -0.427955 0 0.9038
    outer loop
      vertex -70.2346 -6.25 -29.4478
      vertex -70.0572 -11.25 -29.3638
      vertex -70.0572 -6.25 -29.3638
    endloop
  endfacet
  facet normal -0.427955 0 0.9038
    outer loop
      vertex -70.0572 -11.25 -29.3638
      vertex -70.2346 -6.25 -29.4478
      vertex -70.2346 -11.25 -29.4478
    endloop
  endfacet
  facet normal 0.80335 0 -0.595508
    outer loop
      vertex -72.546 -11.25 -26.3312
      vertex -72.6629 -6.25 -26.4889
      vertex -72.546 -6.25 -26.3312
    endloop
  endfacet
  facet normal 0.80335 0 -0.595508
    outer loop
      vertex -72.6629 -6.25 -26.4889
      vertex -72.546 -11.25 -26.3312
      vertex -72.6629 -11.25 -26.4889
    endloop
  endfacet
  facet normal 0.9038 -0 0.427955
    outer loop
      vertex -72.8478 -11.25 -28.3654
      vertex -72.7638 -6.25 -28.5428
      vertex -72.8478 -6.25 -28.3654
    endloop
  endfacet
  facet normal 0.9038 0 0.427955
    outer loop
      vertex -72.7638 -6.25 -28.5428
      vertex -72.8478 -11.25 -28.3654
      vertex -72.7638 -11.25 -28.5428
    endloop
  endfacet
  facet normal 0.9038 0 -0.427955
    outer loop
      vertex -72.7638 -11.25 -26.6572
      vertex -72.8478 -6.25 -26.8346
      vertex -72.7638 -6.25 -26.6572
    endloop
  endfacet
  facet normal 0.9038 0 -0.427955
    outer loop
      vertex -72.8478 -6.25 -26.8346
      vertex -72.7638 -11.25 -26.6572
      vertex -72.8478 -11.25 -26.8346
    endloop
  endfacet
  facet normal 0.740908 -0 0.671607
    outer loop
      vertex -72.546 -11.25 -28.8688
      vertex -72.4142 -6.25 -29.0142
      vertex -72.546 -6.25 -28.8688
    endloop
  endfacet
  facet normal 0.740908 0 0.671607
    outer loop
      vertex -72.4142 -6.25 -29.0142
      vertex -72.546 -11.25 -28.8688
      vertex -72.4142 -11.25 -29.0142
    endloop
  endfacet
  facet normal -0.740908 0 -0.671607
    outer loop
      vertex -69.454 -11.25 -26.3312
      vertex -69.5858 -6.25 -26.1858
      vertex -69.454 -6.25 -26.3312
    endloop
  endfacet
  facet normal -0.740908 -0 -0.671607
    outer loop
      vertex -69.5858 -6.25 -26.1858
      vertex -69.454 -11.25 -26.3312
      vertex -69.5858 -11.25 -26.1858
    endloop
  endfacet
  facet normal -0.857673 0 0.514196
    outer loop
      vertex -69.3371 -11.25 -28.7111
      vertex -69.2362 -6.25 -28.5428
      vertex -69.3371 -6.25 -28.7111
    endloop
  endfacet
  facet normal -0.857673 0 0.514196
    outer loop
      vertex -69.2362 -6.25 -28.5428
      vertex -69.3371 -11.25 -28.7111
      vertex -69.2362 -11.25 -28.5428
    endloop
  endfacet
  facet normal 0.989182 -0 0.146696
    outer loop
      vertex -72.9904 -11.25 -27.796
      vertex -72.9616 -6.25 -27.9902
      vertex -72.9904 -6.25 -27.796
    endloop
  endfacet
  facet normal 0.989182 0 0.146696
    outer loop
      vertex -72.9616 -6.25 -27.9902
      vertex -72.9904 -11.25 -27.796
      vertex -72.9616 -11.25 -27.9902
    endloop
  endfacet
  facet normal -0.243015 0 -0.970023
    outer loop
      vertex -70.6098 -11.25 -25.6384
      vertex -70.4194 -6.25 -25.6861
      vertex -70.4194 -11.25 -25.6861
    endloop
  endfacet
  facet normal -0.243015 0 -0.970023
    outer loop
      vertex -70.4194 -6.25 -25.6861
      vertex -70.6098 -11.25 -25.6384
      vertex -70.6098 -6.25 -25.6384
    endloop
  endfacet
  facet normal -0.427955 0 -0.9038
    outer loop
      vertex -70.2346 -11.25 -25.7522
      vertex -70.0572 -6.25 -25.8362
      vertex -70.0572 -11.25 -25.8362
    endloop
  endfacet
  facet normal -0.427955 0 -0.9038
    outer loop
      vertex -70.0572 -6.25 -25.8362
      vertex -70.2346 -11.25 -25.7522
      vertex -70.2346 -6.25 -25.7522
    endloop
  endfacet
  facet normal 0.671607 0 -0.740908
    outer loop
      vertex -72.4142 -11.25 -26.1858
      vertex -72.2688 -6.25 -26.054
      vertex -72.2688 -11.25 -26.054
    endloop
  endfacet
  facet normal 0.671607 0 -0.740908
    outer loop
      vertex -72.2688 -6.25 -26.054
      vertex -72.4142 -11.25 -26.1858
      vertex -72.4142 -6.25 -26.1858
    endloop
  endfacet
  facet normal 0.740908 0 -0.671607
    outer loop
      vertex -72.4142 -11.25 -26.1858
      vertex -72.546 -6.25 -26.3312
      vertex -72.4142 -6.25 -26.1858
    endloop
  endfacet
  facet normal 0.740908 0 -0.671607
    outer loop
      vertex -72.546 -6.25 -26.3312
      vertex -72.4142 -11.25 -26.1858
      vertex -72.546 -11.25 -26.3312
    endloop
  endfacet
  facet normal 0.243015 0 0.970023
    outer loop
      vertex -71.5806 -6.25 -29.5139
      vertex -71.3902 -11.25 -29.5616
      vertex -71.3902 -6.25 -29.5616
    endloop
  endfacet
  facet normal 0.243015 0 0.970023
    outer loop
      vertex -71.3902 -11.25 -29.5616
      vertex -71.5806 -6.25 -29.5139
      vertex -71.5806 -11.25 -29.5139
    endloop
  endfacet
  facet normal 0.336788 0 -0.94158
    outer loop
      vertex -71.7654 -11.25 -25.7522
      vertex -71.5806 -6.25 -25.6861
      vertex -71.5806 -11.25 -25.6861
    endloop
  endfacet
  facet normal 0.336788 0 -0.94158
    outer loop
      vertex -71.5806 -6.25 -25.6861
      vertex -71.7654 -11.25 -25.7522
      vertex -71.7654 -6.25 -25.7522
    endloop
  endfacet
  facet normal 0.0489209 0 -0.998803
    outer loop
      vertex -71.196 -11.25 -25.6096
      vertex -71 -6.25 -25.6
      vertex -71 -11.25 -25.6
    endloop
  endfacet
  facet normal 0.0489209 0 -0.998803
    outer loop
      vertex -71 -6.25 -25.6
      vertex -71.196 -11.25 -25.6096
      vertex -71.196 -6.25 -25.6096
    endloop
  endfacet
  facet normal -0.336788 0 0.94158
    outer loop
      vertex -70.4194 -6.25 -29.5139
      vertex -70.2346 -11.25 -29.4478
      vertex -70.2346 -6.25 -29.4478
    endloop
  endfacet
  facet normal -0.336788 0 0.94158
    outer loop
      vertex -70.2346 -11.25 -29.4478
      vertex -70.4194 -6.25 -29.5139
      vertex -70.4194 -11.25 -29.5139
    endloop
  endfacet
  facet normal -0.740908 0 0.671607
    outer loop
      vertex -69.5858 -11.25 -29.0142
      vertex -69.454 -6.25 -28.8688
      vertex -69.5858 -6.25 -29.0142
    endloop
  endfacet
  facet normal -0.740908 0 0.671607
    outer loop
      vertex -69.454 -6.25 -28.8688
      vertex -69.5858 -11.25 -29.0142
      vertex -69.454 -11.25 -28.8688
    endloop
  endfacet
  facet normal 0.998803 -0 0.0489209
    outer loop
      vertex -73 -11.25 -27.6
      vertex -72.9904 -6.25 -27.796
      vertex -73 -6.25 -27.6
    endloop
  endfacet
  facet normal 0.998803 0 0.0489209
    outer loop
      vertex -72.9904 -6.25 -27.796
      vertex -73 -11.25 -27.6
      vertex -72.9904 -11.25 -27.796
    endloop
  endfacet
  facet normal 0.0489209 0 0.998803
    outer loop
      vertex -71.196 -6.25 -29.5904
      vertex -71 -11.25 -29.6
      vertex -71 -6.25 -29.6
    endloop
  endfacet
  facet normal 0.0489209 0 0.998803
    outer loop
      vertex -71 -11.25 -29.6
      vertex -71.196 -6.25 -29.5904
      vertex -71.196 -11.25 -29.5904
    endloop
  endfacet
  facet normal 0.595508 0 0.80335
    outer loop
      vertex -72.2688 -6.25 -29.146
      vertex -72.1111 -11.25 -29.2629
      vertex -72.1111 -6.25 -29.2629
    endloop
  endfacet
  facet normal 0.595508 0 0.80335
    outer loop
      vertex -72.1111 -11.25 -29.2629
      vertex -72.2688 -6.25 -29.146
      vertex -72.2688 -11.25 -29.146
    endloop
  endfacet
  facet normal -0.146696 0 0.989182
    outer loop
      vertex -70.804 -6.25 -29.5904
      vertex -70.6098 -11.25 -29.5616
      vertex -70.6098 -6.25 -29.5616
    endloop
  endfacet
  facet normal -0.146696 0 0.989182
    outer loop
      vertex -70.6098 -11.25 -29.5616
      vertex -70.804 -6.25 -29.5904
      vertex -70.804 -11.25 -29.5904
    endloop
  endfacet
  facet normal 0.671607 0 0.740908
    outer loop
      vertex -72.4142 -6.25 -29.0142
      vertex -72.2688 -11.25 -29.146
      vertex -72.2688 -6.25 -29.146
    endloop
  endfacet
  facet normal 0.671607 0 0.740908
    outer loop
      vertex -72.2688 -11.25 -29.146
      vertex -72.4142 -6.25 -29.0142
      vertex -72.4142 -11.25 -29.0142
    endloop
  endfacet
  facet normal -0.671607 0 0.740908
    outer loop
      vertex -69.7312 -6.25 -29.146
      vertex -69.5858 -11.25 -29.0142
      vertex -69.5858 -6.25 -29.0142
    endloop
  endfacet
  facet normal -0.671607 0 0.740908
    outer loop
      vertex -69.5858 -11.25 -29.0142
      vertex -69.7312 -6.25 -29.146
      vertex -69.7312 -11.25 -29.146
    endloop
  endfacet
  facet normal 0.595508 0 -0.80335
    outer loop
      vertex -72.2688 -11.25 -26.054
      vertex -72.1111 -6.25 -25.9371
      vertex -72.1111 -11.25 -25.9371
    endloop
  endfacet
  facet normal 0.595508 0 -0.80335
    outer loop
      vertex -72.1111 -6.25 -25.9371
      vertex -72.2688 -11.25 -26.054
      vertex -72.2688 -6.25 -26.054
    endloop
  endfacet
  facet normal 0.514196 0 -0.857673
    outer loop
      vertex -72.1111 -11.25 -25.9371
      vertex -71.9428 -6.25 -25.8362
      vertex -71.9428 -11.25 -25.8362
    endloop
  endfacet
  facet normal 0.514196 0 -0.857673
    outer loop
      vertex -71.9428 -6.25 -25.8362
      vertex -72.1111 -11.25 -25.9371
      vertex -72.1111 -6.25 -25.9371
    endloop
  endfacet
  facet normal -0.9038 0 -0.427955
    outer loop
      vertex -69.1522 -11.25 -26.8346
      vertex -69.2362 -6.25 -26.6572
      vertex -69.1522 -6.25 -26.8346
    endloop
  endfacet
  facet normal -0.9038 -0 -0.427955
    outer loop
      vertex -69.2362 -6.25 -26.6572
      vertex -69.1522 -11.25 -26.8346
      vertex -69.2362 -11.25 -26.6572
    endloop
  endfacet
  facet normal -0.857673 0 -0.514196
    outer loop
      vertex -69.2362 -11.25 -26.6572
      vertex -69.3371 -6.25 -26.4889
      vertex -69.2362 -6.25 -26.6572
    endloop
  endfacet
  facet normal -0.857673 -0 -0.514196
    outer loop
      vertex -69.3371 -6.25 -26.4889
      vertex -69.2362 -11.25 -26.6572
      vertex -69.3371 -11.25 -26.4889
    endloop
  endfacet
  facet normal 0 -1 0
    outer loop
      vertex -71 -6.25 -26
      vertex -71 -6.25 -25.6
      vertex -71.196 -6.25 -25.6096
    endloop
  endfacet
  facet normal 0 -1 0
    outer loop
      vertex -71.1568 -6.25 -26.0077
      vertex -71.196 -6.25 -25.6096
      vertex -71.3902 -6.25 -25.6384
    endloop
  endfacet
  facet normal 0 -1 0
    outer loop
      vertex -71 -6.25 -25.6
      vertex -71 -6.25 -26
      vertex -70.804 -6.25 -25.6096
    endloop
  endfacet
  facet normal 0 -1 0
    outer loop
      vertex -71.3121 -6.25 -26.0307
      vertex -71.3902 -6.25 -25.6384
      vertex -71.5806 -6.25 -25.6861
    endloop
  endfacet
  facet normal 0 -1 0
    outer loop
      vertex -70.8432 -6.25 -26.0077
      vertex -70.804 -6.25 -25.6096
      vertex -71 -6.25 -26
    endloop
  endfacet
  facet normal 0 -1 0
    outer loop
      vertex -71.4645 -6.25 -26.0689
      vertex -71.5806 -6.25 -25.6861
      vertex -71.7654 -6.25 -25.7522
    endloop
  endfacet
  facet normal 0 -1 -0
    outer loop
      vertex -70.804 -6.25 -25.6096
      vertex -70.8432 -6.25 -26.0077
      vertex -70.6098 -6.25 -25.6384
    endloop
  endfacet
  facet normal 0 -1 0
    outer loop
      vertex -71.6123 -6.25 -26.1218
      vertex -71.7654 -6.25 -25.7522
      vertex -71.9428 -6.25 -25.8362
    endloop
  endfacet
  facet normal 0 -1 0
    outer loop
      vertex -70.6879 -6.25 -26.0307
      vertex -70.6098 -6.25 -25.6384
      vertex -70.8432 -6.25 -26.0077
    endloop
  endfacet
  facet normal 0 -1 0
    outer loop
      vertex -71.7542 -6.25 -26.1889
      vertex -71.9428 -6.25 -25.8362
      vertex -72.1111 -6.25 -25.9371
    endloop
  endfacet
  facet normal 0 -1 -0
    outer loop
      vertex -70.6098 -6.25 -25.6384
      vertex -70.6879 -6.25 -26.0307
      vertex -70.4194 -6.25 -25.6861
    endloop
  endfacet
  facet normal 0 -1 0
    outer loop
      vertex -70.5355 -6.25 -26.0689
      vertex -70.4194 -6.25 -25.6861
      vertex -70.6879 -6.25 -26.0307
    endloop
  endfacet
  facet normal 0 -1 0
    outer loop
      vertex -71.196 -6.25 -25.6096
      vertex -71.1568 -6.25 -26.0077
      vertex -71 -6.25 -26
    endloop
  endfacet
  facet normal 0 -1 0
    outer loop
      vertex -71.3902 -6.25 -25.6384
      vertex -71.3121 -6.25 -26.0307
      vertex -71.1568 -6.25 -26.0077
    endloop
  endfacet
  facet normal 0 -1 0
    outer loop
      vertex -71.8889 -6.25 -26.2696
      vertex -72.1111 -6.25 -25.9371
      vertex -72.2688 -6.25 -26.054
    endloop
  endfacet
  facet normal 0 -1 0
    outer loop
      vertex -71.5806 -6.25 -25.6861
      vertex -71.4645 -6.25 -26.0689
      vertex -71.3121 -6.25 -26.0307
    endloop
  endfacet
  facet normal 0 -1 0
    outer loop
      vertex -71.7654 -6.25 -25.7522
      vertex -71.6123 -6.25 -26.1218
      vertex -71.4645 -6.25 -26.0689
    endloop
  endfacet
  facet normal 0 -1 0
    outer loop
      vertex -72.015 -6.25 -26.3632
      vertex -72.2688 -6.25 -26.054
      vertex -72.4142 -6.25 -26.1858
    endloop
  endfacet
  facet normal 0 -1 0
    outer loop
      vertex -71.9428 -6.25 -25.8362
      vertex -71.7542 -6.25 -26.1889
      vertex -71.6123 -6.25 -26.1218
    endloop
  endfacet
  facet normal 0 -1 0
    outer loop
      vertex -72.1111 -6.25 -25.9371
      vertex -71.8889 -6.25 -26.2696
      vertex -71.7542 -6.25 -26.1889
    endloop
  endfacet
  facet normal 0 -1 0
    outer loop
      vertex -72.1314 -6.25 -26.4686
      vertex -72.4142 -6.25 -26.1858
      vertex -72.546 -6.25 -26.3312
    endloop
  endfacet
  facet normal 0 -1 0
    outer loop
      vertex -72.2688 -6.25 -26.054
      vertex -72.015 -6.25 -26.3632
      vertex -71.8889 -6.25 -26.2696
    endloop
  endfacet
  facet normal 0 -1 0
    outer loop
      vertex -72.4142 -6.25 -26.1858
      vertex -72.1314 -6.25 -26.4686
      vertex -72.015 -6.25 -26.3632
    endloop
  endfacet
  facet normal 0 -1 0
    outer loop
      vertex -72.2368 -6.25 -26.585
      vertex -72.546 -6.25 -26.3312
      vertex -72.6629 -6.25 -26.4889
    endloop
  endfacet
  facet normal 0 -1 0
    outer loop
      vertex -72.546 -6.25 -26.3312
      vertex -72.2368 -6.25 -26.585
      vertex -72.1314 -6.25 -26.4686
    endloop
  endfacet
  facet normal 0 -1 0
    outer loop
      vertex -72.3304 -6.25 -26.7111
      vertex -72.6629 -6.25 -26.4889
      vertex -72.7638 -6.25 -26.6572
    endloop
  endfacet
  facet normal 0 -1 0
    outer loop
      vertex -72.6629 -6.25 -26.4889
      vertex -72.3304 -6.25 -26.7111
      vertex -72.2368 -6.25 -26.585
    endloop
  endfacet
  facet normal 0 -1 0
    outer loop
      vertex -72.4111 -6.25 -26.8458
      vertex -72.7638 -6.25 -26.6572
      vertex -72.8478 -6.25 -26.8346
    endloop
  endfacet
  facet normal 0 -1 0
    outer loop
      vertex -72.7638 -6.25 -26.6572
      vertex -72.4111 -6.25 -26.8458
      vertex -72.3304 -6.25 -26.7111
    endloop
  endfacet
  facet normal 0 -1 0
    outer loop
      vertex -72.8478 -6.25 -26.8346
      vertex -72.4782 -6.25 -26.9877
      vertex -72.4111 -6.25 -26.8458
    endloop
  endfacet
  facet normal 0 -1 0
    outer loop
      vertex -72.9139 -6.25 -27.0194
      vertex -72.4782 -6.25 -26.9877
      vertex -72.8478 -6.25 -26.8346
    endloop
  endfacet
  facet normal 0 -1 0
    outer loop
      vertex -72.9139 -6.25 -27.0194
      vertex -72.5311 -6.25 -27.1355
      vertex -72.4782 -6.25 -26.9877
    endloop
  endfacet
  facet normal 0 -1 0
    outer loop
      vertex -72.9616 -6.25 -27.2098
      vertex -72.5311 -6.25 -27.1355
      vertex -72.9139 -6.25 -27.0194
    endloop
  endfacet
  facet normal 0 -1 0
    outer loop
      vertex -72.9616 -6.25 -27.2098
      vertex -72.5693 -6.25 -27.2879
      vertex -72.5311 -6.25 -27.1355
    endloop
  endfacet
  facet normal 0 -1 0
    outer loop
      vertex -72.9904 -6.25 -27.404
      vertex -72.5693 -6.25 -27.2879
      vertex -72.9616 -6.25 -27.2098
    endloop
  endfacet
  facet normal 0 -1 0
    outer loop
      vertex -72.9904 -6.25 -27.404
      vertex -72.5923 -6.25 -27.4432
      vertex -72.5693 -6.25 -27.2879
    endloop
  endfacet
  facet normal 0 -1 0
    outer loop
      vertex -73 -6.25 -27.6
      vertex -72.5923 -6.25 -27.4432
      vertex -72.9904 -6.25 -27.404
    endloop
  endfacet
  facet normal 0 -1 0
    outer loop
      vertex -73 -6.25 -27.6
      vertex -72.6 -6.25 -27.6
      vertex -72.5923 -6.25 -27.4432
    endloop
  endfacet
  facet normal 0 -1 0
    outer loop
      vertex -73 -6.25 -27.6
      vertex -72.5923 -6.25 -27.7568
      vertex -72.6 -6.25 -27.6
    endloop
  endfacet
  facet normal 0 -1 0
    outer loop
      vertex -72.9904 -6.25 -27.796
      vertex -72.5923 -6.25 -27.7568
      vertex -73 -6.25 -27.6
    endloop
  endfacet
  facet normal 0 -1 0
    outer loop
      vertex -72.9904 -6.25 -27.796
      vertex -72.5693 -6.25 -27.9121
      vertex -72.5923 -6.25 -27.7568
    endloop
  endfacet
  facet normal 0 -1 0
    outer loop
      vertex -72.9616 -6.25 -27.9902
      vertex -72.5693 -6.25 -27.9121
      vertex -72.9904 -6.25 -27.796
    endloop
  endfacet
  facet normal 0 -1 0
    outer loop
      vertex -72.9616 -6.25 -27.9902
      vertex -72.5311 -6.25 -28.0645
      vertex -72.5693 -6.25 -27.9121
    endloop
  endfacet
  facet normal 0 -1 0
    outer loop
      vertex -72.9139 -6.25 -28.1806
      vertex -72.5311 -6.25 -28.0645
      vertex -72.9616 -6.25 -27.9902
    endloop
  endfacet
  facet normal 0 -1 0
    outer loop
      vertex -72.9139 -6.25 -28.1806
      vertex -72.4782 -6.25 -28.2123
      vertex -72.5311 -6.25 -28.0645
    endloop
  endfacet
  facet normal 0 -1 0
    outer loop
      vertex -72.8478 -6.25 -28.3654
      vertex -72.4782 -6.25 -28.2123
      vertex -72.9139 -6.25 -28.1806
    endloop
  endfacet
  facet normal 0 -1 -0
    outer loop
      vertex -72.4782 -6.25 -28.2123
      vertex -72.8478 -6.25 -28.3654
      vertex -72.4111 -6.25 -28.3542
    endloop
  endfacet
  facet normal 0 -1 0
    outer loop
      vertex -72.7638 -6.25 -28.5428
      vertex -72.4111 -6.25 -28.3542
      vertex -72.8478 -6.25 -28.3654
    endloop
  endfacet
  facet normal 0 -1 -0
    outer loop
      vertex -72.4111 -6.25 -28.3542
      vertex -72.7638 -6.25 -28.5428
      vertex -72.3304 -6.25 -28.4889
    endloop
  endfacet
  facet normal 0 -1 0
    outer loop
      vertex -72.6629 -6.25 -28.7111
      vertex -72.3304 -6.25 -28.4889
      vertex -72.7638 -6.25 -28.5428
    endloop
  endfacet
  facet normal 0 -1 -0
    outer loop
      vertex -72.3304 -6.25 -28.4889
      vertex -72.6629 -6.25 -28.7111
      vertex -72.2368 -6.25 -28.615
    endloop
  endfacet
  facet normal 0 -1 0
    outer loop
      vertex -72.546 -6.25 -28.8688
      vertex -72.2368 -6.25 -28.615
      vertex -72.6629 -6.25 -28.7111
    endloop
  endfacet
  facet normal 0 -1 -0
    outer loop
      vertex -72.2368 -6.25 -28.615
      vertex -72.546 -6.25 -28.8688
      vertex -72.1314 -6.25 -28.7314
    endloop
  endfacet
  facet normal 0 -1 0
    outer loop
      vertex -72.4142 -6.25 -29.0142
      vertex -72.1314 -6.25 -28.7314
      vertex -72.546 -6.25 -28.8688
    endloop
  endfacet
  facet normal 0 -1 -0
    outer loop
      vertex -72.1314 -6.25 -28.7314
      vertex -72.4142 -6.25 -29.0142
      vertex -72.015 -6.25 -28.8368
    endloop
  endfacet
  facet normal 0 -1 0
    outer loop
      vertex -72.2688 -6.25 -29.146
      vertex -72.015 -6.25 -28.8368
      vertex -72.4142 -6.25 -29.0142
    endloop
  endfacet
  facet normal 0 -1 -0
    outer loop
      vertex -72.015 -6.25 -28.8368
      vertex -72.2688 -6.25 -29.146
      vertex -71.8889 -6.25 -28.9304
    endloop
  endfacet
  facet normal 0 -1 0
    outer loop
      vertex -72.1111 -6.25 -29.2629
      vertex -71.8889 -6.25 -28.9304
      vertex -72.2688 -6.25 -29.146
    endloop
  endfacet
  facet normal 0 -1 -0
    outer loop
      vertex -71.8889 -6.25 -28.9304
      vertex -72.1111 -6.25 -29.2629
      vertex -71.7542 -6.25 -29.0111
    endloop
  endfacet
  facet normal 0 -1 0
    outer loop
      vertex -71.9428 -6.25 -29.3638
      vertex -71.7542 -6.25 -29.0111
      vertex -72.1111 -6.25 -29.2629
    endloop
  endfacet
  facet normal 0 -1 -0
    outer loop
      vertex -71.7542 -6.25 -29.0111
      vertex -71.9428 -6.25 -29.3638
      vertex -71.6123 -6.25 -29.0782
    endloop
  endfacet
  facet normal 0 -1 0
    outer loop
      vertex -71.7654 -6.25 -29.4478
      vertex -71.6123 -6.25 -29.0782
      vertex -71.9428 -6.25 -29.3638
    endloop
  endfacet
  facet normal 0 -1 -0
    outer loop
      vertex -71.6123 -6.25 -29.0782
      vertex -71.7654 -6.25 -29.4478
      vertex -71.4645 -6.25 -29.1311
    endloop
  endfacet
  facet normal 0 -1 0
    outer loop
      vertex -71.5806 -6.25 -29.5139
      vertex -71.4645 -6.25 -29.1311
      vertex -71.7654 -6.25 -29.4478
    endloop
  endfacet
  facet normal 0 -1 -0
    outer loop
      vertex -70.4194 -6.25 -25.6861
      vertex -70.5355 -6.25 -26.0689
      vertex -70.2346 -6.25 -25.7522
    endloop
  endfacet
  facet normal 0 -1 0
    outer loop
      vertex -70.3877 -6.25 -26.1218
      vertex -70.2346 -6.25 -25.7522
      vertex -70.5355 -6.25 -26.0689
    endloop
  endfacet
  facet normal 0 -1 -0
    outer loop
      vertex -70.2346 -6.25 -25.7522
      vertex -70.3877 -6.25 -26.1218
      vertex -70.0572 -6.25 -25.8362
    endloop
  endfacet
  facet normal 0 -1 0
    outer loop
      vertex -70.2458 -6.25 -26.1889
      vertex -70.0572 -6.25 -25.8362
      vertex -70.3877 -6.25 -26.1218
    endloop
  endfacet
  facet normal 0 -1 -0
    outer loop
      vertex -70.0572 -6.25 -25.8362
      vertex -70.2458 -6.25 -26.1889
      vertex -69.8889 -6.25 -25.9371
    endloop
  endfacet
  facet normal 0 -1 0
    outer loop
      vertex -70.1111 -6.25 -26.2696
      vertex -69.8889 -6.25 -25.9371
      vertex -70.2458 -6.25 -26.1889
    endloop
  endfacet
  facet normal 0 -1 -0
    outer loop
      vertex -69.8889 -6.25 -25.9371
      vertex -70.1111 -6.25 -26.2696
      vertex -69.7312 -6.25 -26.054
    endloop
  endfacet
  facet normal 0 -1 0
    outer loop
      vertex -69.985 -6.25 -26.3632
      vertex -69.7312 -6.25 -26.054
      vertex -70.1111 -6.25 -26.2696
    endloop
  endfacet
  facet normal 0 -1 -0
    outer loop
      vertex -69.7312 -6.25 -26.054
      vertex -69.985 -6.25 -26.3632
      vertex -69.5858 -6.25 -26.1858
    endloop
  endfacet
  facet normal 0 -1 0
    outer loop
      vertex -69.8686 -6.25 -26.4686
      vertex -69.5858 -6.25 -26.1858
      vertex -69.985 -6.25 -26.3632
    endloop
  endfacet
  facet normal 0 -1 -0
    outer loop
      vertex -69.5858 -6.25 -26.1858
      vertex -69.8686 -6.25 -26.4686
      vertex -69.454 -6.25 -26.3312
    endloop
  endfacet
  facet normal 0 -1 0
    outer loop
      vertex -69.7632 -6.25 -26.585
      vertex -69.454 -6.25 -26.3312
      vertex -69.8686 -6.25 -26.4686
    endloop
  endfacet
  facet normal 0 -1 -0
    outer loop
      vertex -69.454 -6.25 -26.3312
      vertex -69.7632 -6.25 -26.585
      vertex -69.3371 -6.25 -26.4889
    endloop
  endfacet
  facet normal 0 -1 0
    outer loop
      vertex -69.6696 -6.25 -26.7111
      vertex -69.3371 -6.25 -26.4889
      vertex -69.7632 -6.25 -26.585
    endloop
  endfacet
  facet normal 0 -1 -0
    outer loop
      vertex -69.3371 -6.25 -26.4889
      vertex -69.6696 -6.25 -26.7111
      vertex -69.2362 -6.25 -26.6572
    endloop
  endfacet
  facet normal 0 -1 0
    outer loop
      vertex -69.5889 -6.25 -26.8458
      vertex -69.2362 -6.25 -26.6572
      vertex -69.6696 -6.25 -26.7111
    endloop
  endfacet
  facet normal 0 -1 -0
    outer loop
      vertex -69.2362 -6.25 -26.6572
      vertex -69.5889 -6.25 -26.8458
      vertex -69.1522 -6.25 -26.8346
    endloop
  endfacet
  facet normal 0 -1 0
    outer loop
      vertex -69.5218 -6.25 -26.9877
      vertex -69.1522 -6.25 -26.8346
      vertex -69.5889 -6.25 -26.8458
    endloop
  endfacet
  facet normal 0 -1 0
    outer loop
      vertex -69.5218 -6.25 -26.9877
      vertex -69.0861 -6.25 -27.0194
      vertex -69.1522 -6.25 -26.8346
    endloop
  endfacet
  facet normal 0 -1 0
    outer loop
      vertex -69.4689 -6.25 -27.1355
      vertex -69.0861 -6.25 -27.0194
      vertex -69.5218 -6.25 -26.9877
    endloop
  endfacet
  facet normal 0 -1 0
    outer loop
      vertex -69.4689 -6.25 -27.1355
      vertex -69.0384 -6.25 -27.2098
      vertex -69.0861 -6.25 -27.0194
    endloop
  endfacet
  facet normal 0 -1 0
    outer loop
      vertex -69.4307 -6.25 -27.2879
      vertex -69.0384 -6.25 -27.2098
      vertex -69.4689 -6.25 -27.1355
    endloop
  endfacet
  facet normal 0 -1 0
    outer loop
      vertex -69.4307 -6.25 -27.2879
      vertex -69.0096 -6.25 -27.404
      vertex -69.0384 -6.25 -27.2098
    endloop
  endfacet
  facet normal 0 -1 0
    outer loop
      vertex -69.4077 -6.25 -27.4432
      vertex -69.0096 -6.25 -27.404
      vertex -69.4307 -6.25 -27.2879
    endloop
  endfacet
  facet normal 0 -1 0
    outer loop
      vertex -69.4 -6.25 -27.6
      vertex -69.0096 -6.25 -27.404
      vertex -69.4077 -6.25 -27.4432
    endloop
  endfacet
  facet normal 0 -1 0
    outer loop
      vertex -69.4 -6.25 -27.6
      vertex -69 -6.25 -27.6
      vertex -69.0096 -6.25 -27.404
    endloop
  endfacet
  facet normal 0 -1 0
    outer loop
      vertex -69.4077 -6.25 -27.7568
      vertex -69 -6.25 -27.6
      vertex -69.4 -6.25 -27.6
    endloop
  endfacet
  facet normal 0 -1 0
    outer loop
      vertex -69.4077 -6.25 -27.7568
      vertex -69.0096 -6.25 -27.796
      vertex -69 -6.25 -27.6
    endloop
  endfacet
  facet normal 0 -1 0
    outer loop
      vertex -69.4307 -6.25 -27.9121
      vertex -69.0096 -6.25 -27.796
      vertex -69.4077 -6.25 -27.7568
    endloop
  endfacet
  facet normal 0 -1 0
    outer loop
      vertex -69.4307 -6.25 -27.9121
      vertex -69.0384 -6.25 -27.9902
      vertex -69.0096 -6.25 -27.796
    endloop
  endfacet
  facet normal 0 -1 0
    outer loop
      vertex -69.4689 -6.25 -28.0645
      vertex -69.0384 -6.25 -27.9902
      vertex -69.4307 -6.25 -27.9121
    endloop
  endfacet
  facet normal 0 -1 0
    outer loop
      vertex -69.4689 -6.25 -28.0645
      vertex -69.0861 -6.25 -28.1806
      vertex -69.0384 -6.25 -27.9902
    endloop
  endfacet
  facet normal 0 -1 0
    outer loop
      vertex -69.5218 -6.25 -28.2123
      vertex -69.0861 -6.25 -28.1806
      vertex -69.4689 -6.25 -28.0645
    endloop
  endfacet
  facet normal 0 -1 0
    outer loop
      vertex -69.1522 -6.25 -28.3654
      vertex -69.5218 -6.25 -28.2123
      vertex -69.5889 -6.25 -28.3542
    endloop
  endfacet
  facet normal 0 -1 0
    outer loop
      vertex -69.5218 -6.25 -28.2123
      vertex -69.1522 -6.25 -28.3654
      vertex -69.0861 -6.25 -28.1806
    endloop
  endfacet
  facet normal 0 -1 0
    outer loop
      vertex -69.2362 -6.25 -28.5428
      vertex -69.5889 -6.25 -28.3542
      vertex -69.6696 -6.25 -28.4889
    endloop
  endfacet
  facet normal 0 -1 0
    outer loop
      vertex -69.5889 -6.25 -28.3542
      vertex -69.2362 -6.25 -28.5428
      vertex -69.1522 -6.25 -28.3654
    endloop
  endfacet
  facet normal 0 -1 0
    outer loop
      vertex -69.3371 -6.25 -28.7111
      vertex -69.6696 -6.25 -28.4889
      vertex -69.7632 -6.25 -28.615
    endloop
  endfacet
  facet normal 0 -1 0
    outer loop
      vertex -69.6696 -6.25 -28.4889
      vertex -69.3371 -6.25 -28.7111
      vertex -69.2362 -6.25 -28.5428
    endloop
  endfacet
  facet normal 0 -1 0
    outer loop
      vertex -69.454 -6.25 -28.8688
      vertex -69.7632 -6.25 -28.615
      vertex -69.8686 -6.25 -28.7314
    endloop
  endfacet
  facet normal 0 -1 0
    outer loop
      vertex -69.5858 -6.25 -29.0142
      vertex -69.8686 -6.25 -28.7314
      vertex -69.985 -6.25 -28.8368
    endloop
  endfacet
  facet normal 0 -1 0
    outer loop
      vertex -69.7632 -6.25 -28.615
      vertex -69.454 -6.25 -28.8688
      vertex -69.3371 -6.25 -28.7111
    endloop
  endfacet
  facet normal 0 -1 0
    outer loop
      vertex -69.7312 -6.25 -29.146
      vertex -69.985 -6.25 -28.8368
      vertex -70.1111 -6.25 -28.9304
    endloop
  endfacet
  facet normal 0 -1 0
    outer loop
      vertex -69.8889 -6.25 -29.2629
      vertex -70.1111 -6.25 -28.9304
      vertex -70.2458 -6.25 -29.0111
    endloop
  endfacet
  facet normal 0 -1 0
    outer loop
      vertex -69.8686 -6.25 -28.7314
      vertex -69.5858 -6.25 -29.0142
      vertex -69.454 -6.25 -28.8688
    endloop
  endfacet
  facet normal 0 -1 0
    outer loop
      vertex -70.0572 -6.25 -29.3638
      vertex -70.2458 -6.25 -29.0111
      vertex -70.3877 -6.25 -29.0782
    endloop
  endfacet
  facet normal 0 -1 0
    outer loop
      vertex -70.2346 -6.25 -29.4478
      vertex -70.3877 -6.25 -29.0782
      vertex -70.5355 -6.25 -29.1311
    endloop
  endfacet
  facet normal 0 -1 0
    outer loop
      vertex -69.985 -6.25 -28.8368
      vertex -69.7312 -6.25 -29.146
      vertex -69.5858 -6.25 -29.0142
    endloop
  endfacet
  facet normal 0 -1 0
    outer loop
      vertex -70.4194 -6.25 -29.5139
      vertex -70.5355 -6.25 -29.1311
      vertex -70.6879 -6.25 -29.1693
    endloop
  endfacet
  facet normal 0 -1 0
    outer loop
      vertex -70.6098 -6.25 -29.5616
      vertex -70.6879 -6.25 -29.1693
      vertex -70.8432 -6.25 -29.1923
    endloop
  endfacet
  facet normal 0 -1 0
    outer loop
      vertex -70.804 -6.25 -29.5904
      vertex -70.8432 -6.25 -29.1923
      vertex -71 -6.25 -29.2
    endloop
  endfacet
  facet normal 0 -1 -0
    outer loop
      vertex -71.4645 -6.25 -29.1311
      vertex -71.5806 -6.25 -29.5139
      vertex -71.3121 -6.25 -29.1693
    endloop
  endfacet
  facet normal 0 -1 0
    outer loop
      vertex -70.1111 -6.25 -28.9304
      vertex -69.8889 -6.25 -29.2629
      vertex -69.7312 -6.25 -29.146
    endloop
  endfacet
  facet normal 0 -1 0
    outer loop
      vertex -71.3902 -6.25 -29.5616
      vertex -71.3121 -6.25 -29.1693
      vertex -71.5806 -6.25 -29.5139
    endloop
  endfacet
  facet normal 0 -1 0
    outer loop
      vertex -70.2458 -6.25 -29.0111
      vertex -70.0572 -6.25 -29.3638
      vertex -69.8889 -6.25 -29.2629
    endloop
  endfacet
  facet normal 0 -1 -0
    outer loop
      vertex -71.3121 -6.25 -29.1693
      vertex -71.3902 -6.25 -29.5616
      vertex -71.1568 -6.25 -29.1923
    endloop
  endfacet
  facet normal 0 -1 0
    outer loop
      vertex -70.3877 -6.25 -29.0782
      vertex -70.2346 -6.25 -29.4478
      vertex -70.0572 -6.25 -29.3638
    endloop
  endfacet
  facet normal 0 -1 0
    outer loop
      vertex -71.196 -6.25 -29.5904
      vertex -71.1568 -6.25 -29.1923
      vertex -71.3902 -6.25 -29.5616
    endloop
  endfacet
  facet normal 0 -1 0
    outer loop
      vertex -70.5355 -6.25 -29.1311
      vertex -70.4194 -6.25 -29.5139
      vertex -70.2346 -6.25 -29.4478
    endloop
  endfacet
  facet normal 0 -1 -0
    outer loop
      vertex -71.1568 -6.25 -29.1923
      vertex -71.196 -6.25 -29.5904
      vertex -71 -6.25 -29.2
    endloop
  endfacet
  facet normal 0 -1 0
    outer loop
      vertex -70.6879 -6.25 -29.1693
      vertex -70.6098 -6.25 -29.5616
      vertex -70.4194 -6.25 -29.5139
    endloop
  endfacet
  facet normal 0 -1 0
    outer loop
      vertex -71 -6.25 -29.6
      vertex -71 -6.25 -29.2
      vertex -71.196 -6.25 -29.5904
    endloop
  endfacet
  facet normal 0 -1 0
    outer loop
      vertex -70.8432 -6.25 -29.1923
      vertex -70.804 -6.25 -29.5904
      vertex -70.6098 -6.25 -29.5616
    endloop
  endfacet
  facet normal 0 -1 0
    outer loop
      vertex -71 -6.25 -29.2
      vertex -71 -6.25 -29.6
      vertex -70.804 -6.25 -29.5904
    endloop
  endfacet
  facet normal 0.94158 -0 0.336788
    outer loop
      vertex -72.9139 -11.25 -28.1806
      vertex -72.8478 -6.25 -28.3654
      vertex -72.9139 -6.25 -28.1806
    endloop
  endfacet
  facet normal 0.94158 0 0.336788
    outer loop
      vertex -72.8478 -6.25 -28.3654
      vertex -72.9139 -11.25 -28.1806
      vertex -72.8478 -11.25 -28.3654
    endloop
  endfacet
  facet normal -0.595508 0 -0.80335
    outer loop
      vertex -69.8889 -11.25 -25.9371
      vertex -69.7312 -6.25 -26.054
      vertex -69.7312 -11.25 -26.054
    endloop
  endfacet
  facet normal -0.595508 0 -0.80335
    outer loop
      vertex -69.7312 -6.25 -26.054
      vertex -69.8889 -11.25 -25.9371
      vertex -69.8889 -6.25 -25.9371
    endloop
  endfacet
  facet normal 0.80335 -0 0.595508
    outer loop
      vertex -72.6629 -11.25 -28.7111
      vertex -72.546 -6.25 -28.8688
      vertex -72.6629 -6.25 -28.7111
    endloop
  endfacet
  facet normal 0.80335 0 0.595508
    outer loop
      vertex -72.546 -6.25 -28.8688
      vertex -72.6629 -11.25 -28.7111
      vertex -72.546 -11.25 -28.8688
    endloop
  endfacet
  facet normal 0.970023 -0 0.243015
    outer loop
      vertex -72.9616 -11.25 -27.9902
      vertex -72.9139 -6.25 -28.1806
      vertex -72.9616 -6.25 -27.9902
    endloop
  endfacet
  facet normal 0.970023 0 0.243015
    outer loop
      vertex -72.9139 -6.25 -28.1806
      vertex -72.9616 -11.25 -27.9902
      vertex -72.9139 -11.25 -28.1806
    endloop
  endfacet
  facet normal -0.671607 0 -0.740908
    outer loop
      vertex -69.7312 -11.25 -26.054
      vertex -69.5858 -6.25 -26.1858
      vertex -69.5858 -11.25 -26.1858
    endloop
  endfacet
  facet normal -0.671607 0 -0.740908
    outer loop
      vertex -69.5858 -6.25 -26.1858
      vertex -69.7312 -11.25 -26.054
      vertex -69.7312 -6.25 -26.054
    endloop
  endfacet
  facet normal 0.427955 0 -0.9038
    outer loop
      vertex -71.9428 -11.25 -25.8362
      vertex -71.7654 -6.25 -25.7522
      vertex -71.7654 -11.25 -25.7522
    endloop
  endfacet
  facet normal 0.427955 0 -0.9038
    outer loop
      vertex -71.7654 -6.25 -25.7522
      vertex -71.9428 -11.25 -25.8362
      vertex -71.9428 -6.25 -25.8362
    endloop
  endfacet
  facet normal 0.94158 0 -0.336788
    outer loop
      vertex -72.8478 -11.25 -26.8346
      vertex -72.9139 -6.25 -27.0194
      vertex -72.8478 -6.25 -26.8346
    endloop
  endfacet
  facet normal 0.94158 0 -0.336788
    outer loop
      vertex -72.9139 -6.25 -27.0194
      vertex -72.8478 -11.25 -26.8346
      vertex -72.9139 -11.25 -27.0194
    endloop
  endfacet
  facet normal -0.243015 0 0.970023
    outer loop
      vertex -70.6098 -6.25 -29.5616
      vertex -70.4194 -11.25 -29.5139
      vertex -70.4194 -6.25 -29.5139
    endloop
  endfacet
  facet normal -0.243015 0 0.970023
    outer loop
      vertex -70.4194 -11.25 -29.5139
      vertex -70.6098 -6.25 -29.5616
      vertex -70.6098 -11.25 -29.5616
    endloop
  endfacet
  facet normal -0.514196 0 -0.857673
    outer loop
      vertex -70.0572 -11.25 -25.8362
      vertex -69.8889 -6.25 -25.9371
      vertex -69.8889 -11.25 -25.9371
    endloop
  endfacet
  facet normal -0.514196 0 -0.857673
    outer loop
      vertex -69.8889 -6.25 -25.9371
      vertex -70.0572 -11.25 -25.8362
      vertex -70.0572 -6.25 -25.8362
    endloop
  endfacet
  facet normal -0.336788 0 -0.94158
    outer loop
      vertex -70.4194 -11.25 -25.6861
      vertex -70.2346 -6.25 -25.7522
      vertex -70.2346 -11.25 -25.7522
    endloop
  endfacet
  facet normal -0.336788 0 -0.94158
    outer loop
      vertex -70.2346 -6.25 -25.7522
      vertex -70.4194 -11.25 -25.6861
      vertex -70.4194 -6.25 -25.6861
    endloop
  endfacet
  facet normal 0.857673 0 -0.514196
    outer loop
      vertex -72.6629 -11.25 -26.4889
      vertex -72.7638 -6.25 -26.6572
      vertex -72.6629 -6.25 -26.4889
    endloop
  endfacet
  facet normal 0.857673 0 -0.514196
    outer loop
      vertex -72.7638 -6.25 -26.6572
      vertex -72.6629 -11.25 -26.4889
      vertex -72.7638 -11.25 -26.6572
    endloop
  endfacet
  facet normal 0.857673 -0 0.514196
    outer loop
      vertex -72.7638 -11.25 -28.5428
      vertex -72.6629 -6.25 -28.7111
      vertex -72.7638 -6.25 -28.5428
    endloop
  endfacet
  facet normal 0.857673 0 0.514196
    outer loop
      vertex -72.6629 -6.25 -28.7111
      vertex -72.7638 -11.25 -28.5428
      vertex -72.6629 -11.25 -28.7111
    endloop
  endfacet
  facet normal -0.98921 0 0.146502
    outer loop
      vertex -69.4307 -6.25 -27.9121
      vertex -69.4077 -5.25 -27.7568
      vertex -69.4307 -5.25 -27.9121
    endloop
  endfacet
  facet normal -0.98921 0 0.146502
    outer loop
      vertex -69.4077 -5.25 -27.7568
      vertex -69.4307 -6.25 -27.9121
      vertex -69.4077 -6.25 -27.7568
    endloop
  endfacet
  facet normal -0.998796 0 0.049048
    outer loop
      vertex -69.4077 -6.25 -27.7568
      vertex -69.4 -5.25 -27.6
      vertex -69.4077 -5.25 -27.7568
    endloop
  endfacet
  facet normal -0.998796 0 0.049048
    outer loop
      vertex -69.4 -5.25 -27.6
      vertex -69.4077 -6.25 -27.7568
      vertex -69.4 -6.25 -27.6
    endloop
  endfacet
  facet normal -0.969993 0 0.243135
    outer loop
      vertex -69.4689 -6.25 -28.0645
      vertex -69.4307 -5.25 -27.9121
      vertex -69.4689 -5.25 -28.0645
    endloop
  endfacet
  facet normal -0.969993 0 0.243135
    outer loop
      vertex -69.4307 -5.25 -27.9121
      vertex -69.4689 -6.25 -28.0645
      vertex -69.4307 -6.25 -27.9121
    endloop
  endfacet
  facet normal -0.80297 0 0.596019
    outer loop
      vertex -69.7632 -6.25 -28.615
      vertex -69.6696 -5.25 -28.4889
      vertex -69.7632 -5.25 -28.615
    endloop
  endfacet
  facet normal -0.80297 0 0.596019
    outer loop
      vertex -69.6696 -5.25 -28.4889
      vertex -69.7632 -6.25 -28.615
      vertex -69.6696 -6.25 -28.4889
    endloop
  endfacet
  facet normal 0.336982 0 0.941511
    outer loop
      vertex -71.6123 -5.25 -29.0782
      vertex -71.4645 -6.25 -29.1311
      vertex -71.4645 -5.25 -29.1311
    endloop
  endfacet
  facet normal 0.336982 0 0.941511
    outer loop
      vertex -71.4645 -6.25 -29.1311
      vertex -71.6123 -5.25 -29.0782
      vertex -71.6123 -6.25 -29.0782
    endloop
  endfacet
  facet normal 0.80297 0 -0.596019
    outer loop
      vertex -72.2368 -6.25 -26.585
      vertex -72.3304 -5.25 -26.7111
      vertex -72.2368 -5.25 -26.585
    endloop
  endfacet
  facet normal 0.80297 0 -0.596019
    outer loop
      vertex -72.3304 -5.25 -26.7111
      vertex -72.2368 -6.25 -26.585
      vertex -72.3304 -6.25 -26.7111
    endloop
  endfacet
  facet normal 0.427484 0 -0.904023
    outer loop
      vertex -71.7542 -6.25 -26.1889
      vertex -71.6123 -5.25 -26.1218
      vertex -71.6123 -6.25 -26.1218
    endloop
  endfacet
  facet normal 0.427484 0 -0.904023
    outer loop
      vertex -71.6123 -5.25 -26.1218
      vertex -71.7542 -6.25 -26.1889
      vertex -71.7542 -5.25 -26.1889
    endloop
  endfacet
  facet normal -0.998796 0 -0.049048
    outer loop
      vertex -69.4 -6.25 -27.6
      vertex -69.4077 -5.25 -27.4432
      vertex -69.4 -5.25 -27.6
    endloop
  endfacet
  facet normal -0.998796 -0 -0.049048
    outer loop
      vertex -69.4077 -5.25 -27.4432
      vertex -69.4 -6.25 -27.6
      vertex -69.4077 -6.25 -27.4432
    endloop
  endfacet
  facet normal 0.596019 0 0.80297
    outer loop
      vertex -72.015 -5.25 -28.8368
      vertex -71.8889 -6.25 -28.9304
      vertex -71.8889 -5.25 -28.9304
    endloop
  endfacet
  facet normal 0.596019 0 0.80297
    outer loop
      vertex -71.8889 -6.25 -28.9304
      vertex -72.015 -5.25 -28.8368
      vertex -72.015 -6.25 -28.8368
    endloop
  endfacet
  facet normal 0.671213 0 -0.741264
    outer loop
      vertex -72.1314 -6.25 -26.4686
      vertex -72.015 -5.25 -26.3632
      vertex -72.015 -6.25 -26.3632
    endloop
  endfacet
  facet normal 0.671213 0 -0.741264
    outer loop
      vertex -72.015 -5.25 -26.3632
      vertex -72.1314 -6.25 -26.4686
      vertex -72.1314 -5.25 -26.4686
    endloop
  endfacet
  facet normal 0.049048 0 -0.998796
    outer loop
      vertex -71.1568 -6.25 -26.0077
      vertex -71 -5.25 -26
      vertex -71 -6.25 -26
    endloop
  endfacet
  facet normal 0.049048 0 -0.998796
    outer loop
      vertex -71 -5.25 -26
      vertex -71.1568 -6.25 -26.0077
      vertex -71.1568 -5.25 -26.0077
    endloop
  endfacet
  facet normal -0.513934 0 0.85783
    outer loop
      vertex -70.2458 -5.25 -29.0111
      vertex -70.1111 -6.25 -28.9304
      vertex -70.1111 -5.25 -28.9304
    endloop
  endfacet
  facet normal -0.513934 0 0.85783
    outer loop
      vertex -70.1111 -6.25 -28.9304
      vertex -70.2458 -5.25 -29.0111
      vertex -70.2458 -6.25 -29.0111
    endloop
  endfacet
  facet normal 0.513934 0 0.85783
    outer loop
      vertex -71.8889 -5.25 -28.9304
      vertex -71.7542 -6.25 -29.0111
      vertex -71.7542 -5.25 -29.0111
    endloop
  endfacet
  facet normal 0.513934 0 0.85783
    outer loop
      vertex -71.7542 -6.25 -29.0111
      vertex -71.8889 -5.25 -28.9304
      vertex -71.8889 -6.25 -28.9304
    endloop
  endfacet
  facet normal 0.941511 0 -0.336982
    outer loop
      vertex -72.4782 -6.25 -26.9877
      vertex -72.5311 -5.25 -27.1355
      vertex -72.4782 -5.25 -26.9877
    endloop
  endfacet
  facet normal 0.941511 0 -0.336982
    outer loop
      vertex -72.5311 -5.25 -27.1355
      vertex -72.4782 -6.25 -26.9877
      vertex -72.5311 -6.25 -27.1355
    endloop
  endfacet
  facet normal 0.741264 0 -0.671213
    outer loop
      vertex -72.1314 -6.25 -26.4686
      vertex -72.2368 -5.25 -26.585
      vertex -72.1314 -5.25 -26.4686
    endloop
  endfacet
  facet normal 0.741264 0 -0.671213
    outer loop
      vertex -72.2368 -5.25 -26.585
      vertex -72.1314 -6.25 -26.4686
      vertex -72.2368 -6.25 -26.585
    endloop
  endfacet
  facet normal -0.741264 0 -0.671213
    outer loop
      vertex -69.7632 -6.25 -26.585
      vertex -69.8686 -5.25 -26.4686
      vertex -69.7632 -5.25 -26.585
    endloop
  endfacet
  facet normal -0.741264 -0 -0.671213
    outer loop
      vertex -69.8686 -5.25 -26.4686
      vertex -69.7632 -6.25 -26.585
      vertex -69.8686 -6.25 -26.4686
    endloop
  endfacet
  facet normal 0.969993 -0 0.243135
    outer loop
      vertex -72.5693 -6.25 -27.9121
      vertex -72.5311 -5.25 -28.0645
      vertex -72.5693 -5.25 -27.9121
    endloop
  endfacet
  facet normal 0.969993 0 0.243135
    outer loop
      vertex -72.5311 -5.25 -28.0645
      vertex -72.5693 -6.25 -27.9121
      vertex -72.5311 -6.25 -28.0645
    endloop
  endfacet
  facet normal -0.427484 0 0.904023
    outer loop
      vertex -70.3877 -5.25 -29.0782
      vertex -70.2458 -6.25 -29.0111
      vertex -70.2458 -5.25 -29.0111
    endloop
  endfacet
  facet normal -0.427484 0 0.904023
    outer loop
      vertex -70.2458 -6.25 -29.0111
      vertex -70.3877 -5.25 -29.0782
      vertex -70.3877 -6.25 -29.0782
    endloop
  endfacet
  facet normal -0.941511 0 -0.336982
    outer loop
      vertex -69.4689 -6.25 -27.1355
      vertex -69.5218 -5.25 -26.9877
      vertex -69.4689 -5.25 -27.1355
    endloop
  endfacet
  facet normal -0.941511 -0 -0.336982
    outer loop
      vertex -69.5218 -5.25 -26.9877
      vertex -69.4689 -6.25 -27.1355
      vertex -69.5218 -6.25 -26.9877
    endloop
  endfacet
  facet normal -0.80297 0 -0.596019
    outer loop
      vertex -69.6696 -6.25 -26.7111
      vertex -69.7632 -5.25 -26.585
      vertex -69.6696 -5.25 -26.7111
    endloop
  endfacet
  facet normal -0.80297 -0 -0.596019
    outer loop
      vertex -69.7632 -5.25 -26.585
      vertex -69.6696 -6.25 -26.7111
      vertex -69.7632 -6.25 -26.585
    endloop
  endfacet
  facet normal -0.941511 0 0.336982
    outer loop
      vertex -69.5218 -6.25 -28.2123
      vertex -69.4689 -5.25 -28.0645
      vertex -69.5218 -5.25 -28.2123
    endloop
  endfacet
  facet normal -0.941511 0 0.336982
    outer loop
      vertex -69.4689 -5.25 -28.0645
      vertex -69.5218 -6.25 -28.2123
      vertex -69.4689 -6.25 -28.0645
    endloop
  endfacet
  facet normal -0.969993 0 -0.243135
    outer loop
      vertex -69.4307 -6.25 -27.2879
      vertex -69.4689 -5.25 -27.1355
      vertex -69.4307 -5.25 -27.2879
    endloop
  endfacet
  facet normal -0.969993 -0 -0.243135
    outer loop
      vertex -69.4689 -5.25 -27.1355
      vertex -69.4307 -6.25 -27.2879
      vertex -69.4689 -6.25 -27.1355
    endloop
  endfacet
  facet normal 0.427484 0 0.904023
    outer loop
      vertex -71.7542 -5.25 -29.0111
      vertex -71.6123 -6.25 -29.0782
      vertex -71.6123 -5.25 -29.0782
    endloop
  endfacet
  facet normal 0.427484 0 0.904023
    outer loop
      vertex -71.6123 -6.25 -29.0782
      vertex -71.7542 -5.25 -29.0111
      vertex -71.7542 -6.25 -29.0111
    endloop
  endfacet
  facet normal -0.596019 0 0.80297
    outer loop
      vertex -70.1111 -5.25 -28.9304
      vertex -69.985 -6.25 -28.8368
      vertex -69.985 -5.25 -28.8368
    endloop
  endfacet
  facet normal -0.596019 0 0.80297
    outer loop
      vertex -69.985 -6.25 -28.8368
      vertex -70.1111 -5.25 -28.9304
      vertex -70.1111 -6.25 -28.9304
    endloop
  endfacet
  facet normal 0.243135 0 -0.969993
    outer loop
      vertex -71.4645 -6.25 -26.0689
      vertex -71.3121 -5.25 -26.0307
      vertex -71.3121 -6.25 -26.0307
    endloop
  endfacet
  facet normal 0.243135 0 -0.969993
    outer loop
      vertex -71.3121 -5.25 -26.0307
      vertex -71.4645 -6.25 -26.0689
      vertex -71.4645 -5.25 -26.0689
    endloop
  endfacet
  facet normal 0.049048 0 0.998796
    outer loop
      vertex -71.1568 -5.25 -29.1923
      vertex -71 -6.25 -29.2
      vertex -71 -5.25 -29.2
    endloop
  endfacet
  facet normal 0.049048 0 0.998796
    outer loop
      vertex -71 -6.25 -29.2
      vertex -71.1568 -5.25 -29.1923
      vertex -71.1568 -6.25 -29.1923
    endloop
  endfacet
  facet normal 0.969993 0 -0.243135
    outer loop
      vertex -72.5311 -6.25 -27.1355
      vertex -72.5693 -5.25 -27.2879
      vertex -72.5311 -5.25 -27.1355
    endloop
  endfacet
  facet normal 0.969993 0 -0.243135
    outer loop
      vertex -72.5693 -5.25 -27.2879
      vertex -72.5311 -6.25 -27.1355
      vertex -72.5693 -6.25 -27.2879
    endloop
  endfacet
  facet normal 0.596019 0 -0.80297
    outer loop
      vertex -72.015 -6.25 -26.3632
      vertex -71.8889 -5.25 -26.2696
      vertex -71.8889 -6.25 -26.2696
    endloop
  endfacet
  facet normal 0.596019 0 -0.80297
    outer loop
      vertex -71.8889 -5.25 -26.2696
      vertex -72.015 -6.25 -26.3632
      vertex -72.015 -5.25 -26.3632
    endloop
  endfacet
  facet normal -0.904023 0 0.427484
    outer loop
      vertex -69.5889 -6.25 -28.3542
      vertex -69.5218 -5.25 -28.2123
      vertex -69.5889 -5.25 -28.3542
    endloop
  endfacet
  facet normal -0.904023 0 0.427484
    outer loop
      vertex -69.5218 -5.25 -28.2123
      vertex -69.5889 -6.25 -28.3542
      vertex -69.5218 -6.25 -28.2123
    endloop
  endfacet
  facet normal -0.671213 0 -0.741264
    outer loop
      vertex -69.985 -6.25 -26.3632
      vertex -69.8686 -5.25 -26.4686
      vertex -69.8686 -6.25 -26.4686
    endloop
  endfacet
  facet normal -0.671213 0 -0.741264
    outer loop
      vertex -69.8686 -5.25 -26.4686
      vertex -69.985 -6.25 -26.3632
      vertex -69.985 -5.25 -26.3632
    endloop
  endfacet
  facet normal 0.741264 -0 0.671213
    outer loop
      vertex -72.2368 -6.25 -28.615
      vertex -72.1314 -5.25 -28.7314
      vertex -72.2368 -5.25 -28.615
    endloop
  endfacet
  facet normal 0.741264 0 0.671213
    outer loop
      vertex -72.1314 -5.25 -28.7314
      vertex -72.2368 -6.25 -28.615
      vertex -72.1314 -6.25 -28.7314
    endloop
  endfacet
  facet normal -0.146502 0 -0.98921
    outer loop
      vertex -70.8432 -6.25 -26.0077
      vertex -70.6879 -5.25 -26.0307
      vertex -70.6879 -6.25 -26.0307
    endloop
  endfacet
  facet normal -0.146502 0 -0.98921
    outer loop
      vertex -70.6879 -5.25 -26.0307
      vertex -70.8432 -6.25 -26.0077
      vertex -70.8432 -5.25 -26.0077
    endloop
  endfacet
  facet normal -0.049048 0 0.998796
    outer loop
      vertex -71 -5.25 -29.2
      vertex -70.8432 -6.25 -29.1923
      vertex -70.8432 -5.25 -29.1923
    endloop
  endfacet
  facet normal -0.049048 0 0.998796
    outer loop
      vertex -70.8432 -6.25 -29.1923
      vertex -71 -5.25 -29.2
      vertex -71 -6.25 -29.2
    endloop
  endfacet
  facet normal 0.904023 0 -0.427484
    outer loop
      vertex -72.4111 -6.25 -26.8458
      vertex -72.4782 -5.25 -26.9877
      vertex -72.4111 -5.25 -26.8458
    endloop
  endfacet
  facet normal 0.904023 0 -0.427484
    outer loop
      vertex -72.4782 -5.25 -26.9877
      vertex -72.4111 -6.25 -26.8458
      vertex -72.4782 -6.25 -26.9877
    endloop
  endfacet
  facet normal 0.513934 0 -0.85783
    outer loop
      vertex -71.8889 -6.25 -26.2696
      vertex -71.7542 -5.25 -26.1889
      vertex -71.7542 -6.25 -26.1889
    endloop
  endfacet
  facet normal 0.513934 0 -0.85783
    outer loop
      vertex -71.7542 -5.25 -26.1889
      vertex -71.8889 -6.25 -26.2696
      vertex -71.8889 -5.25 -26.2696
    endloop
  endfacet
  facet normal -0.427484 0 -0.904023
    outer loop
      vertex -70.3877 -6.25 -26.1218
      vertex -70.2458 -5.25 -26.1889
      vertex -70.2458 -6.25 -26.1889
    endloop
  endfacet
  facet normal -0.427484 0 -0.904023
    outer loop
      vertex -70.2458 -5.25 -26.1889
      vertex -70.3877 -6.25 -26.1218
      vertex -70.3877 -5.25 -26.1218
    endloop
  endfacet
  facet normal -0.513934 0 -0.85783
    outer loop
      vertex -70.2458 -6.25 -26.1889
      vertex -70.1111 -5.25 -26.2696
      vertex -70.1111 -6.25 -26.2696
    endloop
  endfacet
  facet normal -0.513934 0 -0.85783
    outer loop
      vertex -70.1111 -5.25 -26.2696
      vertex -70.2458 -6.25 -26.1889
      vertex -70.2458 -5.25 -26.1889
    endloop
  endfacet
  facet normal 0.998796 0 -0.049048
    outer loop
      vertex -72.5923 -6.25 -27.4432
      vertex -72.6 -5.25 -27.6
      vertex -72.5923 -5.25 -27.4432
    endloop
  endfacet
  facet normal 0.998796 0 -0.049048
    outer loop
      vertex -72.6 -5.25 -27.6
      vertex -72.5923 -6.25 -27.4432
      vertex -72.6 -6.25 -27.6
    endloop
  endfacet
  facet normal -0.671213 0 0.741264
    outer loop
      vertex -69.985 -5.25 -28.8368
      vertex -69.8686 -6.25 -28.7314
      vertex -69.8686 -5.25 -28.7314
    endloop
  endfacet
  facet normal -0.671213 0 0.741264
    outer loop
      vertex -69.8686 -6.25 -28.7314
      vertex -69.985 -5.25 -28.8368
      vertex -69.985 -6.25 -28.8368
    endloop
  endfacet
  facet normal 0.85783 -0 0.513934
    outer loop
      vertex -72.4111 -6.25 -28.3542
      vertex -72.3304 -5.25 -28.4889
      vertex -72.4111 -5.25 -28.3542
    endloop
  endfacet
  facet normal 0.85783 0 0.513934
    outer loop
      vertex -72.3304 -5.25 -28.4889
      vertex -72.4111 -6.25 -28.3542
      vertex -72.3304 -6.25 -28.4889
    endloop
  endfacet
  facet normal -0.146502 0 0.98921
    outer loop
      vertex -70.8432 -5.25 -29.1923
      vertex -70.6879 -6.25 -29.1693
      vertex -70.6879 -5.25 -29.1693
    endloop
  endfacet
  facet normal -0.146502 0 0.98921
    outer loop
      vertex -70.6879 -6.25 -29.1693
      vertex -70.8432 -5.25 -29.1923
      vertex -70.8432 -6.25 -29.1923
    endloop
  endfacet
  facet normal -0.98921 0 -0.146502
    outer loop
      vertex -69.4077 -6.25 -27.4432
      vertex -69.4307 -5.25 -27.2879
      vertex -69.4077 -5.25 -27.4432
    endloop
  endfacet
  facet normal -0.98921 -0 -0.146502
    outer loop
      vertex -69.4307 -5.25 -27.2879
      vertex -69.4077 -6.25 -27.4432
      vertex -69.4307 -6.25 -27.2879
    endloop
  endfacet
  facet normal -0.336982 0 -0.941511
    outer loop
      vertex -70.5355 -6.25 -26.0689
      vertex -70.3877 -5.25 -26.1218
      vertex -70.3877 -6.25 -26.1218
    endloop
  endfacet
  facet normal -0.336982 0 -0.941511
    outer loop
      vertex -70.3877 -5.25 -26.1218
      vertex -70.5355 -6.25 -26.0689
      vertex -70.5355 -5.25 -26.0689
    endloop
  endfacet
  facet normal 0.98921 0 -0.146502
    outer loop
      vertex -72.5693 -6.25 -27.2879
      vertex -72.5923 -5.25 -27.4432
      vertex -72.5693 -5.25 -27.2879
    endloop
  endfacet
  facet normal 0.98921 0 -0.146502
    outer loop
      vertex -72.5923 -5.25 -27.4432
      vertex -72.5693 -6.25 -27.2879
      vertex -72.5923 -6.25 -27.4432
    endloop
  endfacet
  facet normal -0.85783 0 0.513934
    outer loop
      vertex -69.6696 -6.25 -28.4889
      vertex -69.5889 -5.25 -28.3542
      vertex -69.6696 -5.25 -28.4889
    endloop
  endfacet
  facet normal -0.85783 0 0.513934
    outer loop
      vertex -69.5889 -5.25 -28.3542
      vertex -69.6696 -6.25 -28.4889
      vertex -69.5889 -6.25 -28.3542
    endloop
  endfacet
  facet normal -0.243135 0 0.969993
    outer loop
      vertex -70.6879 -5.25 -29.1693
      vertex -70.5355 -6.25 -29.1311
      vertex -70.5355 -5.25 -29.1311
    endloop
  endfacet
  facet normal -0.243135 0 0.969993
    outer loop
      vertex -70.5355 -6.25 -29.1311
      vertex -70.6879 -5.25 -29.1693
      vertex -70.6879 -6.25 -29.1693
    endloop
  endfacet
  facet normal 0.80297 -0 0.596019
    outer loop
      vertex -72.3304 -6.25 -28.4889
      vertex -72.2368 -5.25 -28.615
      vertex -72.3304 -5.25 -28.4889
    endloop
  endfacet
  facet normal 0.80297 0 0.596019
    outer loop
      vertex -72.2368 -5.25 -28.615
      vertex -72.3304 -6.25 -28.4889
      vertex -72.2368 -6.25 -28.615
    endloop
  endfacet
  facet normal -0.596019 0 -0.80297
    outer loop
      vertex -70.1111 -6.25 -26.2696
      vertex -69.985 -5.25 -26.3632
      vertex -69.985 -6.25 -26.3632
    endloop
  endfacet
  facet normal -0.596019 0 -0.80297
    outer loop
      vertex -69.985 -5.25 -26.3632
      vertex -70.1111 -6.25 -26.2696
      vertex -70.1111 -5.25 -26.2696
    endloop
  endfacet
  facet normal 0.146502 0 0.98921
    outer loop
      vertex -71.3121 -5.25 -29.1693
      vertex -71.1568 -6.25 -29.1923
      vertex -71.1568 -5.25 -29.1923
    endloop
  endfacet
  facet normal 0.146502 0 0.98921
    outer loop
      vertex -71.1568 -6.25 -29.1923
      vertex -71.3121 -5.25 -29.1693
      vertex -71.3121 -6.25 -29.1693
    endloop
  endfacet
  facet normal 0.941511 -0 0.336982
    outer loop
      vertex -72.5311 -6.25 -28.0645
      vertex -72.4782 -5.25 -28.2123
      vertex -72.5311 -5.25 -28.0645
    endloop
  endfacet
  facet normal 0.941511 0 0.336982
    outer loop
      vertex -72.4782 -5.25 -28.2123
      vertex -72.5311 -6.25 -28.0645
      vertex -72.4782 -6.25 -28.2123
    endloop
  endfacet
  facet normal 0.243135 0 0.969993
    outer loop
      vertex -71.4645 -5.25 -29.1311
      vertex -71.3121 -6.25 -29.1693
      vertex -71.3121 -5.25 -29.1693
    endloop
  endfacet
  facet normal 0.243135 0 0.969993
    outer loop
      vertex -71.3121 -6.25 -29.1693
      vertex -71.4645 -5.25 -29.1311
      vertex -71.4645 -6.25 -29.1311
    endloop
  endfacet
  facet normal 0.85783 0 -0.513934
    outer loop
      vertex -72.3304 -6.25 -26.7111
      vertex -72.4111 -5.25 -26.8458
      vertex -72.3304 -5.25 -26.7111
    endloop
  endfacet
  facet normal 0.85783 0 -0.513934
    outer loop
      vertex -72.4111 -5.25 -26.8458
      vertex -72.3304 -6.25 -26.7111
      vertex -72.4111 -6.25 -26.8458
    endloop
  endfacet
  facet normal 0.671213 0 0.741264
    outer loop
      vertex -72.1314 -5.25 -28.7314
      vertex -72.015 -6.25 -28.8368
      vertex -72.015 -5.25 -28.8368
    endloop
  endfacet
  facet normal 0.671213 0 0.741264
    outer loop
      vertex -72.015 -6.25 -28.8368
      vertex -72.1314 -5.25 -28.7314
      vertex -72.1314 -6.25 -28.7314
    endloop
  endfacet
  facet normal 0.98921 -0 0.146502
    outer loop
      vertex -72.5923 -6.25 -27.7568
      vertex -72.5693 -5.25 -27.9121
      vertex -72.5923 -5.25 -27.7568
    endloop
  endfacet
  facet normal 0.98921 0 0.146502
    outer loop
      vertex -72.5693 -5.25 -27.9121
      vertex -72.5923 -6.25 -27.7568
      vertex -72.5693 -6.25 -27.9121
    endloop
  endfacet
  facet normal -0.741264 0 0.671213
    outer loop
      vertex -69.8686 -6.25 -28.7314
      vertex -69.7632 -5.25 -28.615
      vertex -69.8686 -5.25 -28.7314
    endloop
  endfacet
  facet normal -0.741264 0 0.671213
    outer loop
      vertex -69.7632 -5.25 -28.615
      vertex -69.8686 -6.25 -28.7314
      vertex -69.7632 -6.25 -28.615
    endloop
  endfacet
  facet normal 0.336982 0 -0.941511
    outer loop
      vertex -71.6123 -6.25 -26.1218
      vertex -71.4645 -5.25 -26.0689
      vertex -71.4645 -6.25 -26.0689
    endloop
  endfacet
  facet normal 0.336982 0 -0.941511
    outer loop
      vertex -71.4645 -5.25 -26.0689
      vertex -71.6123 -6.25 -26.1218
      vertex -71.6123 -5.25 -26.1218
    endloop
  endfacet
  facet normal -0.85783 0 -0.513934
    outer loop
      vertex -69.5889 -6.25 -26.8458
      vertex -69.6696 -5.25 -26.7111
      vertex -69.5889 -5.25 -26.8458
    endloop
  endfacet
  facet normal -0.85783 -0 -0.513934
    outer loop
      vertex -69.6696 -5.25 -26.7111
      vertex -69.5889 -6.25 -26.8458
      vertex -69.6696 -6.25 -26.7111
    endloop
  endfacet
  facet normal -0.904023 0 -0.427484
    outer loop
      vertex -69.5218 -6.25 -26.9877
      vertex -69.5889 -5.25 -26.8458
      vertex -69.5218 -5.25 -26.9877
    endloop
  endfacet
  facet normal -0.904023 -0 -0.427484
    outer loop
      vertex -69.5889 -5.25 -26.8458
      vertex -69.5218 -6.25 -26.9877
      vertex -69.5889 -6.25 -26.8458
    endloop
  endfacet
  facet normal 0.146502 0 -0.98921
    outer loop
      vertex -71.3121 -6.25 -26.0307
      vertex -71.1568 -5.25 -26.0077
      vertex -71.1568 -6.25 -26.0077
    endloop
  endfacet
  facet normal 0.146502 0 -0.98921
    outer loop
      vertex -71.1568 -5.25 -26.0077
      vertex -71.3121 -6.25 -26.0307
      vertex -71.3121 -5.25 -26.0307
    endloop
  endfacet
  facet normal -0.243135 0 -0.969993
    outer loop
      vertex -70.6879 -6.25 -26.0307
      vertex -70.5355 -5.25 -26.0689
      vertex -70.5355 -6.25 -26.0689
    endloop
  endfacet
  facet normal -0.243135 0 -0.969993
    outer loop
      vertex -70.5355 -5.25 -26.0689
      vertex -70.6879 -6.25 -26.0307
      vertex -70.6879 -5.25 -26.0307
    endloop
  endfacet
  facet normal 0.904023 -0 0.427484
    outer loop
      vertex -72.4782 -6.25 -28.2123
      vertex -72.4111 -5.25 -28.3542
      vertex -72.4782 -5.25 -28.2123
    endloop
  endfacet
  facet normal 0.904023 0 0.427484
    outer loop
      vertex -72.4111 -5.25 -28.3542
      vertex -72.4782 -6.25 -28.2123
      vertex -72.4111 -6.25 -28.3542
    endloop
  endfacet
  facet normal -0.336982 0 0.941511
    outer loop
      vertex -70.5355 -5.25 -29.1311
      vertex -70.3877 -6.25 -29.0782
      vertex -70.3877 -5.25 -29.0782
    endloop
  endfacet
  facet normal -0.336982 0 0.941511
    outer loop
      vertex -70.3877 -6.25 -29.0782
      vertex -70.5355 -5.25 -29.1311
      vertex -70.5355 -6.25 -29.1311
    endloop
  endfacet
  facet normal 0.998796 -0 0.049048
    outer loop
      vertex -72.6 -6.25 -27.6
      vertex -72.5923 -5.25 -27.7568
      vertex -72.6 -5.25 -27.6
    endloop
  endfacet
  facet normal 0.998796 0 0.049048
    outer loop
      vertex -72.5923 -5.25 -27.7568
      vertex -72.6 -6.25 -27.6
      vertex -72.5923 -6.25 -27.7568
    endloop
  endfacet
  facet normal -0.049048 0 -0.998796
    outer loop
      vertex -71 -6.25 -26
      vertex -70.8432 -5.25 -26.0077
      vertex -70.8432 -6.25 -26.0077
    endloop
  endfacet
  facet normal -0.049048 0 -0.998796
    outer loop
      vertex -70.8432 -5.25 -26.0077
      vertex -71 -6.25 -26
      vertex -71 -5.25 -26
    endloop
  endfacet
  facet normal -0.80335 0 0.595508
    outer loop
      vertex -69.454 6.25 -28.8688
      vertex -69.3371 11.25 -28.7111
      vertex -69.454 11.25 -28.8688
    endloop
  endfacet
  facet normal -0.80335 0 0.595508
    outer loop
      vertex -69.3371 11.25 -28.7111
      vertex -69.454 6.25 -28.8688
      vertex -69.3371 6.25 -28.7111
    endloop
  endfacet
  facet normal -0.989182 0 -0.146696
    outer loop
      vertex -69.0096 6.25 -27.404
      vertex -69.0384 11.25 -27.2098
      vertex -69.0096 11.25 -27.404
    endloop
  endfacet
  facet normal -0.989182 -0 -0.146696
    outer loop
      vertex -69.0384 11.25 -27.2098
      vertex -69.0096 6.25 -27.404
      vertex -69.0384 6.25 -27.2098
    endloop
  endfacet
  facet normal -0.998803 0 -0.0489209
    outer loop
      vertex -69 6.25 -27.6
      vertex -69.0096 11.25 -27.404
      vertex -69 11.25 -27.6
    endloop
  endfacet
  facet normal -0.998803 -0 -0.0489209
    outer loop
      vertex -69.0096 11.25 -27.404
      vertex -69 6.25 -27.6
      vertex -69.0096 6.25 -27.404
    endloop
  endfacet
  facet normal -0.970023 0 -0.243015
    outer loop
      vertex -69.0384 6.25 -27.2098
      vertex -69.0861 11.25 -27.0194
      vertex -69.0384 11.25 -27.2098
    endloop
  endfacet
  facet normal -0.970023 -0 -0.243015
    outer loop
      vertex -69.0861 11.25 -27.0194
      vertex -69.0384 6.25 -27.2098
      vertex -69.0861 6.25 -27.0194
    endloop
  endfacet
  facet normal -0.857673 0 -0.514196
    outer loop
      vertex -69.2362 6.25 -26.6572
      vertex -69.3371 11.25 -26.4889
      vertex -69.2362 11.25 -26.6572
    endloop
  endfacet
  facet normal -0.857673 -0 -0.514196
    outer loop
      vertex -69.3371 11.25 -26.4889
      vertex -69.2362 6.25 -26.6572
      vertex -69.3371 6.25 -26.4889
    endloop
  endfacet
  facet normal 0.243015 0 -0.970023
    outer loop
      vertex -71.5806 6.25 -25.6861
      vertex -71.3902 11.25 -25.6384
      vertex -71.3902 6.25 -25.6384
    endloop
  endfacet
  facet normal 0.243015 0 -0.970023
    outer loop
      vertex -71.3902 11.25 -25.6384
      vertex -71.5806 6.25 -25.6861
      vertex -71.5806 11.25 -25.6861
    endloop
  endfacet
  facet normal -0.427955 0 0.9038
    outer loop
      vertex -70.2346 11.25 -29.4478
      vertex -70.0572 6.25 -29.3638
      vertex -70.0572 11.25 -29.3638
    endloop
  endfacet
  facet normal -0.427955 0 0.9038
    outer loop
      vertex -70.0572 6.25 -29.3638
      vertex -70.2346 11.25 -29.4478
      vertex -70.2346 6.25 -29.4478
    endloop
  endfacet
  facet normal -0.146696 0 0.989182
    outer loop
      vertex -70.804 11.25 -29.5904
      vertex -70.6098 6.25 -29.5616
      vertex -70.6098 11.25 -29.5616
    endloop
  endfacet
  facet normal -0.146696 0 0.989182
    outer loop
      vertex -70.6098 6.25 -29.5616
      vertex -70.804 11.25 -29.5904
      vertex -70.804 6.25 -29.5904
    endloop
  endfacet
  facet normal 0.336788 0 -0.94158
    outer loop
      vertex -71.7654 6.25 -25.7522
      vertex -71.5806 11.25 -25.6861
      vertex -71.5806 6.25 -25.6861
    endloop
  endfacet
  facet normal 0.336788 0 -0.94158
    outer loop
      vertex -71.5806 11.25 -25.6861
      vertex -71.7654 6.25 -25.7522
      vertex -71.7654 11.25 -25.7522
    endloop
  endfacet
  facet normal -0.336788 0 -0.94158
    outer loop
      vertex -70.4194 6.25 -25.6861
      vertex -70.2346 11.25 -25.7522
      vertex -70.2346 6.25 -25.7522
    endloop
  endfacet
  facet normal -0.336788 0 -0.94158
    outer loop
      vertex -70.2346 11.25 -25.7522
      vertex -70.4194 6.25 -25.6861
      vertex -70.4194 11.25 -25.6861
    endloop
  endfacet
  facet normal 0.970023 0 -0.243015
    outer loop
      vertex -72.9139 6.25 -27.0194
      vertex -72.9616 11.25 -27.2098
      vertex -72.9139 11.25 -27.0194
    endloop
  endfacet
  facet normal 0.970023 0 -0.243015
    outer loop
      vertex -72.9616 11.25 -27.2098
      vertex -72.9139 6.25 -27.0194
      vertex -72.9616 6.25 -27.2098
    endloop
  endfacet
  facet normal -0.970023 0 0.243015
    outer loop
      vertex -69.0861 6.25 -28.1806
      vertex -69.0384 11.25 -27.9902
      vertex -69.0861 11.25 -28.1806
    endloop
  endfacet
  facet normal -0.970023 0 0.243015
    outer loop
      vertex -69.0384 11.25 -27.9902
      vertex -69.0861 6.25 -28.1806
      vertex -69.0384 6.25 -27.9902
    endloop
  endfacet
  facet normal -0.740908 0 -0.671607
    outer loop
      vertex -69.454 6.25 -26.3312
      vertex -69.5858 11.25 -26.1858
      vertex -69.454 11.25 -26.3312
    endloop
  endfacet
  facet normal -0.740908 -0 -0.671607
    outer loop
      vertex -69.5858 11.25 -26.1858
      vertex -69.454 6.25 -26.3312
      vertex -69.5858 6.25 -26.1858
    endloop
  endfacet
  facet normal 0.857673 0 -0.514196
    outer loop
      vertex -72.6629 6.25 -26.4889
      vertex -72.7638 11.25 -26.6572
      vertex -72.6629 11.25 -26.4889
    endloop
  endfacet
  facet normal 0.857673 0 -0.514196
    outer loop
      vertex -72.7638 11.25 -26.6572
      vertex -72.6629 6.25 -26.4889
      vertex -72.7638 6.25 -26.6572
    endloop
  endfacet
  facet normal 0.243015 0 0.970023
    outer loop
      vertex -71.5806 11.25 -29.5139
      vertex -71.3902 6.25 -29.5616
      vertex -71.3902 11.25 -29.5616
    endloop
  endfacet
  facet normal 0.243015 0 0.970023
    outer loop
      vertex -71.3902 6.25 -29.5616
      vertex -71.5806 11.25 -29.5139
      vertex -71.5806 6.25 -29.5139
    endloop
  endfacet
  facet normal -0.514196 0 -0.857673
    outer loop
      vertex -70.0572 6.25 -25.8362
      vertex -69.8889 11.25 -25.9371
      vertex -69.8889 6.25 -25.9371
    endloop
  endfacet
  facet normal -0.514196 0 -0.857673
    outer loop
      vertex -69.8889 11.25 -25.9371
      vertex -70.0572 6.25 -25.8362
      vertex -70.0572 11.25 -25.8362
    endloop
  endfacet
  facet normal 0.94158 -0 0.336788
    outer loop
      vertex -72.9139 6.25 -28.1806
      vertex -72.8478 11.25 -28.3654
      vertex -72.9139 11.25 -28.1806
    endloop
  endfacet
  facet normal 0.94158 0 0.336788
    outer loop
      vertex -72.8478 11.25 -28.3654
      vertex -72.9139 6.25 -28.1806
      vertex -72.8478 6.25 -28.3654
    endloop
  endfacet
  facet normal -0.989182 0 0.146696
    outer loop
      vertex -69.0384 6.25 -27.9902
      vertex -69.0096 11.25 -27.796
      vertex -69.0384 11.25 -27.9902
    endloop
  endfacet
  facet normal -0.989182 0 0.146696
    outer loop
      vertex -69.0096 11.25 -27.796
      vertex -69.0384 6.25 -27.9902
      vertex -69.0096 6.25 -27.796
    endloop
  endfacet
  facet normal 0.671607 0 -0.740908
    outer loop
      vertex -72.4142 6.25 -26.1858
      vertex -72.2688 11.25 -26.054
      vertex -72.2688 6.25 -26.054
    endloop
  endfacet
  facet normal 0.671607 0 -0.740908
    outer loop
      vertex -72.2688 11.25 -26.054
      vertex -72.4142 6.25 -26.1858
      vertex -72.4142 11.25 -26.1858
    endloop
  endfacet
  facet normal 0.94158 0 -0.336788
    outer loop
      vertex -72.8478 6.25 -26.8346
      vertex -72.9139 11.25 -27.0194
      vertex -72.8478 11.25 -26.8346
    endloop
  endfacet
  facet normal 0.94158 0 -0.336788
    outer loop
      vertex -72.9139 11.25 -27.0194
      vertex -72.8478 6.25 -26.8346
      vertex -72.9139 6.25 -27.0194
    endloop
  endfacet
  facet normal -0.427955 0 -0.9038
    outer loop
      vertex -70.2346 6.25 -25.7522
      vertex -70.0572 11.25 -25.8362
      vertex -70.0572 6.25 -25.8362
    endloop
  endfacet
  facet normal -0.427955 0 -0.9038
    outer loop
      vertex -70.0572 11.25 -25.8362
      vertex -70.2346 6.25 -25.7522
      vertex -70.2346 11.25 -25.7522
    endloop
  endfacet
  facet normal -0.94158 0 -0.336788
    outer loop
      vertex -69.0861 6.25 -27.0194
      vertex -69.1522 11.25 -26.8346
      vertex -69.0861 11.25 -27.0194
    endloop
  endfacet
  facet normal -0.94158 -0 -0.336788
    outer loop
      vertex -69.1522 11.25 -26.8346
      vertex -69.0861 6.25 -27.0194
      vertex -69.1522 6.25 -26.8346
    endloop
  endfacet
  facet normal 0.514196 0 0.857673
    outer loop
      vertex -72.1111 11.25 -29.2629
      vertex -71.9428 6.25 -29.3638
      vertex -71.9428 11.25 -29.3638
    endloop
  endfacet
  facet normal 0.514196 0 0.857673
    outer loop
      vertex -71.9428 6.25 -29.3638
      vertex -72.1111 11.25 -29.2629
      vertex -72.1111 6.25 -29.2629
    endloop
  endfacet
  facet normal -0.243015 0 -0.970023
    outer loop
      vertex -70.6098 6.25 -25.6384
      vertex -70.4194 11.25 -25.6861
      vertex -70.4194 6.25 -25.6861
    endloop
  endfacet
  facet normal -0.243015 0 -0.970023
    outer loop
      vertex -70.4194 11.25 -25.6861
      vertex -70.6098 6.25 -25.6384
      vertex -70.6098 11.25 -25.6384
    endloop
  endfacet
  facet normal 0.427955 0 -0.9038
    outer loop
      vertex -71.9428 6.25 -25.8362
      vertex -71.7654 11.25 -25.7522
      vertex -71.7654 6.25 -25.7522
    endloop
  endfacet
  facet normal 0.427955 0 -0.9038
    outer loop
      vertex -71.7654 11.25 -25.7522
      vertex -71.9428 6.25 -25.8362
      vertex -71.9428 11.25 -25.8362
    endloop
  endfacet
  facet normal -0.9038 0 -0.427955
    outer loop
      vertex -69.1522 6.25 -26.8346
      vertex -69.2362 11.25 -26.6572
      vertex -69.1522 11.25 -26.8346
    endloop
  endfacet
  facet normal -0.9038 -0 -0.427955
    outer loop
      vertex -69.2362 11.25 -26.6572
      vertex -69.1522 6.25 -26.8346
      vertex -69.2362 6.25 -26.6572
    endloop
  endfacet
  facet normal 0.671607 0 0.740908
    outer loop
      vertex -72.4142 11.25 -29.0142
      vertex -72.2688 6.25 -29.146
      vertex -72.2688 11.25 -29.146
    endloop
  endfacet
  facet normal 0.671607 0 0.740908
    outer loop
      vertex -72.2688 6.25 -29.146
      vertex -72.4142 11.25 -29.0142
      vertex -72.4142 6.25 -29.0142
    endloop
  endfacet
  facet normal 0.857673 -0 0.514196
    outer loop
      vertex -72.7638 6.25 -28.5428
      vertex -72.6629 11.25 -28.7111
      vertex -72.7638 11.25 -28.5428
    endloop
  endfacet
  facet normal 0.857673 0 0.514196
    outer loop
      vertex -72.6629 11.25 -28.7111
      vertex -72.7638 6.25 -28.5428
      vertex -72.6629 6.25 -28.7111
    endloop
  endfacet
  facet normal -0.80335 0 -0.595508
    outer loop
      vertex -69.3371 6.25 -26.4889
      vertex -69.454 11.25 -26.3312
      vertex -69.3371 11.25 -26.4889
    endloop
  endfacet
  facet normal -0.80335 -0 -0.595508
    outer loop
      vertex -69.454 11.25 -26.3312
      vertex -69.3371 6.25 -26.4889
      vertex -69.454 6.25 -26.3312
    endloop
  endfacet
  facet normal -0.740908 0 0.671607
    outer loop
      vertex -69.5858 6.25 -29.0142
      vertex -69.454 11.25 -28.8688
      vertex -69.5858 11.25 -29.0142
    endloop
  endfacet
  facet normal -0.740908 0 0.671607
    outer loop
      vertex -69.454 11.25 -28.8688
      vertex -69.5858 6.25 -29.0142
      vertex -69.454 6.25 -28.8688
    endloop
  endfacet
  facet normal 0.0489209 0 -0.998803
    outer loop
      vertex -71.196 6.25 -25.6096
      vertex -71 11.25 -25.6
      vertex -71 6.25 -25.6
    endloop
  endfacet
  facet normal 0.0489209 0 -0.998803
    outer loop
      vertex -71 11.25 -25.6
      vertex -71.196 6.25 -25.6096
      vertex -71.196 11.25 -25.6096
    endloop
  endfacet
  facet normal 0.514196 0 -0.857673
    outer loop
      vertex -72.1111 6.25 -25.9371
      vertex -71.9428 11.25 -25.8362
      vertex -71.9428 6.25 -25.8362
    endloop
  endfacet
  facet normal 0.514196 0 -0.857673
    outer loop
      vertex -71.9428 11.25 -25.8362
      vertex -72.1111 6.25 -25.9371
      vertex -72.1111 11.25 -25.9371
    endloop
  endfacet
  facet normal 0.998803 0 -0.0489209
    outer loop
      vertex -72.9904 6.25 -27.404
      vertex -73 11.25 -27.6
      vertex -72.9904 11.25 -27.404
    endloop
  endfacet
  facet normal 0.998803 0 -0.0489209
    outer loop
      vertex -73 11.25 -27.6
      vertex -72.9904 6.25 -27.404
      vertex -73 6.25 -27.6
    endloop
  endfacet
  facet normal 0.146696 0 0.989182
    outer loop
      vertex -71.3902 11.25 -29.5616
      vertex -71.196 6.25 -29.5904
      vertex -71.196 11.25 -29.5904
    endloop
  endfacet
  facet normal 0.146696 0 0.989182
    outer loop
      vertex -71.196 6.25 -29.5904
      vertex -71.3902 11.25 -29.5616
      vertex -71.3902 6.25 -29.5616
    endloop
  endfacet
  facet normal -0.595508 0 -0.80335
    outer loop
      vertex -69.8889 6.25 -25.9371
      vertex -69.7312 11.25 -26.054
      vertex -69.7312 6.25 -26.054
    endloop
  endfacet
  facet normal -0.595508 0 -0.80335
    outer loop
      vertex -69.7312 11.25 -26.054
      vertex -69.8889 6.25 -25.9371
      vertex -69.8889 11.25 -25.9371
    endloop
  endfacet
  facet normal -0.671607 0 -0.740908
    outer loop
      vertex -69.7312 6.25 -26.054
      vertex -69.5858 11.25 -26.1858
      vertex -69.5858 6.25 -26.1858
    endloop
  endfacet
  facet normal -0.671607 0 -0.740908
    outer loop
      vertex -69.5858 11.25 -26.1858
      vertex -69.7312 6.25 -26.054
      vertex -69.7312 11.25 -26.054
    endloop
  endfacet
  facet normal 0.0489209 0 0.998803
    outer loop
      vertex -71.196 11.25 -29.5904
      vertex -71 6.25 -29.6
      vertex -71 11.25 -29.6
    endloop
  endfacet
  facet normal 0.0489209 0 0.998803
    outer loop
      vertex -71 6.25 -29.6
      vertex -71.196 11.25 -29.5904
      vertex -71.196 6.25 -29.5904
    endloop
  endfacet
  facet normal -0.998803 0 0.0489209
    outer loop
      vertex -69.0096 6.25 -27.796
      vertex -69 11.25 -27.6
      vertex -69.0096 11.25 -27.796
    endloop
  endfacet
  facet normal -0.998803 0 0.0489209
    outer loop
      vertex -69 11.25 -27.6
      vertex -69.0096 6.25 -27.796
      vertex -69 6.25 -27.6
    endloop
  endfacet
  facet normal -0.857673 0 0.514196
    outer loop
      vertex -69.3371 6.25 -28.7111
      vertex -69.2362 11.25 -28.5428
      vertex -69.3371 11.25 -28.7111
    endloop
  endfacet
  facet normal -0.857673 0 0.514196
    outer loop
      vertex -69.2362 11.25 -28.5428
      vertex -69.3371 6.25 -28.7111
      vertex -69.2362 6.25 -28.5428
    endloop
  endfacet
  facet normal -0.0489209 0 0.998803
    outer loop
      vertex -71 11.25 -29.6
      vertex -70.804 6.25 -29.5904
      vertex -70.804 11.25 -29.5904
    endloop
  endfacet
  facet normal -0.0489209 0 0.998803
    outer loop
      vertex -70.804 6.25 -29.5904
      vertex -71 11.25 -29.6
      vertex -71 6.25 -29.6
    endloop
  endfacet
  facet normal 0.970023 -0 0.243015
    outer loop
      vertex -72.9616 6.25 -27.9902
      vertex -72.9139 11.25 -28.1806
      vertex -72.9616 11.25 -27.9902
    endloop
  endfacet
  facet normal 0.970023 0 0.243015
    outer loop
      vertex -72.9139 11.25 -28.1806
      vertex -72.9616 6.25 -27.9902
      vertex -72.9139 6.25 -28.1806
    endloop
  endfacet
  facet normal 0.740908 -0 0.671607
    outer loop
      vertex -72.546 6.25 -28.8688
      vertex -72.4142 11.25 -29.0142
      vertex -72.546 11.25 -28.8688
    endloop
  endfacet
  facet normal 0.740908 0 0.671607
    outer loop
      vertex -72.4142 11.25 -29.0142
      vertex -72.546 6.25 -28.8688
      vertex -72.4142 6.25 -29.0142
    endloop
  endfacet
  facet normal -0.146696 0 -0.989182
    outer loop
      vertex -70.804 6.25 -25.6096
      vertex -70.6098 11.25 -25.6384
      vertex -70.6098 6.25 -25.6384
    endloop
  endfacet
  facet normal -0.146696 0 -0.989182
    outer loop
      vertex -70.6098 11.25 -25.6384
      vertex -70.804 6.25 -25.6096
      vertex -70.804 11.25 -25.6096
    endloop
  endfacet
  facet normal 0 1 0
    outer loop
      vertex -71 6.25 -26
      vertex -71 6.25 -25.6
      vertex -70.804 6.25 -25.6096
    endloop
  endfacet
  facet normal 0 1 0
    outer loop
      vertex -70.8432 6.25 -26.0077
      vertex -70.804 6.25 -25.6096
      vertex -70.6098 6.25 -25.6384
    endloop
  endfacet
  facet normal 0 1 0
    outer loop
      vertex -71 6.25 -25.6
      vertex -71 6.25 -26
      vertex -71.196 6.25 -25.6096
    endloop
  endfacet
  facet normal 0 1 0
    outer loop
      vertex -70.6879 6.25 -26.0307
      vertex -70.6098 6.25 -25.6384
      vertex -70.4194 6.25 -25.6861
    endloop
  endfacet
  facet normal 0 1 -0
    outer loop
      vertex -71.1568 6.25 -26.0077
      vertex -71.196 6.25 -25.6096
      vertex -71 6.25 -26
    endloop
  endfacet
  facet normal 0 1 0
    outer loop
      vertex -70.5355 6.25 -26.0689
      vertex -70.4194 6.25 -25.6861
      vertex -70.2346 6.25 -25.7522
    endloop
  endfacet
  facet normal 0 1 0
    outer loop
      vertex -71.196 6.25 -25.6096
      vertex -71.1568 6.25 -26.0077
      vertex -71.3902 6.25 -25.6384
    endloop
  endfacet
  facet normal 0 1 0
    outer loop
      vertex -70.3877 6.25 -26.1218
      vertex -70.2346 6.25 -25.7522
      vertex -70.0572 6.25 -25.8362
    endloop
  endfacet
  facet normal 0 1 -0
    outer loop
      vertex -71.3121 6.25 -26.0307
      vertex -71.3902 6.25 -25.6384
      vertex -71.1568 6.25 -26.0077
    endloop
  endfacet
  facet normal 0 1 0
    outer loop
      vertex -70.2458 6.25 -26.1889
      vertex -70.0572 6.25 -25.8362
      vertex -69.8889 6.25 -25.9371
    endloop
  endfacet
  facet normal 0 1 0
    outer loop
      vertex -71.3902 6.25 -25.6384
      vertex -71.3121 6.25 -26.0307
      vertex -71.5806 6.25 -25.6861
    endloop
  endfacet
  facet normal 0 1 -0
    outer loop
      vertex -71.4645 6.25 -26.0689
      vertex -71.5806 6.25 -25.6861
      vertex -71.3121 6.25 -26.0307
    endloop
  endfacet
  facet normal 0 1 0
    outer loop
      vertex -70.804 6.25 -25.6096
      vertex -70.8432 6.25 -26.0077
      vertex -71 6.25 -26
    endloop
  endfacet
  facet normal 0 1 0
    outer loop
      vertex -70.6098 6.25 -25.6384
      vertex -70.6879 6.25 -26.0307
      vertex -70.8432 6.25 -26.0077
    endloop
  endfacet
  facet normal 0 1 0
    outer loop
      vertex -70.1111 6.25 -26.2696
      vertex -69.8889 6.25 -25.9371
      vertex -69.7312 6.25 -26.054
    endloop
  endfacet
  facet normal 0 1 0
    outer loop
      vertex -70.4194 6.25 -25.6861
      vertex -70.5355 6.25 -26.0689
      vertex -70.6879 6.25 -26.0307
    endloop
  endfacet
  facet normal 0 1 0
    outer loop
      vertex -70.2346 6.25 -25.7522
      vertex -70.3877 6.25 -26.1218
      vertex -70.5355 6.25 -26.0689
    endloop
  endfacet
  facet normal 0 1 0
    outer loop
      vertex -69.985 6.25 -26.3632
      vertex -69.7312 6.25 -26.054
      vertex -69.5858 6.25 -26.1858
    endloop
  endfacet
  facet normal 0 1 0
    outer loop
      vertex -70.0572 6.25 -25.8362
      vertex -70.2458 6.25 -26.1889
      vertex -70.3877 6.25 -26.1218
    endloop
  endfacet
  facet normal 0 1 0
    outer loop
      vertex -69.8889 6.25 -25.9371
      vertex -70.1111 6.25 -26.2696
      vertex -70.2458 6.25 -26.1889
    endloop
  endfacet
  facet normal 0 1 0
    outer loop
      vertex -69.8686 6.25 -26.4686
      vertex -69.5858 6.25 -26.1858
      vertex -69.454 6.25 -26.3312
    endloop
  endfacet
  facet normal 0 1 0
    outer loop
      vertex -69.7312 6.25 -26.054
      vertex -69.985 6.25 -26.3632
      vertex -70.1111 6.25 -26.2696
    endloop
  endfacet
  facet normal 0 1 0
    outer loop
      vertex -69.5858 6.25 -26.1858
      vertex -69.8686 6.25 -26.4686
      vertex -69.985 6.25 -26.3632
    endloop
  endfacet
  facet normal 0 1 0
    outer loop
      vertex -69.7632 6.25 -26.585
      vertex -69.454 6.25 -26.3312
      vertex -69.3371 6.25 -26.4889
    endloop
  endfacet
  facet normal 0 1 0
    outer loop
      vertex -69.454 6.25 -26.3312
      vertex -69.7632 6.25 -26.585
      vertex -69.8686 6.25 -26.4686
    endloop
  endfacet
  facet normal 0 1 0
    outer loop
      vertex -69.6696 6.25 -26.7111
      vertex -69.3371 6.25 -26.4889
      vertex -69.2362 6.25 -26.6572
    endloop
  endfacet
  facet normal 0 1 0
    outer loop
      vertex -69.3371 6.25 -26.4889
      vertex -69.6696 6.25 -26.7111
      vertex -69.7632 6.25 -26.585
    endloop
  endfacet
  facet normal 0 1 0
    outer loop
      vertex -69.5889 6.25 -26.8458
      vertex -69.2362 6.25 -26.6572
      vertex -69.1522 6.25 -26.8346
    endloop
  endfacet
  facet normal 0 1 0
    outer loop
      vertex -69.2362 6.25 -26.6572
      vertex -69.5889 6.25 -26.8458
      vertex -69.6696 6.25 -26.7111
    endloop
  endfacet
  facet normal 0 1 0
    outer loop
      vertex -69.1522 6.25 -26.8346
      vertex -69.5218 6.25 -26.9877
      vertex -69.5889 6.25 -26.8458
    endloop
  endfacet
  facet normal 0 1 0
    outer loop
      vertex -69.0861 6.25 -27.0194
      vertex -69.5218 6.25 -26.9877
      vertex -69.1522 6.25 -26.8346
    endloop
  endfacet
  facet normal 0 1 0
    outer loop
      vertex -69.0861 6.25 -27.0194
      vertex -69.4689 6.25 -27.1355
      vertex -69.5218 6.25 -26.9877
    endloop
  endfacet
  facet normal 0 1 0
    outer loop
      vertex -69.0384 6.25 -27.2098
      vertex -69.4689 6.25 -27.1355
      vertex -69.0861 6.25 -27.0194
    endloop
  endfacet
  facet normal 0 1 0
    outer loop
      vertex -69.0384 6.25 -27.2098
      vertex -69.4307 6.25 -27.2879
      vertex -69.4689 6.25 -27.1355
    endloop
  endfacet
  facet normal 0 1 0
    outer loop
      vertex -69.0096 6.25 -27.404
      vertex -69.4307 6.25 -27.2879
      vertex -69.0384 6.25 -27.2098
    endloop
  endfacet
  facet normal 0 1 0
    outer loop
      vertex -69.0096 6.25 -27.404
      vertex -69.4077 6.25 -27.4432
      vertex -69.4307 6.25 -27.2879
    endloop
  endfacet
  facet normal 0 1 0
    outer loop
      vertex -69 6.25 -27.6
      vertex -69.4077 6.25 -27.4432
      vertex -69.0096 6.25 -27.404
    endloop
  endfacet
  facet normal 0 1 0
    outer loop
      vertex -69 6.25 -27.6
      vertex -69.4 6.25 -27.6
      vertex -69.4077 6.25 -27.4432
    endloop
  endfacet
  facet normal 0 1 0
    outer loop
      vertex -69 6.25 -27.6
      vertex -69.4077 6.25 -27.7568
      vertex -69.4 6.25 -27.6
    endloop
  endfacet
  facet normal 0 1 -0
    outer loop
      vertex -69.0096 6.25 -27.796
      vertex -69.4077 6.25 -27.7568
      vertex -69 6.25 -27.6
    endloop
  endfacet
  facet normal 0 1 0
    outer loop
      vertex -69.0096 6.25 -27.796
      vertex -69.4307 6.25 -27.9121
      vertex -69.4077 6.25 -27.7568
    endloop
  endfacet
  facet normal 0 1 -0
    outer loop
      vertex -69.0384 6.25 -27.9902
      vertex -69.4307 6.25 -27.9121
      vertex -69.0096 6.25 -27.796
    endloop
  endfacet
  facet normal 0 1 0
    outer loop
      vertex -69.0384 6.25 -27.9902
      vertex -69.4689 6.25 -28.0645
      vertex -69.4307 6.25 -27.9121
    endloop
  endfacet
  facet normal 0 1 -0
    outer loop
      vertex -69.0861 6.25 -28.1806
      vertex -69.4689 6.25 -28.0645
      vertex -69.0384 6.25 -27.9902
    endloop
  endfacet
  facet normal 0 1 0
    outer loop
      vertex -69.0861 6.25 -28.1806
      vertex -69.5218 6.25 -28.2123
      vertex -69.4689 6.25 -28.0645
    endloop
  endfacet
  facet normal 0 1 -0
    outer loop
      vertex -69.1522 6.25 -28.3654
      vertex -69.5218 6.25 -28.2123
      vertex -69.0861 6.25 -28.1806
    endloop
  endfacet
  facet normal 0 1 0
    outer loop
      vertex -69.5218 6.25 -28.2123
      vertex -69.1522 6.25 -28.3654
      vertex -69.5889 6.25 -28.3542
    endloop
  endfacet
  facet normal 0 1 -0
    outer loop
      vertex -69.2362 6.25 -28.5428
      vertex -69.5889 6.25 -28.3542
      vertex -69.1522 6.25 -28.3654
    endloop
  endfacet
  facet normal 0 1 0
    outer loop
      vertex -69.5889 6.25 -28.3542
      vertex -69.2362 6.25 -28.5428
      vertex -69.6696 6.25 -28.4889
    endloop
  endfacet
  facet normal 0 1 -0
    outer loop
      vertex -69.3371 6.25 -28.7111
      vertex -69.6696 6.25 -28.4889
      vertex -69.2362 6.25 -28.5428
    endloop
  endfacet
  facet normal 0 1 0
    outer loop
      vertex -69.6696 6.25 -28.4889
      vertex -69.3371 6.25 -28.7111
      vertex -69.7632 6.25 -28.615
    endloop
  endfacet
  facet normal 0 1 -0
    outer loop
      vertex -69.454 6.25 -28.8688
      vertex -69.7632 6.25 -28.615
      vertex -69.3371 6.25 -28.7111
    endloop
  endfacet
  facet normal 0 1 0
    outer loop
      vertex -69.7632 6.25 -28.615
      vertex -69.454 6.25 -28.8688
      vertex -69.8686 6.25 -28.7314
    endloop
  endfacet
  facet normal 0 1 -0
    outer loop
      vertex -69.5858 6.25 -29.0142
      vertex -69.8686 6.25 -28.7314
      vertex -69.454 6.25 -28.8688
    endloop
  endfacet
  facet normal 0 1 0
    outer loop
      vertex -69.8686 6.25 -28.7314
      vertex -69.5858 6.25 -29.0142
      vertex -69.985 6.25 -28.8368
    endloop
  endfacet
  facet normal 0 1 -0
    outer loop
      vertex -69.7312 6.25 -29.146
      vertex -69.985 6.25 -28.8368
      vertex -69.5858 6.25 -29.0142
    endloop
  endfacet
  facet normal 0 1 0
    outer loop
      vertex -69.985 6.25 -28.8368
      vertex -69.7312 6.25 -29.146
      vertex -70.1111 6.25 -28.9304
    endloop
  endfacet
  facet normal 0 1 -0
    outer loop
      vertex -69.8889 6.25 -29.2629
      vertex -70.1111 6.25 -28.9304
      vertex -69.7312 6.25 -29.146
    endloop
  endfacet
  facet normal 0 1 0
    outer loop
      vertex -70.1111 6.25 -28.9304
      vertex -69.8889 6.25 -29.2629
      vertex -70.2458 6.25 -29.0111
    endloop
  endfacet
  facet normal 0 1 -0
    outer loop
      vertex -70.0572 6.25 -29.3638
      vertex -70.2458 6.25 -29.0111
      vertex -69.8889 6.25 -29.2629
    endloop
  endfacet
  facet normal 0 1 0
    outer loop
      vertex -70.2458 6.25 -29.0111
      vertex -70.0572 6.25 -29.3638
      vertex -70.3877 6.25 -29.0782
    endloop
  endfacet
  facet normal 0 1 -0
    outer loop
      vertex -70.2346 6.25 -29.4478
      vertex -70.3877 6.25 -29.0782
      vertex -70.0572 6.25 -29.3638
    endloop
  endfacet
  facet normal 0 1 0
    outer loop
      vertex -70.3877 6.25 -29.0782
      vertex -70.2346 6.25 -29.4478
      vertex -70.5355 6.25 -29.1311
    endloop
  endfacet
  facet normal 0 1 -0
    outer loop
      vertex -70.4194 6.25 -29.5139
      vertex -70.5355 6.25 -29.1311
      vertex -70.2346 6.25 -29.4478
    endloop
  endfacet
  facet normal 0 1 0
    outer loop
      vertex -71.5806 6.25 -25.6861
      vertex -71.4645 6.25 -26.0689
      vertex -71.7654 6.25 -25.7522
    endloop
  endfacet
  facet normal 0 1 -0
    outer loop
      vertex -71.6123 6.25 -26.1218
      vertex -71.7654 6.25 -25.7522
      vertex -71.4645 6.25 -26.0689
    endloop
  endfacet
  facet normal 0 1 0
    outer loop
      vertex -71.7654 6.25 -25.7522
      vertex -71.6123 6.25 -26.1218
      vertex -71.9428 6.25 -25.8362
    endloop
  endfacet
  facet normal 0 1 -0
    outer loop
      vertex -71.7542 6.25 -26.1889
      vertex -71.9428 6.25 -25.8362
      vertex -71.6123 6.25 -26.1218
    endloop
  endfacet
  facet normal 0 1 0
    outer loop
      vertex -71.9428 6.25 -25.8362
      vertex -71.7542 6.25 -26.1889
      vertex -72.1111 6.25 -25.9371
    endloop
  endfacet
  facet normal 0 1 -0
    outer loop
      vertex -71.8889 6.25 -26.2696
      vertex -72.1111 6.25 -25.9371
      vertex -71.7542 6.25 -26.1889
    endloop
  endfacet
  facet normal 0 1 0
    outer loop
      vertex -72.1111 6.25 -25.9371
      vertex -71.8889 6.25 -26.2696
      vertex -72.2688 6.25 -26.054
    endloop
  endfacet
  facet normal 0 1 -0
    outer loop
      vertex -72.015 6.25 -26.3632
      vertex -72.2688 6.25 -26.054
      vertex -71.8889 6.25 -26.2696
    endloop
  endfacet
  facet normal 0 1 0
    outer loop
      vertex -72.2688 6.25 -26.054
      vertex -72.015 6.25 -26.3632
      vertex -72.4142 6.25 -26.1858
    endloop
  endfacet
  facet normal 0 1 -0
    outer loop
      vertex -72.1314 6.25 -26.4686
      vertex -72.4142 6.25 -26.1858
      vertex -72.015 6.25 -26.3632
    endloop
  endfacet
  facet normal 0 1 0
    outer loop
      vertex -72.4142 6.25 -26.1858
      vertex -72.1314 6.25 -26.4686
      vertex -72.546 6.25 -26.3312
    endloop
  endfacet
  facet normal 0 1 -0
    outer loop
      vertex -72.2368 6.25 -26.585
      vertex -72.546 6.25 -26.3312
      vertex -72.1314 6.25 -26.4686
    endloop
  endfacet
  facet normal 0 1 0
    outer loop
      vertex -72.546 6.25 -26.3312
      vertex -72.2368 6.25 -26.585
      vertex -72.6629 6.25 -26.4889
    endloop
  endfacet
  facet normal 0 1 -0
    outer loop
      vertex -72.3304 6.25 -26.7111
      vertex -72.6629 6.25 -26.4889
      vertex -72.2368 6.25 -26.585
    endloop
  endfacet
  facet normal 0 1 0
    outer loop
      vertex -72.6629 6.25 -26.4889
      vertex -72.3304 6.25 -26.7111
      vertex -72.7638 6.25 -26.6572
    endloop
  endfacet
  facet normal 0 1 -0
    outer loop
      vertex -72.4111 6.25 -26.8458
      vertex -72.7638 6.25 -26.6572
      vertex -72.3304 6.25 -26.7111
    endloop
  endfacet
  facet normal 0 1 0
    outer loop
      vertex -72.7638 6.25 -26.6572
      vertex -72.4111 6.25 -26.8458
      vertex -72.8478 6.25 -26.8346
    endloop
  endfacet
  facet normal 0 1 -0
    outer loop
      vertex -72.4782 6.25 -26.9877
      vertex -72.8478 6.25 -26.8346
      vertex -72.4111 6.25 -26.8458
    endloop
  endfacet
  facet normal 0 1 0
    outer loop
      vertex -72.4782 6.25 -26.9877
      vertex -72.9139 6.25 -27.0194
      vertex -72.8478 6.25 -26.8346
    endloop
  endfacet
  facet normal 0 1 -0
    outer loop
      vertex -72.5311 6.25 -27.1355
      vertex -72.9139 6.25 -27.0194
      vertex -72.4782 6.25 -26.9877
    endloop
  endfacet
  facet normal 0 1 0
    outer loop
      vertex -72.5311 6.25 -27.1355
      vertex -72.9616 6.25 -27.2098
      vertex -72.9139 6.25 -27.0194
    endloop
  endfacet
  facet normal 0 1 -0
    outer loop
      vertex -72.5693 6.25 -27.2879
      vertex -72.9616 6.25 -27.2098
      vertex -72.5311 6.25 -27.1355
    endloop
  endfacet
  facet normal 0 1 0
    outer loop
      vertex -72.5693 6.25 -27.2879
      vertex -72.9904 6.25 -27.404
      vertex -72.9616 6.25 -27.2098
    endloop
  endfacet
  facet normal 0 1 -0
    outer loop
      vertex -72.5923 6.25 -27.4432
      vertex -72.9904 6.25 -27.404
      vertex -72.5693 6.25 -27.2879
    endloop
  endfacet
  facet normal 0 1 -0
    outer loop
      vertex -72.6 6.25 -27.6
      vertex -72.9904 6.25 -27.404
      vertex -72.5923 6.25 -27.4432
    endloop
  endfacet
  facet normal 0 1 0
    outer loop
      vertex -72.6 6.25 -27.6
      vertex -73 6.25 -27.6
      vertex -72.9904 6.25 -27.404
    endloop
  endfacet
  facet normal 0 1 0
    outer loop
      vertex -72.5923 6.25 -27.7568
      vertex -73 6.25 -27.6
      vertex -72.6 6.25 -27.6
    endloop
  endfacet
  facet normal 0 1 0
    outer loop
      vertex -72.5923 6.25 -27.7568
      vertex -72.9904 6.25 -27.796
      vertex -73 6.25 -27.6
    endloop
  endfacet
  facet normal 0 1 0
    outer loop
      vertex -72.5693 6.25 -27.9121
      vertex -72.9904 6.25 -27.796
      vertex -72.5923 6.25 -27.7568
    endloop
  endfacet
  facet normal 0 1 0
    outer loop
      vertex -72.5693 6.25 -27.9121
      vertex -72.9616 6.25 -27.9902
      vertex -72.9904 6.25 -27.796
    endloop
  endfacet
  facet normal 0 1 0
    outer loop
      vertex -72.5311 6.25 -28.0645
      vertex -72.9616 6.25 -27.9902
      vertex -72.5693 6.25 -27.9121
    endloop
  endfacet
  facet normal 0 1 0
    outer loop
      vertex -72.5311 6.25 -28.0645
      vertex -72.9139 6.25 -28.1806
      vertex -72.9616 6.25 -27.9902
    endloop
  endfacet
  facet normal 0 1 0
    outer loop
      vertex -72.4782 6.25 -28.2123
      vertex -72.9139 6.25 -28.1806
      vertex -72.5311 6.25 -28.0645
    endloop
  endfacet
  facet normal 0 1 0
    outer loop
      vertex -72.8478 6.25 -28.3654
      vertex -72.4782 6.25 -28.2123
      vertex -72.4111 6.25 -28.3542
    endloop
  endfacet
  facet normal 0 1 0
    outer loop
      vertex -72.4782 6.25 -28.2123
      vertex -72.8478 6.25 -28.3654
      vertex -72.9139 6.25 -28.1806
    endloop
  endfacet
  facet normal 0 1 0
    outer loop
      vertex -72.7638 6.25 -28.5428
      vertex -72.4111 6.25 -28.3542
      vertex -72.3304 6.25 -28.4889
    endloop
  endfacet
  facet normal 0 1 0
    outer loop
      vertex -72.4111 6.25 -28.3542
      vertex -72.7638 6.25 -28.5428
      vertex -72.8478 6.25 -28.3654
    endloop
  endfacet
  facet normal 0 1 0
    outer loop
      vertex -72.6629 6.25 -28.7111
      vertex -72.3304 6.25 -28.4889
      vertex -72.2368 6.25 -28.615
    endloop
  endfacet
  facet normal 0 1 0
    outer loop
      vertex -72.3304 6.25 -28.4889
      vertex -72.6629 6.25 -28.7111
      vertex -72.7638 6.25 -28.5428
    endloop
  endfacet
  facet normal 0 1 0
    outer loop
      vertex -72.546 6.25 -28.8688
      vertex -72.2368 6.25 -28.615
      vertex -72.1314 6.25 -28.7314
    endloop
  endfacet
  facet normal 0 1 0
    outer loop
      vertex -72.4142 6.25 -29.0142
      vertex -72.1314 6.25 -28.7314
      vertex -72.015 6.25 -28.8368
    endloop
  endfacet
  facet normal 0 1 0
    outer loop
      vertex -72.2368 6.25 -28.615
      vertex -72.546 6.25 -28.8688
      vertex -72.6629 6.25 -28.7111
    endloop
  endfacet
  facet normal 0 1 0
    outer loop
      vertex -72.2688 6.25 -29.146
      vertex -72.015 6.25 -28.8368
      vertex -71.8889 6.25 -28.9304
    endloop
  endfacet
  facet normal 0 1 0
    outer loop
      vertex -72.1111 6.25 -29.2629
      vertex -71.8889 6.25 -28.9304
      vertex -71.7542 6.25 -29.0111
    endloop
  endfacet
  facet normal 0 1 0
    outer loop
      vertex -72.1314 6.25 -28.7314
      vertex -72.4142 6.25 -29.0142
      vertex -72.546 6.25 -28.8688
    endloop
  endfacet
  facet normal 0 1 0
    outer loop
      vertex -71.9428 6.25 -29.3638
      vertex -71.7542 6.25 -29.0111
      vertex -71.6123 6.25 -29.0782
    endloop
  endfacet
  facet normal 0 1 0
    outer loop
      vertex -71.7654 6.25 -29.4478
      vertex -71.6123 6.25 -29.0782
      vertex -71.4645 6.25 -29.1311
    endloop
  endfacet
  facet normal 0 1 0
    outer loop
      vertex -72.015 6.25 -28.8368
      vertex -72.2688 6.25 -29.146
      vertex -72.4142 6.25 -29.0142
    endloop
  endfacet
  facet normal 0 1 0
    outer loop
      vertex -71.5806 6.25 -29.5139
      vertex -71.4645 6.25 -29.1311
      vertex -71.3121 6.25 -29.1693
    endloop
  endfacet
  facet normal 0 1 0
    outer loop
      vertex -71.3902 6.25 -29.5616
      vertex -71.3121 6.25 -29.1693
      vertex -71.1568 6.25 -29.1923
    endloop
  endfacet
  facet normal 0 1 0
    outer loop
      vertex -71.196 6.25 -29.5904
      vertex -71.1568 6.25 -29.1923
      vertex -71 6.25 -29.2
    endloop
  endfacet
  facet normal 0 1 0
    outer loop
      vertex -70.5355 6.25 -29.1311
      vertex -70.4194 6.25 -29.5139
      vertex -70.6879 6.25 -29.1693
    endloop
  endfacet
  facet normal 0 1 0
    outer loop
      vertex -71.8889 6.25 -28.9304
      vertex -72.1111 6.25 -29.2629
      vertex -72.2688 6.25 -29.146
    endloop
  endfacet
  facet normal 0 1 -0
    outer loop
      vertex -70.6098 6.25 -29.5616
      vertex -70.6879 6.25 -29.1693
      vertex -70.4194 6.25 -29.5139
    endloop
  endfacet
  facet normal 0 1 0
    outer loop
      vertex -71.7542 6.25 -29.0111
      vertex -71.9428 6.25 -29.3638
      vertex -72.1111 6.25 -29.2629
    endloop
  endfacet
  facet normal 0 1 0
    outer loop
      vertex -70.6879 6.25 -29.1693
      vertex -70.6098 6.25 -29.5616
      vertex -70.8432 6.25 -29.1923
    endloop
  endfacet
  facet normal 0 1 0
    outer loop
      vertex -71.6123 6.25 -29.0782
      vertex -71.7654 6.25 -29.4478
      vertex -71.9428 6.25 -29.3638
    endloop
  endfacet
  facet normal 0 1 -0
    outer loop
      vertex -70.804 6.25 -29.5904
      vertex -70.8432 6.25 -29.1923
      vertex -70.6098 6.25 -29.5616
    endloop
  endfacet
  facet normal 0 1 0
    outer loop
      vertex -71.4645 6.25 -29.1311
      vertex -71.5806 6.25 -29.5139
      vertex -71.7654 6.25 -29.4478
    endloop
  endfacet
  facet normal 0 1 0
    outer loop
      vertex -70.8432 6.25 -29.1923
      vertex -70.804 6.25 -29.5904
      vertex -71 6.25 -29.2
    endloop
  endfacet
  facet normal 0 1 0
    outer loop
      vertex -71.3121 6.25 -29.1693
      vertex -71.3902 6.25 -29.5616
      vertex -71.5806 6.25 -29.5139
    endloop
  endfacet
  facet normal 0 1 0
    outer loop
      vertex -71 6.25 -29.6
      vertex -71 6.25 -29.2
      vertex -70.804 6.25 -29.5904
    endloop
  endfacet
  facet normal 0 1 0
    outer loop
      vertex -71.1568 6.25 -29.1923
      vertex -71.196 6.25 -29.5904
      vertex -71.3902 6.25 -29.5616
    endloop
  endfacet
  facet normal 0 1 0
    outer loop
      vertex -71 6.25 -29.2
      vertex -71 6.25 -29.6
      vertex -71.196 6.25 -29.5904
    endloop
  endfacet
  facet normal -0.336788 0 0.94158
    outer loop
      vertex -70.4194 11.25 -29.5139
      vertex -70.2346 6.25 -29.4478
      vertex -70.2346 11.25 -29.4478
    endloop
  endfacet
  facet normal -0.336788 0 0.94158
    outer loop
      vertex -70.2346 6.25 -29.4478
      vertex -70.4194 11.25 -29.5139
      vertex -70.4194 6.25 -29.5139
    endloop
  endfacet
  facet normal 0.146696 0 -0.989182
    outer loop
      vertex -71.3902 6.25 -25.6384
      vertex -71.196 11.25 -25.6096
      vertex -71.196 6.25 -25.6096
    endloop
  endfacet
  facet normal 0.146696 0 -0.989182
    outer loop
      vertex -71.196 11.25 -25.6096
      vertex -71.3902 6.25 -25.6384
      vertex -71.3902 11.25 -25.6384
    endloop
  endfacet
  facet normal 0.740908 0 -0.671607
    outer loop
      vertex -72.4142 6.25 -26.1858
      vertex -72.546 11.25 -26.3312
      vertex -72.4142 11.25 -26.1858
    endloop
  endfacet
  facet normal 0.740908 0 -0.671607
    outer loop
      vertex -72.546 11.25 -26.3312
      vertex -72.4142 6.25 -26.1858
      vertex -72.546 6.25 -26.3312
    endloop
  endfacet
  facet normal 0.336788 0 0.94158
    outer loop
      vertex -71.7654 11.25 -29.4478
      vertex -71.5806 6.25 -29.5139
      vertex -71.5806 11.25 -29.5139
    endloop
  endfacet
  facet normal 0.336788 0 0.94158
    outer loop
      vertex -71.5806 6.25 -29.5139
      vertex -71.7654 11.25 -29.4478
      vertex -71.7654 6.25 -29.4478
    endloop
  endfacet
  facet normal -0.0489209 0 -0.998803
    outer loop
      vertex -71 6.25 -25.6
      vertex -70.804 11.25 -25.6096
      vertex -70.804 6.25 -25.6096
    endloop
  endfacet
  facet normal -0.0489209 0 -0.998803
    outer loop
      vertex -70.804 11.25 -25.6096
      vertex -71 6.25 -25.6
      vertex -71 11.25 -25.6
    endloop
  endfacet
  facet normal -0.94158 0 0.336788
    outer loop
      vertex -69.1522 6.25 -28.3654
      vertex -69.0861 11.25 -28.1806
      vertex -69.1522 11.25 -28.3654
    endloop
  endfacet
  facet normal -0.94158 0 0.336788
    outer loop
      vertex -69.0861 11.25 -28.1806
      vertex -69.1522 6.25 -28.3654
      vertex -69.0861 6.25 -28.1806
    endloop
  endfacet
  facet normal -0.9038 0 0.427955
    outer loop
      vertex -69.2362 6.25 -28.5428
      vertex -69.1522 11.25 -28.3654
      vertex -69.2362 11.25 -28.5428
    endloop
  endfacet
  facet normal -0.9038 0 0.427955
    outer loop
      vertex -69.1522 11.25 -28.3654
      vertex -69.2362 6.25 -28.5428
      vertex -69.1522 6.25 -28.3654
    endloop
  endfacet
  facet normal -0.514196 0 0.857673
    outer loop
      vertex -70.0572 11.25 -29.3638
      vertex -69.8889 6.25 -29.2629
      vertex -69.8889 11.25 -29.2629
    endloop
  endfacet
  facet normal -0.514196 0 0.857673
    outer loop
      vertex -69.8889 6.25 -29.2629
      vertex -70.0572 11.25 -29.3638
      vertex -70.0572 6.25 -29.3638
    endloop
  endfacet
  facet normal 0.80335 -0 0.595508
    outer loop
      vertex -72.6629 6.25 -28.7111
      vertex -72.546 11.25 -28.8688
      vertex -72.6629 11.25 -28.7111
    endloop
  endfacet
  facet normal 0.80335 0 0.595508
    outer loop
      vertex -72.546 11.25 -28.8688
      vertex -72.6629 6.25 -28.7111
      vertex -72.546 6.25 -28.8688
    endloop
  endfacet
  facet normal 0.427955 0 0.9038
    outer loop
      vertex -71.9428 11.25 -29.3638
      vertex -71.7654 6.25 -29.4478
      vertex -71.7654 11.25 -29.4478
    endloop
  endfacet
  facet normal 0.427955 0 0.9038
    outer loop
      vertex -71.7654 6.25 -29.4478
      vertex -71.9428 11.25 -29.3638
      vertex -71.9428 6.25 -29.3638
    endloop
  endfacet
  facet normal -0.595508 0 0.80335
    outer loop
      vertex -69.8889 11.25 -29.2629
      vertex -69.7312 6.25 -29.146
      vertex -69.7312 11.25 -29.146
    endloop
  endfacet
  facet normal -0.595508 0 0.80335
    outer loop
      vertex -69.7312 6.25 -29.146
      vertex -69.8889 11.25 -29.2629
      vertex -69.8889 6.25 -29.2629
    endloop
  endfacet
  facet normal 0.9038 -0 0.427955
    outer loop
      vertex -72.8478 6.25 -28.3654
      vertex -72.7638 11.25 -28.5428
      vertex -72.8478 11.25 -28.3654
    endloop
  endfacet
  facet normal 0.9038 0 0.427955
    outer loop
      vertex -72.7638 11.25 -28.5428
      vertex -72.8478 6.25 -28.3654
      vertex -72.7638 6.25 -28.5428
    endloop
  endfacet
  facet normal 0.989182 0 -0.146696
    outer loop
      vertex -72.9616 6.25 -27.2098
      vertex -72.9904 11.25 -27.404
      vertex -72.9616 11.25 -27.2098
    endloop
  endfacet
  facet normal 0.989182 0 -0.146696
    outer loop
      vertex -72.9904 11.25 -27.404
      vertex -72.9616 6.25 -27.2098
      vertex -72.9904 6.25 -27.404
    endloop
  endfacet
  facet normal 0.989182 -0 0.146696
    outer loop
      vertex -72.9904 6.25 -27.796
      vertex -72.9616 11.25 -27.9902
      vertex -72.9904 11.25 -27.796
    endloop
  endfacet
  facet normal 0.989182 0 0.146696
    outer loop
      vertex -72.9616 11.25 -27.9902
      vertex -72.9904 6.25 -27.796
      vertex -72.9616 6.25 -27.9902
    endloop
  endfacet
  facet normal 0.595508 0 -0.80335
    outer loop
      vertex -72.2688 6.25 -26.054
      vertex -72.1111 11.25 -25.9371
      vertex -72.1111 6.25 -25.9371
    endloop
  endfacet
  facet normal 0.595508 0 -0.80335
    outer loop
      vertex -72.1111 11.25 -25.9371
      vertex -72.2688 6.25 -26.054
      vertex -72.2688 11.25 -26.054
    endloop
  endfacet
  facet normal -0.243015 0 0.970023
    outer loop
      vertex -70.6098 11.25 -29.5616
      vertex -70.4194 6.25 -29.5139
      vertex -70.4194 11.25 -29.5139
    endloop
  endfacet
  facet normal -0.243015 0 0.970023
    outer loop
      vertex -70.4194 6.25 -29.5139
      vertex -70.6098 11.25 -29.5616
      vertex -70.6098 6.25 -29.5616
    endloop
  endfacet
  facet normal -0.671607 0 0.740908
    outer loop
      vertex -69.7312 11.25 -29.146
      vertex -69.5858 6.25 -29.0142
      vertex -69.5858 11.25 -29.0142
    endloop
  endfacet
  facet normal -0.671607 0 0.740908
    outer loop
      vertex -69.5858 6.25 -29.0142
      vertex -69.7312 11.25 -29.146
      vertex -69.7312 6.25 -29.146
    endloop
  endfacet
  facet normal 0.595508 0 0.80335
    outer loop
      vertex -72.2688 11.25 -29.146
      vertex -72.1111 6.25 -29.2629
      vertex -72.1111 11.25 -29.2629
    endloop
  endfacet
  facet normal 0.595508 0 0.80335
    outer loop
      vertex -72.1111 6.25 -29.2629
      vertex -72.2688 11.25 -29.146
      vertex -72.2688 6.25 -29.146
    endloop
  endfacet
  facet normal 0.9038 0 -0.427955
    outer loop
      vertex -72.7638 6.25 -26.6572
      vertex -72.8478 11.25 -26.8346
      vertex -72.7638 11.25 -26.6572
    endloop
  endfacet
  facet normal 0.9038 0 -0.427955
    outer loop
      vertex -72.8478 11.25 -26.8346
      vertex -72.7638 6.25 -26.6572
      vertex -72.8478 6.25 -26.8346
    endloop
  endfacet
  facet normal 0.80335 0 -0.595508
    outer loop
      vertex -72.546 6.25 -26.3312
      vertex -72.6629 11.25 -26.4889
      vertex -72.546 11.25 -26.3312
    endloop
  endfacet
  facet normal 0.80335 0 -0.595508
    outer loop
      vertex -72.6629 11.25 -26.4889
      vertex -72.546 6.25 -26.3312
      vertex -72.6629 6.25 -26.4889
    endloop
  endfacet
  facet normal 0.998803 -0 0.0489209
    outer loop
      vertex -73 6.25 -27.6
      vertex -72.9904 11.25 -27.796
      vertex -73 11.25 -27.6
    endloop
  endfacet
  facet normal 0.998803 0 0.0489209
    outer loop
      vertex -72.9904 11.25 -27.796
      vertex -73 6.25 -27.6
      vertex -72.9904 6.25 -27.796
    endloop
  endfacet
  facet normal -0.904023 0 -0.427484
    outer loop
      vertex -69.5218 5.25 -26.9877
      vertex -69.5889 6.25 -26.8458
      vertex -69.5218 6.25 -26.9877
    endloop
  endfacet
  facet normal -0.904023 -0 -0.427484
    outer loop
      vertex -69.5889 6.25 -26.8458
      vertex -69.5218 5.25 -26.9877
      vertex -69.5889 5.25 -26.8458
    endloop
  endfacet
  facet normal -0.427484 0 0.904023
    outer loop
      vertex -70.3877 6.25 -29.0782
      vertex -70.2458 5.25 -29.0111
      vertex -70.2458 6.25 -29.0111
    endloop
  endfacet
  facet normal -0.427484 0 0.904023
    outer loop
      vertex -70.2458 5.25 -29.0111
      vertex -70.3877 6.25 -29.0782
      vertex -70.3877 5.25 -29.0782
    endloop
  endfacet
  facet normal -0.596019 0 0.80297
    outer loop
      vertex -70.1111 6.25 -28.9304
      vertex -69.985 5.25 -28.8368
      vertex -69.985 6.25 -28.8368
    endloop
  endfacet
  facet normal -0.596019 0 0.80297
    outer loop
      vertex -69.985 5.25 -28.8368
      vertex -70.1111 6.25 -28.9304
      vertex -70.1111 5.25 -28.9304
    endloop
  endfacet
  facet normal -0.146502 0 0.98921
    outer loop
      vertex -70.8432 6.25 -29.1923
      vertex -70.6879 5.25 -29.1693
      vertex -70.6879 6.25 -29.1693
    endloop
  endfacet
  facet normal -0.146502 0 0.98921
    outer loop
      vertex -70.6879 5.25 -29.1693
      vertex -70.8432 6.25 -29.1923
      vertex -70.8432 5.25 -29.1923
    endloop
  endfacet
  facet normal -0.998796 0 0.049048
    outer loop
      vertex -69.4077 5.25 -27.7568
      vertex -69.4 6.25 -27.6
      vertex -69.4077 6.25 -27.7568
    endloop
  endfacet
  facet normal -0.998796 0 0.049048
    outer loop
      vertex -69.4 6.25 -27.6
      vertex -69.4077 5.25 -27.7568
      vertex -69.4 5.25 -27.6
    endloop
  endfacet
  facet normal -0.596019 0 -0.80297
    outer loop
      vertex -70.1111 5.25 -26.2696
      vertex -69.985 6.25 -26.3632
      vertex -69.985 5.25 -26.3632
    endloop
  endfacet
  facet normal -0.596019 0 -0.80297
    outer loop
      vertex -69.985 6.25 -26.3632
      vertex -70.1111 5.25 -26.2696
      vertex -70.1111 6.25 -26.2696
    endloop
  endfacet
  facet normal 0.513934 0 -0.85783
    outer loop
      vertex -71.8889 5.25 -26.2696
      vertex -71.7542 6.25 -26.1889
      vertex -71.7542 5.25 -26.1889
    endloop
  endfacet
  facet normal 0.513934 0 -0.85783
    outer loop
      vertex -71.7542 6.25 -26.1889
      vertex -71.8889 5.25 -26.2696
      vertex -71.8889 6.25 -26.2696
    endloop
  endfacet
  facet normal 0.741264 -0 0.671213
    outer loop
      vertex -72.2368 5.25 -28.615
      vertex -72.1314 6.25 -28.7314
      vertex -72.2368 6.25 -28.615
    endloop
  endfacet
  facet normal 0.741264 0 0.671213
    outer loop
      vertex -72.1314 6.25 -28.7314
      vertex -72.2368 5.25 -28.615
      vertex -72.1314 5.25 -28.7314
    endloop
  endfacet
  facet normal 0.243135 0 0.969993
    outer loop
      vertex -71.4645 6.25 -29.1311
      vertex -71.3121 5.25 -29.1693
      vertex -71.3121 6.25 -29.1693
    endloop
  endfacet
  facet normal 0.243135 0 0.969993
    outer loop
      vertex -71.3121 5.25 -29.1693
      vertex -71.4645 6.25 -29.1311
      vertex -71.4645 5.25 -29.1311
    endloop
  endfacet
  facet normal 0.998796 0 -0.049048
    outer loop
      vertex -72.5923 5.25 -27.4432
      vertex -72.6 6.25 -27.6
      vertex -72.5923 6.25 -27.4432
    endloop
  endfacet
  facet normal 0.998796 0 -0.049048
    outer loop
      vertex -72.6 6.25 -27.6
      vertex -72.5923 5.25 -27.4432
      vertex -72.6 5.25 -27.6
    endloop
  endfacet
  facet normal -0.741264 0 -0.671213
    outer loop
      vertex -69.7632 5.25 -26.585
      vertex -69.8686 6.25 -26.4686
      vertex -69.7632 6.25 -26.585
    endloop
  endfacet
  facet normal -0.741264 -0 -0.671213
    outer loop
      vertex -69.8686 6.25 -26.4686
      vertex -69.7632 5.25 -26.585
      vertex -69.8686 5.25 -26.4686
    endloop
  endfacet
  facet normal -0.98921 0 -0.146502
    outer loop
      vertex -69.4077 5.25 -27.4432
      vertex -69.4307 6.25 -27.2879
      vertex -69.4077 6.25 -27.4432
    endloop
  endfacet
  facet normal -0.98921 -0 -0.146502
    outer loop
      vertex -69.4307 6.25 -27.2879
      vertex -69.4077 5.25 -27.4432
      vertex -69.4307 5.25 -27.2879
    endloop
  endfacet
  facet normal -0.85783 0 -0.513934
    outer loop
      vertex -69.5889 5.25 -26.8458
      vertex -69.6696 6.25 -26.7111
      vertex -69.5889 6.25 -26.8458
    endloop
  endfacet
  facet normal -0.85783 -0 -0.513934
    outer loop
      vertex -69.6696 6.25 -26.7111
      vertex -69.5889 5.25 -26.8458
      vertex -69.6696 5.25 -26.7111
    endloop
  endfacet
  facet normal -0.049048 0 0.998796
    outer loop
      vertex -71 6.25 -29.2
      vertex -70.8432 5.25 -29.1923
      vertex -70.8432 6.25 -29.1923
    endloop
  endfacet
  facet normal -0.049048 0 0.998796
    outer loop
      vertex -70.8432 5.25 -29.1923
      vertex -71 6.25 -29.2
      vertex -71 5.25 -29.2
    endloop
  endfacet
  facet normal 0.671213 0 0.741264
    outer loop
      vertex -72.1314 6.25 -28.7314
      vertex -72.015 5.25 -28.8368
      vertex -72.015 6.25 -28.8368
    endloop
  endfacet
  facet normal 0.671213 0 0.741264
    outer loop
      vertex -72.015 5.25 -28.8368
      vertex -72.1314 6.25 -28.7314
      vertex -72.1314 5.25 -28.7314
    endloop
  endfacet
  facet normal -0.80297 0 -0.596019
    outer loop
      vertex -69.6696 5.25 -26.7111
      vertex -69.7632 6.25 -26.585
      vertex -69.6696 6.25 -26.7111
    endloop
  endfacet
  facet normal -0.80297 -0 -0.596019
    outer loop
      vertex -69.7632 6.25 -26.585
      vertex -69.6696 5.25 -26.7111
      vertex -69.7632 5.25 -26.585
    endloop
  endfacet
  facet normal 0.85783 0 -0.513934
    outer loop
      vertex -72.3304 5.25 -26.7111
      vertex -72.4111 6.25 -26.8458
      vertex -72.3304 6.25 -26.7111
    endloop
  endfacet
  facet normal 0.85783 0 -0.513934
    outer loop
      vertex -72.4111 6.25 -26.8458
      vertex -72.3304 5.25 -26.7111
      vertex -72.4111 5.25 -26.8458
    endloop
  endfacet
  facet normal 0.941511 -0 0.336982
    outer loop
      vertex -72.5311 5.25 -28.0645
      vertex -72.4782 6.25 -28.2123
      vertex -72.5311 6.25 -28.0645
    endloop
  endfacet
  facet normal 0.941511 0 0.336982
    outer loop
      vertex -72.4782 6.25 -28.2123
      vertex -72.5311 5.25 -28.0645
      vertex -72.4782 5.25 -28.2123
    endloop
  endfacet
  facet normal -0.969993 0 -0.243135
    outer loop
      vertex -69.4307 5.25 -27.2879
      vertex -69.4689 6.25 -27.1355
      vertex -69.4307 6.25 -27.2879
    endloop
  endfacet
  facet normal -0.969993 -0 -0.243135
    outer loop
      vertex -69.4689 6.25 -27.1355
      vertex -69.4307 5.25 -27.2879
      vertex -69.4689 5.25 -27.1355
    endloop
  endfacet
  facet normal 0.596019 0 0.80297
    outer loop
      vertex -72.015 6.25 -28.8368
      vertex -71.8889 5.25 -28.9304
      vertex -71.8889 6.25 -28.9304
    endloop
  endfacet
  facet normal 0.596019 0 0.80297
    outer loop
      vertex -71.8889 5.25 -28.9304
      vertex -72.015 6.25 -28.8368
      vertex -72.015 5.25 -28.8368
    endloop
  endfacet
  facet normal -0.146502 0 -0.98921
    outer loop
      vertex -70.8432 5.25 -26.0077
      vertex -70.6879 6.25 -26.0307
      vertex -70.6879 5.25 -26.0307
    endloop
  endfacet
  facet normal -0.146502 0 -0.98921
    outer loop
      vertex -70.6879 6.25 -26.0307
      vertex -70.8432 5.25 -26.0077
      vertex -70.8432 6.25 -26.0077
    endloop
  endfacet
  facet normal 0.671213 0 -0.741264
    outer loop
      vertex -72.1314 5.25 -26.4686
      vertex -72.015 6.25 -26.3632
      vertex -72.015 5.25 -26.3632
    endloop
  endfacet
  facet normal 0.671213 0 -0.741264
    outer loop
      vertex -72.015 6.25 -26.3632
      vertex -72.1314 5.25 -26.4686
      vertex -72.1314 6.25 -26.4686
    endloop
  endfacet
  facet normal -0.998796 0 -0.049048
    outer loop
      vertex -69.4 5.25 -27.6
      vertex -69.4077 6.25 -27.4432
      vertex -69.4 6.25 -27.6
    endloop
  endfacet
  facet normal -0.998796 -0 -0.049048
    outer loop
      vertex -69.4077 6.25 -27.4432
      vertex -69.4 5.25 -27.6
      vertex -69.4077 5.25 -27.4432
    endloop
  endfacet
  facet normal -0.049048 0 -0.998796
    outer loop
      vertex -71 5.25 -26
      vertex -70.8432 6.25 -26.0077
      vertex -70.8432 5.25 -26.0077
    endloop
  endfacet
  facet normal -0.049048 0 -0.998796
    outer loop
      vertex -70.8432 6.25 -26.0077
      vertex -71 5.25 -26
      vertex -71 6.25 -26
    endloop
  endfacet
  facet normal 0.596019 0 -0.80297
    outer loop
      vertex -72.015 5.25 -26.3632
      vertex -71.8889 6.25 -26.2696
      vertex -71.8889 5.25 -26.2696
    endloop
  endfacet
  facet normal 0.596019 0 -0.80297
    outer loop
      vertex -71.8889 6.25 -26.2696
      vertex -72.015 5.25 -26.3632
      vertex -72.015 6.25 -26.3632
    endloop
  endfacet
  facet normal -0.513934 0 -0.85783
    outer loop
      vertex -70.2458 5.25 -26.1889
      vertex -70.1111 6.25 -26.2696
      vertex -70.1111 5.25 -26.2696
    endloop
  endfacet
  facet normal -0.513934 0 -0.85783
    outer loop
      vertex -70.1111 6.25 -26.2696
      vertex -70.2458 5.25 -26.1889
      vertex -70.2458 6.25 -26.1889
    endloop
  endfacet
  facet normal 0.741264 0 -0.671213
    outer loop
      vertex -72.1314 5.25 -26.4686
      vertex -72.2368 6.25 -26.585
      vertex -72.1314 6.25 -26.4686
    endloop
  endfacet
  facet normal 0.741264 0 -0.671213
    outer loop
      vertex -72.2368 6.25 -26.585
      vertex -72.1314 5.25 -26.4686
      vertex -72.2368 5.25 -26.585
    endloop
  endfacet
  facet normal 0.049048 0 0.998796
    outer loop
      vertex -71.1568 6.25 -29.1923
      vertex -71 5.25 -29.2
      vertex -71 6.25 -29.2
    endloop
  endfacet
  facet normal 0.049048 0 0.998796
    outer loop
      vertex -71 5.25 -29.2
      vertex -71.1568 6.25 -29.1923
      vertex -71.1568 5.25 -29.1923
    endloop
  endfacet
  facet normal -0.671213 0 0.741264
    outer loop
      vertex -69.985 6.25 -28.8368
      vertex -69.8686 5.25 -28.7314
      vertex -69.8686 6.25 -28.7314
    endloop
  endfacet
  facet normal -0.671213 0 0.741264
    outer loop
      vertex -69.8686 5.25 -28.7314
      vertex -69.985 6.25 -28.8368
      vertex -69.985 5.25 -28.8368
    endloop
  endfacet
  facet normal -0.969993 0 0.243135
    outer loop
      vertex -69.4689 5.25 -28.0645
      vertex -69.4307 6.25 -27.9121
      vertex -69.4689 6.25 -28.0645
    endloop
  endfacet
  facet normal -0.969993 0 0.243135
    outer loop
      vertex -69.4307 6.25 -27.9121
      vertex -69.4689 5.25 -28.0645
      vertex -69.4307 5.25 -27.9121
    endloop
  endfacet
  facet normal 0.049048 0 -0.998796
    outer loop
      vertex -71.1568 5.25 -26.0077
      vertex -71 6.25 -26
      vertex -71 5.25 -26
    endloop
  endfacet
  facet normal 0.049048 0 -0.998796
    outer loop
      vertex -71 6.25 -26
      vertex -71.1568 5.25 -26.0077
      vertex -71.1568 6.25 -26.0077
    endloop
  endfacet
  facet normal -0.80297 0 0.596019
    outer loop
      vertex -69.7632 5.25 -28.615
      vertex -69.6696 6.25 -28.4889
      vertex -69.7632 6.25 -28.615
    endloop
  endfacet
  facet normal -0.80297 0 0.596019
    outer loop
      vertex -69.6696 6.25 -28.4889
      vertex -69.7632 5.25 -28.615
      vertex -69.6696 5.25 -28.4889
    endloop
  endfacet
  facet normal 0.513934 0 0.85783
    outer loop
      vertex -71.8889 6.25 -28.9304
      vertex -71.7542 5.25 -29.0111
      vertex -71.7542 6.25 -29.0111
    endloop
  endfacet
  facet normal 0.513934 0 0.85783
    outer loop
      vertex -71.7542 5.25 -29.0111
      vertex -71.8889 6.25 -28.9304
      vertex -71.8889 5.25 -28.9304
    endloop
  endfacet
  facet normal 0.336982 0 -0.941511
    outer loop
      vertex -71.6123 5.25 -26.1218
      vertex -71.4645 6.25 -26.0689
      vertex -71.4645 5.25 -26.0689
    endloop
  endfacet
  facet normal 0.336982 0 -0.941511
    outer loop
      vertex -71.4645 6.25 -26.0689
      vertex -71.6123 5.25 -26.1218
      vertex -71.6123 6.25 -26.1218
    endloop
  endfacet
  facet normal 0.98921 -0 0.146502
    outer loop
      vertex -72.5923 5.25 -27.7568
      vertex -72.5693 6.25 -27.9121
      vertex -72.5923 6.25 -27.7568
    endloop
  endfacet
  facet normal 0.98921 0 0.146502
    outer loop
      vertex -72.5693 6.25 -27.9121
      vertex -72.5923 5.25 -27.7568
      vertex -72.5693 5.25 -27.9121
    endloop
  endfacet
  facet normal 0.146502 0 0.98921
    outer loop
      vertex -71.3121 6.25 -29.1693
      vertex -71.1568 5.25 -29.1923
      vertex -71.1568 6.25 -29.1923
    endloop
  endfacet
  facet normal 0.146502 0 0.98921
    outer loop
      vertex -71.1568 5.25 -29.1923
      vertex -71.3121 6.25 -29.1693
      vertex -71.3121 5.25 -29.1693
    endloop
  endfacet
  facet normal 0.427484 0 -0.904023
    outer loop
      vertex -71.7542 5.25 -26.1889
      vertex -71.6123 6.25 -26.1218
      vertex -71.6123 5.25 -26.1218
    endloop
  endfacet
  facet normal 0.427484 0 -0.904023
    outer loop
      vertex -71.6123 6.25 -26.1218
      vertex -71.7542 5.25 -26.1889
      vertex -71.7542 6.25 -26.1889
    endloop
  endfacet
  facet normal 0.904023 0 -0.427484
    outer loop
      vertex -72.4111 5.25 -26.8458
      vertex -72.4782 6.25 -26.9877
      vertex -72.4111 6.25 -26.8458
    endloop
  endfacet
  facet normal 0.904023 0 -0.427484
    outer loop
      vertex -72.4782 6.25 -26.9877
      vertex -72.4111 5.25 -26.8458
      vertex -72.4782 5.25 -26.9877
    endloop
  endfacet
  facet normal -0.336982 0 -0.941511
    outer loop
      vertex -70.5355 5.25 -26.0689
      vertex -70.3877 6.25 -26.1218
      vertex -70.3877 5.25 -26.1218
    endloop
  endfacet
  facet normal -0.336982 0 -0.941511
    outer loop
      vertex -70.3877 6.25 -26.1218
      vertex -70.5355 5.25 -26.0689
      vertex -70.5355 6.25 -26.0689
    endloop
  endfacet
  facet normal 0.904023 -0 0.427484
    outer loop
      vertex -72.4782 5.25 -28.2123
      vertex -72.4111 6.25 -28.3542
      vertex -72.4782 6.25 -28.2123
    endloop
  endfacet
  facet normal 0.904023 0 0.427484
    outer loop
      vertex -72.4111 6.25 -28.3542
      vertex -72.4782 5.25 -28.2123
      vertex -72.4111 5.25 -28.3542
    endloop
  endfacet
  facet normal 0.80297 -0 0.596019
    outer loop
      vertex -72.3304 5.25 -28.4889
      vertex -72.2368 6.25 -28.615
      vertex -72.3304 6.25 -28.4889
    endloop
  endfacet
  facet normal 0.80297 0 0.596019
    outer loop
      vertex -72.2368 6.25 -28.615
      vertex -72.3304 5.25 -28.4889
      vertex -72.2368 5.25 -28.615
    endloop
  endfacet
  facet normal -0.941511 0 -0.336982
    outer loop
      vertex -69.4689 5.25 -27.1355
      vertex -69.5218 6.25 -26.9877
      vertex -69.4689 6.25 -27.1355
    endloop
  endfacet
  facet normal -0.941511 -0 -0.336982
    outer loop
      vertex -69.5218 6.25 -26.9877
      vertex -69.4689 5.25 -27.1355
      vertex -69.5218 5.25 -26.9877
    endloop
  endfacet
  facet normal 0.243135 0 -0.969993
    outer loop
      vertex -71.4645 5.25 -26.0689
      vertex -71.3121 6.25 -26.0307
      vertex -71.3121 5.25 -26.0307
    endloop
  endfacet
  facet normal 0.243135 0 -0.969993
    outer loop
      vertex -71.3121 6.25 -26.0307
      vertex -71.4645 5.25 -26.0689
      vertex -71.4645 6.25 -26.0689
    endloop
  endfacet
  facet normal 0.427484 0 0.904023
    outer loop
      vertex -71.7542 6.25 -29.0111
      vertex -71.6123 5.25 -29.0782
      vertex -71.6123 6.25 -29.0782
    endloop
  endfacet
  facet normal 0.427484 0 0.904023
    outer loop
      vertex -71.6123 5.25 -29.0782
      vertex -71.7542 6.25 -29.0111
      vertex -71.7542 5.25 -29.0111
    endloop
  endfacet
  facet normal -0.671213 0 -0.741264
    outer loop
      vertex -69.985 5.25 -26.3632
      vertex -69.8686 6.25 -26.4686
      vertex -69.8686 5.25 -26.4686
    endloop
  endfacet
  facet normal -0.671213 0 -0.741264
    outer loop
      vertex -69.8686 6.25 -26.4686
      vertex -69.985 5.25 -26.3632
      vertex -69.985 6.25 -26.3632
    endloop
  endfacet
  facet normal -0.741264 0 0.671213
    outer loop
      vertex -69.8686 5.25 -28.7314
      vertex -69.7632 6.25 -28.615
      vertex -69.8686 6.25 -28.7314
    endloop
  endfacet
  facet normal -0.741264 0 0.671213
    outer loop
      vertex -69.7632 6.25 -28.615
      vertex -69.8686 5.25 -28.7314
      vertex -69.7632 5.25 -28.615
    endloop
  endfacet
  facet normal 0.941511 0 -0.336982
    outer loop
      vertex -72.4782 5.25 -26.9877
      vertex -72.5311 6.25 -27.1355
      vertex -72.4782 6.25 -26.9877
    endloop
  endfacet
  facet normal 0.941511 0 -0.336982
    outer loop
      vertex -72.5311 6.25 -27.1355
      vertex -72.4782 5.25 -26.9877
      vertex -72.5311 5.25 -27.1355
    endloop
  endfacet
  facet normal -0.513934 0 0.85783
    outer loop
      vertex -70.2458 6.25 -29.0111
      vertex -70.1111 5.25 -28.9304
      vertex -70.1111 6.25 -28.9304
    endloop
  endfacet
  facet normal -0.513934 0 0.85783
    outer loop
      vertex -70.1111 5.25 -28.9304
      vertex -70.2458 6.25 -29.0111
      vertex -70.2458 5.25 -29.0111
    endloop
  endfacet
  facet normal -0.427484 0 -0.904023
    outer loop
      vertex -70.3877 5.25 -26.1218
      vertex -70.2458 6.25 -26.1889
      vertex -70.2458 5.25 -26.1889
    endloop
  endfacet
  facet normal -0.427484 0 -0.904023
    outer loop
      vertex -70.2458 6.25 -26.1889
      vertex -70.3877 5.25 -26.1218
      vertex -70.3877 6.25 -26.1218
    endloop
  endfacet
  facet normal -0.904023 0 0.427484
    outer loop
      vertex -69.5889 5.25 -28.3542
      vertex -69.5218 6.25 -28.2123
      vertex -69.5889 6.25 -28.3542
    endloop
  endfacet
  facet normal -0.904023 0 0.427484
    outer loop
      vertex -69.5218 6.25 -28.2123
      vertex -69.5889 5.25 -28.3542
      vertex -69.5218 5.25 -28.2123
    endloop
  endfacet
  facet normal 0.146502 0 -0.98921
    outer loop
      vertex -71.3121 5.25 -26.0307
      vertex -71.1568 6.25 -26.0077
      vertex -71.1568 5.25 -26.0077
    endloop
  endfacet
  facet normal 0.146502 0 -0.98921
    outer loop
      vertex -71.1568 6.25 -26.0077
      vertex -71.3121 5.25 -26.0307
      vertex -71.3121 6.25 -26.0307
    endloop
  endfacet
  facet normal -0.98921 0 0.146502
    outer loop
      vertex -69.4307 5.25 -27.9121
      vertex -69.4077 6.25 -27.7568
      vertex -69.4307 6.25 -27.9121
    endloop
  endfacet
  facet normal -0.98921 0 0.146502
    outer loop
      vertex -69.4077 6.25 -27.7568
      vertex -69.4307 5.25 -27.9121
      vertex -69.4077 5.25 -27.7568
    endloop
  endfacet
  facet normal 0.969993 -0 0.243135
    outer loop
      vertex -72.5693 5.25 -27.9121
      vertex -72.5311 6.25 -28.0645
      vertex -72.5693 6.25 -27.9121
    endloop
  endfacet
  facet normal 0.969993 0 0.243135
    outer loop
      vertex -72.5311 6.25 -28.0645
      vertex -72.5693 5.25 -27.9121
      vertex -72.5311 5.25 -28.0645
    endloop
  endfacet
  facet normal 0.998796 -0 0.049048
    outer loop
      vertex -72.6 5.25 -27.6
      vertex -72.5923 6.25 -27.7568
      vertex -72.6 6.25 -27.6
    endloop
  endfacet
  facet normal 0.998796 0 0.049048
    outer loop
      vertex -72.5923 6.25 -27.7568
      vertex -72.6 5.25 -27.6
      vertex -72.5923 5.25 -27.7568
    endloop
  endfacet
  facet normal 0.85783 -0 0.513934
    outer loop
      vertex -72.4111 5.25 -28.3542
      vertex -72.3304 6.25 -28.4889
      vertex -72.4111 6.25 -28.3542
    endloop
  endfacet
  facet normal 0.85783 0 0.513934
    outer loop
      vertex -72.3304 6.25 -28.4889
      vertex -72.4111 5.25 -28.3542
      vertex -72.3304 5.25 -28.4889
    endloop
  endfacet
  facet normal -0.941511 0 0.336982
    outer loop
      vertex -69.5218 5.25 -28.2123
      vertex -69.4689 6.25 -28.0645
      vertex -69.5218 6.25 -28.2123
    endloop
  endfacet
  facet normal -0.941511 0 0.336982
    outer loop
      vertex -69.4689 6.25 -28.0645
      vertex -69.5218 5.25 -28.2123
      vertex -69.4689 5.25 -28.0645
    endloop
  endfacet
  facet normal -0.336982 0 0.941511
    outer loop
      vertex -70.5355 6.25 -29.1311
      vertex -70.3877 5.25 -29.0782
      vertex -70.3877 6.25 -29.0782
    endloop
  endfacet
  facet normal -0.336982 0 0.941511
    outer loop
      vertex -70.3877 5.25 -29.0782
      vertex -70.5355 6.25 -29.1311
      vertex -70.5355 5.25 -29.1311
    endloop
  endfacet
  facet normal -0.243135 0 0.969993
    outer loop
      vertex -70.6879 6.25 -29.1693
      vertex -70.5355 5.25 -29.1311
      vertex -70.5355 6.25 -29.1311
    endloop
  endfacet
  facet normal -0.243135 0 0.969993
    outer loop
      vertex -70.5355 5.25 -29.1311
      vertex -70.6879 6.25 -29.1693
      vertex -70.6879 5.25 -29.1693
    endloop
  endfacet
  facet normal 0.98921 0 -0.146502
    outer loop
      vertex -72.5693 5.25 -27.2879
      vertex -72.5923 6.25 -27.4432
      vertex -72.5693 6.25 -27.2879
    endloop
  endfacet
  facet normal 0.98921 0 -0.146502
    outer loop
      vertex -72.5923 6.25 -27.4432
      vertex -72.5693 5.25 -27.2879
      vertex -72.5923 5.25 -27.4432
    endloop
  endfacet
  facet normal 0.969993 0 -0.243135
    outer loop
      vertex -72.5311 5.25 -27.1355
      vertex -72.5693 6.25 -27.2879
      vertex -72.5311 6.25 -27.1355
    endloop
  endfacet
  facet normal 0.969993 0 -0.243135
    outer loop
      vertex -72.5693 6.25 -27.2879
      vertex -72.5311 5.25 -27.1355
      vertex -72.5693 5.25 -27.2879
    endloop
  endfacet
  facet normal -0.243135 0 -0.969993
    outer loop
      vertex -70.6879 5.25 -26.0307
      vertex -70.5355 6.25 -26.0689
      vertex -70.5355 5.25 -26.0689
    endloop
  endfacet
  facet normal -0.243135 0 -0.969993
    outer loop
      vertex -70.5355 6.25 -26.0689
      vertex -70.6879 5.25 -26.0307
      vertex -70.6879 6.25 -26.0307
    endloop
  endfacet
  facet normal -0.85783 0 0.513934
    outer loop
      vertex -69.6696 5.25 -28.4889
      vertex -69.5889 6.25 -28.3542
      vertex -69.6696 6.25 -28.4889
    endloop
  endfacet
  facet normal -0.85783 0 0.513934
    outer loop
      vertex -69.5889 6.25 -28.3542
      vertex -69.6696 5.25 -28.4889
      vertex -69.5889 5.25 -28.3542
    endloop
  endfacet
  facet normal 0.80297 0 -0.596019
    outer loop
      vertex -72.2368 5.25 -26.585
      vertex -72.3304 6.25 -26.7111
      vertex -72.2368 6.25 -26.585
    endloop
  endfacet
  facet normal 0.80297 0 -0.596019
    outer loop
      vertex -72.3304 6.25 -26.7111
      vertex -72.2368 5.25 -26.585
      vertex -72.3304 5.25 -26.7111
    endloop
  endfacet
  facet normal 0.336982 0 0.941511
    outer loop
      vertex -71.6123 6.25 -29.0782
      vertex -71.4645 5.25 -29.1311
      vertex -71.4645 6.25 -29.1311
    endloop
  endfacet
  facet normal 0.336982 0 0.941511
    outer loop
      vertex -71.4645 5.25 -29.1311
      vertex -71.6123 6.25 -29.0782
      vertex -71.6123 5.25 -29.0782
    endloop
  endfacet
  facet normal 1 0 0
    outer loop
      vertex -63 11.25 11.25
      vertex -63 5.25 -24
      vertex -63 11.25 -33
    endloop
  endfacet
  facet normal 1 0 0
    outer loop
      vertex -63 11.25 11.25
      vertex -63 2.5 -11
      vertex -63 5.25 -24
    endloop
  endfacet
  facet normal 1 0 0
    outer loop
      vertex -63 11.25 11.25
      vertex -63 -2.5 -11
      vertex -63 2.5 -11
    endloop
  endfacet
  facet normal 1 0 0
    outer loop
      vertex -63 -2.5 -11
      vertex -63 -5.25 -24
      vertex -63 -2.5 -19.0056
    endloop
  endfacet
  facet normal 1 -0 0
    outer loop
      vertex -63 -11.25 11.25
      vertex -63 -2.5 -11
      vertex -63 11.25 11.25
    endloop
  endfacet
  facet normal 1 0 0
    outer loop
      vertex -63 -11.25 11.25
      vertex -63 -5.25 -24
      vertex -63 -2.5 -11
    endloop
  endfacet
  facet normal 1 0 0
    outer loop
      vertex -63 -11.25 -33
      vertex -63 -5.25 -24
      vertex -63 -11.25 11.25
    endloop
  endfacet
  facet normal 1 0 0
    outer loop
      vertex -63 -5.25 -24
      vertex -63 -11.25 -33
      vertex -63 -5.25 -33
    endloop
  endfacet
  facet normal 1 0 0
    outer loop
      vertex -63 11.25 -33
      vertex -63 5.25 -24
      vertex -63 5.25 -33
    endloop
  endfacet
  facet normal 1 -0 0
    outer loop
      vertex -63 2.5 -19.0056
      vertex -63 5.25 -24
      vertex -63 2.5 -11
    endloop
  endfacet
  facet normal 1 -0 0
    outer loop
      vertex -63 -2.5 -19.0056
      vertex -63 5.25 -24
      vertex -63 2.5 -19.0056
    endloop
  endfacet
  facet normal 1 0 0
    outer loop
      vertex -63 5.25 -24
      vertex -63 -2.5 -19.0056
      vertex -63 -5.25 -24
    endloop
  endfacet
  facet normal 0 0 1
    outer loop
      vertex -66 11.25 -18.9856
      vertex -66.02 2.5 -18.9856
      vertex -66 2.5 -18.9856
    endloop
  endfacet
  facet normal 0 0 1
    outer loop
      vertex -66.02 2.5 -18.9856
      vertex -79 11.25 -18.9856
      vertex -66.02 -2.5 -18.9856
    endloop
  endfacet
  facet normal -0 0 1
    outer loop
      vertex -79 11.25 -18.9856
      vertex -66.02 2.5 -18.9856
      vertex -66 11.25 -18.9856
    endloop
  endfacet
  facet normal -0 0 1
    outer loop
      vertex -66.02 -2.5 -18.9856
      vertex -66 -11.25 -18.9856
      vertex -66 -2.5 -18.9856
    endloop
  endfacet
  facet normal 0 0 1
    outer loop
      vertex -79 -11.25 -18.9856
      vertex -66.02 -2.5 -18.9856
      vertex -79 11.25 -18.9856
    endloop
  endfacet
  facet normal 0 0 1
    outer loop
      vertex -66.02 -2.5 -18.9856
      vertex -79 -11.25 -18.9856
      vertex -66 -11.25 -18.9856
    endloop
  endfacet
  facet normal 0 0 -1
    outer loop
      vertex -79 5.25 -33
      vertex -63 11.25 -33
      vertex -63 5.25 -33
    endloop
  endfacet
  facet normal -0 0 -1
    outer loop
      vertex -63 11.25 -33
      vertex -79 5.25 -33
      vertex -79 11.25 -33
    endloop
  endfacet
  facet normal 0 0 -1
    outer loop
      vertex -79 -11.25 -33
      vertex -63 -5.25 -33
      vertex -63 -11.25 -33
    endloop
  endfacet
  facet normal -0 0 -1
    outer loop
      vertex -63 -5.25 -33
      vertex -79 -11.25 -33
      vertex -79 -5.25 -33
    endloop
  endfacet
  facet normal -1 0 0
    outer loop
      vertex -79 -5.25 -33
      vertex -79 -11.25 -33
      vertex -79 -5.25 -24
    endloop
  endfacet
  facet normal -1 0 0
    outer loop
      vertex -79 5.25 -24
      vertex -79 11.25 -33
      vertex -79 5.25 -33
    endloop
  endfacet
  facet normal -1 0 0
    outer loop
      vertex -79 11.25 -33
      vertex -79 5.25 -24
      vertex -79 11.25 -18.9856
    endloop
  endfacet
  facet normal -1 0 0
    outer loop
      vertex -79 -5.25 -24
      vertex -79 11.25 -18.9856
      vertex -79 5.25 -24
    endloop
  endfacet
  facet normal -1 0 0
    outer loop
      vertex -79 -5.25 -24
      vertex -79 -11.25 -18.9856
      vertex -79 11.25 -18.9856
    endloop
  endfacet
  facet normal -1 0 0
    outer loop
      vertex -79 -11.25 -18.9856
      vertex -79 -5.25 -24
      vertex -79 -11.25 -33
    endloop
  endfacet
  facet normal 0 1 0
    outer loop
      vertex -63 11.25 11.25
      vertex -66 11.25 -18.9856
      vertex -66 11.25 11.25
    endloop
  endfacet
  facet normal 0 1 0
    outer loop
      vertex -71.196 11.25 -25.6096
      vertex -66 11.25 -18.9856
      vertex -71 11.25 -25.6
    endloop
  endfacet
  facet normal 0 1 0
    outer loop
      vertex -66 11.25 -18.9856
      vertex -70.804 11.25 -25.6096
      vertex -71 11.25 -25.6
    endloop
  endfacet
  facet normal 0 1 0
    outer loop
      vertex -66 11.25 -18.9856
      vertex -70.6098 11.25 -25.6384
      vertex -70.804 11.25 -25.6096
    endloop
  endfacet
  facet normal 0 1 0
    outer loop
      vertex -66 11.25 -18.9856
      vertex -70.4194 11.25 -25.6861
      vertex -70.6098 11.25 -25.6384
    endloop
  endfacet
  facet normal 0 1 0
    outer loop
      vertex -66 11.25 -18.9856
      vertex -70.2346 11.25 -25.7522
      vertex -70.4194 11.25 -25.6861
    endloop
  endfacet
  facet normal 0 1 0
    outer loop
      vertex -66 11.25 -18.9856
      vertex -70.0572 11.25 -25.8362
      vertex -70.2346 11.25 -25.7522
    endloop
  endfacet
  facet normal 0 1 0
    outer loop
      vertex -66 11.25 -18.9856
      vertex -69.8889 11.25 -25.9371
      vertex -70.0572 11.25 -25.8362
    endloop
  endfacet
  facet normal 0 1 0
    outer loop
      vertex -66 11.25 -18.9856
      vertex -69.7312 11.25 -26.054
      vertex -69.8889 11.25 -25.9371
    endloop
  endfacet
  facet normal 0 1 0
    outer loop
      vertex -66 11.25 -18.9856
      vertex -69.5858 11.25 -26.1858
      vertex -69.7312 11.25 -26.054
    endloop
  endfacet
  facet normal 0 1 0
    outer loop
      vertex -66 11.25 -18.9856
      vertex -69.454 11.25 -26.3312
      vertex -69.5858 11.25 -26.1858
    endloop
  endfacet
  facet normal 0 1 0
    outer loop
      vertex -66 11.25 -18.9856
      vertex -69.3371 11.25 -26.4889
      vertex -69.454 11.25 -26.3312
    endloop
  endfacet
  facet normal 0 1 0
    outer loop
      vertex -66 11.25 -18.9856
      vertex -69.2362 11.25 -26.6572
      vertex -69.3371 11.25 -26.4889
    endloop
  endfacet
  facet normal 0 1 0
    outer loop
      vertex -66 11.25 -18.9856
      vertex -69.1522 11.25 -26.8346
      vertex -69.2362 11.25 -26.6572
    endloop
  endfacet
  facet normal 0 1 0
    outer loop
      vertex -66 11.25 -18.9856
      vertex -69.0861 11.25 -27.0194
      vertex -69.1522 11.25 -26.8346
    endloop
  endfacet
  facet normal 0 1 0
    outer loop
      vertex -66 11.25 -18.9856
      vertex -69.0384 11.25 -27.2098
      vertex -69.0861 11.25 -27.0194
    endloop
  endfacet
  facet normal 0 1 0
    outer loop
      vertex -63 11.25 -33
      vertex -69.0384 11.25 -27.2098
      vertex -66 11.25 -18.9856
    endloop
  endfacet
  facet normal 0 1 0
    outer loop
      vertex -69.0384 11.25 -27.2098
      vertex -63 11.25 -33
      vertex -69.0096 11.25 -27.404
    endloop
  endfacet
  facet normal 0 1 0
    outer loop
      vertex -69.0096 11.25 -27.404
      vertex -63 11.25 -33
      vertex -69 11.25 -27.6
    endloop
  endfacet
  facet normal 0 1 0
    outer loop
      vertex -69 11.25 -27.6
      vertex -63 11.25 -33
      vertex -69.0096 11.25 -27.796
    endloop
  endfacet
  facet normal 0 1 0
    outer loop
      vertex -69.0096 11.25 -27.796
      vertex -63 11.25 -33
      vertex -69.0384 11.25 -27.9902
    endloop
  endfacet
  facet normal 0 1 0
    outer loop
      vertex -70.804 11.25 -29.5904
      vertex -63 11.25 -33
      vertex -71 11.25 -29.6
    endloop
  endfacet
  facet normal 0 1 0
    outer loop
      vertex -70.6098 11.25 -29.5616
      vertex -63 11.25 -33
      vertex -70.804 11.25 -29.5904
    endloop
  endfacet
  facet normal 0 1 0
    outer loop
      vertex -70.4194 11.25 -29.5139
      vertex -63 11.25 -33
      vertex -70.6098 11.25 -29.5616
    endloop
  endfacet
  facet normal 0 1 0
    outer loop
      vertex -70.2346 11.25 -29.4478
      vertex -63 11.25 -33
      vertex -70.4194 11.25 -29.5139
    endloop
  endfacet
  facet normal 0 1 0
    outer loop
      vertex -70.0572 11.25 -29.3638
      vertex -63 11.25 -33
      vertex -70.2346 11.25 -29.4478
    endloop
  endfacet
  facet normal 0 1 0
    outer loop
      vertex -69.8889 11.25 -29.2629
      vertex -63 11.25 -33
      vertex -70.0572 11.25 -29.3638
    endloop
  endfacet
  facet normal 0 1 0
    outer loop
      vertex -69.7312 11.25 -29.146
      vertex -63 11.25 -33
      vertex -69.8889 11.25 -29.2629
    endloop
  endfacet
  facet normal 0 1 0
    outer loop
      vertex -69.5858 11.25 -29.0142
      vertex -63 11.25 -33
      vertex -69.7312 11.25 -29.146
    endloop
  endfacet
  facet normal 0 1 0
    outer loop
      vertex -69.454 11.25 -28.8688
      vertex -63 11.25 -33
      vertex -69.5858 11.25 -29.0142
    endloop
  endfacet
  facet normal 0 1 0
    outer loop
      vertex -69.3371 11.25 -28.7111
      vertex -63 11.25 -33
      vertex -69.454 11.25 -28.8688
    endloop
  endfacet
  facet normal 0 1 0
    outer loop
      vertex -69.2362 11.25 -28.5428
      vertex -63 11.25 -33
      vertex -69.3371 11.25 -28.7111
    endloop
  endfacet
  facet normal 0 1 0
    outer loop
      vertex -69.1522 11.25 -28.3654
      vertex -63 11.25 -33
      vertex -69.2362 11.25 -28.5428
    endloop
  endfacet
  facet normal 0 1 0
    outer loop
      vertex -69.0861 11.25 -28.1806
      vertex -63 11.25 -33
      vertex -69.1522 11.25 -28.3654
    endloop
  endfacet
  facet normal 0 1 0
    outer loop
      vertex -69.0384 11.25 -27.9902
      vertex -63 11.25 -33
      vertex -69.0861 11.25 -28.1806
    endloop
  endfacet
  facet normal 0 1 -0
    outer loop
      vertex -63 11.25 -33
      vertex -66 11.25 -18.9856
      vertex -63 11.25 11.25
    endloop
  endfacet
  facet normal 0 1 0
    outer loop
      vertex -71.3902 11.25 -25.6384
      vertex -66 11.25 -18.9856
      vertex -71.196 11.25 -25.6096
    endloop
  endfacet
  facet normal 0 1 0
    outer loop
      vertex -66 11.25 -18.9856
      vertex -71.3902 11.25 -25.6384
      vertex -79 11.25 -18.9856
    endloop
  endfacet
  facet normal 0 1 -0
    outer loop
      vertex -71.5806 11.25 -25.6861
      vertex -79 11.25 -18.9856
      vertex -71.3902 11.25 -25.6384
    endloop
  endfacet
  facet normal 0 1 -0
    outer loop
      vertex -71.7654 11.25 -25.7522
      vertex -79 11.25 -18.9856
      vertex -71.5806 11.25 -25.6861
    endloop
  endfacet
  facet normal 0 1 -0
    outer loop
      vertex -71.9428 11.25 -25.8362
      vertex -79 11.25 -18.9856
      vertex -71.7654 11.25 -25.7522
    endloop
  endfacet
  facet normal 0 1 -0
    outer loop
      vertex -72.1111 11.25 -25.9371
      vertex -79 11.25 -18.9856
      vertex -71.9428 11.25 -25.8362
    endloop
  endfacet
  facet normal 0 1 -0
    outer loop
      vertex -72.2688 11.25 -26.054
      vertex -79 11.25 -18.9856
      vertex -72.1111 11.25 -25.9371
    endloop
  endfacet
  facet normal 0 1 -0
    outer loop
      vertex -72.4142 11.25 -26.1858
      vertex -79 11.25 -18.9856
      vertex -72.2688 11.25 -26.054
    endloop
  endfacet
  facet normal 0 1 -0
    outer loop
      vertex -72.546 11.25 -26.3312
      vertex -79 11.25 -18.9856
      vertex -72.4142 11.25 -26.1858
    endloop
  endfacet
  facet normal 0 1 -0
    outer loop
      vertex -72.6629 11.25 -26.4889
      vertex -79 11.25 -18.9856
      vertex -72.546 11.25 -26.3312
    endloop
  endfacet
  facet normal 0 1 -0
    outer loop
      vertex -72.7638 11.25 -26.6572
      vertex -79 11.25 -18.9856
      vertex -72.6629 11.25 -26.4889
    endloop
  endfacet
  facet normal 0 1 -0
    outer loop
      vertex -72.8478 11.25 -26.8346
      vertex -79 11.25 -18.9856
      vertex -72.7638 11.25 -26.6572
    endloop
  endfacet
  facet normal 0 1 -0
    outer loop
      vertex -72.9139 11.25 -27.0194
      vertex -79 11.25 -18.9856
      vertex -72.8478 11.25 -26.8346
    endloop
  endfacet
  facet normal 0 1 -0
    outer loop
      vertex -72.9616 11.25 -27.2098
      vertex -79 11.25 -18.9856
      vertex -72.9139 11.25 -27.0194
    endloop
  endfacet
  facet normal 0 1 0
    outer loop
      vertex -79 11.25 -33
      vertex -72.9616 11.25 -27.2098
      vertex -72.9904 11.25 -27.404
    endloop
  endfacet
  facet normal 0 1 0
    outer loop
      vertex -79 11.25 -33
      vertex -72.9904 11.25 -27.404
      vertex -73 11.25 -27.6
    endloop
  endfacet
  facet normal 0 1 0
    outer loop
      vertex -79 11.25 -33
      vertex -73 11.25 -27.6
      vertex -72.9904 11.25 -27.796
    endloop
  endfacet
  facet normal 0 1 0
    outer loop
      vertex -79 11.25 -33
      vertex -72.9904 11.25 -27.796
      vertex -72.9616 11.25 -27.9902
    endloop
  endfacet
  facet normal 0 1 0
    outer loop
      vertex -79 11.25 -33
      vertex -72.9616 11.25 -27.9902
      vertex -72.9139 11.25 -28.1806
    endloop
  endfacet
  facet normal 0 1 0
    outer loop
      vertex -79 11.25 -33
      vertex -72.9139 11.25 -28.1806
      vertex -72.8478 11.25 -28.3654
    endloop
  endfacet
  facet normal 0 1 0
    outer loop
      vertex -79 11.25 -33
      vertex -72.8478 11.25 -28.3654
      vertex -72.7638 11.25 -28.5428
    endloop
  endfacet
  facet normal 0 1 0
    outer loop
      vertex -79 11.25 -33
      vertex -72.7638 11.25 -28.5428
      vertex -72.6629 11.25 -28.7111
    endloop
  endfacet
  facet normal 0 1 0
    outer loop
      vertex -79 11.25 -33
      vertex -71 11.25 -29.6
      vertex -63 11.25 -33
    endloop
  endfacet
  facet normal 0 1 0
    outer loop
      vertex -71 11.25 -29.6
      vertex -79 11.25 -33
      vertex -71.196 11.25 -29.5904
    endloop
  endfacet
  facet normal 0 1 0
    outer loop
      vertex -71.196 11.25 -29.5904
      vertex -79 11.25 -33
      vertex -71.3902 11.25 -29.5616
    endloop
  endfacet
  facet normal 0 1 0
    outer loop
      vertex -71.3902 11.25 -29.5616
      vertex -79 11.25 -33
      vertex -71.5806 11.25 -29.5139
    endloop
  endfacet
  facet normal 0 1 0
    outer loop
      vertex -72.9616 11.25 -27.2098
      vertex -79 11.25 -33
      vertex -79 11.25 -18.9856
    endloop
  endfacet
  facet normal 0 1 0
    outer loop
      vertex -72.546 11.25 -28.8688
      vertex -79 11.25 -33
      vertex -72.6629 11.25 -28.7111
    endloop
  endfacet
  facet normal 0 1 0
    outer loop
      vertex -72.4142 11.25 -29.0142
      vertex -79 11.25 -33
      vertex -72.546 11.25 -28.8688
    endloop
  endfacet
  facet normal 0 1 0
    outer loop
      vertex -72.2688 11.25 -29.146
      vertex -79 11.25 -33
      vertex -72.4142 11.25 -29.0142
    endloop
  endfacet
  facet normal 0 1 0
    outer loop
      vertex -72.1111 11.25 -29.2629
      vertex -79 11.25 -33
      vertex -72.2688 11.25 -29.146
    endloop
  endfacet
  facet normal 0 1 0
    outer loop
      vertex -71.9428 11.25 -29.3638
      vertex -79 11.25 -33
      vertex -72.1111 11.25 -29.2629
    endloop
  endfacet
  facet normal 0 1 0
    outer loop
      vertex -71.7654 11.25 -29.4478
      vertex -79 11.25 -33
      vertex -71.9428 11.25 -29.3638
    endloop
  endfacet
  facet normal 0 1 0
    outer loop
      vertex -71.5806 11.25 -29.5139
      vertex -79 11.25 -33
      vertex -71.7654 11.25 -29.4478
    endloop
  endfacet
  facet normal 0 -1 0
    outer loop
      vertex -71.3902 -11.25 -25.6384
      vertex -66 -11.25 -18.9856
      vertex -79 -11.25 -18.9856
    endloop
  endfacet
  facet normal 0 -1 0
    outer loop
      vertex -66 -11.25 -18.9856
      vertex -71.196 -11.25 -25.6096
      vertex -71 -11.25 -25.6
    endloop
  endfacet
  facet normal 0 -1 0
    outer loop
      vertex -66 -11.25 -18.9856
      vertex -71.3902 -11.25 -25.6384
      vertex -71.196 -11.25 -25.6096
    endloop
  endfacet
  facet normal 0 -1 0
    outer loop
      vertex -79 -11.25 -18.9856
      vertex -71.5806 -11.25 -25.6861
      vertex -71.3902 -11.25 -25.6384
    endloop
  endfacet
  facet normal 0 -1 0
    outer loop
      vertex -79 -11.25 -18.9856
      vertex -71.7654 -11.25 -25.7522
      vertex -71.5806 -11.25 -25.6861
    endloop
  endfacet
  facet normal 0 -1 0
    outer loop
      vertex -79 -11.25 -18.9856
      vertex -71.9428 -11.25 -25.8362
      vertex -71.7654 -11.25 -25.7522
    endloop
  endfacet
  facet normal 0 -1 0
    outer loop
      vertex -79 -11.25 -18.9856
      vertex -72.1111 -11.25 -25.9371
      vertex -71.9428 -11.25 -25.8362
    endloop
  endfacet
  facet normal 0 -1 0
    outer loop
      vertex -79 -11.25 -18.9856
      vertex -72.2688 -11.25 -26.054
      vertex -72.1111 -11.25 -25.9371
    endloop
  endfacet
  facet normal 0 -1 0
    outer loop
      vertex -79 -11.25 -18.9856
      vertex -72.4142 -11.25 -26.1858
      vertex -72.2688 -11.25 -26.054
    endloop
  endfacet
  facet normal 0 -1 0
    outer loop
      vertex -79 -11.25 -18.9856
      vertex -72.546 -11.25 -26.3312
      vertex -72.4142 -11.25 -26.1858
    endloop
  endfacet
  facet normal 0 -1 0
    outer loop
      vertex -79 -11.25 -18.9856
      vertex -72.6629 -11.25 -26.4889
      vertex -72.546 -11.25 -26.3312
    endloop
  endfacet
  facet normal 0 -1 0
    outer loop
      vertex -79 -11.25 -18.9856
      vertex -72.7638 -11.25 -26.6572
      vertex -72.6629 -11.25 -26.4889
    endloop
  endfacet
  facet normal 0 -1 0
    outer loop
      vertex -79 -11.25 -18.9856
      vertex -72.8478 -11.25 -26.8346
      vertex -72.7638 -11.25 -26.6572
    endloop
  endfacet
  facet normal 0 -1 0
    outer loop
      vertex -79 -11.25 -18.9856
      vertex -72.9139 -11.25 -27.0194
      vertex -72.8478 -11.25 -26.8346
    endloop
  endfacet
  facet normal 0 -1 0
    outer loop
      vertex -79 -11.25 -18.9856
      vertex -72.9616 -11.25 -27.2098
      vertex -72.9139 -11.25 -27.0194
    endloop
  endfacet
  facet normal 0 -1 0
    outer loop
      vertex -79 -11.25 -33
      vertex -72.9616 -11.25 -27.2098
      vertex -79 -11.25 -18.9856
    endloop
  endfacet
  facet normal 0 -1 0
    outer loop
      vertex -72.9616 -11.25 -27.2098
      vertex -79 -11.25 -33
      vertex -72.9904 -11.25 -27.404
    endloop
  endfacet
  facet normal 0 -1 0
    outer loop
      vertex -72.9904 -11.25 -27.404
      vertex -79 -11.25 -33
      vertex -73 -11.25 -27.6
    endloop
  endfacet
  facet normal 0 -1 -0
    outer loop
      vertex -73 -11.25 -27.6
      vertex -79 -11.25 -33
      vertex -72.9904 -11.25 -27.796
    endloop
  endfacet
  facet normal 0 -1 -0
    outer loop
      vertex -72.9904 -11.25 -27.796
      vertex -79 -11.25 -33
      vertex -72.9616 -11.25 -27.9902
    endloop
  endfacet
  facet normal 0 -1 -0
    outer loop
      vertex -72.9616 -11.25 -27.9902
      vertex -79 -11.25 -33
      vertex -72.9139 -11.25 -28.1806
    endloop
  endfacet
  facet normal 0 -1 -0
    outer loop
      vertex -72.9139 -11.25 -28.1806
      vertex -79 -11.25 -33
      vertex -72.8478 -11.25 -28.3654
    endloop
  endfacet
  facet normal 0 -1 -0
    outer loop
      vertex -72.8478 -11.25 -28.3654
      vertex -79 -11.25 -33
      vertex -72.7638 -11.25 -28.5428
    endloop
  endfacet
  facet normal 0 -1 -0
    outer loop
      vertex -71.196 -11.25 -29.5904
      vertex -79 -11.25 -33
      vertex -71 -11.25 -29.6
    endloop
  endfacet
  facet normal 0 -1 -0
    outer loop
      vertex -71.3902 -11.25 -29.5616
      vertex -79 -11.25 -33
      vertex -71.196 -11.25 -29.5904
    endloop
  endfacet
  facet normal 0 -1 -0
    outer loop
      vertex -71.5806 -11.25 -29.5139
      vertex -79 -11.25 -33
      vertex -71.3902 -11.25 -29.5616
    endloop
  endfacet
  facet normal 0 -1 -0
    outer loop
      vertex -71.7654 -11.25 -29.4478
      vertex -79 -11.25 -33
      vertex -71.5806 -11.25 -29.5139
    endloop
  endfacet
  facet normal 0 -1 -0
    outer loop
      vertex -71.9428 -11.25 -29.3638
      vertex -79 -11.25 -33
      vertex -71.7654 -11.25 -29.4478
    endloop
  endfacet
  facet normal 0 -1 -0
    outer loop
      vertex -72.1111 -11.25 -29.2629
      vertex -79 -11.25 -33
      vertex -71.9428 -11.25 -29.3638
    endloop
  endfacet
  facet normal 0 -1 -0
    outer loop
      vertex -72.2688 -11.25 -29.146
      vertex -79 -11.25 -33
      vertex -72.1111 -11.25 -29.2629
    endloop
  endfacet
  facet normal 0 -1 -0
    outer loop
      vertex -72.4142 -11.25 -29.0142
      vertex -79 -11.25 -33
      vertex -72.2688 -11.25 -29.146
    endloop
  endfacet
  facet normal 0 -1 -0
    outer loop
      vertex -72.546 -11.25 -28.8688
      vertex -79 -11.25 -33
      vertex -72.4142 -11.25 -29.0142
    endloop
  endfacet
  facet normal 0 -1 -0
    outer loop
      vertex -72.6629 -11.25 -28.7111
      vertex -79 -11.25 -33
      vertex -72.546 -11.25 -28.8688
    endloop
  endfacet
  facet normal 0 -1 -0
    outer loop
      vertex -72.7638 -11.25 -28.5428
      vertex -79 -11.25 -33
      vertex -72.6629 -11.25 -28.7111
    endloop
  endfacet
  facet normal 0 -1 0
    outer loop
      vertex -66 -11.25 -18.9856
      vertex -63 -11.25 11.25
      vertex -66 -11.25 11.25
    endloop
  endfacet
  facet normal 0 -1 0
    outer loop
      vertex -70.804 -11.25 -25.6096
      vertex -66 -11.25 -18.9856
      vertex -71 -11.25 -25.6
    endloop
  endfacet
  facet normal 0 -1 0
    outer loop
      vertex -70.6098 -11.25 -25.6384
      vertex -66 -11.25 -18.9856
      vertex -70.804 -11.25 -25.6096
    endloop
  endfacet
  facet normal 0 -1 0
    outer loop
      vertex -70.4194 -11.25 -25.6861
      vertex -66 -11.25 -18.9856
      vertex -70.6098 -11.25 -25.6384
    endloop
  endfacet
  facet normal 0 -1 0
    outer loop
      vertex -70.2346 -11.25 -25.7522
      vertex -66 -11.25 -18.9856
      vertex -70.4194 -11.25 -25.6861
    endloop
  endfacet
  facet normal 0 -1 0
    outer loop
      vertex -70.0572 -11.25 -25.8362
      vertex -66 -11.25 -18.9856
      vertex -70.2346 -11.25 -25.7522
    endloop
  endfacet
  facet normal 0 -1 0
    outer loop
      vertex -69.8889 -11.25 -25.9371
      vertex -66 -11.25 -18.9856
      vertex -70.0572 -11.25 -25.8362
    endloop
  endfacet
  facet normal 0 -1 0
    outer loop
      vertex -69.7312 -11.25 -26.054
      vertex -66 -11.25 -18.9856
      vertex -69.8889 -11.25 -25.9371
    endloop
  endfacet
  facet normal 0 -1 0
    outer loop
      vertex -69.5858 -11.25 -26.1858
      vertex -66 -11.25 -18.9856
      vertex -69.7312 -11.25 -26.054
    endloop
  endfacet
  facet normal 0 -1 0
    outer loop
      vertex -69.454 -11.25 -26.3312
      vertex -66 -11.25 -18.9856
      vertex -69.5858 -11.25 -26.1858
    endloop
  endfacet
  facet normal 0 -1 0
    outer loop
      vertex -69.3371 -11.25 -26.4889
      vertex -66 -11.25 -18.9856
      vertex -69.454 -11.25 -26.3312
    endloop
  endfacet
  facet normal 0 -1 0
    outer loop
      vertex -69.2362 -11.25 -26.6572
      vertex -66 -11.25 -18.9856
      vertex -69.3371 -11.25 -26.4889
    endloop
  endfacet
  facet normal 0 -1 0
    outer loop
      vertex -69.1522 -11.25 -26.8346
      vertex -66 -11.25 -18.9856
      vertex -69.2362 -11.25 -26.6572
    endloop
  endfacet
  facet normal 0 -1 0
    outer loop
      vertex -69.0861 -11.25 -27.0194
      vertex -66 -11.25 -18.9856
      vertex -69.1522 -11.25 -26.8346
    endloop
  endfacet
  facet normal 0 -1 0
    outer loop
      vertex -69.0384 -11.25 -27.2098
      vertex -66 -11.25 -18.9856
      vertex -69.0861 -11.25 -27.0194
    endloop
  endfacet
  facet normal 0 -1 0
    outer loop
      vertex -63 -11.25 -33
      vertex -69.0384 -11.25 -27.2098
      vertex -69.0096 -11.25 -27.404
    endloop
  endfacet
  facet normal 0 -1 0
    outer loop
      vertex -63 -11.25 -33
      vertex -69.0096 -11.25 -27.404
      vertex -69 -11.25 -27.6
    endloop
  endfacet
  facet normal 0 -1 0
    outer loop
      vertex -63 -11.25 -33
      vertex -69 -11.25 -27.6
      vertex -69.0096 -11.25 -27.796
    endloop
  endfacet
  facet normal 0 -1 0
    outer loop
      vertex -63 -11.25 -33
      vertex -69.0096 -11.25 -27.796
      vertex -69.0384 -11.25 -27.9902
    endloop
  endfacet
  facet normal 0 -1 0
    outer loop
      vertex -63 -11.25 -33
      vertex -69.0384 -11.25 -27.9902
      vertex -69.0861 -11.25 -28.1806
    endloop
  endfacet
  facet normal 0 -1 0
    outer loop
      vertex -63 -11.25 -33
      vertex -71 -11.25 -29.6
      vertex -79 -11.25 -33
    endloop
  endfacet
  facet normal 0 -1 0
    outer loop
      vertex -71 -11.25 -29.6
      vertex -63 -11.25 -33
      vertex -70.804 -11.25 -29.5904
    endloop
  endfacet
  facet normal 0 -1 0
    outer loop
      vertex -70.804 -11.25 -29.5904
      vertex -63 -11.25 -33
      vertex -70.6098 -11.25 -29.5616
    endloop
  endfacet
  facet normal 0 -1 0
    outer loop
      vertex -70.6098 -11.25 -29.5616
      vertex -63 -11.25 -33
      vertex -70.4194 -11.25 -29.5139
    endloop
  endfacet
  facet normal 0 -1 0
    outer loop
      vertex -66 -11.25 -18.9856
      vertex -63 -11.25 -33
      vertex -63 -11.25 11.25
    endloop
  endfacet
  facet normal 0 -1 0
    outer loop
      vertex -69.0384 -11.25 -27.2098
      vertex -63 -11.25 -33
      vertex -66 -11.25 -18.9856
    endloop
  endfacet
  facet normal 0 -1 0
    outer loop
      vertex -69.1522 -11.25 -28.3654
      vertex -63 -11.25 -33
      vertex -69.0861 -11.25 -28.1806
    endloop
  endfacet
  facet normal 0 -1 0
    outer loop
      vertex -69.2362 -11.25 -28.5428
      vertex -63 -11.25 -33
      vertex -69.1522 -11.25 -28.3654
    endloop
  endfacet
  facet normal 0 -1 0
    outer loop
      vertex -69.3371 -11.25 -28.7111
      vertex -63 -11.25 -33
      vertex -69.2362 -11.25 -28.5428
    endloop
  endfacet
  facet normal 0 -1 0
    outer loop
      vertex -69.454 -11.25 -28.8688
      vertex -63 -11.25 -33
      vertex -69.3371 -11.25 -28.7111
    endloop
  endfacet
  facet normal 0 -1 0
    outer loop
      vertex -69.5858 -11.25 -29.0142
      vertex -63 -11.25 -33
      vertex -69.454 -11.25 -28.8688
    endloop
  endfacet
  facet normal 0 -1 0
    outer loop
      vertex -69.7312 -11.25 -29.146
      vertex -63 -11.25 -33
      vertex -69.5858 -11.25 -29.0142
    endloop
  endfacet
  facet normal 0 -1 0
    outer loop
      vertex -69.8889 -11.25 -29.2629
      vertex -63 -11.25 -33
      vertex -69.7312 -11.25 -29.146
    endloop
  endfacet
  facet normal 0 -1 0
    outer loop
      vertex -70.0572 -11.25 -29.3638
      vertex -63 -11.25 -33
      vertex -69.8889 -11.25 -29.2629
    endloop
  endfacet
  facet normal 0 -1 0
    outer loop
      vertex -70.2346 -11.25 -29.4478
      vertex -63 -11.25 -33
      vertex -70.0572 -11.25 -29.3638
    endloop
  endfacet
  facet normal 0 -1 0
    outer loop
      vertex -70.4194 -11.25 -29.5139
      vertex -63 -11.25 -33
      vertex -70.2346 -11.25 -29.4478
    endloop
  endfacet
  facet normal 0 0 -1
    outer loop
      vertex -79 -5.25 -24
      vertex -63 5.25 -24
      vertex -63 -5.25 -24
    endloop
  endfacet
  facet normal -0 0 -1
    outer loop
      vertex -63 5.25 -24
      vertex -79 -5.25 -24
      vertex -79 5.25 -24
    endloop
  endfacet
  facet normal 0 -1 0
    outer loop
      vertex -79 5.25 -24
      vertex -71 5.25 -26
      vertex -63 5.25 -24
    endloop
  endfacet
  facet normal 0 -1 0
    outer loop
      vertex -79 5.25 -24
      vertex -71.1568 5.25 -26.0077
      vertex -71 5.25 -26
    endloop
  endfacet
  facet normal 0 -1 0
    outer loop
      vertex -79 5.25 -24
      vertex -71.3121 5.25 -26.0307
      vertex -71.1568 5.25 -26.0077
    endloop
  endfacet
  facet normal 0 -1 0
    outer loop
      vertex -79 5.25 -24
      vertex -71.4645 5.25 -26.0689
      vertex -71.3121 5.25 -26.0307
    endloop
  endfacet
  facet normal 0 -1 0
    outer loop
      vertex -79 5.25 -24
      vertex -71.6123 5.25 -26.1218
      vertex -71.4645 5.25 -26.0689
    endloop
  endfacet
  facet normal 0 -1 0
    outer loop
      vertex -79 5.25 -24
      vertex -71.7542 5.25 -26.1889
      vertex -71.6123 5.25 -26.1218
    endloop
  endfacet
  facet normal 0 -1 0
    outer loop
      vertex -79 5.25 -24
      vertex -71.8889 5.25 -26.2696
      vertex -71.7542 5.25 -26.1889
    endloop
  endfacet
  facet normal 0 -1 0
    outer loop
      vertex -79 5.25 -24
      vertex -72.015 5.25 -26.3632
      vertex -71.8889 5.25 -26.2696
    endloop
  endfacet
  facet normal 0 -1 0
    outer loop
      vertex -79 5.25 -24
      vertex -72.1314 5.25 -26.4686
      vertex -72.015 5.25 -26.3632
    endloop
  endfacet
  facet normal 0 -1 0
    outer loop
      vertex -79 5.25 -24
      vertex -72.2368 5.25 -26.585
      vertex -72.1314 5.25 -26.4686
    endloop
  endfacet
  facet normal 0 -1 0
    outer loop
      vertex -79 5.25 -24
      vertex -72.3304 5.25 -26.7111
      vertex -72.2368 5.25 -26.585
    endloop
  endfacet
  facet normal 0 -1 0
    outer loop
      vertex -79 5.25 -24
      vertex -72.4111 5.25 -26.8458
      vertex -72.3304 5.25 -26.7111
    endloop
  endfacet
  facet normal 0 -1 0
    outer loop
      vertex -79 5.25 -24
      vertex -72.4782 5.25 -26.9877
      vertex -72.4111 5.25 -26.8458
    endloop
  endfacet
  facet normal 0 -1 0
    outer loop
      vertex -79 5.25 -24
      vertex -72.5311 5.25 -27.1355
      vertex -72.4782 5.25 -26.9877
    endloop
  endfacet
  facet normal 0 -1 0
    outer loop
      vertex -79 5.25 -24
      vertex -72.5693 5.25 -27.2879
      vertex -72.5311 5.25 -27.1355
    endloop
  endfacet
  facet normal 0 -1 0
    outer loop
      vertex -79 5.25 -24
      vertex -72.5923 5.25 -27.4432
      vertex -72.5693 5.25 -27.2879
    endloop
  endfacet
  facet normal 0 -1 0
    outer loop
      vertex -79 5.25 -24
      vertex -72.6 5.25 -27.6
      vertex -72.5923 5.25 -27.4432
    endloop
  endfacet
  facet normal 0 -1 0
    outer loop
      vertex -79 5.25 -24
      vertex -72.5923 5.25 -27.7568
      vertex -72.6 5.25 -27.6
    endloop
  endfacet
  facet normal 0 -1 0
    outer loop
      vertex -79 5.25 -24
      vertex -72.5693 5.25 -27.9121
      vertex -72.5923 5.25 -27.7568
    endloop
  endfacet
  facet normal 0 -1 0
    outer loop
      vertex -79 5.25 -33
      vertex -72.5693 5.25 -27.9121
      vertex -79 5.25 -24
    endloop
  endfacet
  facet normal 0 -1 -0
    outer loop
      vertex -72.5693 5.25 -27.9121
      vertex -79 5.25 -33
      vertex -72.5311 5.25 -28.0645
    endloop
  endfacet
  facet normal 0 -1 -0
    outer loop
      vertex -72.5311 5.25 -28.0645
      vertex -79 5.25 -33
      vertex -72.4782 5.25 -28.2123
    endloop
  endfacet
  facet normal 0 -1 -0
    outer loop
      vertex -72.4782 5.25 -28.2123
      vertex -79 5.25 -33
      vertex -72.4111 5.25 -28.3542
    endloop
  endfacet
  facet normal 0 -1 -0
    outer loop
      vertex -72.4111 5.25 -28.3542
      vertex -79 5.25 -33
      vertex -72.3304 5.25 -28.4889
    endloop
  endfacet
  facet normal 0 -1 -0
    outer loop
      vertex -72.3304 5.25 -28.4889
      vertex -79 5.25 -33
      vertex -72.2368 5.25 -28.615
    endloop
  endfacet
  facet normal 0 -1 -0
    outer loop
      vertex -72.2368 5.25 -28.615
      vertex -79 5.25 -33
      vertex -72.1314 5.25 -28.7314
    endloop
  endfacet
  facet normal 0 -1 -0
    outer loop
      vertex -72.1314 5.25 -28.7314
      vertex -79 5.25 -33
      vertex -72.015 5.25 -28.8368
    endloop
  endfacet
  facet normal 0 -1 -0
    outer loop
      vertex -71.1568 5.25 -29.1923
      vertex -79 5.25 -33
      vertex -71 5.25 -29.2
    endloop
  endfacet
  facet normal 0 -1 -0
    outer loop
      vertex -71.3121 5.25 -29.1693
      vertex -79 5.25 -33
      vertex -71.1568 5.25 -29.1923
    endloop
  endfacet
  facet normal 0 -1 -0
    outer loop
      vertex -71.4645 5.25 -29.1311
      vertex -79 5.25 -33
      vertex -71.3121 5.25 -29.1693
    endloop
  endfacet
  facet normal 0 -1 -0
    outer loop
      vertex -71.6123 5.25 -29.0782
      vertex -79 5.25 -33
      vertex -71.4645 5.25 -29.1311
    endloop
  endfacet
  facet normal 0 -1 -0
    outer loop
      vertex -71.7542 5.25 -29.0111
      vertex -79 5.25 -33
      vertex -71.6123 5.25 -29.0782
    endloop
  endfacet
  facet normal 0 -1 -0
    outer loop
      vertex -71.8889 5.25 -28.9304
      vertex -79 5.25 -33
      vertex -71.7542 5.25 -29.0111
    endloop
  endfacet
  facet normal 0 -1 -0
    outer loop
      vertex -72.015 5.25 -28.8368
      vertex -79 5.25 -33
      vertex -71.8889 5.25 -28.9304
    endloop
  endfacet
  facet normal 0 -1 0
    outer loop
      vertex -70.8432 5.25 -26.0077
      vertex -63 5.25 -24
      vertex -71 5.25 -26
    endloop
  endfacet
  facet normal 0 -1 0
    outer loop
      vertex -70.6879 5.25 -26.0307
      vertex -63 5.25 -24
      vertex -70.8432 5.25 -26.0077
    endloop
  endfacet
  facet normal 0 -1 0
    outer loop
      vertex -70.5355 5.25 -26.0689
      vertex -63 5.25 -24
      vertex -70.6879 5.25 -26.0307
    endloop
  endfacet
  facet normal 0 -1 0
    outer loop
      vertex -70.3877 5.25 -26.1218
      vertex -63 5.25 -24
      vertex -70.5355 5.25 -26.0689
    endloop
  endfacet
  facet normal 0 -1 0
    outer loop
      vertex -70.2458 5.25 -26.1889
      vertex -63 5.25 -24
      vertex -70.3877 5.25 -26.1218
    endloop
  endfacet
  facet normal 0 -1 0
    outer loop
      vertex -70.1111 5.25 -26.2696
      vertex -63 5.25 -24
      vertex -70.2458 5.25 -26.1889
    endloop
  endfacet
  facet normal 0 -1 0
    outer loop
      vertex -69.985 5.25 -26.3632
      vertex -63 5.25 -24
      vertex -70.1111 5.25 -26.2696
    endloop
  endfacet
  facet normal 0 -1 0
    outer loop
      vertex -69.8686 5.25 -26.4686
      vertex -63 5.25 -24
      vertex -69.985 5.25 -26.3632
    endloop
  endfacet
  facet normal 0 -1 0
    outer loop
      vertex -69.7632 5.25 -26.585
      vertex -63 5.25 -24
      vertex -69.8686 5.25 -26.4686
    endloop
  endfacet
  facet normal 0 -1 0
    outer loop
      vertex -69.6696 5.25 -26.7111
      vertex -63 5.25 -24
      vertex -69.7632 5.25 -26.585
    endloop
  endfacet
  facet normal 0 -1 0
    outer loop
      vertex -69.5889 5.25 -26.8458
      vertex -63 5.25 -24
      vertex -69.6696 5.25 -26.7111
    endloop
  endfacet
  facet normal 0 -1 0
    outer loop
      vertex -69.5218 5.25 -26.9877
      vertex -63 5.25 -24
      vertex -69.5889 5.25 -26.8458
    endloop
  endfacet
  facet normal 0 -1 0
    outer loop
      vertex -69.4689 5.25 -27.1355
      vertex -63 5.25 -24
      vertex -69.5218 5.25 -26.9877
    endloop
  endfacet
  facet normal 0 -1 0
    outer loop
      vertex -69.4307 5.25 -27.2879
      vertex -63 5.25 -24
      vertex -69.4689 5.25 -27.1355
    endloop
  endfacet
  facet normal 0 -1 0
    outer loop
      vertex -69.4077 5.25 -27.4432
      vertex -63 5.25 -24
      vertex -69.4307 5.25 -27.2879
    endloop
  endfacet
  facet normal 0 -1 0
    outer loop
      vertex -69.4 5.25 -27.6
      vertex -63 5.25 -24
      vertex -69.4077 5.25 -27.4432
    endloop
  endfacet
  facet normal 0 -1 0
    outer loop
      vertex -69.4077 5.25 -27.7568
      vertex -63 5.25 -24
      vertex -69.4 5.25 -27.6
    endloop
  endfacet
  facet normal 0 -1 0
    outer loop
      vertex -69.4307 5.25 -27.9121
      vertex -63 5.25 -24
      vertex -69.4077 5.25 -27.7568
    endloop
  endfacet
  facet normal 0 -1 0
    outer loop
      vertex -63 5.25 -33
      vertex -69.4307 5.25 -27.9121
      vertex -69.4689 5.25 -28.0645
    endloop
  endfacet
  facet normal 0 -1 0
    outer loop
      vertex -63 5.25 -33
      vertex -69.4689 5.25 -28.0645
      vertex -69.5218 5.25 -28.2123
    endloop
  endfacet
  facet normal 0 -1 0
    outer loop
      vertex -63 5.25 -33
      vertex -69.5218 5.25 -28.2123
      vertex -69.5889 5.25 -28.3542
    endloop
  endfacet
  facet normal 0 -1 0
    outer loop
      vertex -63 5.25 -33
      vertex -69.5889 5.25 -28.3542
      vertex -69.6696 5.25 -28.4889
    endloop
  endfacet
  facet normal 0 -1 0
    outer loop
      vertex -63 5.25 -33
      vertex -69.6696 5.25 -28.4889
      vertex -69.7632 5.25 -28.615
    endloop
  endfacet
  facet normal 0 -1 0
    outer loop
      vertex -63 5.25 -33
      vertex -69.7632 5.25 -28.615
      vertex -69.8686 5.25 -28.7314
    endloop
  endfacet
  facet normal 0 -1 0
    outer loop
      vertex -63 5.25 -33
      vertex -69.8686 5.25 -28.7314
      vertex -69.985 5.25 -28.8368
    endloop
  endfacet
  facet normal 0 -1 0
    outer loop
      vertex -63 5.25 -33
      vertex -69.985 5.25 -28.8368
      vertex -70.1111 5.25 -28.9304
    endloop
  endfacet
  facet normal 0 -1 0
    outer loop
      vertex -63 5.25 -33
      vertex -71 5.25 -29.2
      vertex -79 5.25 -33
    endloop
  endfacet
  facet normal 0 -1 0
    outer loop
      vertex -71 5.25 -29.2
      vertex -63 5.25 -33
      vertex -70.8432 5.25 -29.1923
    endloop
  endfacet
  facet normal 0 -1 0
    outer loop
      vertex -70.8432 5.25 -29.1923
      vertex -63 5.25 -33
      vertex -70.6879 5.25 -29.1693
    endloop
  endfacet
  facet normal 0 -1 0
    outer loop
      vertex -70.6879 5.25 -29.1693
      vertex -63 5.25 -33
      vertex -70.5355 5.25 -29.1311
    endloop
  endfacet
  facet normal 0 -1 0
    outer loop
      vertex -69.4307 5.25 -27.9121
      vertex -63 5.25 -33
      vertex -63 5.25 -24
    endloop
  endfacet
  facet normal 0 -1 0
    outer loop
      vertex -70.2458 5.25 -29.0111
      vertex -63 5.25 -33
      vertex -70.1111 5.25 -28.9304
    endloop
  endfacet
  facet normal 0 -1 0
    outer loop
      vertex -70.3877 5.25 -29.0782
      vertex -63 5.25 -33
      vertex -70.2458 5.25 -29.0111
    endloop
  endfacet
  facet normal 0 -1 0
    outer loop
      vertex -70.5355 5.25 -29.1311
      vertex -63 5.25 -33
      vertex -70.3877 5.25 -29.0782
    endloop
  endfacet
  facet normal 0 1 0
    outer loop
      vertex -63 -5.25 -24
      vertex -71 -5.25 -26
      vertex -79 -5.25 -24
    endloop
  endfacet
  facet normal 0 1 0
    outer loop
      vertex -63 -5.25 -24
      vertex -70.8432 -5.25 -26.0077
      vertex -71 -5.25 -26
    endloop
  endfacet
  facet normal 0 1 0
    outer loop
      vertex -63 -5.25 -24
      vertex -70.6879 -5.25 -26.0307
      vertex -70.8432 -5.25 -26.0077
    endloop
  endfacet
  facet normal 0 1 0
    outer loop
      vertex -63 -5.25 -24
      vertex -70.5355 -5.25 -26.0689
      vertex -70.6879 -5.25 -26.0307
    endloop
  endfacet
  facet normal 0 1 0
    outer loop
      vertex -63 -5.25 -24
      vertex -70.3877 -5.25 -26.1218
      vertex -70.5355 -5.25 -26.0689
    endloop
  endfacet
  facet normal 0 1 0
    outer loop
      vertex -63 -5.25 -24
      vertex -70.2458 -5.25 -26.1889
      vertex -70.3877 -5.25 -26.1218
    endloop
  endfacet
  facet normal 0 1 0
    outer loop
      vertex -63 -5.25 -24
      vertex -70.1111 -5.25 -26.2696
      vertex -70.2458 -5.25 -26.1889
    endloop
  endfacet
  facet normal 0 1 0
    outer loop
      vertex -63 -5.25 -24
      vertex -69.985 -5.25 -26.3632
      vertex -70.1111 -5.25 -26.2696
    endloop
  endfacet
  facet normal 0 1 0
    outer loop
      vertex -63 -5.25 -24
      vertex -69.8686 -5.25 -26.4686
      vertex -69.985 -5.25 -26.3632
    endloop
  endfacet
  facet normal 0 1 0
    outer loop
      vertex -63 -5.25 -24
      vertex -69.7632 -5.25 -26.585
      vertex -69.8686 -5.25 -26.4686
    endloop
  endfacet
  facet normal 0 1 0
    outer loop
      vertex -63 -5.25 -24
      vertex -69.6696 -5.25 -26.7111
      vertex -69.7632 -5.25 -26.585
    endloop
  endfacet
  facet normal 0 1 0
    outer loop
      vertex -63 -5.25 -24
      vertex -69.5889 -5.25 -26.8458
      vertex -69.6696 -5.25 -26.7111
    endloop
  endfacet
  facet normal 0 1 0
    outer loop
      vertex -63 -5.25 -24
      vertex -69.5218 -5.25 -26.9877
      vertex -69.5889 -5.25 -26.8458
    endloop
  endfacet
  facet normal 0 1 0
    outer loop
      vertex -63 -5.25 -24
      vertex -69.4689 -5.25 -27.1355
      vertex -69.5218 -5.25 -26.9877
    endloop
  endfacet
  facet normal 0 1 0
    outer loop
      vertex -63 -5.25 -24
      vertex -69.4307 -5.25 -27.2879
      vertex -69.4689 -5.25 -27.1355
    endloop
  endfacet
  facet normal 0 1 0
    outer loop
      vertex -63 -5.25 -24
      vertex -69.4077 -5.25 -27.4432
      vertex -69.4307 -5.25 -27.2879
    endloop
  endfacet
  facet normal 0 1 0
    outer loop
      vertex -63 -5.25 -24
      vertex -69.4 -5.25 -27.6
      vertex -69.4077 -5.25 -27.4432
    endloop
  endfacet
  facet normal 0 1 0
    outer loop
      vertex -63 -5.25 -24
      vertex -69.4077 -5.25 -27.7568
      vertex -69.4 -5.25 -27.6
    endloop
  endfacet
  facet normal 0 1 0
    outer loop
      vertex -63 -5.25 -24
      vertex -69.4307 -5.25 -27.9121
      vertex -69.4077 -5.25 -27.7568
    endloop
  endfacet
  facet normal 0 1 -0
    outer loop
      vertex -63 -5.25 -33
      vertex -69.4307 -5.25 -27.9121
      vertex -63 -5.25 -24
    endloop
  endfacet
  facet normal 0 1 0
    outer loop
      vertex -69.4307 -5.25 -27.9121
      vertex -63 -5.25 -33
      vertex -69.4689 -5.25 -28.0645
    endloop
  endfacet
  facet normal 0 1 0
    outer loop
      vertex -69.4689 -5.25 -28.0645
      vertex -63 -5.25 -33
      vertex -69.5218 -5.25 -28.2123
    endloop
  endfacet
  facet normal 0 1 0
    outer loop
      vertex -69.5218 -5.25 -28.2123
      vertex -63 -5.25 -33
      vertex -69.5889 -5.25 -28.3542
    endloop
  endfacet
  facet normal 0 1 0
    outer loop
      vertex -69.5889 -5.25 -28.3542
      vertex -63 -5.25 -33
      vertex -69.6696 -5.25 -28.4889
    endloop
  endfacet
  facet normal 0 1 0
    outer loop
      vertex -69.6696 -5.25 -28.4889
      vertex -63 -5.25 -33
      vertex -69.7632 -5.25 -28.615
    endloop
  endfacet
  facet normal 0 1 0
    outer loop
      vertex -69.7632 -5.25 -28.615
      vertex -63 -5.25 -33
      vertex -69.8686 -5.25 -28.7314
    endloop
  endfacet
  facet normal 0 1 0
    outer loop
      vertex -69.8686 -5.25 -28.7314
      vertex -63 -5.25 -33
      vertex -69.985 -5.25 -28.8368
    endloop
  endfacet
  facet normal 0 1 0
    outer loop
      vertex -70.8432 -5.25 -29.1923
      vertex -63 -5.25 -33
      vertex -71 -5.25 -29.2
    endloop
  endfacet
  facet normal 0 1 0
    outer loop
      vertex -70.6879 -5.25 -29.1693
      vertex -63 -5.25 -33
      vertex -70.8432 -5.25 -29.1923
    endloop
  endfacet
  facet normal 0 1 0
    outer loop
      vertex -70.5355 -5.25 -29.1311
      vertex -63 -5.25 -33
      vertex -70.6879 -5.25 -29.1693
    endloop
  endfacet
  facet normal 0 1 0
    outer loop
      vertex -70.3877 -5.25 -29.0782
      vertex -63 -5.25 -33
      vertex -70.5355 -5.25 -29.1311
    endloop
  endfacet
  facet normal 0 1 0
    outer loop
      vertex -70.2458 -5.25 -29.0111
      vertex -63 -5.25 -33
      vertex -70.3877 -5.25 -29.0782
    endloop
  endfacet
  facet normal 0 1 0
    outer loop
      vertex -70.1111 -5.25 -28.9304
      vertex -63 -5.25 -33
      vertex -70.2458 -5.25 -29.0111
    endloop
  endfacet
  facet normal 0 1 0
    outer loop
      vertex -69.985 -5.25 -28.8368
      vertex -63 -5.25 -33
      vertex -70.1111 -5.25 -28.9304
    endloop
  endfacet
  facet normal 0 1 -0
    outer loop
      vertex -71.1568 -5.25 -26.0077
      vertex -79 -5.25 -24
      vertex -71 -5.25 -26
    endloop
  endfacet
  facet normal 0 1 -0
    outer loop
      vertex -71.3121 -5.25 -26.0307
      vertex -79 -5.25 -24
      vertex -71.1568 -5.25 -26.0077
    endloop
  endfacet
  facet normal 0 1 -0
    outer loop
      vertex -71.4645 -5.25 -26.0689
      vertex -79 -5.25 -24
      vertex -71.3121 -5.25 -26.0307
    endloop
  endfacet
  facet normal 0 1 -0
    outer loop
      vertex -71.6123 -5.25 -26.1218
      vertex -79 -5.25 -24
      vertex -71.4645 -5.25 -26.0689
    endloop
  endfacet
  facet normal 0 1 -0
    outer loop
      vertex -71.7542 -5.25 -26.1889
      vertex -79 -5.25 -24
      vertex -71.6123 -5.25 -26.1218
    endloop
  endfacet
  facet normal 0 1 -0
    outer loop
      vertex -71.8889 -5.25 -26.2696
      vertex -79 -5.25 -24
      vertex -71.7542 -5.25 -26.1889
    endloop
  endfacet
  facet normal 0 1 -0
    outer loop
      vertex -72.015 -5.25 -26.3632
      vertex -79 -5.25 -24
      vertex -71.8889 -5.25 -26.2696
    endloop
  endfacet
  facet normal 0 1 -0
    outer loop
      vertex -72.1314 -5.25 -26.4686
      vertex -79 -5.25 -24
      vertex -72.015 -5.25 -26.3632
    endloop
  endfacet
  facet normal 0 1 -0
    outer loop
      vertex -72.2368 -5.25 -26.585
      vertex -79 -5.25 -24
      vertex -72.1314 -5.25 -26.4686
    endloop
  endfacet
  facet normal 0 1 -0
    outer loop
      vertex -72.3304 -5.25 -26.7111
      vertex -79 -5.25 -24
      vertex -72.2368 -5.25 -26.585
    endloop
  endfacet
  facet normal 0 1 -0
    outer loop
      vertex -72.4111 -5.25 -26.8458
      vertex -79 -5.25 -24
      vertex -72.3304 -5.25 -26.7111
    endloop
  endfacet
  facet normal 0 1 -0
    outer loop
      vertex -72.4782 -5.25 -26.9877
      vertex -79 -5.25 -24
      vertex -72.4111 -5.25 -26.8458
    endloop
  endfacet
  facet normal 0 1 -0
    outer loop
      vertex -72.5311 -5.25 -27.1355
      vertex -79 -5.25 -24
      vertex -72.4782 -5.25 -26.9877
    endloop
  endfacet
  facet normal 0 1 -0
    outer loop
      vertex -72.5693 -5.25 -27.2879
      vertex -79 -5.25 -24
      vertex -72.5311 -5.25 -27.1355
    endloop
  endfacet
  facet normal 0 1 -0
    outer loop
      vertex -72.5923 -5.25 -27.4432
      vertex -79 -5.25 -24
      vertex -72.5693 -5.25 -27.2879
    endloop
  endfacet
  facet normal 0 1 -0
    outer loop
      vertex -72.6 -5.25 -27.6
      vertex -79 -5.25 -24
      vertex -72.5923 -5.25 -27.4432
    endloop
  endfacet
  facet normal 0 1 0
    outer loop
      vertex -72.5923 -5.25 -27.7568
      vertex -79 -5.25 -24
      vertex -72.6 -5.25 -27.6
    endloop
  endfacet
  facet normal 0 1 0
    outer loop
      vertex -72.5693 -5.25 -27.9121
      vertex -79 -5.25 -24
      vertex -72.5923 -5.25 -27.7568
    endloop
  endfacet
  facet normal 0 1 0
    outer loop
      vertex -79 -5.25 -33
      vertex -72.5693 -5.25 -27.9121
      vertex -72.5311 -5.25 -28.0645
    endloop
  endfacet
  facet normal 0 1 0
    outer loop
      vertex -79 -5.25 -33
      vertex -72.5311 -5.25 -28.0645
      vertex -72.4782 -5.25 -28.2123
    endloop
  endfacet
  facet normal 0 1 0
    outer loop
      vertex -79 -5.25 -33
      vertex -72.4782 -5.25 -28.2123
      vertex -72.4111 -5.25 -28.3542
    endloop
  endfacet
  facet normal 0 1 0
    outer loop
      vertex -79 -5.25 -33
      vertex -72.4111 -5.25 -28.3542
      vertex -72.3304 -5.25 -28.4889
    endloop
  endfacet
  facet normal 0 1 0
    outer loop
      vertex -79 -5.25 -33
      vertex -72.3304 -5.25 -28.4889
      vertex -72.2368 -5.25 -28.615
    endloop
  endfacet
  facet normal 0 1 0
    outer loop
      vertex -79 -5.25 -33
      vertex -72.2368 -5.25 -28.615
      vertex -72.1314 -5.25 -28.7314
    endloop
  endfacet
  facet normal 0 1 0
    outer loop
      vertex -79 -5.25 -33
      vertex -72.1314 -5.25 -28.7314
      vertex -72.015 -5.25 -28.8368
    endloop
  endfacet
  facet normal 0 1 0
    outer loop
      vertex -79 -5.25 -33
      vertex -72.015 -5.25 -28.8368
      vertex -71.8889 -5.25 -28.9304
    endloop
  endfacet
  facet normal 0 1 0
    outer loop
      vertex -79 -5.25 -33
      vertex -71 -5.25 -29.2
      vertex -63 -5.25 -33
    endloop
  endfacet
  facet normal 0 1 0
    outer loop
      vertex -71 -5.25 -29.2
      vertex -79 -5.25 -33
      vertex -71.1568 -5.25 -29.1923
    endloop
  endfacet
  facet normal 0 1 0
    outer loop
      vertex -71.1568 -5.25 -29.1923
      vertex -79 -5.25 -33
      vertex -71.3121 -5.25 -29.1693
    endloop
  endfacet
  facet normal 0 1 0
    outer loop
      vertex -71.3121 -5.25 -29.1693
      vertex -79 -5.25 -33
      vertex -71.4645 -5.25 -29.1311
    endloop
  endfacet
  facet normal 0 1 0
    outer loop
      vertex -72.5693 -5.25 -27.9121
      vertex -79 -5.25 -33
      vertex -79 -5.25 -24
    endloop
  endfacet
  facet normal 0 1 0
    outer loop
      vertex -71.7542 -5.25 -29.0111
      vertex -79 -5.25 -33
      vertex -71.8889 -5.25 -28.9304
    endloop
  endfacet
  facet normal 0 1 0
    outer loop
      vertex -71.6123 -5.25 -29.0782
      vertex -79 -5.25 -33
      vertex -71.7542 -5.25 -29.0111
    endloop
  endfacet
  facet normal 0 1 0
    outer loop
      vertex -71.4645 -5.25 -29.1311
      vertex -79 -5.25 -33
      vertex -71.6123 -5.25 -29.0782
    endloop
  endfacet
  facet normal -0 0 1
    outer loop
      vertex -66 11.25 11.25
      vertex -63 -11.25 11.25
      vertex -63 11.25 11.25
    endloop
  endfacet
  facet normal 0 0 1
    outer loop
      vertex -63 -11.25 11.25
      vertex -66 11.25 11.25
      vertex -66 -11.25 11.25
    endloop
  endfacet
  facet normal -1 0 0
    outer loop
      vertex -66 -2.5 -18.9856
      vertex -66 -11.25 -18.9856
      vertex -66 -2.5 -11
    endloop
  endfacet
  facet normal -1 0 0
    outer loop
      vertex -66 2.5 -11
      vertex -66 11.25 -18.9856
      vertex -66 2.5 -18.9856
    endloop
  endfacet
  facet normal -1 0 0
    outer loop
      vertex -66 11.25 -18.9856
      vertex -66 2.5 -11
      vertex -66 11.25 11.25
    endloop
  endfacet
  facet normal -1 0 0
    outer loop
      vertex -66 -2.5 -11
      vertex -66 11.25 11.25
      vertex -66 2.5 -11
    endloop
  endfacet
  facet normal -1 0 0
    outer loop
      vertex -66 -11.25 11.25
      vertex -66 -2.5 -11
      vertex -66 -11.25 -18.9856
    endloop
  endfacet
  facet normal -1 0 0
    outer loop
      vertex -66 -2.5 -11
      vertex -66 -11.25 11.25
      vertex -66 11.25 11.25
    endloop
  endfacet
  facet normal 0 0 -1
    outer loop
      vertex -66 -2.5 -11
      vertex -63 2.5 -11
      vertex -63 -2.5 -11
    endloop
  endfacet
  facet normal -0 0 -1
    outer loop
      vertex -63 2.5 -11
      vertex -66 -2.5 -11
      vertex -66 2.5 -11
    endloop
  endfacet
  facet normal -0 0 1
    outer loop
      vertex -66.02 2.5 -19.0056
      vertex -63 -2.5 -19.0056
      vertex -63 2.5 -19.0056
    endloop
  endfacet
  facet normal 0 0 1
    outer loop
      vertex -63 -2.5 -19.0056
      vertex -66.02 2.5 -19.0056
      vertex -66.02 -2.5 -19.0056
    endloop
  endfacet
  facet normal 1 -0 0
    outer loop
      vertex -66.02 -2.5 -18.9856
      vertex -66.02 2.5 -19.0056
      vertex -66.02 2.5 -18.9856
    endloop
  endfacet
  facet normal 1 0 0
    outer loop
      vertex -66.02 2.5 -19.0056
      vertex -66.02 -2.5 -18.9856
      vertex -66.02 -2.5 -19.0056
    endloop
  endfacet
  facet normal 0 -1 0
    outer loop
      vertex -66.02 2.5 -18.9856
      vertex -66.02 2.5 -19.0056
      vertex -66 2.5 -18.9856
    endloop
  endfacet
  facet normal 0 -1 0
    outer loop
      vertex -66 2.5 -18.9856
      vertex -63 2.5 -11
      vertex -66 2.5 -11
    endloop
  endfacet
  facet normal 0 -1 0
    outer loop
      vertex -66 2.5 -18.9856
      vertex -63 2.5 -19.0056
      vertex -63 2.5 -11
    endloop
  endfacet
  facet normal 0 -1 0
    outer loop
      vertex -63 2.5 -19.0056
      vertex -66 2.5 -18.9856
      vertex -66.02 2.5 -19.0056
    endloop
  endfacet
  facet normal 0 1 0
    outer loop
      vertex -63 -2.5 -11
      vertex -66 -2.5 -18.9856
      vertex -66 -2.5 -11
    endloop
  endfacet
  facet normal 0 1 -0
    outer loop
      vertex -63 -2.5 -19.0056
      vertex -66 -2.5 -18.9856
      vertex -63 -2.5 -11
    endloop
  endfacet
  facet normal 0 1 0
    outer loop
      vertex -66.02 -2.5 -19.0056
      vertex -66 -2.5 -18.9856
      vertex -63 -2.5 -19.0056
    endloop
  endfacet
  facet normal 0 1 0
    outer loop
      vertex -66 -2.5 -18.9856
      vertex -66.02 -2.5 -19.0056
      vertex -66.02 -2.5 -18.9856
    endloop
  endfacet
endsolid OpenSCAD_Model
