solid OpenSCAD_Model
  facet normal -0.989182 0 0.146696
    outer loop
      vertex -35.0384 -11.75 -26.4902
      vertex -35.0096 -6.75 -26.296
      vertex -35.0384 -6.75 -26.4902
    endloop
  endfacet
  facet normal -0.989182 0 0.146696
    outer loop
      vertex -35.0096 -6.75 -26.296
      vertex -35.0384 -11.75 -26.4902
      vertex -35.0096 -11.75 -26.296
    endloop
  endfacet
  facet normal -0.998803 0 0.0489209
    outer loop
      vertex -35.0096 -11.75 -26.296
      vertex -35 -6.75 -26.1
      vertex -35.0096 -6.75 -26.296
    endloop
  endfacet
  facet normal -0.998803 0 0.0489209
    outer loop
      vertex -35 -6.75 -26.1
      vertex -35.0096 -11.75 -26.296
      vertex -35 -11.75 -26.1
    endloop
  endfacet
  facet normal -0.970023 0 0.243015
    outer loop
      vertex -35.0861 -11.75 -26.6806
      vertex -35.0384 -6.75 -26.4902
      vertex -35.0861 -6.75 -26.6806
    endloop
  endfacet
  facet normal -0.970023 0 0.243015
    outer loop
      vertex -35.0384 -6.75 -26.4902
      vertex -35.0861 -11.75 -26.6806
      vertex -35.0384 -11.75 -26.4902
    endloop
  endfacet
  facet normal -0.243015 0 0.970023
    outer loop
      vertex -36.6098 -6.75 -28.0616
      vertex -36.4194 -11.75 -28.0139
      vertex -36.4194 -6.75 -28.0139
    endloop
  endfacet
  facet normal -0.243015 0 0.970023
    outer loop
      vertex -36.4194 -11.75 -28.0139
      vertex -36.6098 -6.75 -28.0616
      vertex -36.6098 -11.75 -28.0616
    endloop
  endfacet
  facet normal 0.243015 0 -0.970023
    outer loop
      vertex -37.5806 -11.75 -24.1861
      vertex -37.3902 -6.75 -24.1384
      vertex -37.3902 -11.75 -24.1384
    endloop
  endfacet
  facet normal 0.243015 0 -0.970023
    outer loop
      vertex -37.3902 -6.75 -24.1384
      vertex -37.5806 -11.75 -24.1861
      vertex -37.5806 -6.75 -24.1861
    endloop
  endfacet
  facet normal -0.857673 0 0.514196
    outer loop
      vertex -35.3371 -11.75 -27.2111
      vertex -35.2362 -6.75 -27.0428
      vertex -35.3371 -6.75 -27.2111
    endloop
  endfacet
  facet normal -0.857673 0 0.514196
    outer loop
      vertex -35.2362 -6.75 -27.0428
      vertex -35.3371 -11.75 -27.2111
      vertex -35.2362 -11.75 -27.0428
    endloop
  endfacet
  facet normal 0.243015 0 0.970023
    outer loop
      vertex -37.5806 -6.75 -28.0139
      vertex -37.3902 -11.75 -28.0616
      vertex -37.3902 -6.75 -28.0616
    endloop
  endfacet
  facet normal 0.243015 0 0.970023
    outer loop
      vertex -37.3902 -11.75 -28.0616
      vertex -37.5806 -6.75 -28.0139
      vertex -37.5806 -11.75 -28.0139
    endloop
  endfacet
  facet normal 0.94158 -0 0.336788
    outer loop
      vertex -38.9139 -11.75 -26.6806
      vertex -38.8478 -6.75 -26.8654
      vertex -38.9139 -6.75 -26.6806
    endloop
  endfacet
  facet normal 0.94158 0 0.336788
    outer loop
      vertex -38.8478 -6.75 -26.8654
      vertex -38.9139 -11.75 -26.6806
      vertex -38.8478 -11.75 -26.8654
    endloop
  endfacet
  facet normal 0.146696 0 0.989182
    outer loop
      vertex -37.3902 -6.75 -28.0616
      vertex -37.196 -11.75 -28.0904
      vertex -37.196 -6.75 -28.0904
    endloop
  endfacet
  facet normal 0.146696 0 0.989182
    outer loop
      vertex -37.196 -11.75 -28.0904
      vertex -37.3902 -6.75 -28.0616
      vertex -37.3902 -11.75 -28.0616
    endloop
  endfacet
  facet normal 0.94158 0 -0.336788
    outer loop
      vertex -38.8478 -11.75 -25.3346
      vertex -38.9139 -6.75 -25.5194
      vertex -38.8478 -6.75 -25.3346
    endloop
  endfacet
  facet normal 0.94158 0 -0.336788
    outer loop
      vertex -38.9139 -6.75 -25.5194
      vertex -38.8478 -11.75 -25.3346
      vertex -38.9139 -11.75 -25.5194
    endloop
  endfacet
  facet normal -0.0489209 0 0.998803
    outer loop
      vertex -37 -6.75 -28.1
      vertex -36.804 -11.75 -28.0904
      vertex -36.804 -6.75 -28.0904
    endloop
  endfacet
  facet normal -0.0489209 0 0.998803
    outer loop
      vertex -36.804 -11.75 -28.0904
      vertex -37 -6.75 -28.1
      vertex -37 -11.75 -28.1
    endloop
  endfacet
  facet normal -0.671607 0 0.740908
    outer loop
      vertex -35.7312 -6.75 -27.646
      vertex -35.5858 -11.75 -27.5142
      vertex -35.5858 -6.75 -27.5142
    endloop
  endfacet
  facet normal -0.671607 0 0.740908
    outer loop
      vertex -35.5858 -11.75 -27.5142
      vertex -35.7312 -6.75 -27.646
      vertex -35.7312 -11.75 -27.646
    endloop
  endfacet
  facet normal 0.595508 0 0.80335
    outer loop
      vertex -38.2688 -6.75 -27.646
      vertex -38.1111 -11.75 -27.7629
      vertex -38.1111 -6.75 -27.7629
    endloop
  endfacet
  facet normal 0.595508 0 0.80335
    outer loop
      vertex -38.1111 -11.75 -27.7629
      vertex -38.2688 -6.75 -27.646
      vertex -38.2688 -11.75 -27.646
    endloop
  endfacet
  facet normal 0.989182 -0 0.146696
    outer loop
      vertex -38.9904 -11.75 -26.296
      vertex -38.9616 -6.75 -26.4902
      vertex -38.9904 -6.75 -26.296
    endloop
  endfacet
  facet normal 0.989182 0 0.146696
    outer loop
      vertex -38.9616 -6.75 -26.4902
      vertex -38.9904 -11.75 -26.296
      vertex -38.9616 -11.75 -26.4902
    endloop
  endfacet
  facet normal -0.514196 0 0.857673
    outer loop
      vertex -36.0572 -6.75 -27.8638
      vertex -35.8889 -11.75 -27.7629
      vertex -35.8889 -6.75 -27.7629
    endloop
  endfacet
  facet normal -0.514196 0 0.857673
    outer loop
      vertex -35.8889 -11.75 -27.7629
      vertex -36.0572 -6.75 -27.8638
      vertex -36.0572 -11.75 -27.8638
    endloop
  endfacet
  facet normal 0 -1 0
    outer loop
      vertex -37 -6.75 -24.5
      vertex -37 -6.75 -24.1
      vertex -37.196 -6.75 -24.1096
    endloop
  endfacet
  facet normal 0 -1 0
    outer loop
      vertex -37.1568 -6.75 -24.5077
      vertex -37.196 -6.75 -24.1096
      vertex -37.3902 -6.75 -24.1384
    endloop
  endfacet
  facet normal 0 -1 0
    outer loop
      vertex -37 -6.75 -24.1
      vertex -37 -6.75 -24.5
      vertex -36.804 -6.75 -24.1096
    endloop
  endfacet
  facet normal 0 -1 0
    outer loop
      vertex -37.3121 -6.75 -24.5307
      vertex -37.3902 -6.75 -24.1384
      vertex -37.5806 -6.75 -24.1861
    endloop
  endfacet
  facet normal 0 -1 0
    outer loop
      vertex -36.8432 -6.75 -24.5077
      vertex -36.804 -6.75 -24.1096
      vertex -37 -6.75 -24.5
    endloop
  endfacet
  facet normal 0 -1 0
    outer loop
      vertex -37.4645 -6.75 -24.5689
      vertex -37.5806 -6.75 -24.1861
      vertex -37.7654 -6.75 -24.2522
    endloop
  endfacet
  facet normal 0 -1 -0
    outer loop
      vertex -36.804 -6.75 -24.1096
      vertex -36.8432 -6.75 -24.5077
      vertex -36.6098 -6.75 -24.1384
    endloop
  endfacet
  facet normal 0 -1 0
    outer loop
      vertex -37.6123 -6.75 -24.6218
      vertex -37.7654 -6.75 -24.2522
      vertex -37.9428 -6.75 -24.3362
    endloop
  endfacet
  facet normal 0 -1 0
    outer loop
      vertex -36.6879 -6.75 -24.5307
      vertex -36.6098 -6.75 -24.1384
      vertex -36.8432 -6.75 -24.5077
    endloop
  endfacet
  facet normal 0 -1 0
    outer loop
      vertex -37.7542 -6.75 -24.6889
      vertex -37.9428 -6.75 -24.3362
      vertex -38.1111 -6.75 -24.4371
    endloop
  endfacet
  facet normal 0 -1 -0
    outer loop
      vertex -36.6098 -6.75 -24.1384
      vertex -36.6879 -6.75 -24.5307
      vertex -36.4194 -6.75 -24.1861
    endloop
  endfacet
  facet normal 0 -1 0
    outer loop
      vertex -36.5355 -6.75 -24.5689
      vertex -36.4194 -6.75 -24.1861
      vertex -36.6879 -6.75 -24.5307
    endloop
  endfacet
  facet normal 0 -1 0
    outer loop
      vertex -37.196 -6.75 -24.1096
      vertex -37.1568 -6.75 -24.5077
      vertex -37 -6.75 -24.5
    endloop
  endfacet
  facet normal 0 -1 0
    outer loop
      vertex -37.3902 -6.75 -24.1384
      vertex -37.3121 -6.75 -24.5307
      vertex -37.1568 -6.75 -24.5077
    endloop
  endfacet
  facet normal 0 -1 0
    outer loop
      vertex -37.8889 -6.75 -24.7696
      vertex -38.1111 -6.75 -24.4371
      vertex -38.2688 -6.75 -24.554
    endloop
  endfacet
  facet normal 0 -1 0
    outer loop
      vertex -37.5806 -6.75 -24.1861
      vertex -37.4645 -6.75 -24.5689
      vertex -37.3121 -6.75 -24.5307
    endloop
  endfacet
  facet normal 0 -1 0
    outer loop
      vertex -37.7654 -6.75 -24.2522
      vertex -37.6123 -6.75 -24.6218
      vertex -37.4645 -6.75 -24.5689
    endloop
  endfacet
  facet normal 0 -1 0
    outer loop
      vertex -38.015 -6.75 -24.8632
      vertex -38.2688 -6.75 -24.554
      vertex -38.4142 -6.75 -24.6858
    endloop
  endfacet
  facet normal 0 -1 0
    outer loop
      vertex -37.9428 -6.75 -24.3362
      vertex -37.7542 -6.75 -24.6889
      vertex -37.6123 -6.75 -24.6218
    endloop
  endfacet
  facet normal 0 -1 0
    outer loop
      vertex -38.1111 -6.75 -24.4371
      vertex -37.8889 -6.75 -24.7696
      vertex -37.7542 -6.75 -24.6889
    endloop
  endfacet
  facet normal 0 -1 0
    outer loop
      vertex -38.1314 -6.75 -24.9686
      vertex -38.4142 -6.75 -24.6858
      vertex -38.546 -6.75 -24.8312
    endloop
  endfacet
  facet normal 0 -1 0
    outer loop
      vertex -38.2688 -6.75 -24.554
      vertex -38.015 -6.75 -24.8632
      vertex -37.8889 -6.75 -24.7696
    endloop
  endfacet
  facet normal 0 -1 0
    outer loop
      vertex -38.4142 -6.75 -24.6858
      vertex -38.1314 -6.75 -24.9686
      vertex -38.015 -6.75 -24.8632
    endloop
  endfacet
  facet normal 0 -1 0
    outer loop
      vertex -38.2368 -6.75 -25.085
      vertex -38.546 -6.75 -24.8312
      vertex -38.6629 -6.75 -24.9889
    endloop
  endfacet
  facet normal 0 -1 0
    outer loop
      vertex -38.546 -6.75 -24.8312
      vertex -38.2368 -6.75 -25.085
      vertex -38.1314 -6.75 -24.9686
    endloop
  endfacet
  facet normal 0 -1 0
    outer loop
      vertex -38.3304 -6.75 -25.2111
      vertex -38.6629 -6.75 -24.9889
      vertex -38.7638 -6.75 -25.1572
    endloop
  endfacet
  facet normal 0 -1 0
    outer loop
      vertex -38.6629 -6.75 -24.9889
      vertex -38.3304 -6.75 -25.2111
      vertex -38.2368 -6.75 -25.085
    endloop
  endfacet
  facet normal 0 -1 0
    outer loop
      vertex -38.4111 -6.75 -25.3458
      vertex -38.7638 -6.75 -25.1572
      vertex -38.8478 -6.75 -25.3346
    endloop
  endfacet
  facet normal 0 -1 0
    outer loop
      vertex -38.7638 -6.75 -25.1572
      vertex -38.4111 -6.75 -25.3458
      vertex -38.3304 -6.75 -25.2111
    endloop
  endfacet
  facet normal 0 -1 0
    outer loop
      vertex -38.8478 -6.75 -25.3346
      vertex -38.4782 -6.75 -25.4877
      vertex -38.4111 -6.75 -25.3458
    endloop
  endfacet
  facet normal 0 -1 0
    outer loop
      vertex -38.9139 -6.75 -25.5194
      vertex -38.4782 -6.75 -25.4877
      vertex -38.8478 -6.75 -25.3346
    endloop
  endfacet
  facet normal 0 -1 0
    outer loop
      vertex -38.9139 -6.75 -25.5194
      vertex -38.5311 -6.75 -25.6355
      vertex -38.4782 -6.75 -25.4877
    endloop
  endfacet
  facet normal 0 -1 0
    outer loop
      vertex -38.9616 -6.75 -25.7098
      vertex -38.5311 -6.75 -25.6355
      vertex -38.9139 -6.75 -25.5194
    endloop
  endfacet
  facet normal 0 -1 0
    outer loop
      vertex -38.9616 -6.75 -25.7098
      vertex -38.5693 -6.75 -25.7879
      vertex -38.5311 -6.75 -25.6355
    endloop
  endfacet
  facet normal 0 -1 0
    outer loop
      vertex -38.9904 -6.75 -25.904
      vertex -38.5693 -6.75 -25.7879
      vertex -38.9616 -6.75 -25.7098
    endloop
  endfacet
  facet normal 0 -1 0
    outer loop
      vertex -38.9904 -6.75 -25.904
      vertex -38.5923 -6.75 -25.9432
      vertex -38.5693 -6.75 -25.7879
    endloop
  endfacet
  facet normal 0 -1 0
    outer loop
      vertex -39 -6.75 -26.1
      vertex -38.5923 -6.75 -25.9432
      vertex -38.9904 -6.75 -25.904
    endloop
  endfacet
  facet normal 0 -1 0
    outer loop
      vertex -39 -6.75 -26.1
      vertex -38.6 -6.75 -26.1
      vertex -38.5923 -6.75 -25.9432
    endloop
  endfacet
  facet normal 0 -1 0
    outer loop
      vertex -39 -6.75 -26.1
      vertex -38.5923 -6.75 -26.2568
      vertex -38.6 -6.75 -26.1
    endloop
  endfacet
  facet normal 0 -1 0
    outer loop
      vertex -38.9904 -6.75 -26.296
      vertex -38.5923 -6.75 -26.2568
      vertex -39 -6.75 -26.1
    endloop
  endfacet
  facet normal 0 -1 0
    outer loop
      vertex -38.9904 -6.75 -26.296
      vertex -38.5693 -6.75 -26.4121
      vertex -38.5923 -6.75 -26.2568
    endloop
  endfacet
  facet normal 0 -1 0
    outer loop
      vertex -38.9616 -6.75 -26.4902
      vertex -38.5693 -6.75 -26.4121
      vertex -38.9904 -6.75 -26.296
    endloop
  endfacet
  facet normal 0 -1 0
    outer loop
      vertex -38.9616 -6.75 -26.4902
      vertex -38.5311 -6.75 -26.5645
      vertex -38.5693 -6.75 -26.4121
    endloop
  endfacet
  facet normal 0 -1 0
    outer loop
      vertex -38.9139 -6.75 -26.6806
      vertex -38.5311 -6.75 -26.5645
      vertex -38.9616 -6.75 -26.4902
    endloop
  endfacet
  facet normal 0 -1 0
    outer loop
      vertex -38.9139 -6.75 -26.6806
      vertex -38.4782 -6.75 -26.7123
      vertex -38.5311 -6.75 -26.5645
    endloop
  endfacet
  facet normal 0 -1 0
    outer loop
      vertex -38.8478 -6.75 -26.8654
      vertex -38.4782 -6.75 -26.7123
      vertex -38.9139 -6.75 -26.6806
    endloop
  endfacet
  facet normal 0 -1 -0
    outer loop
      vertex -38.4782 -6.75 -26.7123
      vertex -38.8478 -6.75 -26.8654
      vertex -38.4111 -6.75 -26.8542
    endloop
  endfacet
  facet normal 0 -1 0
    outer loop
      vertex -38.7638 -6.75 -27.0428
      vertex -38.4111 -6.75 -26.8542
      vertex -38.8478 -6.75 -26.8654
    endloop
  endfacet
  facet normal 0 -1 -0
    outer loop
      vertex -38.4111 -6.75 -26.8542
      vertex -38.7638 -6.75 -27.0428
      vertex -38.3304 -6.75 -26.9889
    endloop
  endfacet
  facet normal 0 -1 0
    outer loop
      vertex -38.6629 -6.75 -27.2111
      vertex -38.3304 -6.75 -26.9889
      vertex -38.7638 -6.75 -27.0428
    endloop
  endfacet
  facet normal 0 -1 -0
    outer loop
      vertex -38.3304 -6.75 -26.9889
      vertex -38.6629 -6.75 -27.2111
      vertex -38.2368 -6.75 -27.115
    endloop
  endfacet
  facet normal 0 -1 0
    outer loop
      vertex -38.546 -6.75 -27.3688
      vertex -38.2368 -6.75 -27.115
      vertex -38.6629 -6.75 -27.2111
    endloop
  endfacet
  facet normal 0 -1 -0
    outer loop
      vertex -38.2368 -6.75 -27.115
      vertex -38.546 -6.75 -27.3688
      vertex -38.1314 -6.75 -27.2314
    endloop
  endfacet
  facet normal 0 -1 0
    outer loop
      vertex -38.4142 -6.75 -27.5142
      vertex -38.1314 -6.75 -27.2314
      vertex -38.546 -6.75 -27.3688
    endloop
  endfacet
  facet normal 0 -1 -0
    outer loop
      vertex -38.1314 -6.75 -27.2314
      vertex -38.4142 -6.75 -27.5142
      vertex -38.015 -6.75 -27.3368
    endloop
  endfacet
  facet normal 0 -1 0
    outer loop
      vertex -38.2688 -6.75 -27.646
      vertex -38.015 -6.75 -27.3368
      vertex -38.4142 -6.75 -27.5142
    endloop
  endfacet
  facet normal 0 -1 -0
    outer loop
      vertex -38.015 -6.75 -27.3368
      vertex -38.2688 -6.75 -27.646
      vertex -37.8889 -6.75 -27.4304
    endloop
  endfacet
  facet normal 0 -1 0
    outer loop
      vertex -38.1111 -6.75 -27.7629
      vertex -37.8889 -6.75 -27.4304
      vertex -38.2688 -6.75 -27.646
    endloop
  endfacet
  facet normal 0 -1 -0
    outer loop
      vertex -37.8889 -6.75 -27.4304
      vertex -38.1111 -6.75 -27.7629
      vertex -37.7542 -6.75 -27.5111
    endloop
  endfacet
  facet normal 0 -1 0
    outer loop
      vertex -37.9428 -6.75 -27.8638
      vertex -37.7542 -6.75 -27.5111
      vertex -38.1111 -6.75 -27.7629
    endloop
  endfacet
  facet normal 0 -1 -0
    outer loop
      vertex -37.7542 -6.75 -27.5111
      vertex -37.9428 -6.75 -27.8638
      vertex -37.6123 -6.75 -27.5782
    endloop
  endfacet
  facet normal 0 -1 0
    outer loop
      vertex -37.7654 -6.75 -27.9478
      vertex -37.6123 -6.75 -27.5782
      vertex -37.9428 -6.75 -27.8638
    endloop
  endfacet
  facet normal 0 -1 -0
    outer loop
      vertex -37.6123 -6.75 -27.5782
      vertex -37.7654 -6.75 -27.9478
      vertex -37.4645 -6.75 -27.6311
    endloop
  endfacet
  facet normal 0 -1 0
    outer loop
      vertex -37.5806 -6.75 -28.0139
      vertex -37.4645 -6.75 -27.6311
      vertex -37.7654 -6.75 -27.9478
    endloop
  endfacet
  facet normal 0 -1 -0
    outer loop
      vertex -36.4194 -6.75 -24.1861
      vertex -36.5355 -6.75 -24.5689
      vertex -36.2346 -6.75 -24.2522
    endloop
  endfacet
  facet normal 0 -1 0
    outer loop
      vertex -36.3877 -6.75 -24.6218
      vertex -36.2346 -6.75 -24.2522
      vertex -36.5355 -6.75 -24.5689
    endloop
  endfacet
  facet normal 0 -1 -0
    outer loop
      vertex -36.2346 -6.75 -24.2522
      vertex -36.3877 -6.75 -24.6218
      vertex -36.0572 -6.75 -24.3362
    endloop
  endfacet
  facet normal 0 -1 0
    outer loop
      vertex -36.2458 -6.75 -24.6889
      vertex -36.0572 -6.75 -24.3362
      vertex -36.3877 -6.75 -24.6218
    endloop
  endfacet
  facet normal 0 -1 -0
    outer loop
      vertex -36.0572 -6.75 -24.3362
      vertex -36.2458 -6.75 -24.6889
      vertex -35.8889 -6.75 -24.4371
    endloop
  endfacet
  facet normal 0 -1 0
    outer loop
      vertex -36.1111 -6.75 -24.7696
      vertex -35.8889 -6.75 -24.4371
      vertex -36.2458 -6.75 -24.6889
    endloop
  endfacet
  facet normal 0 -1 -0
    outer loop
      vertex -35.8889 -6.75 -24.4371
      vertex -36.1111 -6.75 -24.7696
      vertex -35.7312 -6.75 -24.554
    endloop
  endfacet
  facet normal 0 -1 0
    outer loop
      vertex -35.985 -6.75 -24.8632
      vertex -35.7312 -6.75 -24.554
      vertex -36.1111 -6.75 -24.7696
    endloop
  endfacet
  facet normal 0 -1 -0
    outer loop
      vertex -35.7312 -6.75 -24.554
      vertex -35.985 -6.75 -24.8632
      vertex -35.5858 -6.75 -24.6858
    endloop
  endfacet
  facet normal 0 -1 0
    outer loop
      vertex -35.8686 -6.75 -24.9686
      vertex -35.5858 -6.75 -24.6858
      vertex -35.985 -6.75 -24.8632
    endloop
  endfacet
  facet normal 0 -1 -0
    outer loop
      vertex -35.5858 -6.75 -24.6858
      vertex -35.8686 -6.75 -24.9686
      vertex -35.454 -6.75 -24.8312
    endloop
  endfacet
  facet normal 0 -1 0
    outer loop
      vertex -35.7632 -6.75 -25.085
      vertex -35.454 -6.75 -24.8312
      vertex -35.8686 -6.75 -24.9686
    endloop
  endfacet
  facet normal 0 -1 -0
    outer loop
      vertex -35.454 -6.75 -24.8312
      vertex -35.7632 -6.75 -25.085
      vertex -35.3371 -6.75 -24.9889
    endloop
  endfacet
  facet normal 0 -1 0
    outer loop
      vertex -35.6696 -6.75 -25.2111
      vertex -35.3371 -6.75 -24.9889
      vertex -35.7632 -6.75 -25.085
    endloop
  endfacet
  facet normal 0 -1 -0
    outer loop
      vertex -35.3371 -6.75 -24.9889
      vertex -35.6696 -6.75 -25.2111
      vertex -35.2362 -6.75 -25.1572
    endloop
  endfacet
  facet normal 0 -1 0
    outer loop
      vertex -35.5889 -6.75 -25.3458
      vertex -35.2362 -6.75 -25.1572
      vertex -35.6696 -6.75 -25.2111
    endloop
  endfacet
  facet normal 0 -1 -0
    outer loop
      vertex -35.2362 -6.75 -25.1572
      vertex -35.5889 -6.75 -25.3458
      vertex -35.1522 -6.75 -25.3346
    endloop
  endfacet
  facet normal 0 -1 0
    outer loop
      vertex -35.5218 -6.75 -25.4877
      vertex -35.1522 -6.75 -25.3346
      vertex -35.5889 -6.75 -25.3458
    endloop
  endfacet
  facet normal 0 -1 0
    outer loop
      vertex -35.5218 -6.75 -25.4877
      vertex -35.0861 -6.75 -25.5194
      vertex -35.1522 -6.75 -25.3346
    endloop
  endfacet
  facet normal 0 -1 0
    outer loop
      vertex -35.4689 -6.75 -25.6355
      vertex -35.0861 -6.75 -25.5194
      vertex -35.5218 -6.75 -25.4877
    endloop
  endfacet
  facet normal 0 -1 0
    outer loop
      vertex -35.4689 -6.75 -25.6355
      vertex -35.0384 -6.75 -25.7098
      vertex -35.0861 -6.75 -25.5194
    endloop
  endfacet
  facet normal 0 -1 0
    outer loop
      vertex -35.4307 -6.75 -25.7879
      vertex -35.0384 -6.75 -25.7098
      vertex -35.4689 -6.75 -25.6355
    endloop
  endfacet
  facet normal 0 -1 0
    outer loop
      vertex -35.4307 -6.75 -25.7879
      vertex -35.0096 -6.75 -25.904
      vertex -35.0384 -6.75 -25.7098
    endloop
  endfacet
  facet normal 0 -1 0
    outer loop
      vertex -35.4077 -6.75 -25.9432
      vertex -35.0096 -6.75 -25.904
      vertex -35.4307 -6.75 -25.7879
    endloop
  endfacet
  facet normal 0 -1 0
    outer loop
      vertex -35.4 -6.75 -26.1
      vertex -35.0096 -6.75 -25.904
      vertex -35.4077 -6.75 -25.9432
    endloop
  endfacet
  facet normal 0 -1 0
    outer loop
      vertex -35.4 -6.75 -26.1
      vertex -35 -6.75 -26.1
      vertex -35.0096 -6.75 -25.904
    endloop
  endfacet
  facet normal 0 -1 0
    outer loop
      vertex -35.4077 -6.75 -26.2568
      vertex -35 -6.75 -26.1
      vertex -35.4 -6.75 -26.1
    endloop
  endfacet
  facet normal 0 -1 0
    outer loop
      vertex -35.4077 -6.75 -26.2568
      vertex -35.0096 -6.75 -26.296
      vertex -35 -6.75 -26.1
    endloop
  endfacet
  facet normal 0 -1 0
    outer loop
      vertex -35.4307 -6.75 -26.4121
      vertex -35.0096 -6.75 -26.296
      vertex -35.4077 -6.75 -26.2568
    endloop
  endfacet
  facet normal 0 -1 0
    outer loop
      vertex -35.4307 -6.75 -26.4121
      vertex -35.0384 -6.75 -26.4902
      vertex -35.0096 -6.75 -26.296
    endloop
  endfacet
  facet normal 0 -1 0
    outer loop
      vertex -35.4689 -6.75 -26.5645
      vertex -35.0384 -6.75 -26.4902
      vertex -35.4307 -6.75 -26.4121
    endloop
  endfacet
  facet normal 0 -1 0
    outer loop
      vertex -35.4689 -6.75 -26.5645
      vertex -35.0861 -6.75 -26.6806
      vertex -35.0384 -6.75 -26.4902
    endloop
  endfacet
  facet normal 0 -1 0
    outer loop
      vertex -35.5218 -6.75 -26.7123
      vertex -35.0861 -6.75 -26.6806
      vertex -35.4689 -6.75 -26.5645
    endloop
  endfacet
  facet normal 0 -1 0
    outer loop
      vertex -35.1522 -6.75 -26.8654
      vertex -35.5218 -6.75 -26.7123
      vertex -35.5889 -6.75 -26.8542
    endloop
  endfacet
  facet normal 0 -1 0
    outer loop
      vertex -35.5218 -6.75 -26.7123
      vertex -35.1522 -6.75 -26.8654
      vertex -35.0861 -6.75 -26.6806
    endloop
  endfacet
  facet normal 0 -1 0
    outer loop
      vertex -35.2362 -6.75 -27.0428
      vertex -35.5889 -6.75 -26.8542
      vertex -35.6696 -6.75 -26.9889
    endloop
  endfacet
  facet normal 0 -1 0
    outer loop
      vertex -35.5889 -6.75 -26.8542
      vertex -35.2362 -6.75 -27.0428
      vertex -35.1522 -6.75 -26.8654
    endloop
  endfacet
  facet normal 0 -1 0
    outer loop
      vertex -35.3371 -6.75 -27.2111
      vertex -35.6696 -6.75 -26.9889
      vertex -35.7632 -6.75 -27.115
    endloop
  endfacet
  facet normal 0 -1 0
    outer loop
      vertex -35.6696 -6.75 -26.9889
      vertex -35.3371 -6.75 -27.2111
      vertex -35.2362 -6.75 -27.0428
    endloop
  endfacet
  facet normal 0 -1 0
    outer loop
      vertex -35.454 -6.75 -27.3688
      vertex -35.7632 -6.75 -27.115
      vertex -35.8686 -6.75 -27.2314
    endloop
  endfacet
  facet normal 0 -1 0
    outer loop
      vertex -35.5858 -6.75 -27.5142
      vertex -35.8686 -6.75 -27.2314
      vertex -35.985 -6.75 -27.3368
    endloop
  endfacet
  facet normal 0 -1 0
    outer loop
      vertex -35.7632 -6.75 -27.115
      vertex -35.454 -6.75 -27.3688
      vertex -35.3371 -6.75 -27.2111
    endloop
  endfacet
  facet normal 0 -1 0
    outer loop
      vertex -35.7312 -6.75 -27.646
      vertex -35.985 -6.75 -27.3368
      vertex -36.1111 -6.75 -27.4304
    endloop
  endfacet
  facet normal 0 -1 0
    outer loop
      vertex -35.8889 -6.75 -27.7629
      vertex -36.1111 -6.75 -27.4304
      vertex -36.2458 -6.75 -27.5111
    endloop
  endfacet
  facet normal 0 -1 0
    outer loop
      vertex -35.8686 -6.75 -27.2314
      vertex -35.5858 -6.75 -27.5142
      vertex -35.454 -6.75 -27.3688
    endloop
  endfacet
  facet normal 0 -1 0
    outer loop
      vertex -36.0572 -6.75 -27.8638
      vertex -36.2458 -6.75 -27.5111
      vertex -36.3877 -6.75 -27.5782
    endloop
  endfacet
  facet normal 0 -1 0
    outer loop
      vertex -36.2346 -6.75 -27.9478
      vertex -36.3877 -6.75 -27.5782
      vertex -36.5355 -6.75 -27.6311
    endloop
  endfacet
  facet normal 0 -1 0
    outer loop
      vertex -35.985 -6.75 -27.3368
      vertex -35.7312 -6.75 -27.646
      vertex -35.5858 -6.75 -27.5142
    endloop
  endfacet
  facet normal 0 -1 0
    outer loop
      vertex -36.4194 -6.75 -28.0139
      vertex -36.5355 -6.75 -27.6311
      vertex -36.6879 -6.75 -27.6693
    endloop
  endfacet
  facet normal 0 -1 0
    outer loop
      vertex -36.6098 -6.75 -28.0616
      vertex -36.6879 -6.75 -27.6693
      vertex -36.8432 -6.75 -27.6923
    endloop
  endfacet
  facet normal 0 -1 0
    outer loop
      vertex -36.804 -6.75 -28.0904
      vertex -36.8432 -6.75 -27.6923
      vertex -37 -6.75 -27.7
    endloop
  endfacet
  facet normal 0 -1 -0
    outer loop
      vertex -37.4645 -6.75 -27.6311
      vertex -37.5806 -6.75 -28.0139
      vertex -37.3121 -6.75 -27.6693
    endloop
  endfacet
  facet normal 0 -1 0
    outer loop
      vertex -36.1111 -6.75 -27.4304
      vertex -35.8889 -6.75 -27.7629
      vertex -35.7312 -6.75 -27.646
    endloop
  endfacet
  facet normal 0 -1 0
    outer loop
      vertex -37.3902 -6.75 -28.0616
      vertex -37.3121 -6.75 -27.6693
      vertex -37.5806 -6.75 -28.0139
    endloop
  endfacet
  facet normal 0 -1 0
    outer loop
      vertex -36.2458 -6.75 -27.5111
      vertex -36.0572 -6.75 -27.8638
      vertex -35.8889 -6.75 -27.7629
    endloop
  endfacet
  facet normal 0 -1 -0
    outer loop
      vertex -37.3121 -6.75 -27.6693
      vertex -37.3902 -6.75 -28.0616
      vertex -37.1568 -6.75 -27.6923
    endloop
  endfacet
  facet normal 0 -1 0
    outer loop
      vertex -36.3877 -6.75 -27.5782
      vertex -36.2346 -6.75 -27.9478
      vertex -36.0572 -6.75 -27.8638
    endloop
  endfacet
  facet normal 0 -1 0
    outer loop
      vertex -37.196 -6.75 -28.0904
      vertex -37.1568 -6.75 -27.6923
      vertex -37.3902 -6.75 -28.0616
    endloop
  endfacet
  facet normal 0 -1 0
    outer loop
      vertex -36.5355 -6.75 -27.6311
      vertex -36.4194 -6.75 -28.0139
      vertex -36.2346 -6.75 -27.9478
    endloop
  endfacet
  facet normal 0 -1 -0
    outer loop
      vertex -37.1568 -6.75 -27.6923
      vertex -37.196 -6.75 -28.0904
      vertex -37 -6.75 -27.7
    endloop
  endfacet
  facet normal 0 -1 0
    outer loop
      vertex -36.6879 -6.75 -27.6693
      vertex -36.6098 -6.75 -28.0616
      vertex -36.4194 -6.75 -28.0139
    endloop
  endfacet
  facet normal 0 -1 0
    outer loop
      vertex -37 -6.75 -28.1
      vertex -37 -6.75 -27.7
      vertex -37.196 -6.75 -28.0904
    endloop
  endfacet
  facet normal 0 -1 0
    outer loop
      vertex -36.8432 -6.75 -27.6923
      vertex -36.804 -6.75 -28.0904
      vertex -36.6098 -6.75 -28.0616
    endloop
  endfacet
  facet normal 0 -1 0
    outer loop
      vertex -37 -6.75 -27.7
      vertex -37 -6.75 -28.1
      vertex -36.804 -6.75 -28.0904
    endloop
  endfacet
  facet normal -0.336788 0 0.94158
    outer loop
      vertex -36.4194 -6.75 -28.0139
      vertex -36.2346 -11.75 -27.9478
      vertex -36.2346 -6.75 -27.9478
    endloop
  endfacet
  facet normal -0.336788 0 0.94158
    outer loop
      vertex -36.2346 -11.75 -27.9478
      vertex -36.4194 -6.75 -28.0139
      vertex -36.4194 -11.75 -28.0139
    endloop
  endfacet
  facet normal 0.9038 0 -0.427955
    outer loop
      vertex -38.7638 -11.75 -25.1572
      vertex -38.8478 -6.75 -25.3346
      vertex -38.7638 -6.75 -25.1572
    endloop
  endfacet
  facet normal 0.9038 0 -0.427955
    outer loop
      vertex -38.8478 -6.75 -25.3346
      vertex -38.7638 -11.75 -25.1572
      vertex -38.8478 -11.75 -25.3346
    endloop
  endfacet
  facet normal -0.970023 0 -0.243015
    outer loop
      vertex -35.0384 -11.75 -25.7098
      vertex -35.0861 -6.75 -25.5194
      vertex -35.0384 -6.75 -25.7098
    endloop
  endfacet
  facet normal -0.970023 -0 -0.243015
    outer loop
      vertex -35.0861 -6.75 -25.5194
      vertex -35.0384 -11.75 -25.7098
      vertex -35.0861 -11.75 -25.5194
    endloop
  endfacet
  facet normal -0.146696 0 0.989182
    outer loop
      vertex -36.804 -6.75 -28.0904
      vertex -36.6098 -11.75 -28.0616
      vertex -36.6098 -6.75 -28.0616
    endloop
  endfacet
  facet normal -0.146696 0 0.989182
    outer loop
      vertex -36.6098 -11.75 -28.0616
      vertex -36.804 -6.75 -28.0904
      vertex -36.804 -11.75 -28.0904
    endloop
  endfacet
  facet normal -0.9038 0 0.427955
    outer loop
      vertex -35.2362 -11.75 -27.0428
      vertex -35.1522 -6.75 -26.8654
      vertex -35.2362 -6.75 -27.0428
    endloop
  endfacet
  facet normal -0.9038 0 0.427955
    outer loop
      vertex -35.1522 -6.75 -26.8654
      vertex -35.2362 -11.75 -27.0428
      vertex -35.1522 -11.75 -26.8654
    endloop
  endfacet
  facet normal -0.0489209 0 -0.998803
    outer loop
      vertex -37 -11.75 -24.1
      vertex -36.804 -6.75 -24.1096
      vertex -36.804 -11.75 -24.1096
    endloop
  endfacet
  facet normal -0.0489209 0 -0.998803
    outer loop
      vertex -36.804 -6.75 -24.1096
      vertex -37 -11.75 -24.1
      vertex -37 -6.75 -24.1
    endloop
  endfacet
  facet normal 0.427955 0 0.9038
    outer loop
      vertex -37.9428 -6.75 -27.8638
      vertex -37.7654 -11.75 -27.9478
      vertex -37.7654 -6.75 -27.9478
    endloop
  endfacet
  facet normal 0.427955 0 0.9038
    outer loop
      vertex -37.7654 -11.75 -27.9478
      vertex -37.9428 -6.75 -27.8638
      vertex -37.9428 -11.75 -27.8638
    endloop
  endfacet
  facet normal -0.80335 0 0.595508
    outer loop
      vertex -35.454 -11.75 -27.3688
      vertex -35.3371 -6.75 -27.2111
      vertex -35.454 -6.75 -27.3688
    endloop
  endfacet
  facet normal -0.80335 0 0.595508
    outer loop
      vertex -35.3371 -6.75 -27.2111
      vertex -35.454 -11.75 -27.3688
      vertex -35.3371 -11.75 -27.2111
    endloop
  endfacet
  facet normal 0.146696 0 -0.989182
    outer loop
      vertex -37.3902 -11.75 -24.1384
      vertex -37.196 -6.75 -24.1096
      vertex -37.196 -11.75 -24.1096
    endloop
  endfacet
  facet normal 0.146696 0 -0.989182
    outer loop
      vertex -37.196 -6.75 -24.1096
      vertex -37.3902 -11.75 -24.1384
      vertex -37.3902 -6.75 -24.1384
    endloop
  endfacet
  facet normal 0.514196 0 0.857673
    outer loop
      vertex -38.1111 -6.75 -27.7629
      vertex -37.9428 -11.75 -27.8638
      vertex -37.9428 -6.75 -27.8638
    endloop
  endfacet
  facet normal 0.514196 0 0.857673
    outer loop
      vertex -37.9428 -11.75 -27.8638
      vertex -38.1111 -6.75 -27.7629
      vertex -38.1111 -11.75 -27.7629
    endloop
  endfacet
  facet normal 0.0489209 0 -0.998803
    outer loop
      vertex -37.196 -11.75 -24.1096
      vertex -37 -6.75 -24.1
      vertex -37 -11.75 -24.1
    endloop
  endfacet
  facet normal 0.0489209 0 -0.998803
    outer loop
      vertex -37 -6.75 -24.1
      vertex -37.196 -11.75 -24.1096
      vertex -37.196 -6.75 -24.1096
    endloop
  endfacet
  facet normal -0.427955 0 0.9038
    outer loop
      vertex -36.2346 -6.75 -27.9478
      vertex -36.0572 -11.75 -27.8638
      vertex -36.0572 -6.75 -27.8638
    endloop
  endfacet
  facet normal -0.427955 0 0.9038
    outer loop
      vertex -36.0572 -11.75 -27.8638
      vertex -36.2346 -6.75 -27.9478
      vertex -36.2346 -11.75 -27.9478
    endloop
  endfacet
  facet normal -0.94158 0 0.336788
    outer loop
      vertex -35.1522 -11.75 -26.8654
      vertex -35.0861 -6.75 -26.6806
      vertex -35.1522 -6.75 -26.8654
    endloop
  endfacet
  facet normal -0.94158 0 0.336788
    outer loop
      vertex -35.0861 -6.75 -26.6806
      vertex -35.1522 -11.75 -26.8654
      vertex -35.0861 -11.75 -26.6806
    endloop
  endfacet
  facet normal -0.94158 0 -0.336788
    outer loop
      vertex -35.0861 -11.75 -25.5194
      vertex -35.1522 -6.75 -25.3346
      vertex -35.0861 -6.75 -25.5194
    endloop
  endfacet
  facet normal -0.94158 -0 -0.336788
    outer loop
      vertex -35.1522 -6.75 -25.3346
      vertex -35.0861 -11.75 -25.5194
      vertex -35.1522 -11.75 -25.3346
    endloop
  endfacet
  facet normal -0.989182 0 -0.146696
    outer loop
      vertex -35.0096 -11.75 -25.904
      vertex -35.0384 -6.75 -25.7098
      vertex -35.0096 -6.75 -25.904
    endloop
  endfacet
  facet normal -0.989182 -0 -0.146696
    outer loop
      vertex -35.0384 -6.75 -25.7098
      vertex -35.0096 -11.75 -25.904
      vertex -35.0384 -11.75 -25.7098
    endloop
  endfacet
  facet normal -0.998803 0 -0.0489209
    outer loop
      vertex -35 -11.75 -26.1
      vertex -35.0096 -6.75 -25.904
      vertex -35 -6.75 -26.1
    endloop
  endfacet
  facet normal -0.998803 -0 -0.0489209
    outer loop
      vertex -35.0096 -6.75 -25.904
      vertex -35 -11.75 -26.1
      vertex -35.0096 -11.75 -25.904
    endloop
  endfacet
  facet normal 0.740908 -0 0.671607
    outer loop
      vertex -38.546 -11.75 -27.3688
      vertex -38.4142 -6.75 -27.5142
      vertex -38.546 -6.75 -27.3688
    endloop
  endfacet
  facet normal 0.740908 0 0.671607
    outer loop
      vertex -38.4142 -6.75 -27.5142
      vertex -38.546 -11.75 -27.3688
      vertex -38.4142 -11.75 -27.5142
    endloop
  endfacet
  facet normal -0.80335 0 -0.595508
    outer loop
      vertex -35.3371 -11.75 -24.9889
      vertex -35.454 -6.75 -24.8312
      vertex -35.3371 -6.75 -24.9889
    endloop
  endfacet
  facet normal -0.80335 -0 -0.595508
    outer loop
      vertex -35.454 -6.75 -24.8312
      vertex -35.3371 -11.75 -24.9889
      vertex -35.454 -11.75 -24.8312
    endloop
  endfacet
  facet normal -0.146696 0 -0.989182
    outer loop
      vertex -36.804 -11.75 -24.1096
      vertex -36.6098 -6.75 -24.1384
      vertex -36.6098 -11.75 -24.1384
    endloop
  endfacet
  facet normal -0.146696 0 -0.989182
    outer loop
      vertex -36.6098 -6.75 -24.1384
      vertex -36.804 -11.75 -24.1096
      vertex -36.804 -6.75 -24.1096
    endloop
  endfacet
  facet normal 0.80335 0 -0.595508
    outer loop
      vertex -38.546 -11.75 -24.8312
      vertex -38.6629 -6.75 -24.9889
      vertex -38.546 -6.75 -24.8312
    endloop
  endfacet
  facet normal 0.80335 0 -0.595508
    outer loop
      vertex -38.6629 -6.75 -24.9889
      vertex -38.546 -11.75 -24.8312
      vertex -38.6629 -11.75 -24.9889
    endloop
  endfacet
  facet normal -0.740908 0 0.671607
    outer loop
      vertex -35.5858 -11.75 -27.5142
      vertex -35.454 -6.75 -27.3688
      vertex -35.5858 -6.75 -27.5142
    endloop
  endfacet
  facet normal -0.740908 0 0.671607
    outer loop
      vertex -35.454 -6.75 -27.3688
      vertex -35.5858 -11.75 -27.5142
      vertex -35.454 -11.75 -27.3688
    endloop
  endfacet
  facet normal -0.595508 0 0.80335
    outer loop
      vertex -35.8889 -6.75 -27.7629
      vertex -35.7312 -11.75 -27.646
      vertex -35.7312 -6.75 -27.646
    endloop
  endfacet
  facet normal -0.595508 0 0.80335
    outer loop
      vertex -35.7312 -11.75 -27.646
      vertex -35.8889 -6.75 -27.7629
      vertex -35.8889 -11.75 -27.7629
    endloop
  endfacet
  facet normal -0.427955 0 -0.9038
    outer loop
      vertex -36.2346 -11.75 -24.2522
      vertex -36.0572 -6.75 -24.3362
      vertex -36.0572 -11.75 -24.3362
    endloop
  endfacet
  facet normal -0.427955 0 -0.9038
    outer loop
      vertex -36.0572 -6.75 -24.3362
      vertex -36.2346 -11.75 -24.2522
      vertex -36.2346 -6.75 -24.2522
    endloop
  endfacet
  facet normal 0.740908 0 -0.671607
    outer loop
      vertex -38.4142 -11.75 -24.6858
      vertex -38.546 -6.75 -24.8312
      vertex -38.4142 -6.75 -24.6858
    endloop
  endfacet
  facet normal 0.740908 0 -0.671607
    outer loop
      vertex -38.546 -6.75 -24.8312
      vertex -38.4142 -11.75 -24.6858
      vertex -38.546 -11.75 -24.8312
    endloop
  endfacet
  facet normal 0.336788 0 0.94158
    outer loop
      vertex -37.7654 -6.75 -27.9478
      vertex -37.5806 -11.75 -28.0139
      vertex -37.5806 -6.75 -28.0139
    endloop
  endfacet
  facet normal 0.336788 0 0.94158
    outer loop
      vertex -37.5806 -11.75 -28.0139
      vertex -37.7654 -6.75 -27.9478
      vertex -37.7654 -11.75 -27.9478
    endloop
  endfacet
  facet normal -0.514196 0 -0.857673
    outer loop
      vertex -36.0572 -11.75 -24.3362
      vertex -35.8889 -6.75 -24.4371
      vertex -35.8889 -11.75 -24.4371
    endloop
  endfacet
  facet normal -0.514196 0 -0.857673
    outer loop
      vertex -35.8889 -6.75 -24.4371
      vertex -36.0572 -11.75 -24.3362
      vertex -36.0572 -6.75 -24.3362
    endloop
  endfacet
  facet normal 0.857673 0 -0.514196
    outer loop
      vertex -38.6629 -11.75 -24.9889
      vertex -38.7638 -6.75 -25.1572
      vertex -38.6629 -6.75 -24.9889
    endloop
  endfacet
  facet normal 0.857673 0 -0.514196
    outer loop
      vertex -38.7638 -6.75 -25.1572
      vertex -38.6629 -11.75 -24.9889
      vertex -38.7638 -11.75 -25.1572
    endloop
  endfacet
  facet normal 0.998803 0 -0.0489209
    outer loop
      vertex -38.9904 -11.75 -25.904
      vertex -39 -6.75 -26.1
      vertex -38.9904 -6.75 -25.904
    endloop
  endfacet
  facet normal 0.998803 0 -0.0489209
    outer loop
      vertex -39 -6.75 -26.1
      vertex -38.9904 -11.75 -25.904
      vertex -39 -11.75 -26.1
    endloop
  endfacet
  facet normal 0.427955 0 -0.9038
    outer loop
      vertex -37.9428 -11.75 -24.3362
      vertex -37.7654 -6.75 -24.2522
      vertex -37.7654 -11.75 -24.2522
    endloop
  endfacet
  facet normal 0.427955 0 -0.9038
    outer loop
      vertex -37.7654 -6.75 -24.2522
      vertex -37.9428 -11.75 -24.3362
      vertex -37.9428 -6.75 -24.3362
    endloop
  endfacet
  facet normal -0.671607 0 -0.740908
    outer loop
      vertex -35.7312 -11.75 -24.554
      vertex -35.5858 -6.75 -24.6858
      vertex -35.5858 -11.75 -24.6858
    endloop
  endfacet
  facet normal -0.671607 0 -0.740908
    outer loop
      vertex -35.5858 -6.75 -24.6858
      vertex -35.7312 -11.75 -24.554
      vertex -35.7312 -6.75 -24.554
    endloop
  endfacet
  facet normal 0.514196 0 -0.857673
    outer loop
      vertex -38.1111 -11.75 -24.4371
      vertex -37.9428 -6.75 -24.3362
      vertex -37.9428 -11.75 -24.3362
    endloop
  endfacet
  facet normal 0.514196 0 -0.857673
    outer loop
      vertex -37.9428 -6.75 -24.3362
      vertex -38.1111 -11.75 -24.4371
      vertex -38.1111 -6.75 -24.4371
    endloop
  endfacet
  facet normal -0.857673 0 -0.514196
    outer loop
      vertex -35.2362 -11.75 -25.1572
      vertex -35.3371 -6.75 -24.9889
      vertex -35.2362 -6.75 -25.1572
    endloop
  endfacet
  facet normal -0.857673 -0 -0.514196
    outer loop
      vertex -35.3371 -6.75 -24.9889
      vertex -35.2362 -11.75 -25.1572
      vertex -35.3371 -11.75 -24.9889
    endloop
  endfacet
  facet normal 0.970023 -0 0.243015
    outer loop
      vertex -38.9616 -11.75 -26.4902
      vertex -38.9139 -6.75 -26.6806
      vertex -38.9616 -6.75 -26.4902
    endloop
  endfacet
  facet normal 0.970023 0 0.243015
    outer loop
      vertex -38.9139 -6.75 -26.6806
      vertex -38.9616 -11.75 -26.4902
      vertex -38.9139 -11.75 -26.6806
    endloop
  endfacet
  facet normal 0.671607 0 -0.740908
    outer loop
      vertex -38.4142 -11.75 -24.6858
      vertex -38.2688 -6.75 -24.554
      vertex -38.2688 -11.75 -24.554
    endloop
  endfacet
  facet normal 0.671607 0 -0.740908
    outer loop
      vertex -38.2688 -6.75 -24.554
      vertex -38.4142 -11.75 -24.6858
      vertex -38.4142 -6.75 -24.6858
    endloop
  endfacet
  facet normal 0.671607 0 0.740908
    outer loop
      vertex -38.4142 -6.75 -27.5142
      vertex -38.2688 -11.75 -27.646
      vertex -38.2688 -6.75 -27.646
    endloop
  endfacet
  facet normal 0.671607 0 0.740908
    outer loop
      vertex -38.2688 -11.75 -27.646
      vertex -38.4142 -6.75 -27.5142
      vertex -38.4142 -11.75 -27.5142
    endloop
  endfacet
  facet normal 0.970023 0 -0.243015
    outer loop
      vertex -38.9139 -11.75 -25.5194
      vertex -38.9616 -6.75 -25.7098
      vertex -38.9139 -6.75 -25.5194
    endloop
  endfacet
  facet normal 0.970023 0 -0.243015
    outer loop
      vertex -38.9616 -6.75 -25.7098
      vertex -38.9139 -11.75 -25.5194
      vertex -38.9616 -11.75 -25.7098
    endloop
  endfacet
  facet normal 0.0489209 0 0.998803
    outer loop
      vertex -37.196 -6.75 -28.0904
      vertex -37 -11.75 -28.1
      vertex -37 -6.75 -28.1
    endloop
  endfacet
  facet normal 0.0489209 0 0.998803
    outer loop
      vertex -37 -11.75 -28.1
      vertex -37.196 -6.75 -28.0904
      vertex -37.196 -11.75 -28.0904
    endloop
  endfacet
  facet normal -0.595508 0 -0.80335
    outer loop
      vertex -35.8889 -11.75 -24.4371
      vertex -35.7312 -6.75 -24.554
      vertex -35.7312 -11.75 -24.554
    endloop
  endfacet
  facet normal -0.595508 0 -0.80335
    outer loop
      vertex -35.7312 -6.75 -24.554
      vertex -35.8889 -11.75 -24.4371
      vertex -35.8889 -6.75 -24.4371
    endloop
  endfacet
  facet normal -0.9038 0 -0.427955
    outer loop
      vertex -35.1522 -11.75 -25.3346
      vertex -35.2362 -6.75 -25.1572
      vertex -35.1522 -6.75 -25.3346
    endloop
  endfacet
  facet normal -0.9038 -0 -0.427955
    outer loop
      vertex -35.2362 -6.75 -25.1572
      vertex -35.1522 -11.75 -25.3346
      vertex -35.2362 -11.75 -25.1572
    endloop
  endfacet
  facet normal -0.740908 0 -0.671607
    outer loop
      vertex -35.454 -11.75 -24.8312
      vertex -35.5858 -6.75 -24.6858
      vertex -35.454 -6.75 -24.8312
    endloop
  endfacet
  facet normal -0.740908 -0 -0.671607
    outer loop
      vertex -35.5858 -6.75 -24.6858
      vertex -35.454 -11.75 -24.8312
      vertex -35.5858 -11.75 -24.6858
    endloop
  endfacet
  facet normal 0.998803 -0 0.0489209
    outer loop
      vertex -39 -11.75 -26.1
      vertex -38.9904 -6.75 -26.296
      vertex -39 -6.75 -26.1
    endloop
  endfacet
  facet normal 0.998803 0 0.0489209
    outer loop
      vertex -38.9904 -6.75 -26.296
      vertex -39 -11.75 -26.1
      vertex -38.9904 -11.75 -26.296
    endloop
  endfacet
  facet normal 0.336788 0 -0.94158
    outer loop
      vertex -37.7654 -11.75 -24.2522
      vertex -37.5806 -6.75 -24.1861
      vertex -37.5806 -11.75 -24.1861
    endloop
  endfacet
  facet normal 0.336788 0 -0.94158
    outer loop
      vertex -37.5806 -6.75 -24.1861
      vertex -37.7654 -11.75 -24.2522
      vertex -37.7654 -6.75 -24.2522
    endloop
  endfacet
  facet normal -0.336788 0 -0.94158
    outer loop
      vertex -36.4194 -11.75 -24.1861
      vertex -36.2346 -6.75 -24.2522
      vertex -36.2346 -11.75 -24.2522
    endloop
  endfacet
  facet normal -0.336788 0 -0.94158
    outer loop
      vertex -36.2346 -6.75 -24.2522
      vertex -36.4194 -11.75 -24.1861
      vertex -36.4194 -6.75 -24.1861
    endloop
  endfacet
  facet normal -0.243015 0 -0.970023
    outer loop
      vertex -36.6098 -11.75 -24.1384
      vertex -36.4194 -6.75 -24.1861
      vertex -36.4194 -11.75 -24.1861
    endloop
  endfacet
  facet normal -0.243015 0 -0.970023
    outer loop
      vertex -36.4194 -6.75 -24.1861
      vertex -36.6098 -11.75 -24.1384
      vertex -36.6098 -6.75 -24.1384
    endloop
  endfacet
  facet normal 0.595508 0 -0.80335
    outer loop
      vertex -38.2688 -11.75 -24.554
      vertex -38.1111 -6.75 -24.4371
      vertex -38.1111 -11.75 -24.4371
    endloop
  endfacet
  facet normal 0.595508 0 -0.80335
    outer loop
      vertex -38.1111 -6.75 -24.4371
      vertex -38.2688 -11.75 -24.554
      vertex -38.2688 -6.75 -24.554
    endloop
  endfacet
  facet normal 0.80335 -0 0.595508
    outer loop
      vertex -38.6629 -11.75 -27.2111
      vertex -38.546 -6.75 -27.3688
      vertex -38.6629 -6.75 -27.2111
    endloop
  endfacet
  facet normal 0.80335 0 0.595508
    outer loop
      vertex -38.546 -6.75 -27.3688
      vertex -38.6629 -11.75 -27.2111
      vertex -38.546 -11.75 -27.3688
    endloop
  endfacet
  facet normal 0.857673 -0 0.514196
    outer loop
      vertex -38.7638 -11.75 -27.0428
      vertex -38.6629 -6.75 -27.2111
      vertex -38.7638 -6.75 -27.0428
    endloop
  endfacet
  facet normal 0.857673 0 0.514196
    outer loop
      vertex -38.6629 -6.75 -27.2111
      vertex -38.7638 -11.75 -27.0428
      vertex -38.6629 -11.75 -27.2111
    endloop
  endfacet
  facet normal 0.9038 -0 0.427955
    outer loop
      vertex -38.8478 -11.75 -26.8654
      vertex -38.7638 -6.75 -27.0428
      vertex -38.8478 -6.75 -26.8654
    endloop
  endfacet
  facet normal 0.9038 0 0.427955
    outer loop
      vertex -38.7638 -6.75 -27.0428
      vertex -38.8478 -11.75 -26.8654
      vertex -38.7638 -11.75 -27.0428
    endloop
  endfacet
  facet normal 0.989182 0 -0.146696
    outer loop
      vertex -38.9616 -11.75 -25.7098
      vertex -38.9904 -6.75 -25.904
      vertex -38.9616 -6.75 -25.7098
    endloop
  endfacet
  facet normal 0.989182 0 -0.146696
    outer loop
      vertex -38.9904 -6.75 -25.904
      vertex -38.9616 -11.75 -25.7098
      vertex -38.9904 -11.75 -25.904
    endloop
  endfacet
  facet normal -0.98921 0 0.146502
    outer loop
      vertex -35.4307 -6.75 -26.4121
      vertex -35.4077 -5.75 -26.2568
      vertex -35.4307 -5.75 -26.4121
    endloop
  endfacet
  facet normal -0.98921 0 0.146502
    outer loop
      vertex -35.4077 -5.75 -26.2568
      vertex -35.4307 -6.75 -26.4121
      vertex -35.4077 -6.75 -26.2568
    endloop
  endfacet
  facet normal -0.998796 0 0.049048
    outer loop
      vertex -35.4077 -6.75 -26.2568
      vertex -35.4 -5.75 -26.1
      vertex -35.4077 -5.75 -26.2568
    endloop
  endfacet
  facet normal -0.998796 0 0.049048
    outer loop
      vertex -35.4 -5.75 -26.1
      vertex -35.4077 -6.75 -26.2568
      vertex -35.4 -6.75 -26.1
    endloop
  endfacet
  facet normal -0.969993 0 0.243135
    outer loop
      vertex -35.4689 -6.75 -26.5645
      vertex -35.4307 -5.75 -26.4121
      vertex -35.4689 -5.75 -26.5645
    endloop
  endfacet
  facet normal -0.969993 0 0.243135
    outer loop
      vertex -35.4307 -5.75 -26.4121
      vertex -35.4689 -6.75 -26.5645
      vertex -35.4307 -6.75 -26.4121
    endloop
  endfacet
  facet normal -0.80297 0 0.596019
    outer loop
      vertex -35.7632 -6.75 -27.115
      vertex -35.6696 -5.75 -26.9889
      vertex -35.7632 -5.75 -27.115
    endloop
  endfacet
  facet normal -0.80297 0 0.596019
    outer loop
      vertex -35.6696 -5.75 -26.9889
      vertex -35.7632 -6.75 -27.115
      vertex -35.6696 -6.75 -26.9889
    endloop
  endfacet
  facet normal 0.336982 0 0.941511
    outer loop
      vertex -37.6123 -5.75 -27.5782
      vertex -37.4645 -6.75 -27.6311
      vertex -37.4645 -5.75 -27.6311
    endloop
  endfacet
  facet normal 0.336982 0 0.941511
    outer loop
      vertex -37.4645 -6.75 -27.6311
      vertex -37.6123 -5.75 -27.5782
      vertex -37.6123 -6.75 -27.5782
    endloop
  endfacet
  facet normal 0.80297 0 -0.596019
    outer loop
      vertex -38.2368 -6.75 -25.085
      vertex -38.3304 -5.75 -25.2111
      vertex -38.2368 -5.75 -25.085
    endloop
  endfacet
  facet normal 0.80297 0 -0.596019
    outer loop
      vertex -38.3304 -5.75 -25.2111
      vertex -38.2368 -6.75 -25.085
      vertex -38.3304 -6.75 -25.2111
    endloop
  endfacet
  facet normal 0.427484 0 -0.904023
    outer loop
      vertex -37.7542 -6.75 -24.6889
      vertex -37.6123 -5.75 -24.6218
      vertex -37.6123 -6.75 -24.6218
    endloop
  endfacet
  facet normal 0.427484 0 -0.904023
    outer loop
      vertex -37.6123 -5.75 -24.6218
      vertex -37.7542 -6.75 -24.6889
      vertex -37.7542 -5.75 -24.6889
    endloop
  endfacet
  facet normal -0.998796 0 -0.049048
    outer loop
      vertex -35.4 -6.75 -26.1
      vertex -35.4077 -5.75 -25.9432
      vertex -35.4 -5.75 -26.1
    endloop
  endfacet
  facet normal -0.998796 -0 -0.049048
    outer loop
      vertex -35.4077 -5.75 -25.9432
      vertex -35.4 -6.75 -26.1
      vertex -35.4077 -6.75 -25.9432
    endloop
  endfacet
  facet normal 0.596019 0 0.80297
    outer loop
      vertex -38.015 -5.75 -27.3368
      vertex -37.8889 -6.75 -27.4304
      vertex -37.8889 -5.75 -27.4304
    endloop
  endfacet
  facet normal 0.596019 0 0.80297
    outer loop
      vertex -37.8889 -6.75 -27.4304
      vertex -38.015 -5.75 -27.3368
      vertex -38.015 -6.75 -27.3368
    endloop
  endfacet
  facet normal 0.671213 0 -0.741264
    outer loop
      vertex -38.1314 -6.75 -24.9686
      vertex -38.015 -5.75 -24.8632
      vertex -38.015 -6.75 -24.8632
    endloop
  endfacet
  facet normal 0.671213 0 -0.741264
    outer loop
      vertex -38.015 -5.75 -24.8632
      vertex -38.1314 -6.75 -24.9686
      vertex -38.1314 -5.75 -24.9686
    endloop
  endfacet
  facet normal 0.049048 0 -0.998796
    outer loop
      vertex -37.1568 -6.75 -24.5077
      vertex -37 -5.75 -24.5
      vertex -37 -6.75 -24.5
    endloop
  endfacet
  facet normal 0.049048 0 -0.998796
    outer loop
      vertex -37 -5.75 -24.5
      vertex -37.1568 -6.75 -24.5077
      vertex -37.1568 -5.75 -24.5077
    endloop
  endfacet
  facet normal -0.513934 0 0.85783
    outer loop
      vertex -36.2458 -5.75 -27.5111
      vertex -36.1111 -6.75 -27.4304
      vertex -36.1111 -5.75 -27.4304
    endloop
  endfacet
  facet normal -0.513934 0 0.85783
    outer loop
      vertex -36.1111 -6.75 -27.4304
      vertex -36.2458 -5.75 -27.5111
      vertex -36.2458 -6.75 -27.5111
    endloop
  endfacet
  facet normal 0.513934 0 0.85783
    outer loop
      vertex -37.8889 -5.75 -27.4304
      vertex -37.7542 -6.75 -27.5111
      vertex -37.7542 -5.75 -27.5111
    endloop
  endfacet
  facet normal 0.513934 0 0.85783
    outer loop
      vertex -37.7542 -6.75 -27.5111
      vertex -37.8889 -5.75 -27.4304
      vertex -37.8889 -6.75 -27.4304
    endloop
  endfacet
  facet normal 0.941511 0 -0.336982
    outer loop
      vertex -38.4782 -6.75 -25.4877
      vertex -38.5311 -5.75 -25.6355
      vertex -38.4782 -5.75 -25.4877
    endloop
  endfacet
  facet normal 0.941511 0 -0.336982
    outer loop
      vertex -38.5311 -5.75 -25.6355
      vertex -38.4782 -6.75 -25.4877
      vertex -38.5311 -6.75 -25.6355
    endloop
  endfacet
  facet normal 0.741264 0 -0.671213
    outer loop
      vertex -38.1314 -6.75 -24.9686
      vertex -38.2368 -5.75 -25.085
      vertex -38.1314 -5.75 -24.9686
    endloop
  endfacet
  facet normal 0.741264 0 -0.671213
    outer loop
      vertex -38.2368 -5.75 -25.085
      vertex -38.1314 -6.75 -24.9686
      vertex -38.2368 -6.75 -25.085
    endloop
  endfacet
  facet normal -0.741264 0 -0.671213
    outer loop
      vertex -35.7632 -6.75 -25.085
      vertex -35.8686 -5.75 -24.9686
      vertex -35.7632 -5.75 -25.085
    endloop
  endfacet
  facet normal -0.741264 -0 -0.671213
    outer loop
      vertex -35.8686 -5.75 -24.9686
      vertex -35.7632 -6.75 -25.085
      vertex -35.8686 -6.75 -24.9686
    endloop
  endfacet
  facet normal 0.969993 -0 0.243135
    outer loop
      vertex -38.5693 -6.75 -26.4121
      vertex -38.5311 -5.75 -26.5645
      vertex -38.5693 -5.75 -26.4121
    endloop
  endfacet
  facet normal 0.969993 0 0.243135
    outer loop
      vertex -38.5311 -5.75 -26.5645
      vertex -38.5693 -6.75 -26.4121
      vertex -38.5311 -6.75 -26.5645
    endloop
  endfacet
  facet normal -0.427484 0 0.904023
    outer loop
      vertex -36.3877 -5.75 -27.5782
      vertex -36.2458 -6.75 -27.5111
      vertex -36.2458 -5.75 -27.5111
    endloop
  endfacet
  facet normal -0.427484 0 0.904023
    outer loop
      vertex -36.2458 -6.75 -27.5111
      vertex -36.3877 -5.75 -27.5782
      vertex -36.3877 -6.75 -27.5782
    endloop
  endfacet
  facet normal -0.941511 0 -0.336982
    outer loop
      vertex -35.4689 -6.75 -25.6355
      vertex -35.5218 -5.75 -25.4877
      vertex -35.4689 -5.75 -25.6355
    endloop
  endfacet
  facet normal -0.941511 -0 -0.336982
    outer loop
      vertex -35.5218 -5.75 -25.4877
      vertex -35.4689 -6.75 -25.6355
      vertex -35.5218 -6.75 -25.4877
    endloop
  endfacet
  facet normal -0.80297 0 -0.596019
    outer loop
      vertex -35.6696 -6.75 -25.2111
      vertex -35.7632 -5.75 -25.085
      vertex -35.6696 -5.75 -25.2111
    endloop
  endfacet
  facet normal -0.80297 -0 -0.596019
    outer loop
      vertex -35.7632 -5.75 -25.085
      vertex -35.6696 -6.75 -25.2111
      vertex -35.7632 -6.75 -25.085
    endloop
  endfacet
  facet normal -0.941511 0 0.336982
    outer loop
      vertex -35.5218 -6.75 -26.7123
      vertex -35.4689 -5.75 -26.5645
      vertex -35.5218 -5.75 -26.7123
    endloop
  endfacet
  facet normal -0.941511 0 0.336982
    outer loop
      vertex -35.4689 -5.75 -26.5645
      vertex -35.5218 -6.75 -26.7123
      vertex -35.4689 -6.75 -26.5645
    endloop
  endfacet
  facet normal -0.969993 0 -0.243135
    outer loop
      vertex -35.4307 -6.75 -25.7879
      vertex -35.4689 -5.75 -25.6355
      vertex -35.4307 -5.75 -25.7879
    endloop
  endfacet
  facet normal -0.969993 -0 -0.243135
    outer loop
      vertex -35.4689 -5.75 -25.6355
      vertex -35.4307 -6.75 -25.7879
      vertex -35.4689 -6.75 -25.6355
    endloop
  endfacet
  facet normal 0.427484 0 0.904023
    outer loop
      vertex -37.7542 -5.75 -27.5111
      vertex -37.6123 -6.75 -27.5782
      vertex -37.6123 -5.75 -27.5782
    endloop
  endfacet
  facet normal 0.427484 0 0.904023
    outer loop
      vertex -37.6123 -6.75 -27.5782
      vertex -37.7542 -5.75 -27.5111
      vertex -37.7542 -6.75 -27.5111
    endloop
  endfacet
  facet normal -0.596019 0 0.80297
    outer loop
      vertex -36.1111 -5.75 -27.4304
      vertex -35.985 -6.75 -27.3368
      vertex -35.985 -5.75 -27.3368
    endloop
  endfacet
  facet normal -0.596019 0 0.80297
    outer loop
      vertex -35.985 -6.75 -27.3368
      vertex -36.1111 -5.75 -27.4304
      vertex -36.1111 -6.75 -27.4304
    endloop
  endfacet
  facet normal 0.243135 0 -0.969993
    outer loop
      vertex -37.4645 -6.75 -24.5689
      vertex -37.3121 -5.75 -24.5307
      vertex -37.3121 -6.75 -24.5307
    endloop
  endfacet
  facet normal 0.243135 0 -0.969993
    outer loop
      vertex -37.3121 -5.75 -24.5307
      vertex -37.4645 -6.75 -24.5689
      vertex -37.4645 -5.75 -24.5689
    endloop
  endfacet
  facet normal 0.049048 0 0.998796
    outer loop
      vertex -37.1568 -5.75 -27.6923
      vertex -37 -6.75 -27.7
      vertex -37 -5.75 -27.7
    endloop
  endfacet
  facet normal 0.049048 0 0.998796
    outer loop
      vertex -37 -6.75 -27.7
      vertex -37.1568 -5.75 -27.6923
      vertex -37.1568 -6.75 -27.6923
    endloop
  endfacet
  facet normal 0.969993 0 -0.243135
    outer loop
      vertex -38.5311 -6.75 -25.6355
      vertex -38.5693 -5.75 -25.7879
      vertex -38.5311 -5.75 -25.6355
    endloop
  endfacet
  facet normal 0.969993 0 -0.243135
    outer loop
      vertex -38.5693 -5.75 -25.7879
      vertex -38.5311 -6.75 -25.6355
      vertex -38.5693 -6.75 -25.7879
    endloop
  endfacet
  facet normal 0.596019 0 -0.80297
    outer loop
      vertex -38.015 -6.75 -24.8632
      vertex -37.8889 -5.75 -24.7696
      vertex -37.8889 -6.75 -24.7696
    endloop
  endfacet
  facet normal 0.596019 0 -0.80297
    outer loop
      vertex -37.8889 -5.75 -24.7696
      vertex -38.015 -6.75 -24.8632
      vertex -38.015 -5.75 -24.8632
    endloop
  endfacet
  facet normal -0.904023 0 0.427484
    outer loop
      vertex -35.5889 -6.75 -26.8542
      vertex -35.5218 -5.75 -26.7123
      vertex -35.5889 -5.75 -26.8542
    endloop
  endfacet
  facet normal -0.904023 0 0.427484
    outer loop
      vertex -35.5218 -5.75 -26.7123
      vertex -35.5889 -6.75 -26.8542
      vertex -35.5218 -6.75 -26.7123
    endloop
  endfacet
  facet normal -0.671213 0 -0.741264
    outer loop
      vertex -35.985 -6.75 -24.8632
      vertex -35.8686 -5.75 -24.9686
      vertex -35.8686 -6.75 -24.9686
    endloop
  endfacet
  facet normal -0.671213 0 -0.741264
    outer loop
      vertex -35.8686 -5.75 -24.9686
      vertex -35.985 -6.75 -24.8632
      vertex -35.985 -5.75 -24.8632
    endloop
  endfacet
  facet normal 0.741264 -0 0.671213
    outer loop
      vertex -38.2368 -6.75 -27.115
      vertex -38.1314 -5.75 -27.2314
      vertex -38.2368 -5.75 -27.115
    endloop
  endfacet
  facet normal 0.741264 0 0.671213
    outer loop
      vertex -38.1314 -5.75 -27.2314
      vertex -38.2368 -6.75 -27.115
      vertex -38.1314 -6.75 -27.2314
    endloop
  endfacet
  facet normal -0.146502 0 -0.98921
    outer loop
      vertex -36.8432 -6.75 -24.5077
      vertex -36.6879 -5.75 -24.5307
      vertex -36.6879 -6.75 -24.5307
    endloop
  endfacet
  facet normal -0.146502 0 -0.98921
    outer loop
      vertex -36.6879 -5.75 -24.5307
      vertex -36.8432 -6.75 -24.5077
      vertex -36.8432 -5.75 -24.5077
    endloop
  endfacet
  facet normal -0.049048 0 0.998796
    outer loop
      vertex -37 -5.75 -27.7
      vertex -36.8432 -6.75 -27.6923
      vertex -36.8432 -5.75 -27.6923
    endloop
  endfacet
  facet normal -0.049048 0 0.998796
    outer loop
      vertex -36.8432 -6.75 -27.6923
      vertex -37 -5.75 -27.7
      vertex -37 -6.75 -27.7
    endloop
  endfacet
  facet normal 0.904023 0 -0.427484
    outer loop
      vertex -38.4111 -6.75 -25.3458
      vertex -38.4782 -5.75 -25.4877
      vertex -38.4111 -5.75 -25.3458
    endloop
  endfacet
  facet normal 0.904023 0 -0.427484
    outer loop
      vertex -38.4782 -5.75 -25.4877
      vertex -38.4111 -6.75 -25.3458
      vertex -38.4782 -6.75 -25.4877
    endloop
  endfacet
  facet normal 0.513934 0 -0.85783
    outer loop
      vertex -37.8889 -6.75 -24.7696
      vertex -37.7542 -5.75 -24.6889
      vertex -37.7542 -6.75 -24.6889
    endloop
  endfacet
  facet normal 0.513934 0 -0.85783
    outer loop
      vertex -37.7542 -5.75 -24.6889
      vertex -37.8889 -6.75 -24.7696
      vertex -37.8889 -5.75 -24.7696
    endloop
  endfacet
  facet normal -0.427484 0 -0.904023
    outer loop
      vertex -36.3877 -6.75 -24.6218
      vertex -36.2458 -5.75 -24.6889
      vertex -36.2458 -6.75 -24.6889
    endloop
  endfacet
  facet normal -0.427484 0 -0.904023
    outer loop
      vertex -36.2458 -5.75 -24.6889
      vertex -36.3877 -6.75 -24.6218
      vertex -36.3877 -5.75 -24.6218
    endloop
  endfacet
  facet normal -0.513934 0 -0.85783
    outer loop
      vertex -36.2458 -6.75 -24.6889
      vertex -36.1111 -5.75 -24.7696
      vertex -36.1111 -6.75 -24.7696
    endloop
  endfacet
  facet normal -0.513934 0 -0.85783
    outer loop
      vertex -36.1111 -5.75 -24.7696
      vertex -36.2458 -6.75 -24.6889
      vertex -36.2458 -5.75 -24.6889
    endloop
  endfacet
  facet normal 0.998796 0 -0.049048
    outer loop
      vertex -38.5923 -6.75 -25.9432
      vertex -38.6 -5.75 -26.1
      vertex -38.5923 -5.75 -25.9432
    endloop
  endfacet
  facet normal 0.998796 0 -0.049048
    outer loop
      vertex -38.6 -5.75 -26.1
      vertex -38.5923 -6.75 -25.9432
      vertex -38.6 -6.75 -26.1
    endloop
  endfacet
  facet normal -0.671213 0 0.741264
    outer loop
      vertex -35.985 -5.75 -27.3368
      vertex -35.8686 -6.75 -27.2314
      vertex -35.8686 -5.75 -27.2314
    endloop
  endfacet
  facet normal -0.671213 0 0.741264
    outer loop
      vertex -35.8686 -6.75 -27.2314
      vertex -35.985 -5.75 -27.3368
      vertex -35.985 -6.75 -27.3368
    endloop
  endfacet
  facet normal 0.85783 -0 0.513934
    outer loop
      vertex -38.4111 -6.75 -26.8542
      vertex -38.3304 -5.75 -26.9889
      vertex -38.4111 -5.75 -26.8542
    endloop
  endfacet
  facet normal 0.85783 0 0.513934
    outer loop
      vertex -38.3304 -5.75 -26.9889
      vertex -38.4111 -6.75 -26.8542
      vertex -38.3304 -6.75 -26.9889
    endloop
  endfacet
  facet normal -0.146502 0 0.98921
    outer loop
      vertex -36.8432 -5.75 -27.6923
      vertex -36.6879 -6.75 -27.6693
      vertex -36.6879 -5.75 -27.6693
    endloop
  endfacet
  facet normal -0.146502 0 0.98921
    outer loop
      vertex -36.6879 -6.75 -27.6693
      vertex -36.8432 -5.75 -27.6923
      vertex -36.8432 -6.75 -27.6923
    endloop
  endfacet
  facet normal -0.98921 0 -0.146502
    outer loop
      vertex -35.4077 -6.75 -25.9432
      vertex -35.4307 -5.75 -25.7879
      vertex -35.4077 -5.75 -25.9432
    endloop
  endfacet
  facet normal -0.98921 -0 -0.146502
    outer loop
      vertex -35.4307 -5.75 -25.7879
      vertex -35.4077 -6.75 -25.9432
      vertex -35.4307 -6.75 -25.7879
    endloop
  endfacet
  facet normal -0.336982 0 -0.941511
    outer loop
      vertex -36.5355 -6.75 -24.5689
      vertex -36.3877 -5.75 -24.6218
      vertex -36.3877 -6.75 -24.6218
    endloop
  endfacet
  facet normal -0.336982 0 -0.941511
    outer loop
      vertex -36.3877 -5.75 -24.6218
      vertex -36.5355 -6.75 -24.5689
      vertex -36.5355 -5.75 -24.5689
    endloop
  endfacet
  facet normal 0.98921 0 -0.146502
    outer loop
      vertex -38.5693 -6.75 -25.7879
      vertex -38.5923 -5.75 -25.9432
      vertex -38.5693 -5.75 -25.7879
    endloop
  endfacet
  facet normal 0.98921 0 -0.146502
    outer loop
      vertex -38.5923 -5.75 -25.9432
      vertex -38.5693 -6.75 -25.7879
      vertex -38.5923 -6.75 -25.9432
    endloop
  endfacet
  facet normal -0.85783 0 0.513934
    outer loop
      vertex -35.6696 -6.75 -26.9889
      vertex -35.5889 -5.75 -26.8542
      vertex -35.6696 -5.75 -26.9889
    endloop
  endfacet
  facet normal -0.85783 0 0.513934
    outer loop
      vertex -35.5889 -5.75 -26.8542
      vertex -35.6696 -6.75 -26.9889
      vertex -35.5889 -6.75 -26.8542
    endloop
  endfacet
  facet normal -0.243135 0 0.969993
    outer loop
      vertex -36.6879 -5.75 -27.6693
      vertex -36.5355 -6.75 -27.6311
      vertex -36.5355 -5.75 -27.6311
    endloop
  endfacet
  facet normal -0.243135 0 0.969993
    outer loop
      vertex -36.5355 -6.75 -27.6311
      vertex -36.6879 -5.75 -27.6693
      vertex -36.6879 -6.75 -27.6693
    endloop
  endfacet
  facet normal 0.80297 -0 0.596019
    outer loop
      vertex -38.3304 -6.75 -26.9889
      vertex -38.2368 -5.75 -27.115
      vertex -38.3304 -5.75 -26.9889
    endloop
  endfacet
  facet normal 0.80297 0 0.596019
    outer loop
      vertex -38.2368 -5.75 -27.115
      vertex -38.3304 -6.75 -26.9889
      vertex -38.2368 -6.75 -27.115
    endloop
  endfacet
  facet normal -0.596019 0 -0.80297
    outer loop
      vertex -36.1111 -6.75 -24.7696
      vertex -35.985 -5.75 -24.8632
      vertex -35.985 -6.75 -24.8632
    endloop
  endfacet
  facet normal -0.596019 0 -0.80297
    outer loop
      vertex -35.985 -5.75 -24.8632
      vertex -36.1111 -6.75 -24.7696
      vertex -36.1111 -5.75 -24.7696
    endloop
  endfacet
  facet normal 0.146502 0 0.98921
    outer loop
      vertex -37.3121 -5.75 -27.6693
      vertex -37.1568 -6.75 -27.6923
      vertex -37.1568 -5.75 -27.6923
    endloop
  endfacet
  facet normal 0.146502 0 0.98921
    outer loop
      vertex -37.1568 -6.75 -27.6923
      vertex -37.3121 -5.75 -27.6693
      vertex -37.3121 -6.75 -27.6693
    endloop
  endfacet
  facet normal 0.941511 -0 0.336982
    outer loop
      vertex -38.5311 -6.75 -26.5645
      vertex -38.4782 -5.75 -26.7123
      vertex -38.5311 -5.75 -26.5645
    endloop
  endfacet
  facet normal 0.941511 0 0.336982
    outer loop
      vertex -38.4782 -5.75 -26.7123
      vertex -38.5311 -6.75 -26.5645
      vertex -38.4782 -6.75 -26.7123
    endloop
  endfacet
  facet normal 0.243135 0 0.969993
    outer loop
      vertex -37.4645 -5.75 -27.6311
      vertex -37.3121 -6.75 -27.6693
      vertex -37.3121 -5.75 -27.6693
    endloop
  endfacet
  facet normal 0.243135 0 0.969993
    outer loop
      vertex -37.3121 -6.75 -27.6693
      vertex -37.4645 -5.75 -27.6311
      vertex -37.4645 -6.75 -27.6311
    endloop
  endfacet
  facet normal 0.85783 0 -0.513934
    outer loop
      vertex -38.3304 -6.75 -25.2111
      vertex -38.4111 -5.75 -25.3458
      vertex -38.3304 -5.75 -25.2111
    endloop
  endfacet
  facet normal 0.85783 0 -0.513934
    outer loop
      vertex -38.4111 -5.75 -25.3458
      vertex -38.3304 -6.75 -25.2111
      vertex -38.4111 -6.75 -25.3458
    endloop
  endfacet
  facet normal 0.671213 0 0.741264
    outer loop
      vertex -38.1314 -5.75 -27.2314
      vertex -38.015 -6.75 -27.3368
      vertex -38.015 -5.75 -27.3368
    endloop
  endfacet
  facet normal 0.671213 0 0.741264
    outer loop
      vertex -38.015 -6.75 -27.3368
      vertex -38.1314 -5.75 -27.2314
      vertex -38.1314 -6.75 -27.2314
    endloop
  endfacet
  facet normal 0.98921 -0 0.146502
    outer loop
      vertex -38.5923 -6.75 -26.2568
      vertex -38.5693 -5.75 -26.4121
      vertex -38.5923 -5.75 -26.2568
    endloop
  endfacet
  facet normal 0.98921 0 0.146502
    outer loop
      vertex -38.5693 -5.75 -26.4121
      vertex -38.5923 -6.75 -26.2568
      vertex -38.5693 -6.75 -26.4121
    endloop
  endfacet
  facet normal -0.741264 0 0.671213
    outer loop
      vertex -35.8686 -6.75 -27.2314
      vertex -35.7632 -5.75 -27.115
      vertex -35.8686 -5.75 -27.2314
    endloop
  endfacet
  facet normal -0.741264 0 0.671213
    outer loop
      vertex -35.7632 -5.75 -27.115
      vertex -35.8686 -6.75 -27.2314
      vertex -35.7632 -6.75 -27.115
    endloop
  endfacet
  facet normal 0.336982 0 -0.941511
    outer loop
      vertex -37.6123 -6.75 -24.6218
      vertex -37.4645 -5.75 -24.5689
      vertex -37.4645 -6.75 -24.5689
    endloop
  endfacet
  facet normal 0.336982 0 -0.941511
    outer loop
      vertex -37.4645 -5.75 -24.5689
      vertex -37.6123 -6.75 -24.6218
      vertex -37.6123 -5.75 -24.6218
    endloop
  endfacet
  facet normal -0.85783 0 -0.513934
    outer loop
      vertex -35.5889 -6.75 -25.3458
      vertex -35.6696 -5.75 -25.2111
      vertex -35.5889 -5.75 -25.3458
    endloop
  endfacet
  facet normal -0.85783 -0 -0.513934
    outer loop
      vertex -35.6696 -5.75 -25.2111
      vertex -35.5889 -6.75 -25.3458
      vertex -35.6696 -6.75 -25.2111
    endloop
  endfacet
  facet normal -0.904023 0 -0.427484
    outer loop
      vertex -35.5218 -6.75 -25.4877
      vertex -35.5889 -5.75 -25.3458
      vertex -35.5218 -5.75 -25.4877
    endloop
  endfacet
  facet normal -0.904023 -0 -0.427484
    outer loop
      vertex -35.5889 -5.75 -25.3458
      vertex -35.5218 -6.75 -25.4877
      vertex -35.5889 -6.75 -25.3458
    endloop
  endfacet
  facet normal 0.146502 0 -0.98921
    outer loop
      vertex -37.3121 -6.75 -24.5307
      vertex -37.1568 -5.75 -24.5077
      vertex -37.1568 -6.75 -24.5077
    endloop
  endfacet
  facet normal 0.146502 0 -0.98921
    outer loop
      vertex -37.1568 -5.75 -24.5077
      vertex -37.3121 -6.75 -24.5307
      vertex -37.3121 -5.75 -24.5307
    endloop
  endfacet
  facet normal -0.243135 0 -0.969993
    outer loop
      vertex -36.6879 -6.75 -24.5307
      vertex -36.5355 -5.75 -24.5689
      vertex -36.5355 -6.75 -24.5689
    endloop
  endfacet
  facet normal -0.243135 0 -0.969993
    outer loop
      vertex -36.5355 -5.75 -24.5689
      vertex -36.6879 -6.75 -24.5307
      vertex -36.6879 -5.75 -24.5307
    endloop
  endfacet
  facet normal 0.904023 -0 0.427484
    outer loop
      vertex -38.4782 -6.75 -26.7123
      vertex -38.4111 -5.75 -26.8542
      vertex -38.4782 -5.75 -26.7123
    endloop
  endfacet
  facet normal 0.904023 0 0.427484
    outer loop
      vertex -38.4111 -5.75 -26.8542
      vertex -38.4782 -6.75 -26.7123
      vertex -38.4111 -6.75 -26.8542
    endloop
  endfacet
  facet normal -0.336982 0 0.941511
    outer loop
      vertex -36.5355 -5.75 -27.6311
      vertex -36.3877 -6.75 -27.5782
      vertex -36.3877 -5.75 -27.5782
    endloop
  endfacet
  facet normal -0.336982 0 0.941511
    outer loop
      vertex -36.3877 -6.75 -27.5782
      vertex -36.5355 -5.75 -27.6311
      vertex -36.5355 -6.75 -27.6311
    endloop
  endfacet
  facet normal 0.998796 -0 0.049048
    outer loop
      vertex -38.6 -6.75 -26.1
      vertex -38.5923 -5.75 -26.2568
      vertex -38.6 -5.75 -26.1
    endloop
  endfacet
  facet normal 0.998796 0 0.049048
    outer loop
      vertex -38.5923 -5.75 -26.2568
      vertex -38.6 -6.75 -26.1
      vertex -38.5923 -6.75 -26.2568
    endloop
  endfacet
  facet normal -0.049048 0 -0.998796
    outer loop
      vertex -37 -6.75 -24.5
      vertex -36.8432 -5.75 -24.5077
      vertex -36.8432 -6.75 -24.5077
    endloop
  endfacet
  facet normal -0.049048 0 -0.998796
    outer loop
      vertex -36.8432 -5.75 -24.5077
      vertex -37 -6.75 -24.5
      vertex -37 -5.75 -24.5
    endloop
  endfacet
  facet normal -0.80335 0 0.595508
    outer loop
      vertex -35.454 6.75 -27.3688
      vertex -35.3371 11.75 -27.2111
      vertex -35.454 11.75 -27.3688
    endloop
  endfacet
  facet normal -0.80335 0 0.595508
    outer loop
      vertex -35.3371 11.75 -27.2111
      vertex -35.454 6.75 -27.3688
      vertex -35.3371 6.75 -27.2111
    endloop
  endfacet
  facet normal -0.989182 0 -0.146696
    outer loop
      vertex -35.0096 6.75 -25.904
      vertex -35.0384 11.75 -25.7098
      vertex -35.0096 11.75 -25.904
    endloop
  endfacet
  facet normal -0.989182 -0 -0.146696
    outer loop
      vertex -35.0384 11.75 -25.7098
      vertex -35.0096 6.75 -25.904
      vertex -35.0384 6.75 -25.7098
    endloop
  endfacet
  facet normal -0.998803 0 -0.0489209
    outer loop
      vertex -35 6.75 -26.1
      vertex -35.0096 11.75 -25.904
      vertex -35 11.75 -26.1
    endloop
  endfacet
  facet normal -0.998803 -0 -0.0489209
    outer loop
      vertex -35.0096 11.75 -25.904
      vertex -35 6.75 -26.1
      vertex -35.0096 6.75 -25.904
    endloop
  endfacet
  facet normal -0.970023 0 -0.243015
    outer loop
      vertex -35.0384 6.75 -25.7098
      vertex -35.0861 11.75 -25.5194
      vertex -35.0384 11.75 -25.7098
    endloop
  endfacet
  facet normal -0.970023 -0 -0.243015
    outer loop
      vertex -35.0861 11.75 -25.5194
      vertex -35.0384 6.75 -25.7098
      vertex -35.0861 6.75 -25.5194
    endloop
  endfacet
  facet normal -0.857673 0 -0.514196
    outer loop
      vertex -35.2362 6.75 -25.1572
      vertex -35.3371 11.75 -24.9889
      vertex -35.2362 11.75 -25.1572
    endloop
  endfacet
  facet normal -0.857673 -0 -0.514196
    outer loop
      vertex -35.3371 11.75 -24.9889
      vertex -35.2362 6.75 -25.1572
      vertex -35.3371 6.75 -24.9889
    endloop
  endfacet
  facet normal 0.243015 0 -0.970023
    outer loop
      vertex -37.5806 6.75 -24.1861
      vertex -37.3902 11.75 -24.1384
      vertex -37.3902 6.75 -24.1384
    endloop
  endfacet
  facet normal 0.243015 0 -0.970023
    outer loop
      vertex -37.3902 11.75 -24.1384
      vertex -37.5806 6.75 -24.1861
      vertex -37.5806 11.75 -24.1861
    endloop
  endfacet
  facet normal -0.427955 0 0.9038
    outer loop
      vertex -36.2346 11.75 -27.9478
      vertex -36.0572 6.75 -27.8638
      vertex -36.0572 11.75 -27.8638
    endloop
  endfacet
  facet normal -0.427955 0 0.9038
    outer loop
      vertex -36.0572 6.75 -27.8638
      vertex -36.2346 11.75 -27.9478
      vertex -36.2346 6.75 -27.9478
    endloop
  endfacet
  facet normal -0.146696 0 0.989182
    outer loop
      vertex -36.804 11.75 -28.0904
      vertex -36.6098 6.75 -28.0616
      vertex -36.6098 11.75 -28.0616
    endloop
  endfacet
  facet normal -0.146696 0 0.989182
    outer loop
      vertex -36.6098 6.75 -28.0616
      vertex -36.804 11.75 -28.0904
      vertex -36.804 6.75 -28.0904
    endloop
  endfacet
  facet normal 0.336788 0 -0.94158
    outer loop
      vertex -37.7654 6.75 -24.2522
      vertex -37.5806 11.75 -24.1861
      vertex -37.5806 6.75 -24.1861
    endloop
  endfacet
  facet normal 0.336788 0 -0.94158
    outer loop
      vertex -37.5806 11.75 -24.1861
      vertex -37.7654 6.75 -24.2522
      vertex -37.7654 11.75 -24.2522
    endloop
  endfacet
  facet normal -0.336788 0 -0.94158
    outer loop
      vertex -36.4194 6.75 -24.1861
      vertex -36.2346 11.75 -24.2522
      vertex -36.2346 6.75 -24.2522
    endloop
  endfacet
  facet normal -0.336788 0 -0.94158
    outer loop
      vertex -36.2346 11.75 -24.2522
      vertex -36.4194 6.75 -24.1861
      vertex -36.4194 11.75 -24.1861
    endloop
  endfacet
  facet normal 0.970023 0 -0.243015
    outer loop
      vertex -38.9139 6.75 -25.5194
      vertex -38.9616 11.75 -25.7098
      vertex -38.9139 11.75 -25.5194
    endloop
  endfacet
  facet normal 0.970023 0 -0.243015
    outer loop
      vertex -38.9616 11.75 -25.7098
      vertex -38.9139 6.75 -25.5194
      vertex -38.9616 6.75 -25.7098
    endloop
  endfacet
  facet normal -0.970023 0 0.243015
    outer loop
      vertex -35.0861 6.75 -26.6806
      vertex -35.0384 11.75 -26.4902
      vertex -35.0861 11.75 -26.6806
    endloop
  endfacet
  facet normal -0.970023 0 0.243015
    outer loop
      vertex -35.0384 11.75 -26.4902
      vertex -35.0861 6.75 -26.6806
      vertex -35.0384 6.75 -26.4902
    endloop
  endfacet
  facet normal -0.740908 0 -0.671607
    outer loop
      vertex -35.454 6.75 -24.8312
      vertex -35.5858 11.75 -24.6858
      vertex -35.454 11.75 -24.8312
    endloop
  endfacet
  facet normal -0.740908 -0 -0.671607
    outer loop
      vertex -35.5858 11.75 -24.6858
      vertex -35.454 6.75 -24.8312
      vertex -35.5858 6.75 -24.6858
    endloop
  endfacet
  facet normal 0.857673 0 -0.514196
    outer loop
      vertex -38.6629 6.75 -24.9889
      vertex -38.7638 11.75 -25.1572
      vertex -38.6629 11.75 -24.9889
    endloop
  endfacet
  facet normal 0.857673 0 -0.514196
    outer loop
      vertex -38.7638 11.75 -25.1572
      vertex -38.6629 6.75 -24.9889
      vertex -38.7638 6.75 -25.1572
    endloop
  endfacet
  facet normal 0.243015 0 0.970023
    outer loop
      vertex -37.5806 11.75 -28.0139
      vertex -37.3902 6.75 -28.0616
      vertex -37.3902 11.75 -28.0616
    endloop
  endfacet
  facet normal 0.243015 0 0.970023
    outer loop
      vertex -37.3902 6.75 -28.0616
      vertex -37.5806 11.75 -28.0139
      vertex -37.5806 6.75 -28.0139
    endloop
  endfacet
  facet normal -0.514196 0 -0.857673
    outer loop
      vertex -36.0572 6.75 -24.3362
      vertex -35.8889 11.75 -24.4371
      vertex -35.8889 6.75 -24.4371
    endloop
  endfacet
  facet normal -0.514196 0 -0.857673
    outer loop
      vertex -35.8889 11.75 -24.4371
      vertex -36.0572 6.75 -24.3362
      vertex -36.0572 11.75 -24.3362
    endloop
  endfacet
  facet normal 0.94158 -0 0.336788
    outer loop
      vertex -38.9139 6.75 -26.6806
      vertex -38.8478 11.75 -26.8654
      vertex -38.9139 11.75 -26.6806
    endloop
  endfacet
  facet normal 0.94158 0 0.336788
    outer loop
      vertex -38.8478 11.75 -26.8654
      vertex -38.9139 6.75 -26.6806
      vertex -38.8478 6.75 -26.8654
    endloop
  endfacet
  facet normal -0.989182 0 0.146696
    outer loop
      vertex -35.0384 6.75 -26.4902
      vertex -35.0096 11.75 -26.296
      vertex -35.0384 11.75 -26.4902
    endloop
  endfacet
  facet normal -0.989182 0 0.146696
    outer loop
      vertex -35.0096 11.75 -26.296
      vertex -35.0384 6.75 -26.4902
      vertex -35.0096 6.75 -26.296
    endloop
  endfacet
  facet normal 0.671607 0 -0.740908
    outer loop
      vertex -38.4142 6.75 -24.6858
      vertex -38.2688 11.75 -24.554
      vertex -38.2688 6.75 -24.554
    endloop
  endfacet
  facet normal 0.671607 0 -0.740908
    outer loop
      vertex -38.2688 11.75 -24.554
      vertex -38.4142 6.75 -24.6858
      vertex -38.4142 11.75 -24.6858
    endloop
  endfacet
  facet normal 0.94158 0 -0.336788
    outer loop
      vertex -38.8478 6.75 -25.3346
      vertex -38.9139 11.75 -25.5194
      vertex -38.8478 11.75 -25.3346
    endloop
  endfacet
  facet normal 0.94158 0 -0.336788
    outer loop
      vertex -38.9139 11.75 -25.5194
      vertex -38.8478 6.75 -25.3346
      vertex -38.9139 6.75 -25.5194
    endloop
  endfacet
  facet normal -0.427955 0 -0.9038
    outer loop
      vertex -36.2346 6.75 -24.2522
      vertex -36.0572 11.75 -24.3362
      vertex -36.0572 6.75 -24.3362
    endloop
  endfacet
  facet normal -0.427955 0 -0.9038
    outer loop
      vertex -36.0572 11.75 -24.3362
      vertex -36.2346 6.75 -24.2522
      vertex -36.2346 11.75 -24.2522
    endloop
  endfacet
  facet normal -0.94158 0 -0.336788
    outer loop
      vertex -35.0861 6.75 -25.5194
      vertex -35.1522 11.75 -25.3346
      vertex -35.0861 11.75 -25.5194
    endloop
  endfacet
  facet normal -0.94158 -0 -0.336788
    outer loop
      vertex -35.1522 11.75 -25.3346
      vertex -35.0861 6.75 -25.5194
      vertex -35.1522 6.75 -25.3346
    endloop
  endfacet
  facet normal 0.514196 0 0.857673
    outer loop
      vertex -38.1111 11.75 -27.7629
      vertex -37.9428 6.75 -27.8638
      vertex -37.9428 11.75 -27.8638
    endloop
  endfacet
  facet normal 0.514196 0 0.857673
    outer loop
      vertex -37.9428 6.75 -27.8638
      vertex -38.1111 11.75 -27.7629
      vertex -38.1111 6.75 -27.7629
    endloop
  endfacet
  facet normal -0.243015 0 -0.970023
    outer loop
      vertex -36.6098 6.75 -24.1384
      vertex -36.4194 11.75 -24.1861
      vertex -36.4194 6.75 -24.1861
    endloop
  endfacet
  facet normal -0.243015 0 -0.970023
    outer loop
      vertex -36.4194 11.75 -24.1861
      vertex -36.6098 6.75 -24.1384
      vertex -36.6098 11.75 -24.1384
    endloop
  endfacet
  facet normal 0.427955 0 -0.9038
    outer loop
      vertex -37.9428 6.75 -24.3362
      vertex -37.7654 11.75 -24.2522
      vertex -37.7654 6.75 -24.2522
    endloop
  endfacet
  facet normal 0.427955 0 -0.9038
    outer loop
      vertex -37.7654 11.75 -24.2522
      vertex -37.9428 6.75 -24.3362
      vertex -37.9428 11.75 -24.3362
    endloop
  endfacet
  facet normal -0.9038 0 -0.427955
    outer loop
      vertex -35.1522 6.75 -25.3346
      vertex -35.2362 11.75 -25.1572
      vertex -35.1522 11.75 -25.3346
    endloop
  endfacet
  facet normal -0.9038 -0 -0.427955
    outer loop
      vertex -35.2362 11.75 -25.1572
      vertex -35.1522 6.75 -25.3346
      vertex -35.2362 6.75 -25.1572
    endloop
  endfacet
  facet normal 0.671607 0 0.740908
    outer loop
      vertex -38.4142 11.75 -27.5142
      vertex -38.2688 6.75 -27.646
      vertex -38.2688 11.75 -27.646
    endloop
  endfacet
  facet normal 0.671607 0 0.740908
    outer loop
      vertex -38.2688 6.75 -27.646
      vertex -38.4142 11.75 -27.5142
      vertex -38.4142 6.75 -27.5142
    endloop
  endfacet
  facet normal 0.857673 -0 0.514196
    outer loop
      vertex -38.7638 6.75 -27.0428
      vertex -38.6629 11.75 -27.2111
      vertex -38.7638 11.75 -27.0428
    endloop
  endfacet
  facet normal 0.857673 0 0.514196
    outer loop
      vertex -38.6629 11.75 -27.2111
      vertex -38.7638 6.75 -27.0428
      vertex -38.6629 6.75 -27.2111
    endloop
  endfacet
  facet normal -0.80335 0 -0.595508
    outer loop
      vertex -35.3371 6.75 -24.9889
      vertex -35.454 11.75 -24.8312
      vertex -35.3371 11.75 -24.9889
    endloop
  endfacet
  facet normal -0.80335 -0 -0.595508
    outer loop
      vertex -35.454 11.75 -24.8312
      vertex -35.3371 6.75 -24.9889
      vertex -35.454 6.75 -24.8312
    endloop
  endfacet
  facet normal -0.740908 0 0.671607
    outer loop
      vertex -35.5858 6.75 -27.5142
      vertex -35.454 11.75 -27.3688
      vertex -35.5858 11.75 -27.5142
    endloop
  endfacet
  facet normal -0.740908 0 0.671607
    outer loop
      vertex -35.454 11.75 -27.3688
      vertex -35.5858 6.75 -27.5142
      vertex -35.454 6.75 -27.3688
    endloop
  endfacet
  facet normal 0.0489209 0 -0.998803
    outer loop
      vertex -37.196 6.75 -24.1096
      vertex -37 11.75 -24.1
      vertex -37 6.75 -24.1
    endloop
  endfacet
  facet normal 0.0489209 0 -0.998803
    outer loop
      vertex -37 11.75 -24.1
      vertex -37.196 6.75 -24.1096
      vertex -37.196 11.75 -24.1096
    endloop
  endfacet
  facet normal 0.514196 0 -0.857673
    outer loop
      vertex -38.1111 6.75 -24.4371
      vertex -37.9428 11.75 -24.3362
      vertex -37.9428 6.75 -24.3362
    endloop
  endfacet
  facet normal 0.514196 0 -0.857673
    outer loop
      vertex -37.9428 11.75 -24.3362
      vertex -38.1111 6.75 -24.4371
      vertex -38.1111 11.75 -24.4371
    endloop
  endfacet
  facet normal 0.998803 0 -0.0489209
    outer loop
      vertex -38.9904 6.75 -25.904
      vertex -39 11.75 -26.1
      vertex -38.9904 11.75 -25.904
    endloop
  endfacet
  facet normal 0.998803 0 -0.0489209
    outer loop
      vertex -39 11.75 -26.1
      vertex -38.9904 6.75 -25.904
      vertex -39 6.75 -26.1
    endloop
  endfacet
  facet normal 0.146696 0 0.989182
    outer loop
      vertex -37.3902 11.75 -28.0616
      vertex -37.196 6.75 -28.0904
      vertex -37.196 11.75 -28.0904
    endloop
  endfacet
  facet normal 0.146696 0 0.989182
    outer loop
      vertex -37.196 6.75 -28.0904
      vertex -37.3902 11.75 -28.0616
      vertex -37.3902 6.75 -28.0616
    endloop
  endfacet
  facet normal -0.595508 0 -0.80335
    outer loop
      vertex -35.8889 6.75 -24.4371
      vertex -35.7312 11.75 -24.554
      vertex -35.7312 6.75 -24.554
    endloop
  endfacet
  facet normal -0.595508 0 -0.80335
    outer loop
      vertex -35.7312 11.75 -24.554
      vertex -35.8889 6.75 -24.4371
      vertex -35.8889 11.75 -24.4371
    endloop
  endfacet
  facet normal -0.671607 0 -0.740908
    outer loop
      vertex -35.7312 6.75 -24.554
      vertex -35.5858 11.75 -24.6858
      vertex -35.5858 6.75 -24.6858
    endloop
  endfacet
  facet normal -0.671607 0 -0.740908
    outer loop
      vertex -35.5858 11.75 -24.6858
      vertex -35.7312 6.75 -24.554
      vertex -35.7312 11.75 -24.554
    endloop
  endfacet
  facet normal 0.0489209 0 0.998803
    outer loop
      vertex -37.196 11.75 -28.0904
      vertex -37 6.75 -28.1
      vertex -37 11.75 -28.1
    endloop
  endfacet
  facet normal 0.0489209 0 0.998803
    outer loop
      vertex -37 6.75 -28.1
      vertex -37.196 11.75 -28.0904
      vertex -37.196 6.75 -28.0904
    endloop
  endfacet
  facet normal -0.998803 0 0.0489209
    outer loop
      vertex -35.0096 6.75 -26.296
      vertex -35 11.75 -26.1
      vertex -35.0096 11.75 -26.296
    endloop
  endfacet
  facet normal -0.998803 0 0.0489209
    outer loop
      vertex -35 11.75 -26.1
      vertex -35.0096 6.75 -26.296
      vertex -35 6.75 -26.1
    endloop
  endfacet
  facet normal -0.857673 0 0.514196
    outer loop
      vertex -35.3371 6.75 -27.2111
      vertex -35.2362 11.75 -27.0428
      vertex -35.3371 11.75 -27.2111
    endloop
  endfacet
  facet normal -0.857673 0 0.514196
    outer loop
      vertex -35.2362 11.75 -27.0428
      vertex -35.3371 6.75 -27.2111
      vertex -35.2362 6.75 -27.0428
    endloop
  endfacet
  facet normal -0.0489209 0 0.998803
    outer loop
      vertex -37 11.75 -28.1
      vertex -36.804 6.75 -28.0904
      vertex -36.804 11.75 -28.0904
    endloop
  endfacet
  facet normal -0.0489209 0 0.998803
    outer loop
      vertex -36.804 6.75 -28.0904
      vertex -37 11.75 -28.1
      vertex -37 6.75 -28.1
    endloop
  endfacet
  facet normal 0.970023 -0 0.243015
    outer loop
      vertex -38.9616 6.75 -26.4902
      vertex -38.9139 11.75 -26.6806
      vertex -38.9616 11.75 -26.4902
    endloop
  endfacet
  facet normal 0.970023 0 0.243015
    outer loop
      vertex -38.9139 11.75 -26.6806
      vertex -38.9616 6.75 -26.4902
      vertex -38.9139 6.75 -26.6806
    endloop
  endfacet
  facet normal 0.740908 -0 0.671607
    outer loop
      vertex -38.546 6.75 -27.3688
      vertex -38.4142 11.75 -27.5142
      vertex -38.546 11.75 -27.3688
    endloop
  endfacet
  facet normal 0.740908 0 0.671607
    outer loop
      vertex -38.4142 11.75 -27.5142
      vertex -38.546 6.75 -27.3688
      vertex -38.4142 6.75 -27.5142
    endloop
  endfacet
  facet normal -0.146696 0 -0.989182
    outer loop
      vertex -36.804 6.75 -24.1096
      vertex -36.6098 11.75 -24.1384
      vertex -36.6098 6.75 -24.1384
    endloop
  endfacet
  facet normal -0.146696 0 -0.989182
    outer loop
      vertex -36.6098 11.75 -24.1384
      vertex -36.804 6.75 -24.1096
      vertex -36.804 11.75 -24.1096
    endloop
  endfacet
  facet normal 0 1 0
    outer loop
      vertex -37 6.75 -24.5
      vertex -37 6.75 -24.1
      vertex -36.804 6.75 -24.1096
    endloop
  endfacet
  facet normal 0 1 0
    outer loop
      vertex -36.8432 6.75 -24.5077
      vertex -36.804 6.75 -24.1096
      vertex -36.6098 6.75 -24.1384
    endloop
  endfacet
  facet normal 0 1 0
    outer loop
      vertex -37 6.75 -24.1
      vertex -37 6.75 -24.5
      vertex -37.196 6.75 -24.1096
    endloop
  endfacet
  facet normal 0 1 0
    outer loop
      vertex -36.6879 6.75 -24.5307
      vertex -36.6098 6.75 -24.1384
      vertex -36.4194 6.75 -24.1861
    endloop
  endfacet
  facet normal 0 1 -0
    outer loop
      vertex -37.1568 6.75 -24.5077
      vertex -37.196 6.75 -24.1096
      vertex -37 6.75 -24.5
    endloop
  endfacet
  facet normal 0 1 0
    outer loop
      vertex -36.5355 6.75 -24.5689
      vertex -36.4194 6.75 -24.1861
      vertex -36.2346 6.75 -24.2522
    endloop
  endfacet
  facet normal 0 1 0
    outer loop
      vertex -37.196 6.75 -24.1096
      vertex -37.1568 6.75 -24.5077
      vertex -37.3902 6.75 -24.1384
    endloop
  endfacet
  facet normal 0 1 0
    outer loop
      vertex -36.3877 6.75 -24.6218
      vertex -36.2346 6.75 -24.2522
      vertex -36.0572 6.75 -24.3362
    endloop
  endfacet
  facet normal 0 1 -0
    outer loop
      vertex -37.3121 6.75 -24.5307
      vertex -37.3902 6.75 -24.1384
      vertex -37.1568 6.75 -24.5077
    endloop
  endfacet
  facet normal 0 1 0
    outer loop
      vertex -36.2458 6.75 -24.6889
      vertex -36.0572 6.75 -24.3362
      vertex -35.8889 6.75 -24.4371
    endloop
  endfacet
  facet normal 0 1 0
    outer loop
      vertex -37.3902 6.75 -24.1384
      vertex -37.3121 6.75 -24.5307
      vertex -37.5806 6.75 -24.1861
    endloop
  endfacet
  facet normal 0 1 -0
    outer loop
      vertex -37.4645 6.75 -24.5689
      vertex -37.5806 6.75 -24.1861
      vertex -37.3121 6.75 -24.5307
    endloop
  endfacet
  facet normal 0 1 0
    outer loop
      vertex -36.804 6.75 -24.1096
      vertex -36.8432 6.75 -24.5077
      vertex -37 6.75 -24.5
    endloop
  endfacet
  facet normal 0 1 0
    outer loop
      vertex -36.6098 6.75 -24.1384
      vertex -36.6879 6.75 -24.5307
      vertex -36.8432 6.75 -24.5077
    endloop
  endfacet
  facet normal 0 1 0
    outer loop
      vertex -36.1111 6.75 -24.7696
      vertex -35.8889 6.75 -24.4371
      vertex -35.7312 6.75 -24.554
    endloop
  endfacet
  facet normal 0 1 0
    outer loop
      vertex -36.4194 6.75 -24.1861
      vertex -36.5355 6.75 -24.5689
      vertex -36.6879 6.75 -24.5307
    endloop
  endfacet
  facet normal 0 1 0
    outer loop
      vertex -36.2346 6.75 -24.2522
      vertex -36.3877 6.75 -24.6218
      vertex -36.5355 6.75 -24.5689
    endloop
  endfacet
  facet normal 0 1 0
    outer loop
      vertex -35.985 6.75 -24.8632
      vertex -35.7312 6.75 -24.554
      vertex -35.5858 6.75 -24.6858
    endloop
  endfacet
  facet normal 0 1 0
    outer loop
      vertex -36.0572 6.75 -24.3362
      vertex -36.2458 6.75 -24.6889
      vertex -36.3877 6.75 -24.6218
    endloop
  endfacet
  facet normal 0 1 0
    outer loop
      vertex -35.8889 6.75 -24.4371
      vertex -36.1111 6.75 -24.7696
      vertex -36.2458 6.75 -24.6889
    endloop
  endfacet
  facet normal 0 1 0
    outer loop
      vertex -35.8686 6.75 -24.9686
      vertex -35.5858 6.75 -24.6858
      vertex -35.454 6.75 -24.8312
    endloop
  endfacet
  facet normal 0 1 0
    outer loop
      vertex -35.7312 6.75 -24.554
      vertex -35.985 6.75 -24.8632
      vertex -36.1111 6.75 -24.7696
    endloop
  endfacet
  facet normal 0 1 0
    outer loop
      vertex -35.5858 6.75 -24.6858
      vertex -35.8686 6.75 -24.9686
      vertex -35.985 6.75 -24.8632
    endloop
  endfacet
  facet normal 0 1 0
    outer loop
      vertex -35.7632 6.75 -25.085
      vertex -35.454 6.75 -24.8312
      vertex -35.3371 6.75 -24.9889
    endloop
  endfacet
  facet normal 0 1 0
    outer loop
      vertex -35.454 6.75 -24.8312
      vertex -35.7632 6.75 -25.085
      vertex -35.8686 6.75 -24.9686
    endloop
  endfacet
  facet normal 0 1 0
    outer loop
      vertex -35.6696 6.75 -25.2111
      vertex -35.3371 6.75 -24.9889
      vertex -35.2362 6.75 -25.1572
    endloop
  endfacet
  facet normal 0 1 0
    outer loop
      vertex -35.3371 6.75 -24.9889
      vertex -35.6696 6.75 -25.2111
      vertex -35.7632 6.75 -25.085
    endloop
  endfacet
  facet normal 0 1 0
    outer loop
      vertex -35.5889 6.75 -25.3458
      vertex -35.2362 6.75 -25.1572
      vertex -35.1522 6.75 -25.3346
    endloop
  endfacet
  facet normal 0 1 0
    outer loop
      vertex -35.2362 6.75 -25.1572
      vertex -35.5889 6.75 -25.3458
      vertex -35.6696 6.75 -25.2111
    endloop
  endfacet
  facet normal 0 1 0
    outer loop
      vertex -35.1522 6.75 -25.3346
      vertex -35.5218 6.75 -25.4877
      vertex -35.5889 6.75 -25.3458
    endloop
  endfacet
  facet normal 0 1 0
    outer loop
      vertex -35.0861 6.75 -25.5194
      vertex -35.5218 6.75 -25.4877
      vertex -35.1522 6.75 -25.3346
    endloop
  endfacet
  facet normal 0 1 0
    outer loop
      vertex -35.0861 6.75 -25.5194
      vertex -35.4689 6.75 -25.6355
      vertex -35.5218 6.75 -25.4877
    endloop
  endfacet
  facet normal 0 1 0
    outer loop
      vertex -35.0384 6.75 -25.7098
      vertex -35.4689 6.75 -25.6355
      vertex -35.0861 6.75 -25.5194
    endloop
  endfacet
  facet normal 0 1 0
    outer loop
      vertex -35.0384 6.75 -25.7098
      vertex -35.4307 6.75 -25.7879
      vertex -35.4689 6.75 -25.6355
    endloop
  endfacet
  facet normal 0 1 0
    outer loop
      vertex -35.0096 6.75 -25.904
      vertex -35.4307 6.75 -25.7879
      vertex -35.0384 6.75 -25.7098
    endloop
  endfacet
  facet normal 0 1 0
    outer loop
      vertex -35.0096 6.75 -25.904
      vertex -35.4077 6.75 -25.9432
      vertex -35.4307 6.75 -25.7879
    endloop
  endfacet
  facet normal 0 1 0
    outer loop
      vertex -35 6.75 -26.1
      vertex -35.4077 6.75 -25.9432
      vertex -35.0096 6.75 -25.904
    endloop
  endfacet
  facet normal 0 1 0
    outer loop
      vertex -35 6.75 -26.1
      vertex -35.4 6.75 -26.1
      vertex -35.4077 6.75 -25.9432
    endloop
  endfacet
  facet normal 0 1 0
    outer loop
      vertex -35 6.75 -26.1
      vertex -35.4077 6.75 -26.2568
      vertex -35.4 6.75 -26.1
    endloop
  endfacet
  facet normal 0 1 -0
    outer loop
      vertex -35.0096 6.75 -26.296
      vertex -35.4077 6.75 -26.2568
      vertex -35 6.75 -26.1
    endloop
  endfacet
  facet normal 0 1 0
    outer loop
      vertex -35.0096 6.75 -26.296
      vertex -35.4307 6.75 -26.4121
      vertex -35.4077 6.75 -26.2568
    endloop
  endfacet
  facet normal 0 1 -0
    outer loop
      vertex -35.0384 6.75 -26.4902
      vertex -35.4307 6.75 -26.4121
      vertex -35.0096 6.75 -26.296
    endloop
  endfacet
  facet normal 0 1 0
    outer loop
      vertex -35.0384 6.75 -26.4902
      vertex -35.4689 6.75 -26.5645
      vertex -35.4307 6.75 -26.4121
    endloop
  endfacet
  facet normal 0 1 -0
    outer loop
      vertex -35.0861 6.75 -26.6806
      vertex -35.4689 6.75 -26.5645
      vertex -35.0384 6.75 -26.4902
    endloop
  endfacet
  facet normal 0 1 0
    outer loop
      vertex -35.0861 6.75 -26.6806
      vertex -35.5218 6.75 -26.7123
      vertex -35.4689 6.75 -26.5645
    endloop
  endfacet
  facet normal 0 1 -0
    outer loop
      vertex -35.1522 6.75 -26.8654
      vertex -35.5218 6.75 -26.7123
      vertex -35.0861 6.75 -26.6806
    endloop
  endfacet
  facet normal 0 1 0
    outer loop
      vertex -35.5218 6.75 -26.7123
      vertex -35.1522 6.75 -26.8654
      vertex -35.5889 6.75 -26.8542
    endloop
  endfacet
  facet normal 0 1 -0
    outer loop
      vertex -35.2362 6.75 -27.0428
      vertex -35.5889 6.75 -26.8542
      vertex -35.1522 6.75 -26.8654
    endloop
  endfacet
  facet normal 0 1 0
    outer loop
      vertex -35.5889 6.75 -26.8542
      vertex -35.2362 6.75 -27.0428
      vertex -35.6696 6.75 -26.9889
    endloop
  endfacet
  facet normal 0 1 -0
    outer loop
      vertex -35.3371 6.75 -27.2111
      vertex -35.6696 6.75 -26.9889
      vertex -35.2362 6.75 -27.0428
    endloop
  endfacet
  facet normal 0 1 0
    outer loop
      vertex -35.6696 6.75 -26.9889
      vertex -35.3371 6.75 -27.2111
      vertex -35.7632 6.75 -27.115
    endloop
  endfacet
  facet normal 0 1 -0
    outer loop
      vertex -35.454 6.75 -27.3688
      vertex -35.7632 6.75 -27.115
      vertex -35.3371 6.75 -27.2111
    endloop
  endfacet
  facet normal 0 1 0
    outer loop
      vertex -35.7632 6.75 -27.115
      vertex -35.454 6.75 -27.3688
      vertex -35.8686 6.75 -27.2314
    endloop
  endfacet
  facet normal 0 1 -0
    outer loop
      vertex -35.5858 6.75 -27.5142
      vertex -35.8686 6.75 -27.2314
      vertex -35.454 6.75 -27.3688
    endloop
  endfacet
  facet normal 0 1 0
    outer loop
      vertex -35.8686 6.75 -27.2314
      vertex -35.5858 6.75 -27.5142
      vertex -35.985 6.75 -27.3368
    endloop
  endfacet
  facet normal 0 1 -0
    outer loop
      vertex -35.7312 6.75 -27.646
      vertex -35.985 6.75 -27.3368
      vertex -35.5858 6.75 -27.5142
    endloop
  endfacet
  facet normal 0 1 0
    outer loop
      vertex -35.985 6.75 -27.3368
      vertex -35.7312 6.75 -27.646
      vertex -36.1111 6.75 -27.4304
    endloop
  endfacet
  facet normal 0 1 -0
    outer loop
      vertex -35.8889 6.75 -27.7629
      vertex -36.1111 6.75 -27.4304
      vertex -35.7312 6.75 -27.646
    endloop
  endfacet
  facet normal 0 1 0
    outer loop
      vertex -36.1111 6.75 -27.4304
      vertex -35.8889 6.75 -27.7629
      vertex -36.2458 6.75 -27.5111
    endloop
  endfacet
  facet normal 0 1 -0
    outer loop
      vertex -36.0572 6.75 -27.8638
      vertex -36.2458 6.75 -27.5111
      vertex -35.8889 6.75 -27.7629
    endloop
  endfacet
  facet normal 0 1 0
    outer loop
      vertex -36.2458 6.75 -27.5111
      vertex -36.0572 6.75 -27.8638
      vertex -36.3877 6.75 -27.5782
    endloop
  endfacet
  facet normal 0 1 -0
    outer loop
      vertex -36.2346 6.75 -27.9478
      vertex -36.3877 6.75 -27.5782
      vertex -36.0572 6.75 -27.8638
    endloop
  endfacet
  facet normal 0 1 0
    outer loop
      vertex -36.3877 6.75 -27.5782
      vertex -36.2346 6.75 -27.9478
      vertex -36.5355 6.75 -27.6311
    endloop
  endfacet
  facet normal 0 1 -0
    outer loop
      vertex -36.4194 6.75 -28.0139
      vertex -36.5355 6.75 -27.6311
      vertex -36.2346 6.75 -27.9478
    endloop
  endfacet
  facet normal 0 1 0
    outer loop
      vertex -37.5806 6.75 -24.1861
      vertex -37.4645 6.75 -24.5689
      vertex -37.7654 6.75 -24.2522
    endloop
  endfacet
  facet normal 0 1 -0
    outer loop
      vertex -37.6123 6.75 -24.6218
      vertex -37.7654 6.75 -24.2522
      vertex -37.4645 6.75 -24.5689
    endloop
  endfacet
  facet normal 0 1 0
    outer loop
      vertex -37.7654 6.75 -24.2522
      vertex -37.6123 6.75 -24.6218
      vertex -37.9428 6.75 -24.3362
    endloop
  endfacet
  facet normal 0 1 -0
    outer loop
      vertex -37.7542 6.75 -24.6889
      vertex -37.9428 6.75 -24.3362
      vertex -37.6123 6.75 -24.6218
    endloop
  endfacet
  facet normal 0 1 0
    outer loop
      vertex -37.9428 6.75 -24.3362
      vertex -37.7542 6.75 -24.6889
      vertex -38.1111 6.75 -24.4371
    endloop
  endfacet
  facet normal 0 1 -0
    outer loop
      vertex -37.8889 6.75 -24.7696
      vertex -38.1111 6.75 -24.4371
      vertex -37.7542 6.75 -24.6889
    endloop
  endfacet
  facet normal 0 1 0
    outer loop
      vertex -38.1111 6.75 -24.4371
      vertex -37.8889 6.75 -24.7696
      vertex -38.2688 6.75 -24.554
    endloop
  endfacet
  facet normal 0 1 -0
    outer loop
      vertex -38.015 6.75 -24.8632
      vertex -38.2688 6.75 -24.554
      vertex -37.8889 6.75 -24.7696
    endloop
  endfacet
  facet normal 0 1 0
    outer loop
      vertex -38.2688 6.75 -24.554
      vertex -38.015 6.75 -24.8632
      vertex -38.4142 6.75 -24.6858
    endloop
  endfacet
  facet normal 0 1 -0
    outer loop
      vertex -38.1314 6.75 -24.9686
      vertex -38.4142 6.75 -24.6858
      vertex -38.015 6.75 -24.8632
    endloop
  endfacet
  facet normal 0 1 0
    outer loop
      vertex -38.4142 6.75 -24.6858
      vertex -38.1314 6.75 -24.9686
      vertex -38.546 6.75 -24.8312
    endloop
  endfacet
  facet normal 0 1 -0
    outer loop
      vertex -38.2368 6.75 -25.085
      vertex -38.546 6.75 -24.8312
      vertex -38.1314 6.75 -24.9686
    endloop
  endfacet
  facet normal 0 1 0
    outer loop
      vertex -38.546 6.75 -24.8312
      vertex -38.2368 6.75 -25.085
      vertex -38.6629 6.75 -24.9889
    endloop
  endfacet
  facet normal 0 1 -0
    outer loop
      vertex -38.3304 6.75 -25.2111
      vertex -38.6629 6.75 -24.9889
      vertex -38.2368 6.75 -25.085
    endloop
  endfacet
  facet normal 0 1 0
    outer loop
      vertex -38.6629 6.75 -24.9889
      vertex -38.3304 6.75 -25.2111
      vertex -38.7638 6.75 -25.1572
    endloop
  endfacet
  facet normal 0 1 -0
    outer loop
      vertex -38.4111 6.75 -25.3458
      vertex -38.7638 6.75 -25.1572
      vertex -38.3304 6.75 -25.2111
    endloop
  endfacet
  facet normal 0 1 0
    outer loop
      vertex -38.7638 6.75 -25.1572
      vertex -38.4111 6.75 -25.3458
      vertex -38.8478 6.75 -25.3346
    endloop
  endfacet
  facet normal 0 1 -0
    outer loop
      vertex -38.4782 6.75 -25.4877
      vertex -38.8478 6.75 -25.3346
      vertex -38.4111 6.75 -25.3458
    endloop
  endfacet
  facet normal 0 1 0
    outer loop
      vertex -38.4782 6.75 -25.4877
      vertex -38.9139 6.75 -25.5194
      vertex -38.8478 6.75 -25.3346
    endloop
  endfacet
  facet normal 0 1 -0
    outer loop
      vertex -38.5311 6.75 -25.6355
      vertex -38.9139 6.75 -25.5194
      vertex -38.4782 6.75 -25.4877
    endloop
  endfacet
  facet normal 0 1 0
    outer loop
      vertex -38.5311 6.75 -25.6355
      vertex -38.9616 6.75 -25.7098
      vertex -38.9139 6.75 -25.5194
    endloop
  endfacet
  facet normal 0 1 -0
    outer loop
      vertex -38.5693 6.75 -25.7879
      vertex -38.9616 6.75 -25.7098
      vertex -38.5311 6.75 -25.6355
    endloop
  endfacet
  facet normal 0 1 0
    outer loop
      vertex -38.5693 6.75 -25.7879
      vertex -38.9904 6.75 -25.904
      vertex -38.9616 6.75 -25.7098
    endloop
  endfacet
  facet normal 0 1 -0
    outer loop
      vertex -38.5923 6.75 -25.9432
      vertex -38.9904 6.75 -25.904
      vertex -38.5693 6.75 -25.7879
    endloop
  endfacet
  facet normal 0 1 -0
    outer loop
      vertex -38.6 6.75 -26.1
      vertex -38.9904 6.75 -25.904
      vertex -38.5923 6.75 -25.9432
    endloop
  endfacet
  facet normal 0 1 0
    outer loop
      vertex -38.6 6.75 -26.1
      vertex -39 6.75 -26.1
      vertex -38.9904 6.75 -25.904
    endloop
  endfacet
  facet normal 0 1 0
    outer loop
      vertex -38.5923 6.75 -26.2568
      vertex -39 6.75 -26.1
      vertex -38.6 6.75 -26.1
    endloop
  endfacet
  facet normal 0 1 0
    outer loop
      vertex -38.5923 6.75 -26.2568
      vertex -38.9904 6.75 -26.296
      vertex -39 6.75 -26.1
    endloop
  endfacet
  facet normal 0 1 0
    outer loop
      vertex -38.5693 6.75 -26.4121
      vertex -38.9904 6.75 -26.296
      vertex -38.5923 6.75 -26.2568
    endloop
  endfacet
  facet normal 0 1 0
    outer loop
      vertex -38.5693 6.75 -26.4121
      vertex -38.9616 6.75 -26.4902
      vertex -38.9904 6.75 -26.296
    endloop
  endfacet
  facet normal 0 1 0
    outer loop
      vertex -38.5311 6.75 -26.5645
      vertex -38.9616 6.75 -26.4902
      vertex -38.5693 6.75 -26.4121
    endloop
  endfacet
  facet normal 0 1 0
    outer loop
      vertex -38.5311 6.75 -26.5645
      vertex -38.9139 6.75 -26.6806
      vertex -38.9616 6.75 -26.4902
    endloop
  endfacet
  facet normal 0 1 0
    outer loop
      vertex -38.4782 6.75 -26.7123
      vertex -38.9139 6.75 -26.6806
      vertex -38.5311 6.75 -26.5645
    endloop
  endfacet
  facet normal 0 1 0
    outer loop
      vertex -38.8478 6.75 -26.8654
      vertex -38.4782 6.75 -26.7123
      vertex -38.4111 6.75 -26.8542
    endloop
  endfacet
  facet normal 0 1 0
    outer loop
      vertex -38.4782 6.75 -26.7123
      vertex -38.8478 6.75 -26.8654
      vertex -38.9139 6.75 -26.6806
    endloop
  endfacet
  facet normal 0 1 0
    outer loop
      vertex -38.7638 6.75 -27.0428
      vertex -38.4111 6.75 -26.8542
      vertex -38.3304 6.75 -26.9889
    endloop
  endfacet
  facet normal 0 1 0
    outer loop
      vertex -38.4111 6.75 -26.8542
      vertex -38.7638 6.75 -27.0428
      vertex -38.8478 6.75 -26.8654
    endloop
  endfacet
  facet normal 0 1 0
    outer loop
      vertex -38.6629 6.75 -27.2111
      vertex -38.3304 6.75 -26.9889
      vertex -38.2368 6.75 -27.115
    endloop
  endfacet
  facet normal 0 1 0
    outer loop
      vertex -38.3304 6.75 -26.9889
      vertex -38.6629 6.75 -27.2111
      vertex -38.7638 6.75 -27.0428
    endloop
  endfacet
  facet normal 0 1 0
    outer loop
      vertex -38.546 6.75 -27.3688
      vertex -38.2368 6.75 -27.115
      vertex -38.1314 6.75 -27.2314
    endloop
  endfacet
  facet normal 0 1 0
    outer loop
      vertex -38.4142 6.75 -27.5142
      vertex -38.1314 6.75 -27.2314
      vertex -38.015 6.75 -27.3368
    endloop
  endfacet
  facet normal 0 1 0
    outer loop
      vertex -38.2368 6.75 -27.115
      vertex -38.546 6.75 -27.3688
      vertex -38.6629 6.75 -27.2111
    endloop
  endfacet
  facet normal 0 1 0
    outer loop
      vertex -38.2688 6.75 -27.646
      vertex -38.015 6.75 -27.3368
      vertex -37.8889 6.75 -27.4304
    endloop
  endfacet
  facet normal 0 1 0
    outer loop
      vertex -38.1111 6.75 -27.7629
      vertex -37.8889 6.75 -27.4304
      vertex -37.7542 6.75 -27.5111
    endloop
  endfacet
  facet normal 0 1 0
    outer loop
      vertex -38.1314 6.75 -27.2314
      vertex -38.4142 6.75 -27.5142
      vertex -38.546 6.75 -27.3688
    endloop
  endfacet
  facet normal 0 1 0
    outer loop
      vertex -37.9428 6.75 -27.8638
      vertex -37.7542 6.75 -27.5111
      vertex -37.6123 6.75 -27.5782
    endloop
  endfacet
  facet normal 0 1 0
    outer loop
      vertex -37.7654 6.75 -27.9478
      vertex -37.6123 6.75 -27.5782
      vertex -37.4645 6.75 -27.6311
    endloop
  endfacet
  facet normal 0 1 0
    outer loop
      vertex -38.015 6.75 -27.3368
      vertex -38.2688 6.75 -27.646
      vertex -38.4142 6.75 -27.5142
    endloop
  endfacet
  facet normal 0 1 0
    outer loop
      vertex -37.5806 6.75 -28.0139
      vertex -37.4645 6.75 -27.6311
      vertex -37.3121 6.75 -27.6693
    endloop
  endfacet
  facet normal 0 1 0
    outer loop
      vertex -37.3902 6.75 -28.0616
      vertex -37.3121 6.75 -27.6693
      vertex -37.1568 6.75 -27.6923
    endloop
  endfacet
  facet normal 0 1 0
    outer loop
      vertex -37.196 6.75 -28.0904
      vertex -37.1568 6.75 -27.6923
      vertex -37 6.75 -27.7
    endloop
  endfacet
  facet normal 0 1 0
    outer loop
      vertex -36.5355 6.75 -27.6311
      vertex -36.4194 6.75 -28.0139
      vertex -36.6879 6.75 -27.6693
    endloop
  endfacet
  facet normal 0 1 0
    outer loop
      vertex -37.8889 6.75 -27.4304
      vertex -38.1111 6.75 -27.7629
      vertex -38.2688 6.75 -27.646
    endloop
  endfacet
  facet normal 0 1 -0
    outer loop
      vertex -36.6098 6.75 -28.0616
      vertex -36.6879 6.75 -27.6693
      vertex -36.4194 6.75 -28.0139
    endloop
  endfacet
  facet normal 0 1 0
    outer loop
      vertex -37.7542 6.75 -27.5111
      vertex -37.9428 6.75 -27.8638
      vertex -38.1111 6.75 -27.7629
    endloop
  endfacet
  facet normal 0 1 0
    outer loop
      vertex -36.6879 6.75 -27.6693
      vertex -36.6098 6.75 -28.0616
      vertex -36.8432 6.75 -27.6923
    endloop
  endfacet
  facet normal 0 1 0
    outer loop
      vertex -37.6123 6.75 -27.5782
      vertex -37.7654 6.75 -27.9478
      vertex -37.9428 6.75 -27.8638
    endloop
  endfacet
  facet normal 0 1 -0
    outer loop
      vertex -36.804 6.75 -28.0904
      vertex -36.8432 6.75 -27.6923
      vertex -36.6098 6.75 -28.0616
    endloop
  endfacet
  facet normal 0 1 0
    outer loop
      vertex -37.4645 6.75 -27.6311
      vertex -37.5806 6.75 -28.0139
      vertex -37.7654 6.75 -27.9478
    endloop
  endfacet
  facet normal 0 1 0
    outer loop
      vertex -36.8432 6.75 -27.6923
      vertex -36.804 6.75 -28.0904
      vertex -37 6.75 -27.7
    endloop
  endfacet
  facet normal 0 1 0
    outer loop
      vertex -37.3121 6.75 -27.6693
      vertex -37.3902 6.75 -28.0616
      vertex -37.5806 6.75 -28.0139
    endloop
  endfacet
  facet normal 0 1 0
    outer loop
      vertex -37 6.75 -28.1
      vertex -37 6.75 -27.7
      vertex -36.804 6.75 -28.0904
    endloop
  endfacet
  facet normal 0 1 0
    outer loop
      vertex -37.1568 6.75 -27.6923
      vertex -37.196 6.75 -28.0904
      vertex -37.3902 6.75 -28.0616
    endloop
  endfacet
  facet normal 0 1 0
    outer loop
      vertex -37 6.75 -27.7
      vertex -37 6.75 -28.1
      vertex -37.196 6.75 -28.0904
    endloop
  endfacet
  facet normal -0.336788 0 0.94158
    outer loop
      vertex -36.4194 11.75 -28.0139
      vertex -36.2346 6.75 -27.9478
      vertex -36.2346 11.75 -27.9478
    endloop
  endfacet
  facet normal -0.336788 0 0.94158
    outer loop
      vertex -36.2346 6.75 -27.9478
      vertex -36.4194 11.75 -28.0139
      vertex -36.4194 6.75 -28.0139
    endloop
  endfacet
  facet normal 0.146696 0 -0.989182
    outer loop
      vertex -37.3902 6.75 -24.1384
      vertex -37.196 11.75 -24.1096
      vertex -37.196 6.75 -24.1096
    endloop
  endfacet
  facet normal 0.146696 0 -0.989182
    outer loop
      vertex -37.196 11.75 -24.1096
      vertex -37.3902 6.75 -24.1384
      vertex -37.3902 11.75 -24.1384
    endloop
  endfacet
  facet normal 0.740908 0 -0.671607
    outer loop
      vertex -38.4142 6.75 -24.6858
      vertex -38.546 11.75 -24.8312
      vertex -38.4142 11.75 -24.6858
    endloop
  endfacet
  facet normal 0.740908 0 -0.671607
    outer loop
      vertex -38.546 11.75 -24.8312
      vertex -38.4142 6.75 -24.6858
      vertex -38.546 6.75 -24.8312
    endloop
  endfacet
  facet normal 0.336788 0 0.94158
    outer loop
      vertex -37.7654 11.75 -27.9478
      vertex -37.5806 6.75 -28.0139
      vertex -37.5806 11.75 -28.0139
    endloop
  endfacet
  facet normal 0.336788 0 0.94158
    outer loop
      vertex -37.5806 6.75 -28.0139
      vertex -37.7654 11.75 -27.9478
      vertex -37.7654 6.75 -27.9478
    endloop
  endfacet
  facet normal -0.0489209 0 -0.998803
    outer loop
      vertex -37 6.75 -24.1
      vertex -36.804 11.75 -24.1096
      vertex -36.804 6.75 -24.1096
    endloop
  endfacet
  facet normal -0.0489209 0 -0.998803
    outer loop
      vertex -36.804 11.75 -24.1096
      vertex -37 6.75 -24.1
      vertex -37 11.75 -24.1
    endloop
  endfacet
  facet normal -0.94158 0 0.336788
    outer loop
      vertex -35.1522 6.75 -26.8654
      vertex -35.0861 11.75 -26.6806
      vertex -35.1522 11.75 -26.8654
    endloop
  endfacet
  facet normal -0.94158 0 0.336788
    outer loop
      vertex -35.0861 11.75 -26.6806
      vertex -35.1522 6.75 -26.8654
      vertex -35.0861 6.75 -26.6806
    endloop
  endfacet
  facet normal -0.9038 0 0.427955
    outer loop
      vertex -35.2362 6.75 -27.0428
      vertex -35.1522 11.75 -26.8654
      vertex -35.2362 11.75 -27.0428
    endloop
  endfacet
  facet normal -0.9038 0 0.427955
    outer loop
      vertex -35.1522 11.75 -26.8654
      vertex -35.2362 6.75 -27.0428
      vertex -35.1522 6.75 -26.8654
    endloop
  endfacet
  facet normal -0.514196 0 0.857673
    outer loop
      vertex -36.0572 11.75 -27.8638
      vertex -35.8889 6.75 -27.7629
      vertex -35.8889 11.75 -27.7629
    endloop
  endfacet
  facet normal -0.514196 0 0.857673
    outer loop
      vertex -35.8889 6.75 -27.7629
      vertex -36.0572 11.75 -27.8638
      vertex -36.0572 6.75 -27.8638
    endloop
  endfacet
  facet normal 0.80335 -0 0.595508
    outer loop
      vertex -38.6629 6.75 -27.2111
      vertex -38.546 11.75 -27.3688
      vertex -38.6629 11.75 -27.2111
    endloop
  endfacet
  facet normal 0.80335 0 0.595508
    outer loop
      vertex -38.546 11.75 -27.3688
      vertex -38.6629 6.75 -27.2111
      vertex -38.546 6.75 -27.3688
    endloop
  endfacet
  facet normal 0.427955 0 0.9038
    outer loop
      vertex -37.9428 11.75 -27.8638
      vertex -37.7654 6.75 -27.9478
      vertex -37.7654 11.75 -27.9478
    endloop
  endfacet
  facet normal 0.427955 0 0.9038
    outer loop
      vertex -37.7654 6.75 -27.9478
      vertex -37.9428 11.75 -27.8638
      vertex -37.9428 6.75 -27.8638
    endloop
  endfacet
  facet normal -0.595508 0 0.80335
    outer loop
      vertex -35.8889 11.75 -27.7629
      vertex -35.7312 6.75 -27.646
      vertex -35.7312 11.75 -27.646
    endloop
  endfacet
  facet normal -0.595508 0 0.80335
    outer loop
      vertex -35.7312 6.75 -27.646
      vertex -35.8889 11.75 -27.7629
      vertex -35.8889 6.75 -27.7629
    endloop
  endfacet
  facet normal 0.9038 -0 0.427955
    outer loop
      vertex -38.8478 6.75 -26.8654
      vertex -38.7638 11.75 -27.0428
      vertex -38.8478 11.75 -26.8654
    endloop
  endfacet
  facet normal 0.9038 0 0.427955
    outer loop
      vertex -38.7638 11.75 -27.0428
      vertex -38.8478 6.75 -26.8654
      vertex -38.7638 6.75 -27.0428
    endloop
  endfacet
  facet normal 0.989182 0 -0.146696
    outer loop
      vertex -38.9616 6.75 -25.7098
      vertex -38.9904 11.75 -25.904
      vertex -38.9616 11.75 -25.7098
    endloop
  endfacet
  facet normal 0.989182 0 -0.146696
    outer loop
      vertex -38.9904 11.75 -25.904
      vertex -38.9616 6.75 -25.7098
      vertex -38.9904 6.75 -25.904
    endloop
  endfacet
  facet normal 0.989182 -0 0.146696
    outer loop
      vertex -38.9904 6.75 -26.296
      vertex -38.9616 11.75 -26.4902
      vertex -38.9904 11.75 -26.296
    endloop
  endfacet
  facet normal 0.989182 0 0.146696
    outer loop
      vertex -38.9616 11.75 -26.4902
      vertex -38.9904 6.75 -26.296
      vertex -38.9616 6.75 -26.4902
    endloop
  endfacet
  facet normal 0.595508 0 -0.80335
    outer loop
      vertex -38.2688 6.75 -24.554
      vertex -38.1111 11.75 -24.4371
      vertex -38.1111 6.75 -24.4371
    endloop
  endfacet
  facet normal 0.595508 0 -0.80335
    outer loop
      vertex -38.1111 11.75 -24.4371
      vertex -38.2688 6.75 -24.554
      vertex -38.2688 11.75 -24.554
    endloop
  endfacet
  facet normal -0.243015 0 0.970023
    outer loop
      vertex -36.6098 11.75 -28.0616
      vertex -36.4194 6.75 -28.0139
      vertex -36.4194 11.75 -28.0139
    endloop
  endfacet
  facet normal -0.243015 0 0.970023
    outer loop
      vertex -36.4194 6.75 -28.0139
      vertex -36.6098 11.75 -28.0616
      vertex -36.6098 6.75 -28.0616
    endloop
  endfacet
  facet normal -0.671607 0 0.740908
    outer loop
      vertex -35.7312 11.75 -27.646
      vertex -35.5858 6.75 -27.5142
      vertex -35.5858 11.75 -27.5142
    endloop
  endfacet
  facet normal -0.671607 0 0.740908
    outer loop
      vertex -35.5858 6.75 -27.5142
      vertex -35.7312 11.75 -27.646
      vertex -35.7312 6.75 -27.646
    endloop
  endfacet
  facet normal 0.595508 0 0.80335
    outer loop
      vertex -38.2688 11.75 -27.646
      vertex -38.1111 6.75 -27.7629
      vertex -38.1111 11.75 -27.7629
    endloop
  endfacet
  facet normal 0.595508 0 0.80335
    outer loop
      vertex -38.1111 6.75 -27.7629
      vertex -38.2688 11.75 -27.646
      vertex -38.2688 6.75 -27.646
    endloop
  endfacet
  facet normal 0.9038 0 -0.427955
    outer loop
      vertex -38.7638 6.75 -25.1572
      vertex -38.8478 11.75 -25.3346
      vertex -38.7638 11.75 -25.1572
    endloop
  endfacet
  facet normal 0.9038 0 -0.427955
    outer loop
      vertex -38.8478 11.75 -25.3346
      vertex -38.7638 6.75 -25.1572
      vertex -38.8478 6.75 -25.3346
    endloop
  endfacet
  facet normal 0.80335 0 -0.595508
    outer loop
      vertex -38.546 6.75 -24.8312
      vertex -38.6629 11.75 -24.9889
      vertex -38.546 11.75 -24.8312
    endloop
  endfacet
  facet normal 0.80335 0 -0.595508
    outer loop
      vertex -38.6629 11.75 -24.9889
      vertex -38.546 6.75 -24.8312
      vertex -38.6629 6.75 -24.9889
    endloop
  endfacet
  facet normal 0.998803 -0 0.0489209
    outer loop
      vertex -39 6.75 -26.1
      vertex -38.9904 11.75 -26.296
      vertex -39 11.75 -26.1
    endloop
  endfacet
  facet normal 0.998803 0 0.0489209
    outer loop
      vertex -38.9904 11.75 -26.296
      vertex -39 6.75 -26.1
      vertex -38.9904 6.75 -26.296
    endloop
  endfacet
  facet normal -0.596019 0 -0.80297
    outer loop
      vertex -36.1111 5.75 -24.7696
      vertex -35.985 6.75 -24.8632
      vertex -35.985 5.75 -24.8632
    endloop
  endfacet
  facet normal -0.596019 0 -0.80297
    outer loop
      vertex -35.985 6.75 -24.8632
      vertex -36.1111 5.75 -24.7696
      vertex -36.1111 6.75 -24.7696
    endloop
  endfacet
  facet normal -0.998796 0 -0.049048
    outer loop
      vertex -35.4 5.75 -26.1
      vertex -35.4077 6.75 -25.9432
      vertex -35.4 6.75 -26.1
    endloop
  endfacet
  facet normal -0.998796 -0 -0.049048
    outer loop
      vertex -35.4077 6.75 -25.9432
      vertex -35.4 5.75 -26.1
      vertex -35.4077 5.75 -25.9432
    endloop
  endfacet
  facet normal -0.969993 0 -0.243135
    outer loop
      vertex -35.4307 5.75 -25.7879
      vertex -35.4689 6.75 -25.6355
      vertex -35.4307 6.75 -25.7879
    endloop
  endfacet
  facet normal -0.969993 -0 -0.243135
    outer loop
      vertex -35.4689 6.75 -25.6355
      vertex -35.4307 5.75 -25.7879
      vertex -35.4689 5.75 -25.6355
    endloop
  endfacet
  facet normal 0.243135 0 -0.969993
    outer loop
      vertex -37.4645 5.75 -24.5689
      vertex -37.3121 6.75 -24.5307
      vertex -37.3121 5.75 -24.5307
    endloop
  endfacet
  facet normal 0.243135 0 -0.969993
    outer loop
      vertex -37.3121 6.75 -24.5307
      vertex -37.4645 5.75 -24.5689
      vertex -37.4645 6.75 -24.5689
    endloop
  endfacet
  facet normal 0.80297 -0 0.596019
    outer loop
      vertex -38.3304 5.75 -26.9889
      vertex -38.2368 6.75 -27.115
      vertex -38.3304 6.75 -26.9889
    endloop
  endfacet
  facet normal 0.80297 0 0.596019
    outer loop
      vertex -38.2368 6.75 -27.115
      vertex -38.3304 5.75 -26.9889
      vertex -38.2368 5.75 -27.115
    endloop
  endfacet
  facet normal 0.513934 0 -0.85783
    outer loop
      vertex -37.8889 5.75 -24.7696
      vertex -37.7542 6.75 -24.6889
      vertex -37.7542 5.75 -24.6889
    endloop
  endfacet
  facet normal 0.513934 0 -0.85783
    outer loop
      vertex -37.7542 6.75 -24.6889
      vertex -37.8889 5.75 -24.7696
      vertex -37.8889 6.75 -24.7696
    endloop
  endfacet
  facet normal -0.427484 0 -0.904023
    outer loop
      vertex -36.3877 5.75 -24.6218
      vertex -36.2458 6.75 -24.6889
      vertex -36.2458 5.75 -24.6889
    endloop
  endfacet
  facet normal -0.427484 0 -0.904023
    outer loop
      vertex -36.2458 6.75 -24.6889
      vertex -36.3877 5.75 -24.6218
      vertex -36.3877 6.75 -24.6218
    endloop
  endfacet
  facet normal -0.941511 0 0.336982
    outer loop
      vertex -35.5218 5.75 -26.7123
      vertex -35.4689 6.75 -26.5645
      vertex -35.5218 6.75 -26.7123
    endloop
  endfacet
  facet normal -0.941511 0 0.336982
    outer loop
      vertex -35.4689 6.75 -26.5645
      vertex -35.5218 5.75 -26.7123
      vertex -35.4689 5.75 -26.5645
    endloop
  endfacet
  facet normal -0.85783 0 0.513934
    outer loop
      vertex -35.6696 5.75 -26.9889
      vertex -35.5889 6.75 -26.8542
      vertex -35.6696 6.75 -26.9889
    endloop
  endfacet
  facet normal -0.85783 0 0.513934
    outer loop
      vertex -35.5889 6.75 -26.8542
      vertex -35.6696 5.75 -26.9889
      vertex -35.5889 5.75 -26.8542
    endloop
  endfacet
  facet normal -0.941511 0 -0.336982
    outer loop
      vertex -35.4689 5.75 -25.6355
      vertex -35.5218 6.75 -25.4877
      vertex -35.4689 6.75 -25.6355
    endloop
  endfacet
  facet normal -0.941511 -0 -0.336982
    outer loop
      vertex -35.5218 6.75 -25.4877
      vertex -35.4689 5.75 -25.6355
      vertex -35.5218 5.75 -25.4877
    endloop
  endfacet
  facet normal -0.80297 0 0.596019
    outer loop
      vertex -35.7632 5.75 -27.115
      vertex -35.6696 6.75 -26.9889
      vertex -35.7632 6.75 -27.115
    endloop
  endfacet
  facet normal -0.80297 0 0.596019
    outer loop
      vertex -35.6696 6.75 -26.9889
      vertex -35.7632 5.75 -27.115
      vertex -35.6696 5.75 -26.9889
    endloop
  endfacet
  facet normal 0.741264 -0 0.671213
    outer loop
      vertex -38.2368 5.75 -27.115
      vertex -38.1314 6.75 -27.2314
      vertex -38.2368 6.75 -27.115
    endloop
  endfacet
  facet normal 0.741264 0 0.671213
    outer loop
      vertex -38.1314 6.75 -27.2314
      vertex -38.2368 5.75 -27.115
      vertex -38.1314 5.75 -27.2314
    endloop
  endfacet
  facet normal -0.427484 0 0.904023
    outer loop
      vertex -36.3877 6.75 -27.5782
      vertex -36.2458 5.75 -27.5111
      vertex -36.2458 6.75 -27.5111
    endloop
  endfacet
  facet normal -0.427484 0 0.904023
    outer loop
      vertex -36.2458 5.75 -27.5111
      vertex -36.3877 6.75 -27.5782
      vertex -36.3877 5.75 -27.5782
    endloop
  endfacet
  facet normal 0.427484 0 0.904023
    outer loop
      vertex -37.7542 6.75 -27.5111
      vertex -37.6123 5.75 -27.5782
      vertex -37.6123 6.75 -27.5782
    endloop
  endfacet
  facet normal 0.427484 0 0.904023
    outer loop
      vertex -37.6123 5.75 -27.5782
      vertex -37.7542 6.75 -27.5111
      vertex -37.7542 5.75 -27.5111
    endloop
  endfacet
  facet normal 0.671213 0 -0.741264
    outer loop
      vertex -38.1314 5.75 -24.9686
      vertex -38.015 6.75 -24.8632
      vertex -38.015 5.75 -24.8632
    endloop
  endfacet
  facet normal 0.671213 0 -0.741264
    outer loop
      vertex -38.015 6.75 -24.8632
      vertex -38.1314 5.75 -24.9686
      vertex -38.1314 6.75 -24.9686
    endloop
  endfacet
  facet normal 0.941511 -0 0.336982
    outer loop
      vertex -38.5311 5.75 -26.5645
      vertex -38.4782 6.75 -26.7123
      vertex -38.5311 6.75 -26.5645
    endloop
  endfacet
  facet normal 0.941511 0 0.336982
    outer loop
      vertex -38.4782 6.75 -26.7123
      vertex -38.5311 5.75 -26.5645
      vertex -38.4782 5.75 -26.7123
    endloop
  endfacet
  facet normal -0.049048 0 -0.998796
    outer loop
      vertex -37 5.75 -24.5
      vertex -36.8432 6.75 -24.5077
      vertex -36.8432 5.75 -24.5077
    endloop
  endfacet
  facet normal -0.049048 0 -0.998796
    outer loop
      vertex -36.8432 6.75 -24.5077
      vertex -37 5.75 -24.5
      vertex -37 6.75 -24.5
    endloop
  endfacet
  facet normal 0.336982 0 -0.941511
    outer loop
      vertex -37.6123 5.75 -24.6218
      vertex -37.4645 6.75 -24.5689
      vertex -37.4645 5.75 -24.5689
    endloop
  endfacet
  facet normal 0.336982 0 -0.941511
    outer loop
      vertex -37.4645 6.75 -24.5689
      vertex -37.6123 5.75 -24.6218
      vertex -37.6123 6.75 -24.6218
    endloop
  endfacet
  facet normal -0.998796 0 0.049048
    outer loop
      vertex -35.4077 5.75 -26.2568
      vertex -35.4 6.75 -26.1
      vertex -35.4077 6.75 -26.2568
    endloop
  endfacet
  facet normal -0.998796 0 0.049048
    outer loop
      vertex -35.4 6.75 -26.1
      vertex -35.4077 5.75 -26.2568
      vertex -35.4 5.75 -26.1
    endloop
  endfacet
  facet normal 0.904023 -0 0.427484
    outer loop
      vertex -38.4782 5.75 -26.7123
      vertex -38.4111 6.75 -26.8542
      vertex -38.4782 6.75 -26.7123
    endloop
  endfacet
  facet normal 0.904023 0 0.427484
    outer loop
      vertex -38.4111 6.75 -26.8542
      vertex -38.4782 5.75 -26.7123
      vertex -38.4111 5.75 -26.8542
    endloop
  endfacet
  facet normal 0.596019 0 -0.80297
    outer loop
      vertex -38.015 5.75 -24.8632
      vertex -37.8889 6.75 -24.7696
      vertex -37.8889 5.75 -24.7696
    endloop
  endfacet
  facet normal 0.596019 0 -0.80297
    outer loop
      vertex -37.8889 6.75 -24.7696
      vertex -38.015 5.75 -24.8632
      vertex -38.015 6.75 -24.8632
    endloop
  endfacet
  facet normal -0.85783 0 -0.513934
    outer loop
      vertex -35.5889 5.75 -25.3458
      vertex -35.6696 6.75 -25.2111
      vertex -35.5889 6.75 -25.3458
    endloop
  endfacet
  facet normal -0.85783 -0 -0.513934
    outer loop
      vertex -35.6696 6.75 -25.2111
      vertex -35.5889 5.75 -25.3458
      vertex -35.6696 5.75 -25.2111
    endloop
  endfacet
  facet normal -0.513934 0 -0.85783
    outer loop
      vertex -36.2458 5.75 -24.6889
      vertex -36.1111 6.75 -24.7696
      vertex -36.1111 5.75 -24.7696
    endloop
  endfacet
  facet normal -0.513934 0 -0.85783
    outer loop
      vertex -36.1111 6.75 -24.7696
      vertex -36.2458 5.75 -24.6889
      vertex -36.2458 6.75 -24.6889
    endloop
  endfacet
  facet normal -0.049048 0 0.998796
    outer loop
      vertex -37 6.75 -27.7
      vertex -36.8432 5.75 -27.6923
      vertex -36.8432 6.75 -27.6923
    endloop
  endfacet
  facet normal -0.049048 0 0.998796
    outer loop
      vertex -36.8432 5.75 -27.6923
      vertex -37 6.75 -27.7
      vertex -37 5.75 -27.7
    endloop
  endfacet
  facet normal 0.049048 0 -0.998796
    outer loop
      vertex -37.1568 5.75 -24.5077
      vertex -37 6.75 -24.5
      vertex -37 5.75 -24.5
    endloop
  endfacet
  facet normal 0.049048 0 -0.998796
    outer loop
      vertex -37 6.75 -24.5
      vertex -37.1568 5.75 -24.5077
      vertex -37.1568 6.75 -24.5077
    endloop
  endfacet
  facet normal -0.80297 0 -0.596019
    outer loop
      vertex -35.6696 5.75 -25.2111
      vertex -35.7632 6.75 -25.085
      vertex -35.6696 6.75 -25.2111
    endloop
  endfacet
  facet normal -0.80297 -0 -0.596019
    outer loop
      vertex -35.7632 6.75 -25.085
      vertex -35.6696 5.75 -25.2111
      vertex -35.7632 5.75 -25.085
    endloop
  endfacet
  facet normal -0.98921 0 -0.146502
    outer loop
      vertex -35.4077 5.75 -25.9432
      vertex -35.4307 6.75 -25.7879
      vertex -35.4077 6.75 -25.9432
    endloop
  endfacet
  facet normal -0.98921 -0 -0.146502
    outer loop
      vertex -35.4307 6.75 -25.7879
      vertex -35.4077 5.75 -25.9432
      vertex -35.4307 5.75 -25.7879
    endloop
  endfacet
  facet normal -0.741264 0 -0.671213
    outer loop
      vertex -35.7632 5.75 -25.085
      vertex -35.8686 6.75 -24.9686
      vertex -35.7632 6.75 -25.085
    endloop
  endfacet
  facet normal -0.741264 -0 -0.671213
    outer loop
      vertex -35.8686 6.75 -24.9686
      vertex -35.7632 5.75 -25.085
      vertex -35.8686 5.75 -24.9686
    endloop
  endfacet
  facet normal 0.904023 0 -0.427484
    outer loop
      vertex -38.4111 5.75 -25.3458
      vertex -38.4782 6.75 -25.4877
      vertex -38.4111 6.75 -25.3458
    endloop
  endfacet
  facet normal 0.904023 0 -0.427484
    outer loop
      vertex -38.4782 6.75 -25.4877
      vertex -38.4111 5.75 -25.3458
      vertex -38.4782 5.75 -25.4877
    endloop
  endfacet
  facet normal 0.98921 0 -0.146502
    outer loop
      vertex -38.5693 5.75 -25.7879
      vertex -38.5923 6.75 -25.9432
      vertex -38.5693 6.75 -25.7879
    endloop
  endfacet
  facet normal 0.98921 0 -0.146502
    outer loop
      vertex -38.5923 6.75 -25.9432
      vertex -38.5693 5.75 -25.7879
      vertex -38.5923 5.75 -25.9432
    endloop
  endfacet
  facet normal -0.336982 0 -0.941511
    outer loop
      vertex -36.5355 5.75 -24.5689
      vertex -36.3877 6.75 -24.6218
      vertex -36.3877 5.75 -24.6218
    endloop
  endfacet
  facet normal -0.336982 0 -0.941511
    outer loop
      vertex -36.3877 6.75 -24.6218
      vertex -36.5355 5.75 -24.5689
      vertex -36.5355 6.75 -24.5689
    endloop
  endfacet
  facet normal -0.671213 0 0.741264
    outer loop
      vertex -35.985 6.75 -27.3368
      vertex -35.8686 5.75 -27.2314
      vertex -35.8686 6.75 -27.2314
    endloop
  endfacet
  facet normal -0.671213 0 0.741264
    outer loop
      vertex -35.8686 5.75 -27.2314
      vertex -35.985 6.75 -27.3368
      vertex -35.985 5.75 -27.3368
    endloop
  endfacet
  facet normal 0.671213 0 0.741264
    outer loop
      vertex -38.1314 6.75 -27.2314
      vertex -38.015 5.75 -27.3368
      vertex -38.015 6.75 -27.3368
    endloop
  endfacet
  facet normal 0.671213 0 0.741264
    outer loop
      vertex -38.015 5.75 -27.3368
      vertex -38.1314 6.75 -27.2314
      vertex -38.1314 5.75 -27.2314
    endloop
  endfacet
  facet normal -0.336982 0 0.941511
    outer loop
      vertex -36.5355 6.75 -27.6311
      vertex -36.3877 5.75 -27.5782
      vertex -36.3877 6.75 -27.5782
    endloop
  endfacet
  facet normal -0.336982 0 0.941511
    outer loop
      vertex -36.3877 5.75 -27.5782
      vertex -36.5355 6.75 -27.6311
      vertex -36.5355 5.75 -27.6311
    endloop
  endfacet
  facet normal -0.243135 0 0.969993
    outer loop
      vertex -36.6879 6.75 -27.6693
      vertex -36.5355 5.75 -27.6311
      vertex -36.5355 6.75 -27.6311
    endloop
  endfacet
  facet normal -0.243135 0 0.969993
    outer loop
      vertex -36.5355 5.75 -27.6311
      vertex -36.6879 6.75 -27.6693
      vertex -36.6879 5.75 -27.6693
    endloop
  endfacet
  facet normal -0.98921 0 0.146502
    outer loop
      vertex -35.4307 5.75 -26.4121
      vertex -35.4077 6.75 -26.2568
      vertex -35.4307 6.75 -26.4121
    endloop
  endfacet
  facet normal -0.98921 0 0.146502
    outer loop
      vertex -35.4077 6.75 -26.2568
      vertex -35.4307 5.75 -26.4121
      vertex -35.4077 5.75 -26.2568
    endloop
  endfacet
  facet normal -0.904023 0 0.427484
    outer loop
      vertex -35.5889 5.75 -26.8542
      vertex -35.5218 6.75 -26.7123
      vertex -35.5889 6.75 -26.8542
    endloop
  endfacet
  facet normal -0.904023 0 0.427484
    outer loop
      vertex -35.5218 6.75 -26.7123
      vertex -35.5889 5.75 -26.8542
      vertex -35.5218 5.75 -26.7123
    endloop
  endfacet
  facet normal -0.969993 0 0.243135
    outer loop
      vertex -35.4689 5.75 -26.5645
      vertex -35.4307 6.75 -26.4121
      vertex -35.4689 6.75 -26.5645
    endloop
  endfacet
  facet normal -0.969993 0 0.243135
    outer loop
      vertex -35.4307 6.75 -26.4121
      vertex -35.4689 5.75 -26.5645
      vertex -35.4307 5.75 -26.4121
    endloop
  endfacet
  facet normal -0.671213 0 -0.741264
    outer loop
      vertex -35.985 5.75 -24.8632
      vertex -35.8686 6.75 -24.9686
      vertex -35.8686 5.75 -24.9686
    endloop
  endfacet
  facet normal -0.671213 0 -0.741264
    outer loop
      vertex -35.8686 6.75 -24.9686
      vertex -35.985 5.75 -24.8632
      vertex -35.985 6.75 -24.8632
    endloop
  endfacet
  facet normal 0.427484 0 -0.904023
    outer loop
      vertex -37.7542 5.75 -24.6889
      vertex -37.6123 6.75 -24.6218
      vertex -37.6123 5.75 -24.6218
    endloop
  endfacet
  facet normal 0.427484 0 -0.904023
    outer loop
      vertex -37.6123 6.75 -24.6218
      vertex -37.7542 5.75 -24.6889
      vertex -37.7542 6.75 -24.6889
    endloop
  endfacet
  facet normal -0.904023 0 -0.427484
    outer loop
      vertex -35.5218 5.75 -25.4877
      vertex -35.5889 6.75 -25.3458
      vertex -35.5218 6.75 -25.4877
    endloop
  endfacet
  facet normal -0.904023 -0 -0.427484
    outer loop
      vertex -35.5889 6.75 -25.3458
      vertex -35.5218 5.75 -25.4877
      vertex -35.5889 5.75 -25.3458
    endloop
  endfacet
  facet normal 0.969993 0 -0.243135
    outer loop
      vertex -38.5311 5.75 -25.6355
      vertex -38.5693 6.75 -25.7879
      vertex -38.5311 6.75 -25.6355
    endloop
  endfacet
  facet normal 0.969993 0 -0.243135
    outer loop
      vertex -38.5693 6.75 -25.7879
      vertex -38.5311 5.75 -25.6355
      vertex -38.5693 5.75 -25.7879
    endloop
  endfacet
  facet normal 0.85783 0 -0.513934
    outer loop
      vertex -38.3304 5.75 -25.2111
      vertex -38.4111 6.75 -25.3458
      vertex -38.3304 6.75 -25.2111
    endloop
  endfacet
  facet normal 0.85783 0 -0.513934
    outer loop
      vertex -38.4111 6.75 -25.3458
      vertex -38.3304 5.75 -25.2111
      vertex -38.4111 5.75 -25.3458
    endloop
  endfacet
  facet normal 0.146502 0 -0.98921
    outer loop
      vertex -37.3121 5.75 -24.5307
      vertex -37.1568 6.75 -24.5077
      vertex -37.1568 5.75 -24.5077
    endloop
  endfacet
  facet normal 0.146502 0 -0.98921
    outer loop
      vertex -37.1568 6.75 -24.5077
      vertex -37.3121 5.75 -24.5307
      vertex -37.3121 6.75 -24.5307
    endloop
  endfacet
  facet normal -0.596019 0 0.80297
    outer loop
      vertex -36.1111 6.75 -27.4304
      vertex -35.985 5.75 -27.3368
      vertex -35.985 6.75 -27.3368
    endloop
  endfacet
  facet normal -0.596019 0 0.80297
    outer loop
      vertex -35.985 5.75 -27.3368
      vertex -36.1111 6.75 -27.4304
      vertex -36.1111 5.75 -27.4304
    endloop
  endfacet
  facet normal 0.998796 -0 0.049048
    outer loop
      vertex -38.6 5.75 -26.1
      vertex -38.5923 6.75 -26.2568
      vertex -38.6 6.75 -26.1
    endloop
  endfacet
  facet normal 0.998796 0 0.049048
    outer loop
      vertex -38.5923 6.75 -26.2568
      vertex -38.6 5.75 -26.1
      vertex -38.5923 5.75 -26.2568
    endloop
  endfacet
  facet normal 0.741264 0 -0.671213
    outer loop
      vertex -38.1314 5.75 -24.9686
      vertex -38.2368 6.75 -25.085
      vertex -38.1314 6.75 -24.9686
    endloop
  endfacet
  facet normal 0.741264 0 -0.671213
    outer loop
      vertex -38.2368 6.75 -25.085
      vertex -38.1314 5.75 -24.9686
      vertex -38.2368 5.75 -25.085
    endloop
  endfacet
  facet normal 0.049048 0 0.998796
    outer loop
      vertex -37.1568 6.75 -27.6923
      vertex -37 5.75 -27.7
      vertex -37 6.75 -27.7
    endloop
  endfacet
  facet normal 0.049048 0 0.998796
    outer loop
      vertex -37 5.75 -27.7
      vertex -37.1568 6.75 -27.6923
      vertex -37.1568 5.75 -27.6923
    endloop
  endfacet
  facet normal -0.146502 0 0.98921
    outer loop
      vertex -36.8432 6.75 -27.6923
      vertex -36.6879 5.75 -27.6693
      vertex -36.6879 6.75 -27.6693
    endloop
  endfacet
  facet normal -0.146502 0 0.98921
    outer loop
      vertex -36.6879 5.75 -27.6693
      vertex -36.8432 6.75 -27.6923
      vertex -36.8432 5.75 -27.6923
    endloop
  endfacet
  facet normal 0.336982 0 0.941511
    outer loop
      vertex -37.6123 6.75 -27.5782
      vertex -37.4645 5.75 -27.6311
      vertex -37.4645 6.75 -27.6311
    endloop
  endfacet
  facet normal 0.336982 0 0.941511
    outer loop
      vertex -37.4645 5.75 -27.6311
      vertex -37.6123 6.75 -27.5782
      vertex -37.6123 5.75 -27.5782
    endloop
  endfacet
  facet normal 0.98921 -0 0.146502
    outer loop
      vertex -38.5923 5.75 -26.2568
      vertex -38.5693 6.75 -26.4121
      vertex -38.5923 6.75 -26.2568
    endloop
  endfacet
  facet normal 0.98921 0 0.146502
    outer loop
      vertex -38.5693 6.75 -26.4121
      vertex -38.5923 5.75 -26.2568
      vertex -38.5693 5.75 -26.4121
    endloop
  endfacet
  facet normal 0.596019 0 0.80297
    outer loop
      vertex -38.015 6.75 -27.3368
      vertex -37.8889 5.75 -27.4304
      vertex -37.8889 6.75 -27.4304
    endloop
  endfacet
  facet normal 0.596019 0 0.80297
    outer loop
      vertex -37.8889 5.75 -27.4304
      vertex -38.015 6.75 -27.3368
      vertex -38.015 5.75 -27.3368
    endloop
  endfacet
  facet normal -0.513934 0 0.85783
    outer loop
      vertex -36.2458 6.75 -27.5111
      vertex -36.1111 5.75 -27.4304
      vertex -36.1111 6.75 -27.4304
    endloop
  endfacet
  facet normal -0.513934 0 0.85783
    outer loop
      vertex -36.1111 5.75 -27.4304
      vertex -36.2458 6.75 -27.5111
      vertex -36.2458 5.75 -27.5111
    endloop
  endfacet
  facet normal 0.85783 -0 0.513934
    outer loop
      vertex -38.4111 5.75 -26.8542
      vertex -38.3304 6.75 -26.9889
      vertex -38.4111 6.75 -26.8542
    endloop
  endfacet
  facet normal 0.85783 0 0.513934
    outer loop
      vertex -38.3304 6.75 -26.9889
      vertex -38.4111 5.75 -26.8542
      vertex -38.3304 5.75 -26.9889
    endloop
  endfacet
  facet normal 0.998796 0 -0.049048
    outer loop
      vertex -38.5923 5.75 -25.9432
      vertex -38.6 6.75 -26.1
      vertex -38.5923 6.75 -25.9432
    endloop
  endfacet
  facet normal 0.998796 0 -0.049048
    outer loop
      vertex -38.6 6.75 -26.1
      vertex -38.5923 5.75 -25.9432
      vertex -38.6 5.75 -26.1
    endloop
  endfacet
  facet normal 0.941511 0 -0.336982
    outer loop
      vertex -38.4782 5.75 -25.4877
      vertex -38.5311 6.75 -25.6355
      vertex -38.4782 6.75 -25.4877
    endloop
  endfacet
  facet normal 0.941511 0 -0.336982
    outer loop
      vertex -38.5311 6.75 -25.6355
      vertex -38.4782 5.75 -25.4877
      vertex -38.5311 5.75 -25.6355
    endloop
  endfacet
  facet normal 0.969993 -0 0.243135
    outer loop
      vertex -38.5693 5.75 -26.4121
      vertex -38.5311 6.75 -26.5645
      vertex -38.5693 6.75 -26.4121
    endloop
  endfacet
  facet normal 0.969993 0 0.243135
    outer loop
      vertex -38.5311 6.75 -26.5645
      vertex -38.5693 5.75 -26.4121
      vertex -38.5311 5.75 -26.5645
    endloop
  endfacet
  facet normal -0.741264 0 0.671213
    outer loop
      vertex -35.8686 5.75 -27.2314
      vertex -35.7632 6.75 -27.115
      vertex -35.8686 6.75 -27.2314
    endloop
  endfacet
  facet normal -0.741264 0 0.671213
    outer loop
      vertex -35.7632 6.75 -27.115
      vertex -35.8686 5.75 -27.2314
      vertex -35.7632 5.75 -27.115
    endloop
  endfacet
  facet normal 0.80297 0 -0.596019
    outer loop
      vertex -38.2368 5.75 -25.085
      vertex -38.3304 6.75 -25.2111
      vertex -38.2368 6.75 -25.085
    endloop
  endfacet
  facet normal 0.80297 0 -0.596019
    outer loop
      vertex -38.3304 6.75 -25.2111
      vertex -38.2368 5.75 -25.085
      vertex -38.3304 5.75 -25.2111
    endloop
  endfacet
  facet normal 0.146502 0 0.98921
    outer loop
      vertex -37.3121 6.75 -27.6693
      vertex -37.1568 5.75 -27.6923
      vertex -37.1568 6.75 -27.6923
    endloop
  endfacet
  facet normal 0.146502 0 0.98921
    outer loop
      vertex -37.1568 5.75 -27.6923
      vertex -37.3121 6.75 -27.6693
      vertex -37.3121 5.75 -27.6693
    endloop
  endfacet
  facet normal -0.146502 0 -0.98921
    outer loop
      vertex -36.8432 5.75 -24.5077
      vertex -36.6879 6.75 -24.5307
      vertex -36.6879 5.75 -24.5307
    endloop
  endfacet
  facet normal -0.146502 0 -0.98921
    outer loop
      vertex -36.6879 6.75 -24.5307
      vertex -36.8432 5.75 -24.5077
      vertex -36.8432 6.75 -24.5077
    endloop
  endfacet
  facet normal -0.243135 0 -0.969993
    outer loop
      vertex -36.6879 5.75 -24.5307
      vertex -36.5355 6.75 -24.5689
      vertex -36.5355 5.75 -24.5689
    endloop
  endfacet
  facet normal -0.243135 0 -0.969993
    outer loop
      vertex -36.5355 6.75 -24.5689
      vertex -36.6879 5.75 -24.5307
      vertex -36.6879 6.75 -24.5307
    endloop
  endfacet
  facet normal 0.243135 0 0.969993
    outer loop
      vertex -37.4645 6.75 -27.6311
      vertex -37.3121 5.75 -27.6693
      vertex -37.3121 6.75 -27.6693
    endloop
  endfacet
  facet normal 0.243135 0 0.969993
    outer loop
      vertex -37.3121 5.75 -27.6693
      vertex -37.4645 6.75 -27.6311
      vertex -37.4645 5.75 -27.6311
    endloop
  endfacet
  facet normal 0.513934 0 0.85783
    outer loop
      vertex -37.8889 6.75 -27.4304
      vertex -37.7542 5.75 -27.5111
      vertex -37.7542 6.75 -27.5111
    endloop
  endfacet
  facet normal 0.513934 0 0.85783
    outer loop
      vertex -37.7542 5.75 -27.5111
      vertex -37.8889 6.75 -27.4304
      vertex -37.8889 5.75 -27.4304
    endloop
  endfacet
  facet normal 1 -0 0
    outer loop
      vertex -29 4.38953 -22.0677
      vertex -29 5.75 -24
      vertex -29 6.5314 -21.5312
    endloop
  endfacet
  facet normal 1 -0 0
    outer loop
      vertex -29 2.20539 -22.3917
      vertex -29 5.75 -24
      vertex -29 4.38953 -22.0677
    endloop
  endfacet
  facet normal 1 -0 0
    outer loop
      vertex -29 0 -22.5
      vertex -29 5.75 -24
      vertex -29 2.20539 -22.3917
    endloop
  endfacet
  facet normal 1 0 0
    outer loop
      vertex -29 -5.75 -24
      vertex -29 0 -22.5
      vertex -29 -2.20539 -22.3917
    endloop
  endfacet
  facet normal 1 0 0
    outer loop
      vertex -29 -5.75 -24
      vertex -29 -2.20539 -22.3917
      vertex -29 -4.38953 -22.0677
    endloop
  endfacet
  facet normal 1 0 0
    outer loop
      vertex -29 0 -22.5
      vertex -29 -5.75 -24
      vertex -29 5.75 -24
    endloop
  endfacet
  facet normal 1 0 0
    outer loop
      vertex -29 -6.5314 -21.5312
      vertex -29 -5.75 -24
      vertex -29 -4.38953 -22.0677
    endloop
  endfacet
  facet normal 1 0 0
    outer loop
      vertex -29 -8.61038 -20.7873
      vertex -29 -5.75 -24
      vertex -29 -6.5314 -21.5312
    endloop
  endfacet
  facet normal 1 0 0
    outer loop
      vertex -29 -5.75 -24
      vertex -29 -8.61038 -20.7873
      vertex -29 -11.75 -31
    endloop
  endfacet
  facet normal 1 0 0
    outer loop
      vertex -29 -11.75 -31
      vertex -29 -8.61038 -20.7873
      vertex -29 -10.6064 -19.8432
    endloop
  endfacet
  facet normal 1 0 0
    outer loop
      vertex -29 -11.75 -31
      vertex -29 -10.6064 -19.8432
      vertex -29 -11.75 -19.1578
    endloop
  endfacet
  facet normal 1 0 0
    outer loop
      vertex -29 -5.75 -24
      vertex -29 -11.75 -31
      vertex -29 -5.75 -31
    endloop
  endfacet
  facet normal 1 -0 0
    outer loop
      vertex -29 10.6064 -19.8432
      vertex -29 11.75 -31
      vertex -29 11.75 -19.1578
    endloop
  endfacet
  facet normal 1 -0 0
    outer loop
      vertex -29 8.61038 -20.7873
      vertex -29 11.75 -31
      vertex -29 10.6064 -19.8432
    endloop
  endfacet
  facet normal 1 0 0
    outer loop
      vertex -29 5.75 -24
      vertex -29 8.61038 -20.7873
      vertex -29 6.5314 -21.5312
    endloop
  endfacet
  facet normal 1 0 0
    outer loop
      vertex -29 8.61038 -20.7873
      vertex -29 5.75 -24
      vertex -29 11.75 -31
    endloop
  endfacet
  facet normal 1 0 0
    outer loop
      vertex -29 11.75 -31
      vertex -29 5.75 -24
      vertex -29 5.75 -31
    endloop
  endfacet
  facet normal 0 0 -1
    outer loop
      vertex -45 5.75 -31
      vertex -29 11.75 -31
      vertex -29 5.75 -31
    endloop
  endfacet
  facet normal -0 0 -1
    outer loop
      vertex -29 11.75 -31
      vertex -45 5.75 -31
      vertex -45 11.75 -31
    endloop
  endfacet
  facet normal 0 0 -1
    outer loop
      vertex -45 -11.75 -31
      vertex -29 -5.75 -31
      vertex -29 -11.75 -31
    endloop
  endfacet
  facet normal -0 0 -1
    outer loop
      vertex -29 -5.75 -31
      vertex -45 -11.75 -31
      vertex -45 -5.75 -31
    endloop
  endfacet
  facet normal -1 0 0
    outer loop
      vertex -45 -11.75 -31
      vertex -45 -5.75 -24
      vertex -45 -5.75 -31
    endloop
  endfacet
  facet normal -1 0 0
    outer loop
      vertex -45 -11.75 -19.1578
      vertex -45 -5.75 -24
      vertex -45 -11.75 -31
    endloop
  endfacet
  facet normal -1 0 0
    outer loop
      vertex -45 -5.75 -24
      vertex -45 -7.84501 -18.9395
      vertex -45 -5.95084 -19.6173
    endloop
  endfacet
  facet normal -1 -0 0
    outer loop
      vertex -45 -7.84501 -18.9395
      vertex -45 -11.75 -19.1578
      vertex -45 -9.66363 -18.0794
    endloop
  endfacet
  facet normal -1 0 0
    outer loop
      vertex -45 -5.75 -24
      vertex -45 -11.75 -19.1578
      vertex -45 -7.84501 -18.9395
    endloop
  endfacet
  facet normal -1 -0 0
    outer loop
      vertex -45 -9.66363 -18.0794
      vertex -45 -11.75 -19.1578
      vertex -45 -11.3892 -17.0451
    endloop
  endfacet
  facet normal -1 0 0
    outer loop
      vertex -45 -12.5003 -18.7081
      vertex -45 -11.3892 -17.0451
      vertex -45 -11.75 -19.1578
    endloop
  endfacet
  facet normal -1 0 0
    outer loop
      vertex -45 -12.5003 -18.7081
      vertex -45 -13.0051 -15.8467
      vertex -45 -11.3892 -17.0451
    endloop
  endfacet
  facet normal -1 0 0
    outer loop
      vertex -45 -14.2738 -17.3927
      vertex -45 -13.0051 -15.8467
      vertex -45 -12.5003 -18.7081
    endloop
  endfacet
  facet normal -1 0 0
    outer loop
      vertex -45 -14.2738 -17.3927
      vertex -45 -14.4957 -14.4957
      vertex -45 -13.0051 -15.8467
    endloop
  endfacet
  facet normal -1 0 0
    outer loop
      vertex -45 -15.9099 -15.9099
      vertex -45 -14.4957 -14.4957
      vertex -45 -14.2738 -17.3927
    endloop
  endfacet
  facet normal -1 -0 0
    outer loop
      vertex -45 -14.4957 -14.4957
      vertex -45 -15.9099 -15.9099
      vertex -45 -15.8467 -13.0051
    endloop
  endfacet
  facet normal -1 0 0
    outer loop
      vertex -45 -17.3927 -14.2738
      vertex -45 -15.8467 -13.0051
      vertex -45 -15.9099 -15.9099
    endloop
  endfacet
  facet normal -1 -0 0
    outer loop
      vertex -45 -15.8467 -13.0051
      vertex -45 -17.3927 -14.2738
      vertex -45 -17.0451 -11.3892
    endloop
  endfacet
  facet normal -1 0 0
    outer loop
      vertex -45 -18.7081 -12.5003
      vertex -45 -17.0451 -11.3892
      vertex -45 -17.3927 -14.2738
    endloop
  endfacet
  facet normal -1 -0 0
    outer loop
      vertex -45 -17.0451 -11.3892
      vertex -45 -18.7081 -12.5003
      vertex -45 -18.0794 -9.66363
    endloop
  endfacet
  facet normal -1 0 0
    outer loop
      vertex -45 -19.8432 -10.6064
      vertex -45 -18.0794 -9.66363
      vertex -45 -18.7081 -12.5003
    endloop
  endfacet
  facet normal -1 -0 0
    outer loop
      vertex -45 -18.0794 -9.66363
      vertex -45 -19.8432 -10.6064
      vertex -45 -18.9395 -7.84501
    endloop
  endfacet
  facet normal -1 0 0
    outer loop
      vertex -45 -20.7873 -8.61038
      vertex -45 -18.9395 -7.84501
      vertex -45 -19.8432 -10.6064
    endloop
  endfacet
  facet normal -1 -0 0
    outer loop
      vertex -45 -18.9395 -7.84501
      vertex -45 -20.7873 -8.61038
      vertex -45 -19.6173 -5.95084
    endloop
  endfacet
  facet normal -1 0 0
    outer loop
      vertex -45 -21.5312 -6.5314
      vertex -45 -19.6173 -5.95084
      vertex -45 -20.7873 -8.61038
    endloop
  endfacet
  facet normal -1 0 0
    outer loop
      vertex -45 -22.0677 -4.38953
      vertex -45 -20.1061 -3.99935
      vertex -45 -21.5312 -6.5314
    endloop
  endfacet
  facet normal -1 -0 0
    outer loop
      vertex -45 -19.6173 -5.95084
      vertex -45 -21.5312 -6.5314
      vertex -45 -20.1061 -3.99935
    endloop
  endfacet
  facet normal -1 0 0
    outer loop
      vertex -45 5.75 -24
      vertex -45 11.75 -19.1578
      vertex -45 11.75 -31
    endloop
  endfacet
  facet normal -1 0 0
    outer loop
      vertex -45 11.75 -19.1578
      vertex -45 9.66363 -18.0794
      vertex -45 11.3892 -17.0451
    endloop
  endfacet
  facet normal -1 0 -0
    outer loop
      vertex -45 7.84501 -18.9395
      vertex -45 11.75 -19.1578
      vertex -45 5.75 -24
    endloop
  endfacet
  facet normal -1 0 0
    outer loop
      vertex -45 11.75 -19.1578
      vertex -45 7.84501 -18.9395
      vertex -45 9.66363 -18.0794
    endloop
  endfacet
  facet normal -1 0 0
    outer loop
      vertex -45 5.75 -24
      vertex -45 11.75 -31
      vertex -45 5.75 -31
    endloop
  endfacet
  facet normal -1 0 0
    outer loop
      vertex -45 7.84501 -18.9395
      vertex -45 5.75 -24
      vertex -45 5.95084 -19.6173
    endloop
  endfacet
  facet normal -1 0 0
    outer loop
      vertex -45 5.75 -24
      vertex -45 3.99935 -20.1061
      vertex -45 5.95084 -19.6173
    endloop
  endfacet
  facet normal -1 0 0
    outer loop
      vertex -45 5.75 -24
      vertex -45 2.00935 -20.4013
      vertex -45 3.99935 -20.1061
    endloop
  endfacet
  facet normal -1 0 0
    outer loop
      vertex -45 5.75 -24
      vertex -45 0 -20.5
      vertex -45 2.00935 -20.4013
    endloop
  endfacet
  facet normal -1 0 0
    outer loop
      vertex -45 -5.75 -24
      vertex -45 0 -20.5
      vertex -45 5.75 -24
    endloop
  endfacet
  facet normal -1 -0 0
    outer loop
      vertex -45 0 -20.5
      vertex -45 -5.75 -24
      vertex -45 -2.00935 -20.4013
    endloop
  endfacet
  facet normal -1 -0 0
    outer loop
      vertex -45 -2.00935 -20.4013
      vertex -45 -5.75 -24
      vertex -45 -3.99935 -20.1061
    endloop
  endfacet
  facet normal -1 -0 0
    outer loop
      vertex -45 -3.99935 -20.1061
      vertex -45 -5.75 -24
      vertex -45 -5.95084 -19.6173
    endloop
  endfacet
  facet normal -1 0 0
    outer loop
      vertex -45 20.5 0
      vertex -45 22.5 0
      vertex -45 22.3917 -2.20539
    endloop
  endfacet
  facet normal -1 0 0
    outer loop
      vertex -45 20.4013 -2.00935
      vertex -45 22.3917 -2.20539
      vertex -45 22.0677 -4.38953
    endloop
  endfacet
  facet normal -1 0 0
    outer loop
      vertex -45 22.5 0
      vertex -45 20.5 0
      vertex -45 22.3917 2.20539
    endloop
  endfacet
  facet normal -1 0 0
    outer loop
      vertex -45 20.1061 -3.99935
      vertex -45 22.0677 -4.38953
      vertex -45 21.5312 -6.5314
    endloop
  endfacet
  facet normal -1 0 0
    outer loop
      vertex -45 20.4013 2.00935
      vertex -45 22.3917 2.20539
      vertex -45 20.5 0
    endloop
  endfacet
  facet normal -1 0 0
    outer loop
      vertex -45 19.6173 -5.95084
      vertex -45 21.5312 -6.5314
      vertex -45 20.7873 -8.61038
    endloop
  endfacet
  facet normal -1 -0 0
    outer loop
      vertex -45 22.3917 2.20539
      vertex -45 20.4013 2.00935
      vertex -45 22.0677 4.38953
    endloop
  endfacet
  facet normal -1 0 0
    outer loop
      vertex -45 20.1061 3.99935
      vertex -45 22.0677 4.38953
      vertex -45 20.4013 2.00935
    endloop
  endfacet
  facet normal -1 0 0
    outer loop
      vertex -45 22.3917 -2.20539
      vertex -45 20.4013 -2.00935
      vertex -45 20.5 0
    endloop
  endfacet
  facet normal -1 0 0
    outer loop
      vertex -45 22.0677 -4.38953
      vertex -45 20.1061 -3.99935
      vertex -45 20.4013 -2.00935
    endloop
  endfacet
  facet normal -1 0 0
    outer loop
      vertex -45 18.9395 -7.84501
      vertex -45 20.7873 -8.61038
      vertex -45 19.8432 -10.6064
    endloop
  endfacet
  facet normal -1 0 0
    outer loop
      vertex -45 21.5312 -6.5314
      vertex -45 19.6173 -5.95084
      vertex -45 20.1061 -3.99935
    endloop
  endfacet
  facet normal -1 0 0
    outer loop
      vertex -45 20.7873 -8.61038
      vertex -45 18.9395 -7.84501
      vertex -45 19.6173 -5.95084
    endloop
  endfacet
  facet normal -1 0 0
    outer loop
      vertex -45 18.0794 -9.66363
      vertex -45 19.8432 -10.6064
      vertex -45 18.7081 -12.5003
    endloop
  endfacet
  facet normal -1 0 0
    outer loop
      vertex -45 19.8432 -10.6064
      vertex -45 18.0794 -9.66363
      vertex -45 18.9395 -7.84501
    endloop
  endfacet
  facet normal -1 0 0
    outer loop
      vertex -45 17.0451 -11.3892
      vertex -45 18.7081 -12.5003
      vertex -45 17.3927 -14.2738
    endloop
  endfacet
  facet normal -1 0 0
    outer loop
      vertex -45 18.7081 -12.5003
      vertex -45 17.0451 -11.3892
      vertex -45 18.0794 -9.66363
    endloop
  endfacet
  facet normal -1 0 0
    outer loop
      vertex -45 15.8467 -13.0051
      vertex -45 17.3927 -14.2738
      vertex -45 15.9099 -15.9099
    endloop
  endfacet
  facet normal -1 0 0
    outer loop
      vertex -45 17.3927 -14.2738
      vertex -45 15.8467 -13.0051
      vertex -45 17.0451 -11.3892
    endloop
  endfacet
  facet normal -1 0 0
    outer loop
      vertex -45 15.9099 -15.9099
      vertex -45 14.4957 -14.4957
      vertex -45 15.8467 -13.0051
    endloop
  endfacet
  facet normal -1 0 0
    outer loop
      vertex -45 14.2738 -17.3927
      vertex -45 14.4957 -14.4957
      vertex -45 15.9099 -15.9099
    endloop
  endfacet
  facet normal -1 0 0
    outer loop
      vertex -45 14.2738 -17.3927
      vertex -45 13.0051 -15.8467
      vertex -45 14.4957 -14.4957
    endloop
  endfacet
  facet normal -1 0 0
    outer loop
      vertex -45 12.5003 -18.7081
      vertex -45 13.0051 -15.8467
      vertex -45 14.2738 -17.3927
    endloop
  endfacet
  facet normal -1 0 0
    outer loop
      vertex -45 11.3892 -17.0451
      vertex -45 12.5003 -18.7081
      vertex -45 11.75 -19.1578
    endloop
  endfacet
  facet normal -1 0 0
    outer loop
      vertex -45 12.5003 -18.7081
      vertex -45 11.3892 -17.0451
      vertex -45 13.0051 -15.8467
    endloop
  endfacet
  facet normal -1 -0 0
    outer loop
      vertex -45 22.0677 4.38953
      vertex -45 20.1061 3.99935
      vertex -45 21.5312 6.5314
    endloop
  endfacet
  facet normal -1 0 0
    outer loop
      vertex -45 19.6173 5.95084
      vertex -45 21.5312 6.5314
      vertex -45 20.1061 3.99935
    endloop
  endfacet
  facet normal -1 -0 0
    outer loop
      vertex -45 21.5312 6.5314
      vertex -45 19.6173 5.95084
      vertex -45 20.7873 8.61038
    endloop
  endfacet
  facet normal -1 0 0
    outer loop
      vertex -45 18.9395 7.84501
      vertex -45 20.7873 8.61038
      vertex -45 19.6173 5.95084
    endloop
  endfacet
  facet normal -1 -0 0
    outer loop
      vertex -45 20.7873 8.61038
      vertex -45 18.9395 7.84501
      vertex -45 19.8432 10.6064
    endloop
  endfacet
  facet normal -1 0 0
    outer loop
      vertex -45 18.0794 9.66363
      vertex -45 19.8432 10.6064
      vertex -45 18.9395 7.84501
    endloop
  endfacet
  facet normal -1 -0 0
    outer loop
      vertex -45 19.8432 10.6064
      vertex -45 18.0794 9.66363
      vertex -45 18.7081 12.5003
    endloop
  endfacet
  facet normal -1 0 0
    outer loop
      vertex -45 17.0451 11.3892
      vertex -45 18.7081 12.5003
      vertex -45 18.0794 9.66363
    endloop
  endfacet
  facet normal -1 -0 0
    outer loop
      vertex -45 18.7081 12.5003
      vertex -45 17.0451 11.3892
      vertex -45 17.3927 14.2738
    endloop
  endfacet
  facet normal -1 0 0
    outer loop
      vertex -45 15.8467 13.0051
      vertex -45 17.3927 14.2738
      vertex -45 17.0451 11.3892
    endloop
  endfacet
  facet normal -1 -0 0
    outer loop
      vertex -45 17.3927 14.2738
      vertex -45 15.8467 13.0051
      vertex -45 15.9099 15.9099
    endloop
  endfacet
  facet normal -1 0 0
    outer loop
      vertex -45 14.4957 14.4957
      vertex -45 15.9099 15.9099
      vertex -45 15.8467 13.0051
    endloop
  endfacet
  facet normal -1 0 0
    outer loop
      vertex -45 14.4957 14.4957
      vertex -45 14.2738 17.3927
      vertex -45 15.9099 15.9099
    endloop
  endfacet
  facet normal -1 0 0
    outer loop
      vertex -45 13.0051 15.8467
      vertex -45 14.2738 17.3927
      vertex -45 14.4957 14.4957
    endloop
  endfacet
  facet normal -1 0 0
    outer loop
      vertex -45 13.0051 15.8467
      vertex -45 12.5003 18.7081
      vertex -45 14.2738 17.3927
    endloop
  endfacet
  facet normal -1 0 0
    outer loop
      vertex -45 11.3892 17.0451
      vertex -45 12.5003 18.7081
      vertex -45 13.0051 15.8467
    endloop
  endfacet
  facet normal -1 0 0
    outer loop
      vertex -45 11.3892 17.0451
      vertex -45 10.6064 19.8432
      vertex -45 12.5003 18.7081
    endloop
  endfacet
  facet normal -1 0 0
    outer loop
      vertex -45 9.66363 18.0794
      vertex -45 10.6064 19.8432
      vertex -45 11.3892 17.0451
    endloop
  endfacet
  facet normal -1 0 0
    outer loop
      vertex -45 9.66363 18.0794
      vertex -45 8.61038 20.7873
      vertex -45 10.6064 19.8432
    endloop
  endfacet
  facet normal -1 0 0
    outer loop
      vertex -45 7.84501 18.9395
      vertex -45 8.61038 20.7873
      vertex -45 9.66363 18.0794
    endloop
  endfacet
  facet normal -1 0 0
    outer loop
      vertex -45 7.84501 18.9395
      vertex -45 6.5314 21.5312
      vertex -45 8.61038 20.7873
    endloop
  endfacet
  facet normal -1 0 0
    outer loop
      vertex -45 5.95084 19.6173
      vertex -45 6.5314 21.5312
      vertex -45 7.84501 18.9395
    endloop
  endfacet
  facet normal -1 0 0
    outer loop
      vertex -45 5.95084 19.6173
      vertex -45 4.38953 22.0677
      vertex -45 6.5314 21.5312
    endloop
  endfacet
  facet normal -1 0 0
    outer loop
      vertex -45 3.99935 20.1061
      vertex -45 4.38953 22.0677
      vertex -45 5.95084 19.6173
    endloop
  endfacet
  facet normal -1 0 0
    outer loop
      vertex -45 3.99935 20.1061
      vertex -45 2.20539 22.3917
      vertex -45 4.38953 22.0677
    endloop
  endfacet
  facet normal -1 0 0
    outer loop
      vertex -45 2.00935 20.4013
      vertex -45 2.20539 22.3917
      vertex -45 3.99935 20.1061
    endloop
  endfacet
  facet normal -1 0 0
    outer loop
      vertex -45 0 20.5
      vertex -45 2.20539 22.3917
      vertex -45 2.00935 20.4013
    endloop
  endfacet
  facet normal -1 0 0
    outer loop
      vertex -45 0 20.5
      vertex -45 0 22.5
      vertex -45 2.20539 22.3917
    endloop
  endfacet
  facet normal -1 0 0
    outer loop
      vertex -45 -2.00935 20.4013
      vertex -45 0 22.5
      vertex -45 0 20.5
    endloop
  endfacet
  facet normal -1 0 0
    outer loop
      vertex -45 -2.00935 20.4013
      vertex -45 -2.20539 22.3917
      vertex -45 0 22.5
    endloop
  endfacet
  facet normal -1 0 0
    outer loop
      vertex -45 -3.99935 20.1061
      vertex -45 -2.20539 22.3917
      vertex -45 -2.00935 20.4013
    endloop
  endfacet
  facet normal -1 0 0
    outer loop
      vertex -45 -3.99935 20.1061
      vertex -45 -4.38953 22.0677
      vertex -45 -2.20539 22.3917
    endloop
  endfacet
  facet normal -1 0 0
    outer loop
      vertex -45 -5.95084 19.6173
      vertex -45 -4.38953 22.0677
      vertex -45 -3.99935 20.1061
    endloop
  endfacet
  facet normal -1 0 0
    outer loop
      vertex -45 -5.95084 19.6173
      vertex -45 -6.5314 21.5312
      vertex -45 -4.38953 22.0677
    endloop
  endfacet
  facet normal -1 0 0
    outer loop
      vertex -45 -7.84501 18.9395
      vertex -45 -6.5314 21.5312
      vertex -45 -5.95084 19.6173
    endloop
  endfacet
  facet normal -1 0 0
    outer loop
      vertex -45 -7.84501 18.9395
      vertex -45 -8.61038 20.7873
      vertex -45 -6.5314 21.5312
    endloop
  endfacet
  facet normal -1 0 0
    outer loop
      vertex -45 -9.66363 18.0794
      vertex -45 -8.61038 20.7873
      vertex -45 -7.84501 18.9395
    endloop
  endfacet
  facet normal -1 0 0
    outer loop
      vertex -45 -9.66363 18.0794
      vertex -45 -10.6064 19.8432
      vertex -45 -8.61038 20.7873
    endloop
  endfacet
  facet normal -1 0 0
    outer loop
      vertex -45 -11.3892 17.0451
      vertex -45 -10.6064 19.8432
      vertex -45 -9.66363 18.0794
    endloop
  endfacet
  facet normal -1 0 0
    outer loop
      vertex -45 -11.3892 17.0451
      vertex -45 -12.5003 18.7081
      vertex -45 -10.6064 19.8432
    endloop
  endfacet
  facet normal -1 0 0
    outer loop
      vertex -45 -13.0051 15.8467
      vertex -45 -12.5003 18.7081
      vertex -45 -11.3892 17.0451
    endloop
  endfacet
  facet normal -1 0 0
    outer loop
      vertex -45 -13.0051 15.8467
      vertex -45 -14.2738 17.3927
      vertex -45 -12.5003 18.7081
    endloop
  endfacet
  facet normal -1 0 0
    outer loop
      vertex -45 -14.4957 14.4957
      vertex -45 -14.2738 17.3927
      vertex -45 -13.0051 15.8467
    endloop
  endfacet
  facet normal -1 0 0
    outer loop
      vertex -45 -15.9099 15.9099
      vertex -45 -14.4957 14.4957
      vertex -45 -15.8467 13.0051
    endloop
  endfacet
  facet normal -1 0 0
    outer loop
      vertex -45 -14.4957 14.4957
      vertex -45 -15.9099 15.9099
      vertex -45 -14.2738 17.3927
    endloop
  endfacet
  facet normal -1 0 0
    outer loop
      vertex -45 -17.3927 14.2738
      vertex -45 -15.8467 13.0051
      vertex -45 -17.0451 11.3892
    endloop
  endfacet
  facet normal -1 0 0
    outer loop
      vertex -45 -15.8467 13.0051
      vertex -45 -17.3927 14.2738
      vertex -45 -15.9099 15.9099
    endloop
  endfacet
  facet normal -1 0 0
    outer loop
      vertex -45 -18.7081 12.5003
      vertex -45 -17.0451 11.3892
      vertex -45 -18.0794 9.66363
    endloop
  endfacet
  facet normal -1 0 0
    outer loop
      vertex -45 -17.0451 11.3892
      vertex -45 -18.7081 12.5003
      vertex -45 -17.3927 14.2738
    endloop
  endfacet
  facet normal -1 0 0
    outer loop
      vertex -45 -19.8432 10.6064
      vertex -45 -18.0794 9.66363
      vertex -45 -18.9395 7.84501
    endloop
  endfacet
  facet normal -1 0 0
    outer loop
      vertex -45 -20.7873 8.61038
      vertex -45 -18.9395 7.84501
      vertex -45 -19.6173 5.95084
    endloop
  endfacet
  facet normal -1 0 0
    outer loop
      vertex -45 -18.0794 9.66363
      vertex -45 -19.8432 10.6064
      vertex -45 -18.7081 12.5003
    endloop
  endfacet
  facet normal -1 0 0
    outer loop
      vertex -45 -21.5312 6.5314
      vertex -45 -19.6173 5.95084
      vertex -45 -20.1061 3.99935
    endloop
  endfacet
  facet normal -1 0 0
    outer loop
      vertex -45 -22.0677 4.38953
      vertex -45 -20.1061 3.99935
      vertex -45 -20.4013 2.00935
    endloop
  endfacet
  facet normal -1 0 0
    outer loop
      vertex -45 -18.9395 7.84501
      vertex -45 -20.7873 8.61038
      vertex -45 -19.8432 10.6064
    endloop
  endfacet
  facet normal -1 0 0
    outer loop
      vertex -45 -22.3917 2.20539
      vertex -45 -20.4013 2.00935
      vertex -45 -20.5 0
    endloop
  endfacet
  facet normal -1 -0 0
    outer loop
      vertex -45 -20.1061 -3.99935
      vertex -45 -22.0677 -4.38953
      vertex -45 -20.4013 -2.00935
    endloop
  endfacet
  facet normal -1 0 0
    outer loop
      vertex -45 -22.3917 -2.20539
      vertex -45 -20.4013 -2.00935
      vertex -45 -22.0677 -4.38953
    endloop
  endfacet
  facet normal -1 0 0
    outer loop
      vertex -45 -19.6173 5.95084
      vertex -45 -21.5312 6.5314
      vertex -45 -20.7873 8.61038
    endloop
  endfacet
  facet normal -1 -0 0
    outer loop
      vertex -45 -20.4013 -2.00935
      vertex -45 -22.3917 -2.20539
      vertex -45 -20.5 0
    endloop
  endfacet
  facet normal -1 0 0
    outer loop
      vertex -45 -20.1061 3.99935
      vertex -45 -22.0677 4.38953
      vertex -45 -21.5312 6.5314
    endloop
  endfacet
  facet normal -1 0 0
    outer loop
      vertex -45 -22.5 0
      vertex -45 -20.5 0
      vertex -45 -22.3917 -2.20539
    endloop
  endfacet
  facet normal -1 0 0
    outer loop
      vertex -45 -20.4013 2.00935
      vertex -45 -22.3917 2.20539
      vertex -45 -22.0677 4.38953
    endloop
  endfacet
  facet normal -1 0 0
    outer loop
      vertex -45 -20.5 0
      vertex -45 -22.5 0
      vertex -45 -22.3917 2.20539
    endloop
  endfacet
  facet normal 0 1 0
    outer loop
      vertex -29 11.75 -19.1578
      vertex -37 11.75 -24.1
      vertex -45 11.75 -19.1578
    endloop
  endfacet
  facet normal 0 1 0
    outer loop
      vertex -29 11.75 -19.1578
      vertex -36.804 11.75 -24.1096
      vertex -37 11.75 -24.1
    endloop
  endfacet
  facet normal 0 1 0
    outer loop
      vertex -29 11.75 -19.1578
      vertex -36.6098 11.75 -24.1384
      vertex -36.804 11.75 -24.1096
    endloop
  endfacet
  facet normal 0 1 0
    outer loop
      vertex -29 11.75 -19.1578
      vertex -36.4194 11.75 -24.1861
      vertex -36.6098 11.75 -24.1384
    endloop
  endfacet
  facet normal 0 1 0
    outer loop
      vertex -29 11.75 -19.1578
      vertex -36.2346 11.75 -24.2522
      vertex -36.4194 11.75 -24.1861
    endloop
  endfacet
  facet normal 0 1 0
    outer loop
      vertex -29 11.75 -19.1578
      vertex -36.0572 11.75 -24.3362
      vertex -36.2346 11.75 -24.2522
    endloop
  endfacet
  facet normal 0 1 0
    outer loop
      vertex -29 11.75 -19.1578
      vertex -35.8889 11.75 -24.4371
      vertex -36.0572 11.75 -24.3362
    endloop
  endfacet
  facet normal 0 1 0
    outer loop
      vertex -29 11.75 -19.1578
      vertex -35.7312 11.75 -24.554
      vertex -35.8889 11.75 -24.4371
    endloop
  endfacet
  facet normal 0 1 0
    outer loop
      vertex -29 11.75 -19.1578
      vertex -35.5858 11.75 -24.6858
      vertex -35.7312 11.75 -24.554
    endloop
  endfacet
  facet normal 0 1 0
    outer loop
      vertex -29 11.75 -19.1578
      vertex -35.454 11.75 -24.8312
      vertex -35.5858 11.75 -24.6858
    endloop
  endfacet
  facet normal 0 1 0
    outer loop
      vertex -29 11.75 -19.1578
      vertex -35.3371 11.75 -24.9889
      vertex -35.454 11.75 -24.8312
    endloop
  endfacet
  facet normal 0 1 0
    outer loop
      vertex -29 11.75 -19.1578
      vertex -35.2362 11.75 -25.1572
      vertex -35.3371 11.75 -24.9889
    endloop
  endfacet
  facet normal 0 1 0
    outer loop
      vertex -29 11.75 -19.1578
      vertex -35.1522 11.75 -25.3346
      vertex -35.2362 11.75 -25.1572
    endloop
  endfacet
  facet normal 0 1 0
    outer loop
      vertex -29 11.75 -19.1578
      vertex -35.0861 11.75 -25.5194
      vertex -35.1522 11.75 -25.3346
    endloop
  endfacet
  facet normal 0 1 0
    outer loop
      vertex -29 11.75 -19.1578
      vertex -35.0384 11.75 -25.7098
      vertex -35.0861 11.75 -25.5194
    endloop
  endfacet
  facet normal 0 1 0
    outer loop
      vertex -29 11.75 -19.1578
      vertex -35.0096 11.75 -25.904
      vertex -35.0384 11.75 -25.7098
    endloop
  endfacet
  facet normal 0 1 -0
    outer loop
      vertex -29 11.75 -31
      vertex -35.0096 11.75 -25.904
      vertex -29 11.75 -19.1578
    endloop
  endfacet
  facet normal 0 1 0
    outer loop
      vertex -35.0096 11.75 -25.904
      vertex -29 11.75 -31
      vertex -35 11.75 -26.1
    endloop
  endfacet
  facet normal 0 1 0
    outer loop
      vertex -35 11.75 -26.1
      vertex -29 11.75 -31
      vertex -35.0096 11.75 -26.296
    endloop
  endfacet
  facet normal 0 1 0
    outer loop
      vertex -35.0096 11.75 -26.296
      vertex -29 11.75 -31
      vertex -35.0384 11.75 -26.4902
    endloop
  endfacet
  facet normal 0 1 0
    outer loop
      vertex -35.0384 11.75 -26.4902
      vertex -29 11.75 -31
      vertex -35.0861 11.75 -26.6806
    endloop
  endfacet
  facet normal 0 1 0
    outer loop
      vertex -35.0861 11.75 -26.6806
      vertex -29 11.75 -31
      vertex -35.1522 11.75 -26.8654
    endloop
  endfacet
  facet normal 0 1 0
    outer loop
      vertex -35.1522 11.75 -26.8654
      vertex -29 11.75 -31
      vertex -35.2362 11.75 -27.0428
    endloop
  endfacet
  facet normal 0 1 0
    outer loop
      vertex -35.2362 11.75 -27.0428
      vertex -29 11.75 -31
      vertex -35.3371 11.75 -27.2111
    endloop
  endfacet
  facet normal 0 1 0
    outer loop
      vertex -36.804 11.75 -28.0904
      vertex -29 11.75 -31
      vertex -37 11.75 -28.1
    endloop
  endfacet
  facet normal 0 1 0
    outer loop
      vertex -36.6098 11.75 -28.0616
      vertex -29 11.75 -31
      vertex -36.804 11.75 -28.0904
    endloop
  endfacet
  facet normal 0 1 0
    outer loop
      vertex -36.4194 11.75 -28.0139
      vertex -29 11.75 -31
      vertex -36.6098 11.75 -28.0616
    endloop
  endfacet
  facet normal 0 1 0
    outer loop
      vertex -36.2346 11.75 -27.9478
      vertex -29 11.75 -31
      vertex -36.4194 11.75 -28.0139
    endloop
  endfacet
  facet normal 0 1 0
    outer loop
      vertex -36.0572 11.75 -27.8638
      vertex -29 11.75 -31
      vertex -36.2346 11.75 -27.9478
    endloop
  endfacet
  facet normal 0 1 0
    outer loop
      vertex -35.8889 11.75 -27.7629
      vertex -29 11.75 -31
      vertex -36.0572 11.75 -27.8638
    endloop
  endfacet
  facet normal 0 1 0
    outer loop
      vertex -35.7312 11.75 -27.646
      vertex -29 11.75 -31
      vertex -35.8889 11.75 -27.7629
    endloop
  endfacet
  facet normal 0 1 0
    outer loop
      vertex -35.5858 11.75 -27.5142
      vertex -29 11.75 -31
      vertex -35.7312 11.75 -27.646
    endloop
  endfacet
  facet normal 0 1 0
    outer loop
      vertex -35.454 11.75 -27.3688
      vertex -29 11.75 -31
      vertex -35.5858 11.75 -27.5142
    endloop
  endfacet
  facet normal 0 1 0
    outer loop
      vertex -35.3371 11.75 -27.2111
      vertex -29 11.75 -31
      vertex -35.454 11.75 -27.3688
    endloop
  endfacet
  facet normal 0 1 -0
    outer loop
      vertex -37.196 11.75 -24.1096
      vertex -45 11.75 -19.1578
      vertex -37 11.75 -24.1
    endloop
  endfacet
  facet normal 0 1 -0
    outer loop
      vertex -37.3902 11.75 -24.1384
      vertex -45 11.75 -19.1578
      vertex -37.196 11.75 -24.1096
    endloop
  endfacet
  facet normal 0 1 -0
    outer loop
      vertex -37.5806 11.75 -24.1861
      vertex -45 11.75 -19.1578
      vertex -37.3902 11.75 -24.1384
    endloop
  endfacet
  facet normal 0 1 -0
    outer loop
      vertex -37.7654 11.75 -24.2522
      vertex -45 11.75 -19.1578
      vertex -37.5806 11.75 -24.1861
    endloop
  endfacet
  facet normal 0 1 -0
    outer loop
      vertex -37.9428 11.75 -24.3362
      vertex -45 11.75 -19.1578
      vertex -37.7654 11.75 -24.2522
    endloop
  endfacet
  facet normal 0 1 -0
    outer loop
      vertex -38.1111 11.75 -24.4371
      vertex -45 11.75 -19.1578
      vertex -37.9428 11.75 -24.3362
    endloop
  endfacet
  facet normal 0 1 -0
    outer loop
      vertex -38.2688 11.75 -24.554
      vertex -45 11.75 -19.1578
      vertex -38.1111 11.75 -24.4371
    endloop
  endfacet
  facet normal 0 1 -0
    outer loop
      vertex -38.4142 11.75 -24.6858
      vertex -45 11.75 -19.1578
      vertex -38.2688 11.75 -24.554
    endloop
  endfacet
  facet normal 0 1 -0
    outer loop
      vertex -38.546 11.75 -24.8312
      vertex -45 11.75 -19.1578
      vertex -38.4142 11.75 -24.6858
    endloop
  endfacet
  facet normal 0 1 -0
    outer loop
      vertex -38.6629 11.75 -24.9889
      vertex -45 11.75 -19.1578
      vertex -38.546 11.75 -24.8312
    endloop
  endfacet
  facet normal 0 1 -0
    outer loop
      vertex -38.7638 11.75 -25.1572
      vertex -45 11.75 -19.1578
      vertex -38.6629 11.75 -24.9889
    endloop
  endfacet
  facet normal 0 1 -0
    outer loop
      vertex -38.8478 11.75 -25.3346
      vertex -45 11.75 -19.1578
      vertex -38.7638 11.75 -25.1572
    endloop
  endfacet
  facet normal 0 1 -0
    outer loop
      vertex -38.9139 11.75 -25.5194
      vertex -45 11.75 -19.1578
      vertex -38.8478 11.75 -25.3346
    endloop
  endfacet
  facet normal 0 1 -0
    outer loop
      vertex -38.9616 11.75 -25.7098
      vertex -45 11.75 -19.1578
      vertex -38.9139 11.75 -25.5194
    endloop
  endfacet
  facet normal 0 1 -0
    outer loop
      vertex -38.9904 11.75 -25.904
      vertex -45 11.75 -19.1578
      vertex -38.9616 11.75 -25.7098
    endloop
  endfacet
  facet normal 0 1 0
    outer loop
      vertex -45 11.75 -31
      vertex -38.9904 11.75 -25.904
      vertex -39 11.75 -26.1
    endloop
  endfacet
  facet normal 0 1 0
    outer loop
      vertex -45 11.75 -31
      vertex -39 11.75 -26.1
      vertex -38.9904 11.75 -26.296
    endloop
  endfacet
  facet normal 0 1 0
    outer loop
      vertex -45 11.75 -31
      vertex -38.9904 11.75 -26.296
      vertex -38.9616 11.75 -26.4902
    endloop
  endfacet
  facet normal 0 1 0
    outer loop
      vertex -45 11.75 -31
      vertex -38.9616 11.75 -26.4902
      vertex -38.9139 11.75 -26.6806
    endloop
  endfacet
  facet normal 0 1 0
    outer loop
      vertex -45 11.75 -31
      vertex -38.9139 11.75 -26.6806
      vertex -38.8478 11.75 -26.8654
    endloop
  endfacet
  facet normal 0 1 0
    outer loop
      vertex -45 11.75 -31
      vertex -38.8478 11.75 -26.8654
      vertex -38.7638 11.75 -27.0428
    endloop
  endfacet
  facet normal 0 1 0
    outer loop
      vertex -45 11.75 -31
      vertex -38.7638 11.75 -27.0428
      vertex -38.6629 11.75 -27.2111
    endloop
  endfacet
  facet normal 0 1 0
    outer loop
      vertex -45 11.75 -31
      vertex -38.6629 11.75 -27.2111
      vertex -38.546 11.75 -27.3688
    endloop
  endfacet
  facet normal 0 1 0
    outer loop
      vertex -45 11.75 -31
      vertex -37 11.75 -28.1
      vertex -29 11.75 -31
    endloop
  endfacet
  facet normal 0 1 0
    outer loop
      vertex -37 11.75 -28.1
      vertex -45 11.75 -31
      vertex -37.196 11.75 -28.0904
    endloop
  endfacet
  facet normal 0 1 0
    outer loop
      vertex -37.196 11.75 -28.0904
      vertex -45 11.75 -31
      vertex -37.3902 11.75 -28.0616
    endloop
  endfacet
  facet normal 0 1 0
    outer loop
      vertex -38.9904 11.75 -25.904
      vertex -45 11.75 -31
      vertex -45 11.75 -19.1578
    endloop
  endfacet
  facet normal 0 1 0
    outer loop
      vertex -38.4142 11.75 -27.5142
      vertex -45 11.75 -31
      vertex -38.546 11.75 -27.3688
    endloop
  endfacet
  facet normal 0 1 0
    outer loop
      vertex -38.2688 11.75 -27.646
      vertex -45 11.75 -31
      vertex -38.4142 11.75 -27.5142
    endloop
  endfacet
  facet normal 0 1 0
    outer loop
      vertex -38.1111 11.75 -27.7629
      vertex -45 11.75 -31
      vertex -38.2688 11.75 -27.646
    endloop
  endfacet
  facet normal 0 1 0
    outer loop
      vertex -37.9428 11.75 -27.8638
      vertex -45 11.75 -31
      vertex -38.1111 11.75 -27.7629
    endloop
  endfacet
  facet normal 0 1 0
    outer loop
      vertex -37.7654 11.75 -27.9478
      vertex -45 11.75 -31
      vertex -37.9428 11.75 -27.8638
    endloop
  endfacet
  facet normal 0 1 0
    outer loop
      vertex -37.5806 11.75 -28.0139
      vertex -45 11.75 -31
      vertex -37.7654 11.75 -27.9478
    endloop
  endfacet
  facet normal 0 1 0
    outer loop
      vertex -37.3902 11.75 -28.0616
      vertex -45 11.75 -31
      vertex -37.5806 11.75 -28.0139
    endloop
  endfacet
  facet normal 0 -1 0
    outer loop
      vertex -45 -11.75 -19.1578
      vertex -37 -11.75 -24.1
      vertex -29 -11.75 -19.1578
    endloop
  endfacet
  facet normal 0 -1 0
    outer loop
      vertex -45 -11.75 -19.1578
      vertex -37.196 -11.75 -24.1096
      vertex -37 -11.75 -24.1
    endloop
  endfacet
  facet normal 0 -1 0
    outer loop
      vertex -45 -11.75 -19.1578
      vertex -37.3902 -11.75 -24.1384
      vertex -37.196 -11.75 -24.1096
    endloop
  endfacet
  facet normal 0 -1 0
    outer loop
      vertex -45 -11.75 -19.1578
      vertex -37.5806 -11.75 -24.1861
      vertex -37.3902 -11.75 -24.1384
    endloop
  endfacet
  facet normal 0 -1 0
    outer loop
      vertex -45 -11.75 -19.1578
      vertex -37.7654 -11.75 -24.2522
      vertex -37.5806 -11.75 -24.1861
    endloop
  endfacet
  facet normal 0 -1 0
    outer loop
      vertex -45 -11.75 -19.1578
      vertex -37.9428 -11.75 -24.3362
      vertex -37.7654 -11.75 -24.2522
    endloop
  endfacet
  facet normal 0 -1 0
    outer loop
      vertex -45 -11.75 -19.1578
      vertex -38.1111 -11.75 -24.4371
      vertex -37.9428 -11.75 -24.3362
    endloop
  endfacet
  facet normal 0 -1 0
    outer loop
      vertex -45 -11.75 -19.1578
      vertex -38.2688 -11.75 -24.554
      vertex -38.1111 -11.75 -24.4371
    endloop
  endfacet
  facet normal 0 -1 0
    outer loop
      vertex -45 -11.75 -19.1578
      vertex -38.4142 -11.75 -24.6858
      vertex -38.2688 -11.75 -24.554
    endloop
  endfacet
  facet normal 0 -1 0
    outer loop
      vertex -45 -11.75 -19.1578
      vertex -38.546 -11.75 -24.8312
      vertex -38.4142 -11.75 -24.6858
    endloop
  endfacet
  facet normal 0 -1 0
    outer loop
      vertex -45 -11.75 -19.1578
      vertex -38.6629 -11.75 -24.9889
      vertex -38.546 -11.75 -24.8312
    endloop
  endfacet
  facet normal 0 -1 0
    outer loop
      vertex -45 -11.75 -19.1578
      vertex -38.7638 -11.75 -25.1572
      vertex -38.6629 -11.75 -24.9889
    endloop
  endfacet
  facet normal 0 -1 0
    outer loop
      vertex -45 -11.75 -19.1578
      vertex -38.8478 -11.75 -25.3346
      vertex -38.7638 -11.75 -25.1572
    endloop
  endfacet
  facet normal 0 -1 0
    outer loop
      vertex -45 -11.75 -19.1578
      vertex -38.9139 -11.75 -25.5194
      vertex -38.8478 -11.75 -25.3346
    endloop
  endfacet
  facet normal 0 -1 0
    outer loop
      vertex -45 -11.75 -19.1578
      vertex -38.9616 -11.75 -25.7098
      vertex -38.9139 -11.75 -25.5194
    endloop
  endfacet
  facet normal 0 -1 0
    outer loop
      vertex -45 -11.75 -19.1578
      vertex -38.9904 -11.75 -25.904
      vertex -38.9616 -11.75 -25.7098
    endloop
  endfacet
  facet normal 0 -1 0
    outer loop
      vertex -45 -11.75 -31
      vertex -38.9904 -11.75 -25.904
      vertex -45 -11.75 -19.1578
    endloop
  endfacet
  facet normal 0 -1 0
    outer loop
      vertex -38.9904 -11.75 -25.904
      vertex -45 -11.75 -31
      vertex -39 -11.75 -26.1
    endloop
  endfacet
  facet normal 0 -1 -0
    outer loop
      vertex -39 -11.75 -26.1
      vertex -45 -11.75 -31
      vertex -38.9904 -11.75 -26.296
    endloop
  endfacet
  facet normal 0 -1 -0
    outer loop
      vertex -38.9904 -11.75 -26.296
      vertex -45 -11.75 -31
      vertex -38.9616 -11.75 -26.4902
    endloop
  endfacet
  facet normal 0 -1 -0
    outer loop
      vertex -38.9616 -11.75 -26.4902
      vertex -45 -11.75 -31
      vertex -38.9139 -11.75 -26.6806
    endloop
  endfacet
  facet normal 0 -1 -0
    outer loop
      vertex -38.9139 -11.75 -26.6806
      vertex -45 -11.75 -31
      vertex -38.8478 -11.75 -26.8654
    endloop
  endfacet
  facet normal 0 -1 -0
    outer loop
      vertex -38.8478 -11.75 -26.8654
      vertex -45 -11.75 -31
      vertex -38.7638 -11.75 -27.0428
    endloop
  endfacet
  facet normal 0 -1 -0
    outer loop
      vertex -38.7638 -11.75 -27.0428
      vertex -45 -11.75 -31
      vertex -38.6629 -11.75 -27.2111
    endloop
  endfacet
  facet normal 0 -1 -0
    outer loop
      vertex -37.196 -11.75 -28.0904
      vertex -45 -11.75 -31
      vertex -37 -11.75 -28.1
    endloop
  endfacet
  facet normal 0 -1 -0
    outer loop
      vertex -37.3902 -11.75 -28.0616
      vertex -45 -11.75 -31
      vertex -37.196 -11.75 -28.0904
    endloop
  endfacet
  facet normal 0 -1 -0
    outer loop
      vertex -37.5806 -11.75 -28.0139
      vertex -45 -11.75 -31
      vertex -37.3902 -11.75 -28.0616
    endloop
  endfacet
  facet normal 0 -1 -0
    outer loop
      vertex -37.7654 -11.75 -27.9478
      vertex -45 -11.75 -31
      vertex -37.5806 -11.75 -28.0139
    endloop
  endfacet
  facet normal 0 -1 -0
    outer loop
      vertex -37.9428 -11.75 -27.8638
      vertex -45 -11.75 -31
      vertex -37.7654 -11.75 -27.9478
    endloop
  endfacet
  facet normal 0 -1 -0
    outer loop
      vertex -38.1111 -11.75 -27.7629
      vertex -45 -11.75 -31
      vertex -37.9428 -11.75 -27.8638
    endloop
  endfacet
  facet normal 0 -1 -0
    outer loop
      vertex -38.2688 -11.75 -27.646
      vertex -45 -11.75 -31
      vertex -38.1111 -11.75 -27.7629
    endloop
  endfacet
  facet normal 0 -1 -0
    outer loop
      vertex -38.4142 -11.75 -27.5142
      vertex -45 -11.75 -31
      vertex -38.2688 -11.75 -27.646
    endloop
  endfacet
  facet normal 0 -1 -0
    outer loop
      vertex -38.546 -11.75 -27.3688
      vertex -45 -11.75 -31
      vertex -38.4142 -11.75 -27.5142
    endloop
  endfacet
  facet normal 0 -1 -0
    outer loop
      vertex -38.6629 -11.75 -27.2111
      vertex -45 -11.75 -31
      vertex -38.546 -11.75 -27.3688
    endloop
  endfacet
  facet normal 0 -1 0
    outer loop
      vertex -36.804 -11.75 -24.1096
      vertex -29 -11.75 -19.1578
      vertex -37 -11.75 -24.1
    endloop
  endfacet
  facet normal 0 -1 0
    outer loop
      vertex -36.6098 -11.75 -24.1384
      vertex -29 -11.75 -19.1578
      vertex -36.804 -11.75 -24.1096
    endloop
  endfacet
  facet normal 0 -1 0
    outer loop
      vertex -36.4194 -11.75 -24.1861
      vertex -29 -11.75 -19.1578
      vertex -36.6098 -11.75 -24.1384
    endloop
  endfacet
  facet normal 0 -1 0
    outer loop
      vertex -36.2346 -11.75 -24.2522
      vertex -29 -11.75 -19.1578
      vertex -36.4194 -11.75 -24.1861
    endloop
  endfacet
  facet normal 0 -1 0
    outer loop
      vertex -36.0572 -11.75 -24.3362
      vertex -29 -11.75 -19.1578
      vertex -36.2346 -11.75 -24.2522
    endloop
  endfacet
  facet normal 0 -1 0
    outer loop
      vertex -35.8889 -11.75 -24.4371
      vertex -29 -11.75 -19.1578
      vertex -36.0572 -11.75 -24.3362
    endloop
  endfacet
  facet normal 0 -1 0
    outer loop
      vertex -35.7312 -11.75 -24.554
      vertex -29 -11.75 -19.1578
      vertex -35.8889 -11.75 -24.4371
    endloop
  endfacet
  facet normal 0 -1 0
    outer loop
      vertex -35.5858 -11.75 -24.6858
      vertex -29 -11.75 -19.1578
      vertex -35.7312 -11.75 -24.554
    endloop
  endfacet
  facet normal 0 -1 0
    outer loop
      vertex -35.454 -11.75 -24.8312
      vertex -29 -11.75 -19.1578
      vertex -35.5858 -11.75 -24.6858
    endloop
  endfacet
  facet normal 0 -1 0
    outer loop
      vertex -35.3371 -11.75 -24.9889
      vertex -29 -11.75 -19.1578
      vertex -35.454 -11.75 -24.8312
    endloop
  endfacet
  facet normal 0 -1 0
    outer loop
      vertex -35.2362 -11.75 -25.1572
      vertex -29 -11.75 -19.1578
      vertex -35.3371 -11.75 -24.9889
    endloop
  endfacet
  facet normal 0 -1 0
    outer loop
      vertex -35.1522 -11.75 -25.3346
      vertex -29 -11.75 -19.1578
      vertex -35.2362 -11.75 -25.1572
    endloop
  endfacet
  facet normal 0 -1 0
    outer loop
      vertex -35.0861 -11.75 -25.5194
      vertex -29 -11.75 -19.1578
      vertex -35.1522 -11.75 -25.3346
    endloop
  endfacet
  facet normal 0 -1 0
    outer loop
      vertex -35.0384 -11.75 -25.7098
      vertex -29 -11.75 -19.1578
      vertex -35.0861 -11.75 -25.5194
    endloop
  endfacet
  facet normal 0 -1 0
    outer loop
      vertex -35.0096 -11.75 -25.904
      vertex -29 -11.75 -19.1578
      vertex -35.0384 -11.75 -25.7098
    endloop
  endfacet
  facet normal 0 -1 0
    outer loop
      vertex -29 -11.75 -31
      vertex -35.0096 -11.75 -25.904
      vertex -35 -11.75 -26.1
    endloop
  endfacet
  facet normal 0 -1 0
    outer loop
      vertex -29 -11.75 -31
      vertex -35 -11.75 -26.1
      vertex -35.0096 -11.75 -26.296
    endloop
  endfacet
  facet normal 0 -1 0
    outer loop
      vertex -29 -11.75 -31
      vertex -35.0096 -11.75 -26.296
      vertex -35.0384 -11.75 -26.4902
    endloop
  endfacet
  facet normal 0 -1 0
    outer loop
      vertex -29 -11.75 -31
      vertex -35.0384 -11.75 -26.4902
      vertex -35.0861 -11.75 -26.6806
    endloop
  endfacet
  facet normal 0 -1 0
    outer loop
      vertex -29 -11.75 -31
      vertex -35.0861 -11.75 -26.6806
      vertex -35.1522 -11.75 -26.8654
    endloop
  endfacet
  facet normal 0 -1 0
    outer loop
      vertex -29 -11.75 -31
      vertex -35.1522 -11.75 -26.8654
      vertex -35.2362 -11.75 -27.0428
    endloop
  endfacet
  facet normal 0 -1 0
    outer loop
      vertex -29 -11.75 -31
      vertex -35.2362 -11.75 -27.0428
      vertex -35.3371 -11.75 -27.2111
    endloop
  endfacet
  facet normal 0 -1 0
    outer loop
      vertex -29 -11.75 -31
      vertex -35.3371 -11.75 -27.2111
      vertex -35.454 -11.75 -27.3688
    endloop
  endfacet
  facet normal 0 -1 0
    outer loop
      vertex -29 -11.75 -31
      vertex -37 -11.75 -28.1
      vertex -45 -11.75 -31
    endloop
  endfacet
  facet normal 0 -1 0
    outer loop
      vertex -37 -11.75 -28.1
      vertex -29 -11.75 -31
      vertex -36.804 -11.75 -28.0904
    endloop
  endfacet
  facet normal 0 -1 0
    outer loop
      vertex -36.804 -11.75 -28.0904
      vertex -29 -11.75 -31
      vertex -36.6098 -11.75 -28.0616
    endloop
  endfacet
  facet normal 0 -1 0
    outer loop
      vertex -35.0096 -11.75 -25.904
      vertex -29 -11.75 -31
      vertex -29 -11.75 -19.1578
    endloop
  endfacet
  facet normal 0 -1 0
    outer loop
      vertex -35.5858 -11.75 -27.5142
      vertex -29 -11.75 -31
      vertex -35.454 -11.75 -27.3688
    endloop
  endfacet
  facet normal 0 -1 0
    outer loop
      vertex -35.7312 -11.75 -27.646
      vertex -29 -11.75 -31
      vertex -35.5858 -11.75 -27.5142
    endloop
  endfacet
  facet normal 0 -1 0
    outer loop
      vertex -35.8889 -11.75 -27.7629
      vertex -29 -11.75 -31
      vertex -35.7312 -11.75 -27.646
    endloop
  endfacet
  facet normal 0 -1 0
    outer loop
      vertex -36.0572 -11.75 -27.8638
      vertex -29 -11.75 -31
      vertex -35.8889 -11.75 -27.7629
    endloop
  endfacet
  facet normal 0 -1 0
    outer loop
      vertex -36.2346 -11.75 -27.9478
      vertex -29 -11.75 -31
      vertex -36.0572 -11.75 -27.8638
    endloop
  endfacet
  facet normal 0 -1 0
    outer loop
      vertex -36.4194 -11.75 -28.0139
      vertex -29 -11.75 -31
      vertex -36.2346 -11.75 -27.9478
    endloop
  endfacet
  facet normal 0 -1 0
    outer loop
      vertex -36.6098 -11.75 -28.0616
      vertex -29 -11.75 -31
      vertex -36.4194 -11.75 -28.0139
    endloop
  endfacet
  facet normal 0 0 -1
    outer loop
      vertex -45 -5.75 -24
      vertex -29 5.75 -24
      vertex -29 -5.75 -24
    endloop
  endfacet
  facet normal -0 0 -1
    outer loop
      vertex -29 5.75 -24
      vertex -45 -5.75 -24
      vertex -45 5.75 -24
    endloop
  endfacet
  facet normal 0 -1 0
    outer loop
      vertex -45 5.75 -24
      vertex -37 5.75 -24.5
      vertex -29 5.75 -24
    endloop
  endfacet
  facet normal 0 -1 0
    outer loop
      vertex -45 5.75 -24
      vertex -37.1568 5.75 -24.5077
      vertex -37 5.75 -24.5
    endloop
  endfacet
  facet normal 0 -1 0
    outer loop
      vertex -45 5.75 -24
      vertex -37.3121 5.75 -24.5307
      vertex -37.1568 5.75 -24.5077
    endloop
  endfacet
  facet normal 0 -1 0
    outer loop
      vertex -45 5.75 -24
      vertex -37.4645 5.75 -24.5689
      vertex -37.3121 5.75 -24.5307
    endloop
  endfacet
  facet normal 0 -1 0
    outer loop
      vertex -45 5.75 -24
      vertex -37.6123 5.75 -24.6218
      vertex -37.4645 5.75 -24.5689
    endloop
  endfacet
  facet normal 0 -1 0
    outer loop
      vertex -45 5.75 -24
      vertex -37.7542 5.75 -24.6889
      vertex -37.6123 5.75 -24.6218
    endloop
  endfacet
  facet normal 0 -1 0
    outer loop
      vertex -45 5.75 -24
      vertex -37.8889 5.75 -24.7696
      vertex -37.7542 5.75 -24.6889
    endloop
  endfacet
  facet normal 0 -1 0
    outer loop
      vertex -45 5.75 -24
      vertex -38.015 5.75 -24.8632
      vertex -37.8889 5.75 -24.7696
    endloop
  endfacet
  facet normal 0 -1 0
    outer loop
      vertex -45 5.75 -24
      vertex -38.1314 5.75 -24.9686
      vertex -38.015 5.75 -24.8632
    endloop
  endfacet
  facet normal 0 -1 0
    outer loop
      vertex -45 5.75 -24
      vertex -38.2368 5.75 -25.085
      vertex -38.1314 5.75 -24.9686
    endloop
  endfacet
  facet normal 0 -1 0
    outer loop
      vertex -45 5.75 -24
      vertex -38.3304 5.75 -25.2111
      vertex -38.2368 5.75 -25.085
    endloop
  endfacet
  facet normal 0 -1 0
    outer loop
      vertex -45 5.75 -24
      vertex -38.4111 5.75 -25.3458
      vertex -38.3304 5.75 -25.2111
    endloop
  endfacet
  facet normal 0 -1 0
    outer loop
      vertex -45 5.75 -24
      vertex -38.4782 5.75 -25.4877
      vertex -38.4111 5.75 -25.3458
    endloop
  endfacet
  facet normal 0 -1 0
    outer loop
      vertex -45 5.75 -24
      vertex -38.5311 5.75 -25.6355
      vertex -38.4782 5.75 -25.4877
    endloop
  endfacet
  facet normal 0 -1 0
    outer loop
      vertex -45 5.75 -24
      vertex -38.5693 5.75 -25.7879
      vertex -38.5311 5.75 -25.6355
    endloop
  endfacet
  facet normal 0 -1 0
    outer loop
      vertex -45 5.75 -24
      vertex -38.5923 5.75 -25.9432
      vertex -38.5693 5.75 -25.7879
    endloop
  endfacet
  facet normal 0 -1 0
    outer loop
      vertex -45 5.75 -24
      vertex -38.6 5.75 -26.1
      vertex -38.5923 5.75 -25.9432
    endloop
  endfacet
  facet normal 0 -1 0
    outer loop
      vertex -45 5.75 -24
      vertex -38.5923 5.75 -26.2568
      vertex -38.6 5.75 -26.1
    endloop
  endfacet
  facet normal 0 -1 0
    outer loop
      vertex -45 5.75 -24
      vertex -38.5693 5.75 -26.4121
      vertex -38.5923 5.75 -26.2568
    endloop
  endfacet
  facet normal 0 -1 0
    outer loop
      vertex -45 5.75 -24
      vertex -38.5311 5.75 -26.5645
      vertex -38.5693 5.75 -26.4121
    endloop
  endfacet
  facet normal 0 -1 0
    outer loop
      vertex -45 5.75 -31
      vertex -38.5311 5.75 -26.5645
      vertex -45 5.75 -24
    endloop
  endfacet
  facet normal 0 -1 -0
    outer loop
      vertex -38.5311 5.75 -26.5645
      vertex -45 5.75 -31
      vertex -38.4782 5.75 -26.7123
    endloop
  endfacet
  facet normal 0 -1 -0
    outer loop
      vertex -38.4782 5.75 -26.7123
      vertex -45 5.75 -31
      vertex -38.4111 5.75 -26.8542
    endloop
  endfacet
  facet normal 0 -1 -0
    outer loop
      vertex -38.4111 5.75 -26.8542
      vertex -45 5.75 -31
      vertex -38.3304 5.75 -26.9889
    endloop
  endfacet
  facet normal 0 -1 -0
    outer loop
      vertex -38.3304 5.75 -26.9889
      vertex -45 5.75 -31
      vertex -38.2368 5.75 -27.115
    endloop
  endfacet
  facet normal 0 -1 -0
    outer loop
      vertex -38.2368 5.75 -27.115
      vertex -45 5.75 -31
      vertex -38.1314 5.75 -27.2314
    endloop
  endfacet
  facet normal 0 -1 -0
    outer loop
      vertex -38.1314 5.75 -27.2314
      vertex -45 5.75 -31
      vertex -38.015 5.75 -27.3368
    endloop
  endfacet
  facet normal 0 -1 -0
    outer loop
      vertex -38.015 5.75 -27.3368
      vertex -45 5.75 -31
      vertex -37.8889 5.75 -27.4304
    endloop
  endfacet
  facet normal 0 -1 -0
    outer loop
      vertex -37.1568 5.75 -27.6923
      vertex -45 5.75 -31
      vertex -37 5.75 -27.7
    endloop
  endfacet
  facet normal 0 -1 -0
    outer loop
      vertex -37.3121 5.75 -27.6693
      vertex -45 5.75 -31
      vertex -37.1568 5.75 -27.6923
    endloop
  endfacet
  facet normal 0 -1 -0
    outer loop
      vertex -37.4645 5.75 -27.6311
      vertex -45 5.75 -31
      vertex -37.3121 5.75 -27.6693
    endloop
  endfacet
  facet normal 0 -1 -0
    outer loop
      vertex -37.6123 5.75 -27.5782
      vertex -45 5.75 -31
      vertex -37.4645 5.75 -27.6311
    endloop
  endfacet
  facet normal 0 -1 -0
    outer loop
      vertex -37.7542 5.75 -27.5111
      vertex -45 5.75 -31
      vertex -37.6123 5.75 -27.5782
    endloop
  endfacet
  facet normal 0 -1 -0
    outer loop
      vertex -37.8889 5.75 -27.4304
      vertex -45 5.75 -31
      vertex -37.7542 5.75 -27.5111
    endloop
  endfacet
  facet normal 0 -1 0
    outer loop
      vertex -36.8432 5.75 -24.5077
      vertex -29 5.75 -24
      vertex -37 5.75 -24.5
    endloop
  endfacet
  facet normal 0 -1 0
    outer loop
      vertex -36.6879 5.75 -24.5307
      vertex -29 5.75 -24
      vertex -36.8432 5.75 -24.5077
    endloop
  endfacet
  facet normal 0 -1 0
    outer loop
      vertex -36.5355 5.75 -24.5689
      vertex -29 5.75 -24
      vertex -36.6879 5.75 -24.5307
    endloop
  endfacet
  facet normal 0 -1 0
    outer loop
      vertex -36.3877 5.75 -24.6218
      vertex -29 5.75 -24
      vertex -36.5355 5.75 -24.5689
    endloop
  endfacet
  facet normal 0 -1 0
    outer loop
      vertex -36.2458 5.75 -24.6889
      vertex -29 5.75 -24
      vertex -36.3877 5.75 -24.6218
    endloop
  endfacet
  facet normal 0 -1 0
    outer loop
      vertex -36.1111 5.75 -24.7696
      vertex -29 5.75 -24
      vertex -36.2458 5.75 -24.6889
    endloop
  endfacet
  facet normal 0 -1 0
    outer loop
      vertex -35.985 5.75 -24.8632
      vertex -29 5.75 -24
      vertex -36.1111 5.75 -24.7696
    endloop
  endfacet
  facet normal 0 -1 0
    outer loop
      vertex -35.8686 5.75 -24.9686
      vertex -29 5.75 -24
      vertex -35.985 5.75 -24.8632
    endloop
  endfacet
  facet normal 0 -1 0
    outer loop
      vertex -35.7632 5.75 -25.085
      vertex -29 5.75 -24
      vertex -35.8686 5.75 -24.9686
    endloop
  endfacet
  facet normal 0 -1 0
    outer loop
      vertex -35.6696 5.75 -25.2111
      vertex -29 5.75 -24
      vertex -35.7632 5.75 -25.085
    endloop
  endfacet
  facet normal 0 -1 0
    outer loop
      vertex -35.5889 5.75 -25.3458
      vertex -29 5.75 -24
      vertex -35.6696 5.75 -25.2111
    endloop
  endfacet
  facet normal 0 -1 0
    outer loop
      vertex -35.5218 5.75 -25.4877
      vertex -29 5.75 -24
      vertex -35.5889 5.75 -25.3458
    endloop
  endfacet
  facet normal 0 -1 0
    outer loop
      vertex -35.4689 5.75 -25.6355
      vertex -29 5.75 -24
      vertex -35.5218 5.75 -25.4877
    endloop
  endfacet
  facet normal 0 -1 0
    outer loop
      vertex -35.4307 5.75 -25.7879
      vertex -29 5.75 -24
      vertex -35.4689 5.75 -25.6355
    endloop
  endfacet
  facet normal 0 -1 0
    outer loop
      vertex -35.4077 5.75 -25.9432
      vertex -29 5.75 -24
      vertex -35.4307 5.75 -25.7879
    endloop
  endfacet
  facet normal 0 -1 0
    outer loop
      vertex -35.4 5.75 -26.1
      vertex -29 5.75 -24
      vertex -35.4077 5.75 -25.9432
    endloop
  endfacet
  facet normal 0 -1 0
    outer loop
      vertex -35.4077 5.75 -26.2568
      vertex -29 5.75 -24
      vertex -35.4 5.75 -26.1
    endloop
  endfacet
  facet normal 0 -1 0
    outer loop
      vertex -35.4307 5.75 -26.4121
      vertex -29 5.75 -24
      vertex -35.4077 5.75 -26.2568
    endloop
  endfacet
  facet normal 0 -1 0
    outer loop
      vertex -35.4689 5.75 -26.5645
      vertex -29 5.75 -24
      vertex -35.4307 5.75 -26.4121
    endloop
  endfacet
  facet normal 0 -1 0
    outer loop
      vertex -29 5.75 -31
      vertex -35.4689 5.75 -26.5645
      vertex -35.5218 5.75 -26.7123
    endloop
  endfacet
  facet normal 0 -1 0
    outer loop
      vertex -29 5.75 -31
      vertex -35.5218 5.75 -26.7123
      vertex -35.5889 5.75 -26.8542
    endloop
  endfacet
  facet normal 0 -1 0
    outer loop
      vertex -29 5.75 -31
      vertex -35.5889 5.75 -26.8542
      vertex -35.6696 5.75 -26.9889
    endloop
  endfacet
  facet normal 0 -1 0
    outer loop
      vertex -29 5.75 -31
      vertex -35.6696 5.75 -26.9889
      vertex -35.7632 5.75 -27.115
    endloop
  endfacet
  facet normal 0 -1 0
    outer loop
      vertex -29 5.75 -31
      vertex -35.7632 5.75 -27.115
      vertex -35.8686 5.75 -27.2314
    endloop
  endfacet
  facet normal 0 -1 0
    outer loop
      vertex -29 5.75 -31
      vertex -35.8686 5.75 -27.2314
      vertex -35.985 5.75 -27.3368
    endloop
  endfacet
  facet normal 0 -1 0
    outer loop
      vertex -29 5.75 -31
      vertex -35.985 5.75 -27.3368
      vertex -36.1111 5.75 -27.4304
    endloop
  endfacet
  facet normal 0 -1 0
    outer loop
      vertex -29 5.75 -31
      vertex -36.1111 5.75 -27.4304
      vertex -36.2458 5.75 -27.5111
    endloop
  endfacet
  facet normal 0 -1 0
    outer loop
      vertex -29 5.75 -31
      vertex -37 5.75 -27.7
      vertex -45 5.75 -31
    endloop
  endfacet
  facet normal 0 -1 0
    outer loop
      vertex -37 5.75 -27.7
      vertex -29 5.75 -31
      vertex -36.8432 5.75 -27.6923
    endloop
  endfacet
  facet normal 0 -1 0
    outer loop
      vertex -36.8432 5.75 -27.6923
      vertex -29 5.75 -31
      vertex -36.6879 5.75 -27.6693
    endloop
  endfacet
  facet normal 0 -1 0
    outer loop
      vertex -36.6879 5.75 -27.6693
      vertex -29 5.75 -31
      vertex -36.5355 5.75 -27.6311
    endloop
  endfacet
  facet normal 0 -1 0
    outer loop
      vertex -35.4689 5.75 -26.5645
      vertex -29 5.75 -31
      vertex -29 5.75 -24
    endloop
  endfacet
  facet normal 0 -1 0
    outer loop
      vertex -36.3877 5.75 -27.5782
      vertex -29 5.75 -31
      vertex -36.2458 5.75 -27.5111
    endloop
  endfacet
  facet normal 0 -1 0
    outer loop
      vertex -36.5355 5.75 -27.6311
      vertex -29 5.75 -31
      vertex -36.3877 5.75 -27.5782
    endloop
  endfacet
  facet normal 0 1 0
    outer loop
      vertex -29 -5.75 -24
      vertex -37 -5.75 -24.5
      vertex -45 -5.75 -24
    endloop
  endfacet
  facet normal 0 1 0
    outer loop
      vertex -29 -5.75 -24
      vertex -36.8432 -5.75 -24.5077
      vertex -37 -5.75 -24.5
    endloop
  endfacet
  facet normal 0 1 0
    outer loop
      vertex -29 -5.75 -24
      vertex -36.6879 -5.75 -24.5307
      vertex -36.8432 -5.75 -24.5077
    endloop
  endfacet
  facet normal 0 1 0
    outer loop
      vertex -29 -5.75 -24
      vertex -36.5355 -5.75 -24.5689
      vertex -36.6879 -5.75 -24.5307
    endloop
  endfacet
  facet normal 0 1 0
    outer loop
      vertex -29 -5.75 -24
      vertex -36.3877 -5.75 -24.6218
      vertex -36.5355 -5.75 -24.5689
    endloop
  endfacet
  facet normal 0 1 0
    outer loop
      vertex -29 -5.75 -24
      vertex -36.2458 -5.75 -24.6889
      vertex -36.3877 -5.75 -24.6218
    endloop
  endfacet
  facet normal 0 1 0
    outer loop
      vertex -29 -5.75 -24
      vertex -36.1111 -5.75 -24.7696
      vertex -36.2458 -5.75 -24.6889
    endloop
  endfacet
  facet normal 0 1 0
    outer loop
      vertex -29 -5.75 -24
      vertex -35.985 -5.75 -24.8632
      vertex -36.1111 -5.75 -24.7696
    endloop
  endfacet
  facet normal 0 1 0
    outer loop
      vertex -29 -5.75 -24
      vertex -35.8686 -5.75 -24.9686
      vertex -35.985 -5.75 -24.8632
    endloop
  endfacet
  facet normal 0 1 0
    outer loop
      vertex -29 -5.75 -24
      vertex -35.7632 -5.75 -25.085
      vertex -35.8686 -5.75 -24.9686
    endloop
  endfacet
  facet normal 0 1 0
    outer loop
      vertex -29 -5.75 -24
      vertex -35.6696 -5.75 -25.2111
      vertex -35.7632 -5.75 -25.085
    endloop
  endfacet
  facet normal 0 1 0
    outer loop
      vertex -29 -5.75 -24
      vertex -35.5889 -5.75 -25.3458
      vertex -35.6696 -5.75 -25.2111
    endloop
  endfacet
  facet normal 0 1 0
    outer loop
      vertex -29 -5.75 -24
      vertex -35.5218 -5.75 -25.4877
      vertex -35.5889 -5.75 -25.3458
    endloop
  endfacet
  facet normal 0 1 0
    outer loop
      vertex -29 -5.75 -24
      vertex -35.4689 -5.75 -25.6355
      vertex -35.5218 -5.75 -25.4877
    endloop
  endfacet
  facet normal 0 1 0
    outer loop
      vertex -29 -5.75 -24
      vertex -35.4307 -5.75 -25.7879
      vertex -35.4689 -5.75 -25.6355
    endloop
  endfacet
  facet normal 0 1 0
    outer loop
      vertex -29 -5.75 -24
      vertex -35.4077 -5.75 -25.9432
      vertex -35.4307 -5.75 -25.7879
    endloop
  endfacet
  facet normal 0 1 0
    outer loop
      vertex -29 -5.75 -24
      vertex -35.4 -5.75 -26.1
      vertex -35.4077 -5.75 -25.9432
    endloop
  endfacet
  facet normal 0 1 0
    outer loop
      vertex -29 -5.75 -24
      vertex -35.4077 -5.75 -26.2568
      vertex -35.4 -5.75 -26.1
    endloop
  endfacet
  facet normal 0 1 0
    outer loop
      vertex -29 -5.75 -24
      vertex -35.4307 -5.75 -26.4121
      vertex -35.4077 -5.75 -26.2568
    endloop
  endfacet
  facet normal 0 1 0
    outer loop
      vertex -29 -5.75 -24
      vertex -35.4689 -5.75 -26.5645
      vertex -35.4307 -5.75 -26.4121
    endloop
  endfacet
  facet normal 0 1 -0
    outer loop
      vertex -29 -5.75 -31
      vertex -35.4689 -5.75 -26.5645
      vertex -29 -5.75 -24
    endloop
  endfacet
  facet normal 0 1 0
    outer loop
      vertex -35.4689 -5.75 -26.5645
      vertex -29 -5.75 -31
      vertex -35.5218 -5.75 -26.7123
    endloop
  endfacet
  facet normal 0 1 0
    outer loop
      vertex -35.5218 -5.75 -26.7123
      vertex -29 -5.75 -31
      vertex -35.5889 -5.75 -26.8542
    endloop
  endfacet
  facet normal 0 1 0
    outer loop
      vertex -35.5889 -5.75 -26.8542
      vertex -29 -5.75 -31
      vertex -35.6696 -5.75 -26.9889
    endloop
  endfacet
  facet normal 0 1 0
    outer loop
      vertex -35.6696 -5.75 -26.9889
      vertex -29 -5.75 -31
      vertex -35.7632 -5.75 -27.115
    endloop
  endfacet
  facet normal 0 1 0
    outer loop
      vertex -35.7632 -5.75 -27.115
      vertex -29 -5.75 -31
      vertex -35.8686 -5.75 -27.2314
    endloop
  endfacet
  facet normal 0 1 0
    outer loop
      vertex -35.8686 -5.75 -27.2314
      vertex -29 -5.75 -31
      vertex -35.985 -5.75 -27.3368
    endloop
  endfacet
  facet normal 0 1 0
    outer loop
      vertex -35.985 -5.75 -27.3368
      vertex -29 -5.75 -31
      vertex -36.1111 -5.75 -27.4304
    endloop
  endfacet
  facet normal 0 1 0
    outer loop
      vertex -36.8432 -5.75 -27.6923
      vertex -29 -5.75 -31
      vertex -37 -5.75 -27.7
    endloop
  endfacet
  facet normal 0 1 0
    outer loop
      vertex -36.6879 -5.75 -27.6693
      vertex -29 -5.75 -31
      vertex -36.8432 -5.75 -27.6923
    endloop
  endfacet
  facet normal 0 1 0
    outer loop
      vertex -36.5355 -5.75 -27.6311
      vertex -29 -5.75 -31
      vertex -36.6879 -5.75 -27.6693
    endloop
  endfacet
  facet normal 0 1 0
    outer loop
      vertex -36.3877 -5.75 -27.5782
      vertex -29 -5.75 -31
      vertex -36.5355 -5.75 -27.6311
    endloop
  endfacet
  facet normal 0 1 0
    outer loop
      vertex -36.2458 -5.75 -27.5111
      vertex -29 -5.75 -31
      vertex -36.3877 -5.75 -27.5782
    endloop
  endfacet
  facet normal 0 1 0
    outer loop
      vertex -36.1111 -5.75 -27.4304
      vertex -29 -5.75 -31
      vertex -36.2458 -5.75 -27.5111
    endloop
  endfacet
  facet normal 0 1 -0
    outer loop
      vertex -37.1568 -5.75 -24.5077
      vertex -45 -5.75 -24
      vertex -37 -5.75 -24.5
    endloop
  endfacet
  facet normal 0 1 -0
    outer loop
      vertex -37.3121 -5.75 -24.5307
      vertex -45 -5.75 -24
      vertex -37.1568 -5.75 -24.5077
    endloop
  endfacet
  facet normal 0 1 -0
    outer loop
      vertex -37.4645 -5.75 -24.5689
      vertex -45 -5.75 -24
      vertex -37.3121 -5.75 -24.5307
    endloop
  endfacet
  facet normal 0 1 -0
    outer loop
      vertex -37.6123 -5.75 -24.6218
      vertex -45 -5.75 -24
      vertex -37.4645 -5.75 -24.5689
    endloop
  endfacet
  facet normal 0 1 -0
    outer loop
      vertex -37.7542 -5.75 -24.6889
      vertex -45 -5.75 -24
      vertex -37.6123 -5.75 -24.6218
    endloop
  endfacet
  facet normal 0 1 -0
    outer loop
      vertex -37.8889 -5.75 -24.7696
      vertex -45 -5.75 -24
      vertex -37.7542 -5.75 -24.6889
    endloop
  endfacet
  facet normal 0 1 -0
    outer loop
      vertex -38.015 -5.75 -24.8632
      vertex -45 -5.75 -24
      vertex -37.8889 -5.75 -24.7696
    endloop
  endfacet
  facet normal 0 1 -0
    outer loop
      vertex -38.1314 -5.75 -24.9686
      vertex -45 -5.75 -24
      vertex -38.015 -5.75 -24.8632
    endloop
  endfacet
  facet normal 0 1 -0
    outer loop
      vertex -38.2368 -5.75 -25.085
      vertex -45 -5.75 -24
      vertex -38.1314 -5.75 -24.9686
    endloop
  endfacet
  facet normal 0 1 -0
    outer loop
      vertex -38.3304 -5.75 -25.2111
      vertex -45 -5.75 -24
      vertex -38.2368 -5.75 -25.085
    endloop
  endfacet
  facet normal 0 1 -0
    outer loop
      vertex -38.4111 -5.75 -25.3458
      vertex -45 -5.75 -24
      vertex -38.3304 -5.75 -25.2111
    endloop
  endfacet
  facet normal 0 1 -0
    outer loop
      vertex -38.4782 -5.75 -25.4877
      vertex -45 -5.75 -24
      vertex -38.4111 -5.75 -25.3458
    endloop
  endfacet
  facet normal 0 1 -0
    outer loop
      vertex -38.5311 -5.75 -25.6355
      vertex -45 -5.75 -24
      vertex -38.4782 -5.75 -25.4877
    endloop
  endfacet
  facet normal 0 1 -0
    outer loop
      vertex -38.5693 -5.75 -25.7879
      vertex -45 -5.75 -24
      vertex -38.5311 -5.75 -25.6355
    endloop
  endfacet
  facet normal 0 1 -0
    outer loop
      vertex -38.5923 -5.75 -25.9432
      vertex -45 -5.75 -24
      vertex -38.5693 -5.75 -25.7879
    endloop
  endfacet
  facet normal 0 1 -0
    outer loop
      vertex -38.6 -5.75 -26.1
      vertex -45 -5.75 -24
      vertex -38.5923 -5.75 -25.9432
    endloop
  endfacet
  facet normal 0 1 0
    outer loop
      vertex -38.5923 -5.75 -26.2568
      vertex -45 -5.75 -24
      vertex -38.6 -5.75 -26.1
    endloop
  endfacet
  facet normal 0 1 0
    outer loop
      vertex -38.5693 -5.75 -26.4121
      vertex -45 -5.75 -24
      vertex -38.5923 -5.75 -26.2568
    endloop
  endfacet
  facet normal 0 1 0
    outer loop
      vertex -38.5311 -5.75 -26.5645
      vertex -45 -5.75 -24
      vertex -38.5693 -5.75 -26.4121
    endloop
  endfacet
  facet normal 0 1 0
    outer loop
      vertex -45 -5.75 -31
      vertex -38.5311 -5.75 -26.5645
      vertex -38.4782 -5.75 -26.7123
    endloop
  endfacet
  facet normal 0 1 0
    outer loop
      vertex -45 -5.75 -31
      vertex -38.4782 -5.75 -26.7123
      vertex -38.4111 -5.75 -26.8542
    endloop
  endfacet
  facet normal 0 1 0
    outer loop
      vertex -45 -5.75 -31
      vertex -38.4111 -5.75 -26.8542
      vertex -38.3304 -5.75 -26.9889
    endloop
  endfacet
  facet normal 0 1 0
    outer loop
      vertex -45 -5.75 -31
      vertex -38.3304 -5.75 -26.9889
      vertex -38.2368 -5.75 -27.115
    endloop
  endfacet
  facet normal 0 1 0
    outer loop
      vertex -45 -5.75 -31
      vertex -38.2368 -5.75 -27.115
      vertex -38.1314 -5.75 -27.2314
    endloop
  endfacet
  facet normal 0 1 0
    outer loop
      vertex -45 -5.75 -31
      vertex -38.1314 -5.75 -27.2314
      vertex -38.015 -5.75 -27.3368
    endloop
  endfacet
  facet normal 0 1 0
    outer loop
      vertex -45 -5.75 -31
      vertex -38.015 -5.75 -27.3368
      vertex -37.8889 -5.75 -27.4304
    endloop
  endfacet
  facet normal 0 1 0
    outer loop
      vertex -45 -5.75 -31
      vertex -37.8889 -5.75 -27.4304
      vertex -37.7542 -5.75 -27.5111
    endloop
  endfacet
  facet normal 0 1 0
    outer loop
      vertex -45 -5.75 -31
      vertex -37 -5.75 -27.7
      vertex -29 -5.75 -31
    endloop
  endfacet
  facet normal 0 1 0
    outer loop
      vertex -37 -5.75 -27.7
      vertex -45 -5.75 -31
      vertex -37.1568 -5.75 -27.6923
    endloop
  endfacet
  facet normal 0 1 0
    outer loop
      vertex -37.1568 -5.75 -27.6923
      vertex -45 -5.75 -31
      vertex -37.3121 -5.75 -27.6693
    endloop
  endfacet
  facet normal 0 1 0
    outer loop
      vertex -37.3121 -5.75 -27.6693
      vertex -45 -5.75 -31
      vertex -37.4645 -5.75 -27.6311
    endloop
  endfacet
  facet normal 0 1 0
    outer loop
      vertex -38.5311 -5.75 -26.5645
      vertex -45 -5.75 -31
      vertex -45 -5.75 -24
    endloop
  endfacet
  facet normal 0 1 0
    outer loop
      vertex -37.6123 -5.75 -27.5782
      vertex -45 -5.75 -31
      vertex -37.7542 -5.75 -27.5111
    endloop
  endfacet
  facet normal 0 1 0
    outer loop
      vertex -37.4645 -5.75 -27.6311
      vertex -45 -5.75 -31
      vertex -37.6123 -5.75 -27.5782
    endloop
  endfacet
  facet normal 8.76972e-07 -0.514083 -0.857741
    outer loop
      vertex -18 -12.5003 -18.7081
      vertex -29 -11.75 -19.1578
      vertex -18 -10.6064 -19.8432
    endloop
  endfacet
  facet normal 0 -0.514092 -0.857735
    outer loop
      vertex -45 -12.5003 -18.7081
      vertex -29 -11.75 -19.1578
      vertex -18 -12.5003 -18.7081
    endloop
  endfacet
  facet normal -0 -0.514092 -0.857735
    outer loop
      vertex -29 -11.75 -19.1578
      vertex -45 -12.5003 -18.7081
      vertex -45 -11.75 -19.1578
    endloop
  endfacet
  facet normal -0 -0.514077 -0.857744
    outer loop
      vertex -18 -10.6064 -19.8432
      vertex -29 -11.75 -19.1578
      vertex -29 -10.6064 -19.8432
    endloop
  endfacet
  facet normal 0 0.242976 -0.970032
    outer loop
      vertex -29 4.38953 -22.0677
      vertex -18 6.5314 -21.5312
      vertex -18 4.38953 -22.0677
    endloop
  endfacet
  facet normal 0 0.242976 -0.970032
    outer loop
      vertex -18 6.5314 -21.5312
      vertex -29 4.38953 -22.0677
      vertex -29 6.5314 -21.5312
    endloop
  endfacet
  facet normal 0 0.514077 -0.857744
    outer loop
      vertex -29 11.75 -19.1578
      vertex -18 10.6064 -19.8432
      vertex -29 10.6064 -19.8432
    endloop
  endfacet
  facet normal 8.76972e-07 0.514083 -0.857741
    outer loop
      vertex -18 10.6064 -19.8432
      vertex -29 11.75 -19.1578
      vertex -18 12.5003 -18.7081
    endloop
  endfacet
  facet normal 0 0.514092 -0.857735
    outer loop
      vertex -45 12.5003 -18.7081
      vertex -29 11.75 -19.1578
      vertex -45 11.75 -19.1578
    endloop
  endfacet
  facet normal 0 0.514092 -0.857735
    outer loop
      vertex -29 11.75 -19.1578
      vertex -45 12.5003 -18.7081
      vertex -18 12.5003 -18.7081
    endloop
  endfacet
  facet normal 0 -0.242976 0.970032
    outer loop
      vertex -45 -4.38953 22.0677
      vertex -18 -6.5314 21.5312
      vertex -18 -4.38953 22.0677
    endloop
  endfacet
  facet normal 0 -0.242976 0.970032
    outer loop
      vertex -18 -6.5314 21.5312
      vertex -45 -4.38953 22.0677
      vertex -45 -6.5314 21.5312
    endloop
  endfacet
  facet normal 0 -0.336902 -0.94154
    outer loop
      vertex -29 -8.61038 -20.7873
      vertex -18 -6.5314 -21.5312
      vertex -18 -8.61038 -20.7873
    endloop
  endfacet
  facet normal -0 -0.336902 -0.94154
    outer loop
      vertex -18 -6.5314 -21.5312
      vertex -29 -8.61038 -20.7873
      vertex -29 -6.5314 -21.5312
    endloop
  endfacet
  facet normal 0 0.0490479 -0.998796
    outer loop
      vertex -29 0 -22.5
      vertex -18 2.20539 -22.3917
      vertex -18 0 -22.5
    endloop
  endfacet
  facet normal 0 0.0490479 -0.998796
    outer loop
      vertex -18 2.20539 -22.3917
      vertex -29 0 -22.5
      vertex -29 2.20539 -22.3917
    endloop
  endfacet
  facet normal 0 0.90398 -0.427575
    outer loop
      vertex -18 19.8432 -10.6064
      vertex -45 20.7873 -8.61038
      vertex -18 20.7873 -8.61038
    endloop
  endfacet
  facet normal 0 0.90398 -0.427575
    outer loop
      vertex -45 20.7873 -8.61038
      vertex -18 19.8432 -10.6064
      vertex -45 19.8432 -10.6064
    endloop
  endfacet
  facet normal 0 -0.989176 0.146736
    outer loop
      vertex -45 -22.3917 2.20539
      vertex -18 -22.0677 4.38953
      vertex -45 -22.0677 4.38953
    endloop
  endfacet
  facet normal 0 -0.989176 0.146736
    outer loop
      vertex -18 -22.0677 4.38953
      vertex -45 -22.3917 2.20539
      vertex -18 -22.3917 2.20539
    endloop
  endfacet
  facet normal 0 -0.146736 0.989176
    outer loop
      vertex -45 -2.20539 22.3917
      vertex -18 -4.38953 22.0677
      vertex -18 -2.20539 22.3917
    endloop
  endfacet
  facet normal 0 -0.146736 0.989176
    outer loop
      vertex -18 -4.38953 22.0677
      vertex -45 -2.20539 22.3917
      vertex -45 -4.38953 22.0677
    endloop
  endfacet
  facet normal 0 -0.595723 -0.80319
    outer loop
      vertex -45 -14.2738 -17.3927
      vertex -18 -12.5003 -18.7081
      vertex -18 -14.2738 -17.3927
    endloop
  endfacet
  facet normal -0 -0.595723 -0.80319
    outer loop
      vertex -18 -12.5003 -18.7081
      vertex -45 -14.2738 -17.3927
      vertex -45 -12.5003 -18.7081
    endloop
  endfacet
  facet normal -0 0.336902 0.94154
    outer loop
      vertex -45 8.61038 20.7873
      vertex -18 6.5314 21.5312
      vertex -18 8.61038 20.7873
    endloop
  endfacet
  facet normal 0 0.336902 0.94154
    outer loop
      vertex -18 6.5314 21.5312
      vertex -45 8.61038 20.7873
      vertex -45 6.5314 21.5312
    endloop
  endfacet
  facet normal 0 -0.336902 0.94154
    outer loop
      vertex -45 -6.5314 21.5312
      vertex -18 -8.61038 20.7873
      vertex -18 -6.5314 21.5312
    endloop
  endfacet
  facet normal 0 -0.336902 0.94154
    outer loop
      vertex -18 -8.61038 20.7873
      vertex -45 -6.5314 21.5312
      vertex -45 -8.61038 20.7873
    endloop
  endfacet
  facet normal 0 0.740968 -0.67154
    outer loop
      vertex -18 15.9099 -15.9099
      vertex -45 17.3927 -14.2738
      vertex -18 17.3927 -14.2738
    endloop
  endfacet
  facet normal 0 0.740968 -0.67154
    outer loop
      vertex -45 17.3927 -14.2738
      vertex -18 15.9099 -15.9099
      vertex -45 15.9099 -15.9099
    endloop
  endfacet
  facet normal 0 0.67154 -0.740968
    outer loop
      vertex -45 14.2738 -17.3927
      vertex -18 15.9099 -15.9099
      vertex -18 14.2738 -17.3927
    endloop
  endfacet
  facet normal 0 0.67154 -0.740968
    outer loop
      vertex -18 15.9099 -15.9099
      vertex -45 14.2738 -17.3927
      vertex -45 15.9099 -15.9099
    endloop
  endfacet
  facet normal 0 0.740968 0.67154
    outer loop
      vertex -18 17.3927 14.2738
      vertex -45 15.9099 15.9099
      vertex -18 15.9099 15.9099
    endloop
  endfacet
  facet normal 0 0.740968 0.67154
    outer loop
      vertex -45 15.9099 15.9099
      vertex -18 17.3927 14.2738
      vertex -45 17.3927 14.2738
    endloop
  endfacet
  facet normal 0 0.857741 -0.514083
    outer loop
      vertex -18 18.7081 -12.5003
      vertex -45 19.8432 -10.6064
      vertex -18 19.8432 -10.6064
    endloop
  endfacet
  facet normal 0 0.857741 -0.514083
    outer loop
      vertex -45 19.8432 -10.6064
      vertex -18 18.7081 -12.5003
      vertex -45 18.7081 -12.5003
    endloop
  endfacet
  facet normal 0 -0.94154 -0.336902
    outer loop
      vertex -45 -20.7873 -8.61038
      vertex -18 -21.5312 -6.5314
      vertex -45 -21.5312 -6.5314
    endloop
  endfacet
  facet normal 0 -0.94154 -0.336902
    outer loop
      vertex -18 -21.5312 -6.5314
      vertex -45 -20.7873 -8.61038
      vertex -18 -20.7873 -8.61038
    endloop
  endfacet
  facet normal 0 0.998796 -0.0490479
    outer loop
      vertex -18 22.3917 -2.20539
      vertex -45 22.5 0
      vertex -18 22.5 0
    endloop
  endfacet
  facet normal 0 0.998796 -0.0490479
    outer loop
      vertex -45 22.5 0
      vertex -18 22.3917 -2.20539
      vertex -45 22.3917 -2.20539
    endloop
  endfacet
  facet normal -0 0.514083 0.857741
    outer loop
      vertex -45 12.5003 18.7081
      vertex -18 10.6064 19.8432
      vertex -18 12.5003 18.7081
    endloop
  endfacet
  facet normal 0 0.514083 0.857741
    outer loop
      vertex -18 10.6064 19.8432
      vertex -45 12.5003 18.7081
      vertex -45 10.6064 19.8432
    endloop
  endfacet
  facet normal 0 -0.998796 0.0490479
    outer loop
      vertex -45 -22.5 0
      vertex -18 -22.3917 2.20539
      vertex -45 -22.3917 2.20539
    endloop
  endfacet
  facet normal 0 -0.998796 0.0490479
    outer loop
      vertex -18 -22.3917 2.20539
      vertex -45 -22.5 0
      vertex -18 -22.5 0
    endloop
  endfacet
  facet normal -0 0.146736 0.989176
    outer loop
      vertex -45 4.38953 22.0677
      vertex -18 2.20539 22.3917
      vertex -18 4.38953 22.0677
    endloop
  endfacet
  facet normal 0 0.146736 0.989176
    outer loop
      vertex -18 2.20539 22.3917
      vertex -45 4.38953 22.0677
      vertex -45 2.20539 22.3917
    endloop
  endfacet
  facet normal 0 -0.0490479 -0.998796
    outer loop
      vertex -29 -2.20539 -22.3917
      vertex -18 0 -22.5
      vertex -18 -2.20539 -22.3917
    endloop
  endfacet
  facet normal -0 -0.0490479 -0.998796
    outer loop
      vertex -18 0 -22.5
      vertex -29 -2.20539 -22.3917
      vertex -29 0 -22.5
    endloop
  endfacet
  facet normal 0 -0.0490479 0.998796
    outer loop
      vertex -45 0 22.5
      vertex -18 -2.20539 22.3917
      vertex -18 0 22.5
    endloop
  endfacet
  facet normal 0 -0.0490479 0.998796
    outer loop
      vertex -18 -2.20539 22.3917
      vertex -45 0 22.5
      vertex -45 -2.20539 22.3917
    endloop
  endfacet
  facet normal 0 -0.857741 -0.514083
    outer loop
      vertex -45 -18.7081 -12.5003
      vertex -18 -19.8432 -10.6064
      vertex -45 -19.8432 -10.6064
    endloop
  endfacet
  facet normal 0 -0.857741 -0.514083
    outer loop
      vertex -18 -19.8432 -10.6064
      vertex -45 -18.7081 -12.5003
      vertex -18 -18.7081 -12.5003
    endloop
  endfacet
  facet normal 0 0.427575 -0.90398
    outer loop
      vertex -29 8.61038 -20.7873
      vertex -18 10.6064 -19.8432
      vertex -18 8.61038 -20.7873
    endloop
  endfacet
  facet normal 0 0.427575 -0.90398
    outer loop
      vertex -18 10.6064 -19.8432
      vertex -29 8.61038 -20.7873
      vertex -29 10.6064 -19.8432
    endloop
  endfacet
  facet normal 0 0.595723 -0.80319
    outer loop
      vertex -45 12.5003 -18.7081
      vertex -18 14.2738 -17.3927
      vertex -18 12.5003 -18.7081
    endloop
  endfacet
  facet normal 0 0.595723 -0.80319
    outer loop
      vertex -18 14.2738 -17.3927
      vertex -45 12.5003 -18.7081
      vertex -45 14.2738 -17.3927
    endloop
  endfacet
  facet normal 0 0.90398 0.427575
    outer loop
      vertex -18 20.7873 8.61038
      vertex -45 19.8432 10.6064
      vertex -18 19.8432 10.6064
    endloop
  endfacet
  facet normal 0 0.90398 0.427575
    outer loop
      vertex -45 19.8432 10.6064
      vertex -18 20.7873 8.61038
      vertex -45 20.7873 8.61038
    endloop
  endfacet
  facet normal 0 0.970032 0.242976
    outer loop
      vertex -18 22.0677 4.38953
      vertex -45 21.5312 6.5314
      vertex -18 21.5312 6.5314
    endloop
  endfacet
  facet normal 0 0.970032 0.242976
    outer loop
      vertex -45 21.5312 6.5314
      vertex -18 22.0677 4.38953
      vertex -45 22.0677 4.38953
    endloop
  endfacet
  facet normal 0 -0.989176 -0.146736
    outer loop
      vertex -45 -22.0677 -4.38953
      vertex -18 -22.3917 -2.20539
      vertex -45 -22.3917 -2.20539
    endloop
  endfacet
  facet normal 0 -0.989176 -0.146736
    outer loop
      vertex -18 -22.3917 -2.20539
      vertex -45 -22.0677 -4.38953
      vertex -18 -22.0677 -4.38953
    endloop
  endfacet
  facet normal 0 0.146736 -0.989176
    outer loop
      vertex -29 2.20539 -22.3917
      vertex -18 4.38953 -22.0677
      vertex -18 2.20539 -22.3917
    endloop
  endfacet
  facet normal 0 0.146736 -0.989176
    outer loop
      vertex -18 4.38953 -22.0677
      vertex -29 2.20539 -22.3917
      vertex -29 4.38953 -22.0677
    endloop
  endfacet
  facet normal 0 -0.67154 -0.740968
    outer loop
      vertex -45 -15.9099 -15.9099
      vertex -18 -14.2738 -17.3927
      vertex -18 -15.9099 -15.9099
    endloop
  endfacet
  facet normal -0 -0.67154 -0.740968
    outer loop
      vertex -18 -14.2738 -17.3927
      vertex -45 -15.9099 -15.9099
      vertex -45 -14.2738 -17.3927
    endloop
  endfacet
  facet normal 0 -0.146736 -0.989176
    outer loop
      vertex -29 -4.38953 -22.0677
      vertex -18 -2.20539 -22.3917
      vertex -18 -4.38953 -22.0677
    endloop
  endfacet
  facet normal -0 -0.146736 -0.989176
    outer loop
      vertex -18 -2.20539 -22.3917
      vertex -29 -4.38953 -22.0677
      vertex -29 -2.20539 -22.3917
    endloop
  endfacet
  facet normal 0 -0.90398 -0.427575
    outer loop
      vertex -45 -19.8432 -10.6064
      vertex -18 -20.7873 -8.61038
      vertex -45 -20.7873 -8.61038
    endloop
  endfacet
  facet normal 0 -0.90398 -0.427575
    outer loop
      vertex -18 -20.7873 -8.61038
      vertex -45 -19.8432 -10.6064
      vertex -18 -19.8432 -10.6064
    endloop
  endfacet
  facet normal 0 0.94154 0.336902
    outer loop
      vertex -18 21.5312 6.5314
      vertex -45 20.7873 8.61038
      vertex -18 20.7873 8.61038
    endloop
  endfacet
  facet normal 0 0.94154 0.336902
    outer loop
      vertex -45 20.7873 8.61038
      vertex -18 21.5312 6.5314
      vertex -45 21.5312 6.5314
    endloop
  endfacet
  facet normal 0 0.80319 0.595723
    outer loop
      vertex -18 18.7081 12.5003
      vertex -45 17.3927 14.2738
      vertex -18 17.3927 14.2738
    endloop
  endfacet
  facet normal 0 0.80319 0.595723
    outer loop
      vertex -45 17.3927 14.2738
      vertex -18 18.7081 12.5003
      vertex -45 18.7081 12.5003
    endloop
  endfacet
  facet normal 0 -0.80319 0.595723
    outer loop
      vertex -45 -18.7081 12.5003
      vertex -18 -17.3927 14.2738
      vertex -45 -17.3927 14.2738
    endloop
  endfacet
  facet normal 0 -0.80319 0.595723
    outer loop
      vertex -18 -17.3927 14.2738
      vertex -45 -18.7081 12.5003
      vertex -18 -18.7081 12.5003
    endloop
  endfacet
  facet normal -0 0.242976 0.970032
    outer loop
      vertex -45 6.5314 21.5312
      vertex -18 4.38953 22.0677
      vertex -18 6.5314 21.5312
    endloop
  endfacet
  facet normal 0 0.242976 0.970032
    outer loop
      vertex -18 4.38953 22.0677
      vertex -45 6.5314 21.5312
      vertex -45 4.38953 22.0677
    endloop
  endfacet
  facet normal 0 -0.998796 -0.0490479
    outer loop
      vertex -45 -22.3917 -2.20539
      vertex -18 -22.5 0
      vertex -45 -22.5 0
    endloop
  endfacet
  facet normal 0 -0.998796 -0.0490479
    outer loop
      vertex -18 -22.5 0
      vertex -45 -22.3917 -2.20539
      vertex -18 -22.3917 -2.20539
    endloop
  endfacet
  facet normal 0 0.80319 -0.595723
    outer loop
      vertex -18 17.3927 -14.2738
      vertex -45 18.7081 -12.5003
      vertex -18 18.7081 -12.5003
    endloop
  endfacet
  facet normal 0 0.80319 -0.595723
    outer loop
      vertex -45 18.7081 -12.5003
      vertex -18 17.3927 -14.2738
      vertex -45 17.3927 -14.2738
    endloop
  endfacet
  facet normal 0 -0.94154 0.336902
    outer loop
      vertex -45 -21.5312 6.5314
      vertex -18 -20.7873 8.61038
      vertex -45 -20.7873 8.61038
    endloop
  endfacet
  facet normal 0 -0.94154 0.336902
    outer loop
      vertex -18 -20.7873 8.61038
      vertex -45 -21.5312 6.5314
      vertex -18 -21.5312 6.5314
    endloop
  endfacet
  facet normal -0 0.595723 0.80319
    outer loop
      vertex -45 14.2738 17.3927
      vertex -18 12.5003 18.7081
      vertex -18 14.2738 17.3927
    endloop
  endfacet
  facet normal 0 0.595723 0.80319
    outer loop
      vertex -18 12.5003 18.7081
      vertex -45 14.2738 17.3927
      vertex -45 12.5003 18.7081
    endloop
  endfacet
  facet normal 0 -0.427575 -0.90398
    outer loop
      vertex -29 -10.6064 -19.8432
      vertex -18 -8.61038 -20.7873
      vertex -18 -10.6064 -19.8432
    endloop
  endfacet
  facet normal -0 -0.427575 -0.90398
    outer loop
      vertex -18 -8.61038 -20.7873
      vertex -29 -10.6064 -19.8432
      vertex -29 -8.61038 -20.7873
    endloop
  endfacet
  facet normal 0 -0.90398 0.427575
    outer loop
      vertex -45 -20.7873 8.61038
      vertex -18 -19.8432 10.6064
      vertex -45 -19.8432 10.6064
    endloop
  endfacet
  facet normal 0 -0.90398 0.427575
    outer loop
      vertex -18 -19.8432 10.6064
      vertex -45 -20.7873 8.61038
      vertex -18 -20.7873 8.61038
    endloop
  endfacet
  facet normal 0 0.336902 -0.94154
    outer loop
      vertex -29 6.5314 -21.5312
      vertex -18 8.61038 -20.7873
      vertex -18 6.5314 -21.5312
    endloop
  endfacet
  facet normal 0 0.336902 -0.94154
    outer loop
      vertex -18 8.61038 -20.7873
      vertex -29 6.5314 -21.5312
      vertex -29 8.61038 -20.7873
    endloop
  endfacet
  facet normal 0 -0.595723 0.80319
    outer loop
      vertex -45 -12.5003 18.7081
      vertex -18 -14.2738 17.3927
      vertex -18 -12.5003 18.7081
    endloop
  endfacet
  facet normal 0 -0.595723 0.80319
    outer loop
      vertex -18 -14.2738 17.3927
      vertex -45 -12.5003 18.7081
      vertex -45 -14.2738 17.3927
    endloop
  endfacet
  facet normal 0 0.989176 -0.146736
    outer loop
      vertex -18 22.0677 -4.38953
      vertex -45 22.3917 -2.20539
      vertex -18 22.3917 -2.20539
    endloop
  endfacet
  facet normal 0 0.989176 -0.146736
    outer loop
      vertex -45 22.3917 -2.20539
      vertex -18 22.0677 -4.38953
      vertex -45 22.0677 -4.38953
    endloop
  endfacet
  facet normal 0 0.857741 0.514083
    outer loop
      vertex -18 19.8432 10.6064
      vertex -45 18.7081 12.5003
      vertex -18 18.7081 12.5003
    endloop
  endfacet
  facet normal 0 0.857741 0.514083
    outer loop
      vertex -45 18.7081 12.5003
      vertex -18 19.8432 10.6064
      vertex -45 19.8432 10.6064
    endloop
  endfacet
  facet normal 0 -0.80319 -0.595723
    outer loop
      vertex -45 -17.3927 -14.2738
      vertex -18 -18.7081 -12.5003
      vertex -45 -18.7081 -12.5003
    endloop
  endfacet
  facet normal 0 -0.80319 -0.595723
    outer loop
      vertex -18 -18.7081 -12.5003
      vertex -45 -17.3927 -14.2738
      vertex -18 -17.3927 -14.2738
    endloop
  endfacet
  facet normal 0 0.998796 0.0490479
    outer loop
      vertex -18 22.5 0
      vertex -45 22.3917 2.20539
      vertex -18 22.3917 2.20539
    endloop
  endfacet
  facet normal 0 0.998796 0.0490479
    outer loop
      vertex -45 22.3917 2.20539
      vertex -18 22.5 0
      vertex -45 22.5 0
    endloop
  endfacet
  facet normal 0 0.94154 -0.336902
    outer loop
      vertex -18 20.7873 -8.61038
      vertex -45 21.5312 -6.5314
      vertex -18 21.5312 -6.5314
    endloop
  endfacet
  facet normal 0 0.94154 -0.336902
    outer loop
      vertex -45 21.5312 -6.5314
      vertex -18 20.7873 -8.61038
      vertex -45 20.7873 -8.61038
    endloop
  endfacet
  facet normal -0 0.0490479 0.998796
    outer loop
      vertex -45 2.20539 22.3917
      vertex -18 0 22.5
      vertex -18 2.20539 22.3917
    endloop
  endfacet
  facet normal 0 0.0490479 0.998796
    outer loop
      vertex -18 0 22.5
      vertex -45 2.20539 22.3917
      vertex -45 0 22.5
    endloop
  endfacet
  facet normal 0 0.989176 0.146736
    outer loop
      vertex -18 22.3917 2.20539
      vertex -45 22.0677 4.38953
      vertex -18 22.0677 4.38953
    endloop
  endfacet
  facet normal 0 0.989176 0.146736
    outer loop
      vertex -45 22.0677 4.38953
      vertex -18 22.3917 2.20539
      vertex -45 22.3917 2.20539
    endloop
  endfacet
  facet normal -0 0.427575 0.90398
    outer loop
      vertex -45 10.6064 19.8432
      vertex -18 8.61038 20.7873
      vertex -18 10.6064 19.8432
    endloop
  endfacet
  facet normal 0 0.427575 0.90398
    outer loop
      vertex -18 8.61038 20.7873
      vertex -45 10.6064 19.8432
      vertex -45 8.61038 20.7873
    endloop
  endfacet
  facet normal 0 -0.970032 -0.242976
    outer loop
      vertex -45 -21.5312 -6.5314
      vertex -18 -22.0677 -4.38953
      vertex -45 -22.0677 -4.38953
    endloop
  endfacet
  facet normal 0 -0.970032 -0.242976
    outer loop
      vertex -18 -22.0677 -4.38953
      vertex -45 -21.5312 -6.5314
      vertex -18 -21.5312 -6.5314
    endloop
  endfacet
  facet normal 0 -0.427575 0.90398
    outer loop
      vertex -45 -8.61038 20.7873
      vertex -18 -10.6064 19.8432
      vertex -18 -8.61038 20.7873
    endloop
  endfacet
  facet normal 0 -0.427575 0.90398
    outer loop
      vertex -18 -10.6064 19.8432
      vertex -45 -8.61038 20.7873
      vertex -45 -10.6064 19.8432
    endloop
  endfacet
  facet normal 0 -0.67154 0.740968
    outer loop
      vertex -45 -14.2738 17.3927
      vertex -18 -15.9099 15.9099
      vertex -18 -14.2738 17.3927
    endloop
  endfacet
  facet normal 0 -0.67154 0.740968
    outer loop
      vertex -18 -15.9099 15.9099
      vertex -45 -14.2738 17.3927
      vertex -45 -15.9099 15.9099
    endloop
  endfacet
  facet normal 0 -0.242976 -0.970032
    outer loop
      vertex -29 -6.5314 -21.5312
      vertex -18 -4.38953 -22.0677
      vertex -18 -6.5314 -21.5312
    endloop
  endfacet
  facet normal -0 -0.242976 -0.970032
    outer loop
      vertex -18 -4.38953 -22.0677
      vertex -29 -6.5314 -21.5312
      vertex -29 -4.38953 -22.0677
    endloop
  endfacet
  facet normal 0 0.970032 -0.242976
    outer loop
      vertex -18 21.5312 -6.5314
      vertex -45 22.0677 -4.38953
      vertex -18 22.0677 -4.38953
    endloop
  endfacet
  facet normal 0 0.970032 -0.242976
    outer loop
      vertex -45 22.0677 -4.38953
      vertex -18 21.5312 -6.5314
      vertex -45 21.5312 -6.5314
    endloop
  endfacet
  facet normal 0 -0.740968 0.67154
    outer loop
      vertex -45 -17.3927 14.2738
      vertex -18 -15.9099 15.9099
      vertex -45 -15.9099 15.9099
    endloop
  endfacet
  facet normal 0 -0.740968 0.67154
    outer loop
      vertex -18 -15.9099 15.9099
      vertex -45 -17.3927 14.2738
      vertex -18 -17.3927 14.2738
    endloop
  endfacet
  facet normal -0 0.67154 0.740968
    outer loop
      vertex -45 15.9099 15.9099
      vertex -18 14.2738 17.3927
      vertex -18 15.9099 15.9099
    endloop
  endfacet
  facet normal 0 0.67154 0.740968
    outer loop
      vertex -18 14.2738 17.3927
      vertex -45 15.9099 15.9099
      vertex -45 14.2738 17.3927
    endloop
  endfacet
  facet normal 0 -0.857741 0.514083
    outer loop
      vertex -45 -19.8432 10.6064
      vertex -18 -18.7081 12.5003
      vertex -45 -18.7081 12.5003
    endloop
  endfacet
  facet normal 0 -0.857741 0.514083
    outer loop
      vertex -18 -18.7081 12.5003
      vertex -45 -19.8432 10.6064
      vertex -18 -19.8432 10.6064
    endloop
  endfacet
  facet normal 0 -0.970032 0.242976
    outer loop
      vertex -45 -22.0677 4.38953
      vertex -18 -21.5312 6.5314
      vertex -45 -21.5312 6.5314
    endloop
  endfacet
  facet normal 0 -0.970032 0.242976
    outer loop
      vertex -18 -21.5312 6.5314
      vertex -45 -22.0677 4.38953
      vertex -18 -22.0677 4.38953
    endloop
  endfacet
  facet normal 0 -0.514083 0.857741
    outer loop
      vertex -45 -10.6064 19.8432
      vertex -18 -12.5003 18.7081
      vertex -18 -10.6064 19.8432
    endloop
  endfacet
  facet normal 0 -0.514083 0.857741
    outer loop
      vertex -18 -12.5003 18.7081
      vertex -45 -10.6064 19.8432
      vertex -45 -12.5003 18.7081
    endloop
  endfacet
  facet normal 0 -0.740968 -0.67154
    outer loop
      vertex -45 -15.9099 -15.9099
      vertex -18 -17.3927 -14.2738
      vertex -45 -17.3927 -14.2738
    endloop
  endfacet
  facet normal 0 -0.740968 -0.67154
    outer loop
      vertex -18 -17.3927 -14.2738
      vertex -45 -15.9099 -15.9099
      vertex -18 -15.9099 -15.9099
    endloop
  endfacet
  facet normal 1 0 0
    outer loop
      vertex -18 19.5 0
      vertex -18 22.5 0
      vertex -18 22.3917 2.20539
    endloop
  endfacet
  facet normal 1 0 0
    outer loop
      vertex -18 19.4061 1.91133
      vertex -18 22.3917 2.20539
      vertex -18 22.0677 4.38953
    endloop
  endfacet
  facet normal 1 0 0
    outer loop
      vertex -18 22.5 0
      vertex -18 19.5 0
      vertex -18 22.3917 -2.20539
    endloop
  endfacet
  facet normal 1 0 0
    outer loop
      vertex -18 19.1253 3.80426
      vertex -18 22.0677 4.38953
      vertex -18 21.5312 6.5314
    endloop
  endfacet
  facet normal 1 -0 0
    outer loop
      vertex -18 19.4061 -1.91133
      vertex -18 22.3917 -2.20539
      vertex -18 19.5 0
    endloop
  endfacet
  facet normal 1 0 0
    outer loop
      vertex -18 18.6603 5.66055
      vertex -18 21.5312 6.5314
      vertex -18 20.7873 8.61038
    endloop
  endfacet
  facet normal 1 0 0
    outer loop
      vertex -18 22.3917 -2.20539
      vertex -18 19.4061 -1.91133
      vertex -18 22.0677 -4.38953
    endloop
  endfacet
  facet normal 1 0 0
    outer loop
      vertex -18 18.0157 7.46233
      vertex -18 20.7873 8.61038
      vertex -18 19.8432 10.6064
    endloop
  endfacet
  facet normal 1 -0 0
    outer loop
      vertex -18 19.1253 -3.80426
      vertex -18 22.0677 -4.38953
      vertex -18 19.4061 -1.91133
    endloop
  endfacet
  facet normal 1 0 0
    outer loop
      vertex -18 22.0677 -4.38953
      vertex -18 19.1253 -3.80426
      vertex -18 21.5312 -6.5314
    endloop
  endfacet
  facet normal 1 0 0
    outer loop
      vertex -18 22.3917 2.20539
      vertex -18 19.4061 1.91133
      vertex -18 19.5 0
    endloop
  endfacet
  facet normal 1 0 0
    outer loop
      vertex -18 22.0677 4.38953
      vertex -18 19.1253 3.80426
      vertex -18 19.4061 1.91133
    endloop
  endfacet
  facet normal 1 0 0
    outer loop
      vertex -18 17.1975 9.19224
      vertex -18 19.8432 10.6064
      vertex -18 18.7081 12.5003
    endloop
  endfacet
  facet normal 1 0 0
    outer loop
      vertex -18 21.5312 6.5314
      vertex -18 18.6603 5.66055
      vertex -18 19.1253 3.80426
    endloop
  endfacet
  facet normal 1 0 0
    outer loop
      vertex -18 20.7873 8.61038
      vertex -18 18.0157 7.46233
      vertex -18 18.6603 5.66055
    endloop
  endfacet
  facet normal 1 0 0
    outer loop
      vertex -18 16.2137 10.8336
      vertex -18 18.7081 12.5003
      vertex -18 17.3927 14.2738
    endloop
  endfacet
  facet normal 1 0 0
    outer loop
      vertex -18 19.8432 10.6064
      vertex -18 17.1975 9.19224
      vertex -18 18.0157 7.46233
    endloop
  endfacet
  facet normal 1 0 0
    outer loop
      vertex -18 18.7081 12.5003
      vertex -18 16.2137 10.8336
      vertex -18 17.1975 9.19224
    endloop
  endfacet
  facet normal 1 0 0
    outer loop
      vertex -18 15.0737 12.3707
      vertex -18 17.3927 14.2738
      vertex -18 15.9099 15.9099
    endloop
  endfacet
  facet normal 1 0 0
    outer loop
      vertex -18 17.3927 14.2738
      vertex -18 15.0737 12.3707
      vertex -18 16.2137 10.8336
    endloop
  endfacet
  facet normal 1 0 0
    outer loop
      vertex -18 13.7886 13.7886
      vertex -18 15.9099 15.9099
      vertex -18 14.2738 17.3927
    endloop
  endfacet
  facet normal 1 0 0
    outer loop
      vertex -18 15.9099 15.9099
      vertex -18 13.7886 13.7886
      vertex -18 15.0737 12.3707
    endloop
  endfacet
  facet normal 1 0 0
    outer loop
      vertex -18 12.3707 15.0737
      vertex -18 14.2738 17.3927
      vertex -18 12.5003 18.7081
    endloop
  endfacet
  facet normal 1 0 0
    outer loop
      vertex -18 14.2738 17.3927
      vertex -18 12.3707 15.0737
      vertex -18 13.7886 13.7886
    endloop
  endfacet
  facet normal 1 0 0
    outer loop
      vertex -18 12.5003 18.7081
      vertex -18 10.8336 16.2137
      vertex -18 12.3707 15.0737
    endloop
  endfacet
  facet normal 1 0 0
    outer loop
      vertex -18 10.6064 19.8432
      vertex -18 10.8336 16.2137
      vertex -18 12.5003 18.7081
    endloop
  endfacet
  facet normal 1 0 0
    outer loop
      vertex -18 10.6064 19.8432
      vertex -18 9.19224 17.1975
      vertex -18 10.8336 16.2137
    endloop
  endfacet
  facet normal 1 0 0
    outer loop
      vertex -18 8.61038 20.7873
      vertex -18 9.19224 17.1975
      vertex -18 10.6064 19.8432
    endloop
  endfacet
  facet normal 1 0 0
    outer loop
      vertex -18 8.61038 20.7873
      vertex -18 7.46233 18.0157
      vertex -18 9.19224 17.1975
    endloop
  endfacet
  facet normal 1 0 0
    outer loop
      vertex -18 6.5314 21.5312
      vertex -18 7.46233 18.0157
      vertex -18 8.61038 20.7873
    endloop
  endfacet
  facet normal 1 0 0
    outer loop
      vertex -18 6.5314 21.5312
      vertex -18 5.66055 18.6603
      vertex -18 7.46233 18.0157
    endloop
  endfacet
  facet normal 1 0 0
    outer loop
      vertex -18 4.38953 22.0677
      vertex -18 5.66055 18.6603
      vertex -18 6.5314 21.5312
    endloop
  endfacet
  facet normal 1 0 0
    outer loop
      vertex -18 4.38953 22.0677
      vertex -18 3.80426 19.1253
      vertex -18 5.66055 18.6603
    endloop
  endfacet
  facet normal 1 0 0
    outer loop
      vertex -18 2.20539 22.3917
      vertex -18 3.80426 19.1253
      vertex -18 4.38953 22.0677
    endloop
  endfacet
  facet normal 1 0 0
    outer loop
      vertex -18 2.20539 22.3917
      vertex -18 1.91133 19.4061
      vertex -18 3.80426 19.1253
    endloop
  endfacet
  facet normal 1 0 0
    outer loop
      vertex -18 0 22.5
      vertex -18 1.91133 19.4061
      vertex -18 2.20539 22.3917
    endloop
  endfacet
  facet normal 1 0 0
    outer loop
      vertex -18 0 22.5
      vertex -18 0 19.5
      vertex -18 1.91133 19.4061
    endloop
  endfacet
  facet normal 1 0 0
    outer loop
      vertex -18 0 22.5
      vertex -18 -1.91133 19.4061
      vertex -18 0 19.5
    endloop
  endfacet
  facet normal 1 -0 0
    outer loop
      vertex -18 -2.20539 22.3917
      vertex -18 -1.91133 19.4061
      vertex -18 0 22.5
    endloop
  endfacet
  facet normal 1 0 0
    outer loop
      vertex -18 -2.20539 22.3917
      vertex -18 -3.80426 19.1253
      vertex -18 -1.91133 19.4061
    endloop
  endfacet
  facet normal 1 -0 0
    outer loop
      vertex -18 -4.38953 22.0677
      vertex -18 -3.80426 19.1253
      vertex -18 -2.20539 22.3917
    endloop
  endfacet
  facet normal 1 0 0
    outer loop
      vertex -18 -4.38953 22.0677
      vertex -18 -5.66055 18.6603
      vertex -18 -3.80426 19.1253
    endloop
  endfacet
  facet normal 1 -0 0
    outer loop
      vertex -18 -6.5314 21.5312
      vertex -18 -5.66055 18.6603
      vertex -18 -4.38953 22.0677
    endloop
  endfacet
  facet normal 1 0 0
    outer loop
      vertex -18 -6.5314 21.5312
      vertex -18 -7.46233 18.0157
      vertex -18 -5.66055 18.6603
    endloop
  endfacet
  facet normal 1 -0 0
    outer loop
      vertex -18 -8.61038 20.7873
      vertex -18 -7.46233 18.0157
      vertex -18 -6.5314 21.5312
    endloop
  endfacet
  facet normal 1 0 0
    outer loop
      vertex -18 -8.61038 20.7873
      vertex -18 -9.19224 17.1975
      vertex -18 -7.46233 18.0157
    endloop
  endfacet
  facet normal 1 -0 0
    outer loop
      vertex -18 -10.6064 19.8432
      vertex -18 -9.19224 17.1975
      vertex -18 -8.61038 20.7873
    endloop
  endfacet
  facet normal 1 0 0
    outer loop
      vertex -18 -10.6064 19.8432
      vertex -18 -10.8336 16.2137
      vertex -18 -9.19224 17.1975
    endloop
  endfacet
  facet normal 1 -0 0
    outer loop
      vertex -18 -12.5003 18.7081
      vertex -18 -10.8336 16.2137
      vertex -18 -10.6064 19.8432
    endloop
  endfacet
  facet normal 1 0 0
    outer loop
      vertex -18 -10.8336 16.2137
      vertex -18 -12.5003 18.7081
      vertex -18 -12.3707 15.0737
    endloop
  endfacet
  facet normal 1 -0 0
    outer loop
      vertex -18 -14.2738 17.3927
      vertex -18 -12.3707 15.0737
      vertex -18 -12.5003 18.7081
    endloop
  endfacet
  facet normal 1 0 0
    outer loop
      vertex -18 -12.3707 15.0737
      vertex -18 -14.2738 17.3927
      vertex -18 -13.7886 13.7886
    endloop
  endfacet
  facet normal 1 -0 0
    outer loop
      vertex -18 -15.9099 15.9099
      vertex -18 -13.7886 13.7886
      vertex -18 -14.2738 17.3927
    endloop
  endfacet
  facet normal 1 0 0
    outer loop
      vertex -18 -13.7886 13.7886
      vertex -18 -15.9099 15.9099
      vertex -18 -15.0737 12.3707
    endloop
  endfacet
  facet normal 1 -0 0
    outer loop
      vertex -18 -17.3927 14.2738
      vertex -18 -15.0737 12.3707
      vertex -18 -15.9099 15.9099
    endloop
  endfacet
  facet normal 1 0 0
    outer loop
      vertex -18 -15.0737 12.3707
      vertex -18 -17.3927 14.2738
      vertex -18 -16.2137 10.8336
    endloop
  endfacet
  facet normal 1 -0 0
    outer loop
      vertex -18 -18.7081 12.5003
      vertex -18 -16.2137 10.8336
      vertex -18 -17.3927 14.2738
    endloop
  endfacet
  facet normal 1 0 0
    outer loop
      vertex -18 -16.2137 10.8336
      vertex -18 -18.7081 12.5003
      vertex -18 -17.1975 9.19224
    endloop
  endfacet
  facet normal 1 -0 0
    outer loop
      vertex -18 -19.8432 10.6064
      vertex -18 -17.1975 9.19224
      vertex -18 -18.7081 12.5003
    endloop
  endfacet
  facet normal 1 0 0
    outer loop
      vertex -18 -17.1975 9.19224
      vertex -18 -19.8432 10.6064
      vertex -18 -18.0157 7.46233
    endloop
  endfacet
  facet normal 1 -0 0
    outer loop
      vertex -18 -20.7873 8.61038
      vertex -18 -18.0157 7.46233
      vertex -18 -19.8432 10.6064
    endloop
  endfacet
  facet normal 1 0 0
    outer loop
      vertex -18 -18.0157 7.46233
      vertex -18 -20.7873 8.61038
      vertex -18 -18.6603 5.66055
    endloop
  endfacet
  facet normal 1 0 0
    outer loop
      vertex -18 -18.6603 5.66055
      vertex -18 -21.5312 6.5314
      vertex -18 -19.1253 3.80426
    endloop
  endfacet
  facet normal 1 -0 0
    outer loop
      vertex -18 -21.5312 6.5314
      vertex -18 -18.6603 5.66055
      vertex -18 -20.7873 8.61038
    endloop
  endfacet
  facet normal 1 -0 0
    outer loop
      vertex -18 18.6603 -5.66055
      vertex -18 21.5312 -6.5314
      vertex -18 19.1253 -3.80426
    endloop
  endfacet
  facet normal 1 0 0
    outer loop
      vertex -18 21.5312 -6.5314
      vertex -18 18.6603 -5.66055
      vertex -18 20.7873 -8.61038
    endloop
  endfacet
  facet normal 1 -0 0
    outer loop
      vertex -18 18.0157 -7.46233
      vertex -18 20.7873 -8.61038
      vertex -18 18.6603 -5.66055
    endloop
  endfacet
  facet normal 1 0 0
    outer loop
      vertex -18 20.7873 -8.61038
      vertex -18 18.0157 -7.46233
      vertex -18 19.8432 -10.6064
    endloop
  endfacet
  facet normal 1 -0 0
    outer loop
      vertex -18 17.1975 -9.19224
      vertex -18 19.8432 -10.6064
      vertex -18 18.0157 -7.46233
    endloop
  endfacet
  facet normal 1 0 0
    outer loop
      vertex -18 19.8432 -10.6064
      vertex -18 17.1975 -9.19224
      vertex -18 18.7081 -12.5003
    endloop
  endfacet
  facet normal 1 -0 0
    outer loop
      vertex -18 16.2137 -10.8336
      vertex -18 18.7081 -12.5003
      vertex -18 17.1975 -9.19224
    endloop
  endfacet
  facet normal 1 0 0
    outer loop
      vertex -18 18.7081 -12.5003
      vertex -18 16.2137 -10.8336
      vertex -18 17.3927 -14.2738
    endloop
  endfacet
  facet normal 1 -0 0
    outer loop
      vertex -18 15.0737 -12.3707
      vertex -18 17.3927 -14.2738
      vertex -18 16.2137 -10.8336
    endloop
  endfacet
  facet normal 1 0 0
    outer loop
      vertex -18 17.3927 -14.2738
      vertex -18 15.0737 -12.3707
      vertex -18 15.9099 -15.9099
    endloop
  endfacet
  facet normal 1 -0 0
    outer loop
      vertex -18 13.7886 -13.7886
      vertex -18 15.9099 -15.9099
      vertex -18 15.0737 -12.3707
    endloop
  endfacet
  facet normal 1 0 0
    outer loop
      vertex -18 15.9099 -15.9099
      vertex -18 13.7886 -13.7886
      vertex -18 14.2738 -17.3927
    endloop
  endfacet
  facet normal 1 -0 0
    outer loop
      vertex -18 12.3707 -15.0737
      vertex -18 14.2738 -17.3927
      vertex -18 13.7886 -13.7886
    endloop
  endfacet
  facet normal 1 0 0
    outer loop
      vertex -18 14.2738 -17.3927
      vertex -18 12.3707 -15.0737
      vertex -18 12.5003 -18.7081
    endloop
  endfacet
  facet normal 1 -0 0
    outer loop
      vertex -18 10.8336 -16.2137
      vertex -18 12.5003 -18.7081
      vertex -18 12.3707 -15.0737
    endloop
  endfacet
  facet normal 1 0 0
    outer loop
      vertex -18 10.8336 -16.2137
      vertex -18 10.6064 -19.8432
      vertex -18 12.5003 -18.7081
    endloop
  endfacet
  facet normal 1 -0 0
    outer loop
      vertex -18 9.19224 -17.1975
      vertex -18 10.6064 -19.8432
      vertex -18 10.8336 -16.2137
    endloop
  endfacet
  facet normal 1 0 0
    outer loop
      vertex -18 9.19224 -17.1975
      vertex -18 8.61038 -20.7873
      vertex -18 10.6064 -19.8432
    endloop
  endfacet
  facet normal 1 -0 0
    outer loop
      vertex -18 7.46233 -18.0157
      vertex -18 8.61038 -20.7873
      vertex -18 9.19224 -17.1975
    endloop
  endfacet
  facet normal 1 0 0
    outer loop
      vertex -18 7.46233 -18.0157
      vertex -18 6.5314 -21.5312
      vertex -18 8.61038 -20.7873
    endloop
  endfacet
  facet normal 1 -0 0
    outer loop
      vertex -18 5.66055 -18.6603
      vertex -18 6.5314 -21.5312
      vertex -18 7.46233 -18.0157
    endloop
  endfacet
  facet normal 1 0 0
    outer loop
      vertex -18 5.66055 -18.6603
      vertex -18 4.38953 -22.0677
      vertex -18 6.5314 -21.5312
    endloop
  endfacet
  facet normal 1 -0 0
    outer loop
      vertex -18 3.80426 -19.1253
      vertex -18 4.38953 -22.0677
      vertex -18 5.66055 -18.6603
    endloop
  endfacet
  facet normal 1 0 0
    outer loop
      vertex -18 3.80426 -19.1253
      vertex -18 2.20539 -22.3917
      vertex -18 4.38953 -22.0677
    endloop
  endfacet
  facet normal 1 -0 0
    outer loop
      vertex -18 1.91133 -19.4061
      vertex -18 2.20539 -22.3917
      vertex -18 3.80426 -19.1253
    endloop
  endfacet
  facet normal 1 -0 0
    outer loop
      vertex -18 0 -19.5
      vertex -18 2.20539 -22.3917
      vertex -18 1.91133 -19.4061
    endloop
  endfacet
  facet normal 1 0 0
    outer loop
      vertex -18 0 -19.5
      vertex -18 0 -22.5
      vertex -18 2.20539 -22.3917
    endloop
  endfacet
  facet normal 1 0 0
    outer loop
      vertex -18 -1.91133 -19.4061
      vertex -18 0 -22.5
      vertex -18 0 -19.5
    endloop
  endfacet
  facet normal 1 0 0
    outer loop
      vertex -18 -1.91133 -19.4061
      vertex -18 -2.20539 -22.3917
      vertex -18 0 -22.5
    endloop
  endfacet
  facet normal 1 0 0
    outer loop
      vertex -18 -3.80426 -19.1253
      vertex -18 -2.20539 -22.3917
      vertex -18 -1.91133 -19.4061
    endloop
  endfacet
  facet normal 1 0 0
    outer loop
      vertex -18 -3.80426 -19.1253
      vertex -18 -4.38953 -22.0677
      vertex -18 -2.20539 -22.3917
    endloop
  endfacet
  facet normal 1 0 0
    outer loop
      vertex -18 -5.66055 -18.6603
      vertex -18 -4.38953 -22.0677
      vertex -18 -3.80426 -19.1253
    endloop
  endfacet
  facet normal 1 0 0
    outer loop
      vertex -18 -5.66055 -18.6603
      vertex -18 -6.5314 -21.5312
      vertex -18 -4.38953 -22.0677
    endloop
  endfacet
  facet normal 1 0 0
    outer loop
      vertex -18 -7.46233 -18.0157
      vertex -18 -6.5314 -21.5312
      vertex -18 -5.66055 -18.6603
    endloop
  endfacet
  facet normal 1 0 0
    outer loop
      vertex -18 -7.46233 -18.0157
      vertex -18 -8.61038 -20.7873
      vertex -18 -6.5314 -21.5312
    endloop
  endfacet
  facet normal 1 0 0
    outer loop
      vertex -18 -9.19224 -17.1975
      vertex -18 -8.61038 -20.7873
      vertex -18 -7.46233 -18.0157
    endloop
  endfacet
  facet normal 1 0 0
    outer loop
      vertex -18 -9.19224 -17.1975
      vertex -18 -10.6064 -19.8432
      vertex -18 -8.61038 -20.7873
    endloop
  endfacet
  facet normal 1 0 0
    outer loop
      vertex -18 -10.8336 -16.2137
      vertex -18 -10.6064 -19.8432
      vertex -18 -9.19224 -17.1975
    endloop
  endfacet
  facet normal 1 0 0
    outer loop
      vertex -18 -12.5003 -18.7081
      vertex -18 -10.8336 -16.2137
      vertex -18 -12.3707 -15.0737
    endloop
  endfacet
  facet normal 1 0 0
    outer loop
      vertex -18 -10.8336 -16.2137
      vertex -18 -12.5003 -18.7081
      vertex -18 -10.6064 -19.8432
    endloop
  endfacet
  facet normal 1 0 0
    outer loop
      vertex -18 -14.2738 -17.3927
      vertex -18 -12.3707 -15.0737
      vertex -18 -13.7886 -13.7886
    endloop
  endfacet
  facet normal 1 0 0
    outer loop
      vertex -18 -12.3707 -15.0737
      vertex -18 -14.2738 -17.3927
      vertex -18 -12.5003 -18.7081
    endloop
  endfacet
  facet normal 1 0 0
    outer loop
      vertex -18 -15.9099 -15.9099
      vertex -18 -13.7886 -13.7886
      vertex -18 -15.0737 -12.3707
    endloop
  endfacet
  facet normal 1 0 0
    outer loop
      vertex -18 -13.7886 -13.7886
      vertex -18 -15.9099 -15.9099
      vertex -18 -14.2738 -17.3927
    endloop
  endfacet
  facet normal 1 0 0
    outer loop
      vertex -18 -17.3927 -14.2738
      vertex -18 -15.0737 -12.3707
      vertex -18 -16.2137 -10.8336
    endloop
  endfacet
  facet normal 1 0 0
    outer loop
      vertex -18 -18.7081 -12.5003
      vertex -18 -16.2137 -10.8336
      vertex -18 -17.1975 -9.19224
    endloop
  endfacet
  facet normal 1 0 0
    outer loop
      vertex -18 -15.0737 -12.3707
      vertex -18 -17.3927 -14.2738
      vertex -18 -15.9099 -15.9099
    endloop
  endfacet
  facet normal 1 0 0
    outer loop
      vertex -18 -19.8432 -10.6064
      vertex -18 -17.1975 -9.19224
      vertex -18 -18.0157 -7.46233
    endloop
  endfacet
  facet normal 1 0 0
    outer loop
      vertex -18 -20.7873 -8.61038
      vertex -18 -18.0157 -7.46233
      vertex -18 -18.6603 -5.66055
    endloop
  endfacet
  facet normal 1 0 0
    outer loop
      vertex -18 -16.2137 -10.8336
      vertex -18 -18.7081 -12.5003
      vertex -18 -17.3927 -14.2738
    endloop
  endfacet
  facet normal 1 0 0
    outer loop
      vertex -18 -21.5312 -6.5314
      vertex -18 -18.6603 -5.66055
      vertex -18 -19.1253 -3.80426
    endloop
  endfacet
  facet normal 1 0 0
    outer loop
      vertex -18 -22.0677 -4.38953
      vertex -18 -19.1253 -3.80426
      vertex -18 -19.4061 -1.91133
    endloop
  endfacet
  facet normal 1 0 0
    outer loop
      vertex -18 -17.1975 -9.19224
      vertex -18 -19.8432 -10.6064
      vertex -18 -18.7081 -12.5003
    endloop
  endfacet
  facet normal 1 0 0
    outer loop
      vertex -18 -22.3917 -2.20539
      vertex -18 -19.4061 -1.91133
      vertex -18 -19.5 0
    endloop
  endfacet
  facet normal 1 -0 0
    outer loop
      vertex -18 -22.0677 4.38953
      vertex -18 -19.1253 3.80426
      vertex -18 -21.5312 6.5314
    endloop
  endfacet
  facet normal 1 0 0
    outer loop
      vertex -18 -19.1253 3.80426
      vertex -18 -22.0677 4.38953
      vertex -18 -19.4061 1.91133
    endloop
  endfacet
  facet normal 1 0 0
    outer loop
      vertex -18 -18.0157 -7.46233
      vertex -18 -20.7873 -8.61038
      vertex -18 -19.8432 -10.6064
    endloop
  endfacet
  facet normal 1 -0 0
    outer loop
      vertex -18 -22.3917 2.20539
      vertex -18 -19.4061 1.91133
      vertex -18 -22.0677 4.38953
    endloop
  endfacet
  facet normal 1 0 0
    outer loop
      vertex -18 -18.6603 -5.66055
      vertex -18 -21.5312 -6.5314
      vertex -18 -20.7873 -8.61038
    endloop
  endfacet
  facet normal 1 0 0
    outer loop
      vertex -18 -19.4061 1.91133
      vertex -18 -22.3917 2.20539
      vertex -18 -19.5 0
    endloop
  endfacet
  facet normal 1 0 0
    outer loop
      vertex -18 -19.1253 -3.80426
      vertex -18 -22.0677 -4.38953
      vertex -18 -21.5312 -6.5314
    endloop
  endfacet
  facet normal 1 0 0
    outer loop
      vertex -18 -22.5 0
      vertex -18 -19.5 0
      vertex -18 -22.3917 2.20539
    endloop
  endfacet
  facet normal 1 0 0
    outer loop
      vertex -18 -19.4061 -1.91133
      vertex -18 -22.3917 -2.20539
      vertex -18 -22.0677 -4.38953
    endloop
  endfacet
  facet normal 1 0 0
    outer loop
      vertex -18 -19.5 0
      vertex -18 -22.5 0
      vertex -18 -22.3917 -2.20539
    endloop
  endfacet
  facet normal 0 -0.671559 0.740951
    outer loop
      vertex -45 14.4957 -14.4957
      vertex -19 13.0051 -15.8467
      vertex -19 14.4957 -14.4957
    endloop
  endfacet
  facet normal 0 -0.671559 0.740951
    outer loop
      vertex -19 13.0051 -15.8467
      vertex -45 14.4957 -14.4957
      vertex -45 13.0051 -15.8467
    endloop
  endfacet
  facet normal 0 -0.24297 0.970034
    outer loop
      vertex -45 5.95084 -19.6173
      vertex -19 3.99935 -20.1061
      vertex -19 5.95084 -19.6173
    endloop
  endfacet
  facet normal 0 -0.24297 0.970034
    outer loop
      vertex -19 3.99935 -20.1061
      vertex -45 5.95084 -19.6173
      vertex -45 3.99935 -20.1061
    endloop
  endfacet
  facet normal 0 0.941535 0.336914
    outer loop
      vertex -19 -18.9395 -7.84501
      vertex -45 -19.6173 -5.95084
      vertex -19 -19.6173 -5.95084
    endloop
  endfacet
  facet normal 0 0.941535 0.336914
    outer loop
      vertex -45 -19.6173 -5.95084
      vertex -19 -18.9395 -7.84501
      vertex -45 -18.9395 -7.84501
    endloop
  endfacet
  facet normal 0 -0.740951 -0.671559
    outer loop
      vertex -45 15.8467 13.0051
      vertex -19 14.4957 14.4957
      vertex -45 14.4957 14.4957
    endloop
  endfacet
  facet normal 0 -0.740951 -0.671559
    outer loop
      vertex -19 14.4957 14.4957
      vertex -45 15.8467 13.0051
      vertex -19 15.8467 13.0051
    endloop
  endfacet
  facet normal 0 0.24297 -0.970034
    outer loop
      vertex -45 -5.95084 19.6173
      vertex -19 -3.99935 20.1061
      vertex -19 -5.95084 19.6173
    endloop
  endfacet
  facet normal 0 0.24297 -0.970034
    outer loop
      vertex -19 -3.99935 20.1061
      vertex -45 -5.95084 19.6173
      vertex -45 -3.99935 20.1061
    endloop
  endfacet
  facet normal 0 -0.857721 -0.514115
    outer loop
      vertex -45 18.0794 9.66363
      vertex -19 17.0451 11.3892
      vertex -45 17.0451 11.3892
    endloop
  endfacet
  facet normal 0 -0.857721 -0.514115
    outer loop
      vertex -19 17.0451 11.3892
      vertex -45 18.0794 9.66363
      vertex -19 18.0794 9.66363
    endloop
  endfacet
  facet normal 0 -0.0490612 0.998796
    outer loop
      vertex -45 2.00935 -20.4013
      vertex -19 0 -20.5
      vertex -19 2.00935 -20.4013
    endloop
  endfacet
  facet normal 0 -0.0490612 0.998796
    outer loop
      vertex -19 0 -20.5
      vertex -45 2.00935 -20.4013
      vertex -45 0 -20.5
    endloop
  endfacet
  facet normal -1 0 0
    outer loop
      vertex -19 19.5 0
      vertex -19 20.5 0
      vertex -19 20.4013 -2.00935
    endloop
  endfacet
  facet normal -1 0 0
    outer loop
      vertex -19 19.4061 -1.91133
      vertex -19 20.4013 -2.00935
      vertex -19 20.1061 -3.99935
    endloop
  endfacet
  facet normal -1 0 0
    outer loop
      vertex -19 20.5 0
      vertex -19 19.5 0
      vertex -19 20.4013 2.00935
    endloop
  endfacet
  facet normal -1 0 0
    outer loop
      vertex -19 19.1253 -3.80426
      vertex -19 20.1061 -3.99935
      vertex -19 19.6173 -5.95084
    endloop
  endfacet
  facet normal -1 0 0
    outer loop
      vertex -19 19.4061 1.91133
      vertex -19 20.4013 2.00935
      vertex -19 19.5 0
    endloop
  endfacet
  facet normal -1 -0 0
    outer loop
      vertex -19 20.4013 2.00935
      vertex -19 19.4061 1.91133
      vertex -19 20.1061 3.99935
    endloop
  endfacet
  facet normal -1 0 0
    outer loop
      vertex -19 20.4013 -2.00935
      vertex -19 19.4061 -1.91133
      vertex -19 19.5 0
    endloop
  endfacet
  facet normal -1 0 0
    outer loop
      vertex -19 20.1061 -3.99935
      vertex -19 19.1253 -3.80426
      vertex -19 19.4061 -1.91133
    endloop
  endfacet
  facet normal -1 0 0
    outer loop
      vertex -19 18.6603 -5.66055
      vertex -19 19.6173 -5.95084
      vertex -19 18.9395 -7.84501
    endloop
  endfacet
  facet normal -1 0 0
    outer loop
      vertex -19 19.6173 -5.95084
      vertex -19 18.6603 -5.66055
      vertex -19 19.1253 -3.80426
    endloop
  endfacet
  facet normal -1 0 0
    outer loop
      vertex -19 18.0157 -7.46233
      vertex -19 18.9395 -7.84501
      vertex -19 18.0794 -9.66363
    endloop
  endfacet
  facet normal -1 0 0
    outer loop
      vertex -19 18.9395 -7.84501
      vertex -19 18.0157 -7.46233
      vertex -19 18.6603 -5.66055
    endloop
  endfacet
  facet normal -1 0 0
    outer loop
      vertex -19 18.0794 -9.66363
      vertex -19 17.1975 -9.19224
      vertex -19 18.0157 -7.46233
    endloop
  endfacet
  facet normal -1 0 0
    outer loop
      vertex -19 17.0451 -11.3892
      vertex -19 17.1975 -9.19224
      vertex -19 18.0794 -9.66363
    endloop
  endfacet
  facet normal -1 0 0
    outer loop
      vertex -19 17.0451 -11.3892
      vertex -19 16.2137 -10.8336
      vertex -19 17.1975 -9.19224
    endloop
  endfacet
  facet normal -1 0 0
    outer loop
      vertex -19 15.8467 -13.0051
      vertex -19 16.2137 -10.8336
      vertex -19 17.0451 -11.3892
    endloop
  endfacet
  facet normal -1 0 0
    outer loop
      vertex -19 15.8467 -13.0051
      vertex -19 15.0737 -12.3707
      vertex -19 16.2137 -10.8336
    endloop
  endfacet
  facet normal -1 0 0
    outer loop
      vertex -19 14.4957 -14.4957
      vertex -19 15.0737 -12.3707
      vertex -19 15.8467 -13.0051
    endloop
  endfacet
  facet normal -1 0 0
    outer loop
      vertex -19 14.4957 -14.4957
      vertex -19 13.7886 -13.7886
      vertex -19 15.0737 -12.3707
    endloop
  endfacet
  facet normal -1 0 0
    outer loop
      vertex -19 13.0051 -15.8467
      vertex -19 13.7886 -13.7886
      vertex -19 14.4957 -14.4957
    endloop
  endfacet
  facet normal -1 0 0
    outer loop
      vertex -19 13.0051 -15.8467
      vertex -19 12.3707 -15.0737
      vertex -19 13.7886 -13.7886
    endloop
  endfacet
  facet normal -1 0 0
    outer loop
      vertex -19 11.3892 -17.0451
      vertex -19 12.3707 -15.0737
      vertex -19 13.0051 -15.8467
    endloop
  endfacet
  facet normal -1 0 0
    outer loop
      vertex -19 11.3892 -17.0451
      vertex -19 10.8336 -16.2137
      vertex -19 12.3707 -15.0737
    endloop
  endfacet
  facet normal -1 0 0
    outer loop
      vertex -19 9.66363 -18.0794
      vertex -19 10.8336 -16.2137
      vertex -19 11.3892 -17.0451
    endloop
  endfacet
  facet normal -1 0 0
    outer loop
      vertex -19 9.66363 -18.0794
      vertex -19 9.19224 -17.1975
      vertex -19 10.8336 -16.2137
    endloop
  endfacet
  facet normal -1 0 0
    outer loop
      vertex -19 7.84501 -18.9395
      vertex -19 9.19224 -17.1975
      vertex -19 9.66363 -18.0794
    endloop
  endfacet
  facet normal -1 0 0
    outer loop
      vertex -19 7.84501 -18.9395
      vertex -19 7.46233 -18.0157
      vertex -19 9.19224 -17.1975
    endloop
  endfacet
  facet normal -1 0 0
    outer loop
      vertex -19 5.95084 -19.6173
      vertex -19 7.46233 -18.0157
      vertex -19 7.84501 -18.9395
    endloop
  endfacet
  facet normal -1 0 0
    outer loop
      vertex -19 5.95084 -19.6173
      vertex -19 5.66055 -18.6603
      vertex -19 7.46233 -18.0157
    endloop
  endfacet
  facet normal -1 0 0
    outer loop
      vertex -19 3.99935 -20.1061
      vertex -19 5.66055 -18.6603
      vertex -19 5.95084 -19.6173
    endloop
  endfacet
  facet normal -1 0 0
    outer loop
      vertex -19 3.99935 -20.1061
      vertex -19 3.80426 -19.1253
      vertex -19 5.66055 -18.6603
    endloop
  endfacet
  facet normal -1 0 0
    outer loop
      vertex -19 2.00935 -20.4013
      vertex -19 3.80426 -19.1253
      vertex -19 3.99935 -20.1061
    endloop
  endfacet
  facet normal -1 0 0
    outer loop
      vertex -19 2.00935 -20.4013
      vertex -19 1.91133 -19.4061
      vertex -19 3.80426 -19.1253
    endloop
  endfacet
  facet normal -1 0 0
    outer loop
      vertex -19 0 -20.5
      vertex -19 1.91133 -19.4061
      vertex -19 2.00935 -20.4013
    endloop
  endfacet
  facet normal -1 0 0
    outer loop
      vertex -19 0 -20.5
      vertex -19 0 -19.5
      vertex -19 1.91133 -19.4061
    endloop
  endfacet
  facet normal -1 0 0
    outer loop
      vertex -19 0 -20.5
      vertex -19 -1.91133 -19.4061
      vertex -19 0 -19.5
    endloop
  endfacet
  facet normal -1 0 0
    outer loop
      vertex -19 -2.00935 -20.4013
      vertex -19 -1.91133 -19.4061
      vertex -19 0 -20.5
    endloop
  endfacet
  facet normal -1 0 0
    outer loop
      vertex -19 -2.00935 -20.4013
      vertex -19 -3.80426 -19.1253
      vertex -19 -1.91133 -19.4061
    endloop
  endfacet
  facet normal -1 0 0
    outer loop
      vertex -19 -3.99935 -20.1061
      vertex -19 -3.80426 -19.1253
      vertex -19 -2.00935 -20.4013
    endloop
  endfacet
  facet normal -1 0 0
    outer loop
      vertex -19 -3.99935 -20.1061
      vertex -19 -5.66055 -18.6603
      vertex -19 -3.80426 -19.1253
    endloop
  endfacet
  facet normal -1 0 0
    outer loop
      vertex -19 -5.95084 -19.6173
      vertex -19 -5.66055 -18.6603
      vertex -19 -3.99935 -20.1061
    endloop
  endfacet
  facet normal -1 0 0
    outer loop
      vertex -19 -5.95084 -19.6173
      vertex -19 -7.46233 -18.0157
      vertex -19 -5.66055 -18.6603
    endloop
  endfacet
  facet normal -1 0 0
    outer loop
      vertex -19 -7.84501 -18.9395
      vertex -19 -7.46233 -18.0157
      vertex -19 -5.95084 -19.6173
    endloop
  endfacet
  facet normal -1 0 0
    outer loop
      vertex -19 -7.84501 -18.9395
      vertex -19 -9.19224 -17.1975
      vertex -19 -7.46233 -18.0157
    endloop
  endfacet
  facet normal -1 0 0
    outer loop
      vertex -19 -9.66363 -18.0794
      vertex -19 -9.19224 -17.1975
      vertex -19 -7.84501 -18.9395
    endloop
  endfacet
  facet normal -1 0 0
    outer loop
      vertex -19 -9.66363 -18.0794
      vertex -19 -10.8336 -16.2137
      vertex -19 -9.19224 -17.1975
    endloop
  endfacet
  facet normal -1 0 0
    outer loop
      vertex -19 -11.3892 -17.0451
      vertex -19 -10.8336 -16.2137
      vertex -19 -9.66363 -18.0794
    endloop
  endfacet
  facet normal -1 0 0
    outer loop
      vertex -19 -11.3892 -17.0451
      vertex -19 -12.3707 -15.0737
      vertex -19 -10.8336 -16.2137
    endloop
  endfacet
  facet normal -1 0 0
    outer loop
      vertex -19 -13.0051 -15.8467
      vertex -19 -12.3707 -15.0737
      vertex -19 -11.3892 -17.0451
    endloop
  endfacet
  facet normal -1 0 0
    outer loop
      vertex -19 -13.0051 -15.8467
      vertex -19 -13.7886 -13.7886
      vertex -19 -12.3707 -15.0737
    endloop
  endfacet
  facet normal -1 0 0
    outer loop
      vertex -19 -14.4957 -14.4957
      vertex -19 -13.7886 -13.7886
      vertex -19 -13.0051 -15.8467
    endloop
  endfacet
  facet normal -1 0 0
    outer loop
      vertex -19 -14.4957 -14.4957
      vertex -19 -15.0737 -12.3707
      vertex -19 -13.7886 -13.7886
    endloop
  endfacet
  facet normal -1 0 0
    outer loop
      vertex -19 -15.8467 -13.0051
      vertex -19 -15.0737 -12.3707
      vertex -19 -14.4957 -14.4957
    endloop
  endfacet
  facet normal -1 0 0
    outer loop
      vertex -19 -15.8467 -13.0051
      vertex -19 -16.2137 -10.8336
      vertex -19 -15.0737 -12.3707
    endloop
  endfacet
  facet normal -1 0 0
    outer loop
      vertex -19 -17.0451 -11.3892
      vertex -19 -16.2137 -10.8336
      vertex -19 -15.8467 -13.0051
    endloop
  endfacet
  facet normal -1 0 0
    outer loop
      vertex -19 -17.0451 -11.3892
      vertex -19 -17.1975 -9.19224
      vertex -19 -16.2137 -10.8336
    endloop
  endfacet
  facet normal -1 0 0
    outer loop
      vertex -19 -18.0794 -9.66363
      vertex -19 -17.1975 -9.19224
      vertex -19 -17.0451 -11.3892
    endloop
  endfacet
  facet normal -1 -0 0
    outer loop
      vertex -19 -17.1975 -9.19224
      vertex -19 -18.0794 -9.66363
      vertex -19 -18.0157 -7.46233
    endloop
  endfacet
  facet normal -1 0 0
    outer loop
      vertex -19 -18.9395 -7.84501
      vertex -19 -18.0157 -7.46233
      vertex -19 -18.0794 -9.66363
    endloop
  endfacet
  facet normal -1 -0 0
    outer loop
      vertex -19 -18.0157 -7.46233
      vertex -19 -18.9395 -7.84501
      vertex -19 -18.6603 -5.66055
    endloop
  endfacet
  facet normal -1 0 0
    outer loop
      vertex -19 -19.6173 -5.95084
      vertex -19 -18.6603 -5.66055
      vertex -19 -18.9395 -7.84501
    endloop
  endfacet
  facet normal -1 -0 0
    outer loop
      vertex -19 -18.6603 -5.66055
      vertex -19 -19.6173 -5.95084
      vertex -19 -19.1253 -3.80426
    endloop
  endfacet
  facet normal -1 -0 0
    outer loop
      vertex -19 -19.1253 -3.80426
      vertex -19 -20.1061 -3.99935
      vertex -19 -19.4061 -1.91133
    endloop
  endfacet
  facet normal -1 0 0
    outer loop
      vertex -19 -20.1061 -3.99935
      vertex -19 -19.1253 -3.80426
      vertex -19 -19.6173 -5.95084
    endloop
  endfacet
  facet normal -1 0 0
    outer loop
      vertex -19 19.1253 3.80426
      vertex -19 20.1061 3.99935
      vertex -19 19.4061 1.91133
    endloop
  endfacet
  facet normal -1 -0 0
    outer loop
      vertex -19 20.1061 3.99935
      vertex -19 19.1253 3.80426
      vertex -19 19.6173 5.95084
    endloop
  endfacet
  facet normal -1 0 0
    outer loop
      vertex -19 18.6603 5.66055
      vertex -19 19.6173 5.95084
      vertex -19 19.1253 3.80426
    endloop
  endfacet
  facet normal -1 -0 0
    outer loop
      vertex -19 19.6173 5.95084
      vertex -19 18.6603 5.66055
      vertex -19 18.9395 7.84501
    endloop
  endfacet
  facet normal -1 0 0
    outer loop
      vertex -19 18.0157 7.46233
      vertex -19 18.9395 7.84501
      vertex -19 18.6603 5.66055
    endloop
  endfacet
  facet normal -1 -0 0
    outer loop
      vertex -19 18.9395 7.84501
      vertex -19 18.0157 7.46233
      vertex -19 18.0794 9.66363
    endloop
  endfacet
  facet normal -1 0 0
    outer loop
      vertex -19 17.1975 9.19224
      vertex -19 18.0794 9.66363
      vertex -19 18.0157 7.46233
    endloop
  endfacet
  facet normal -1 0 0
    outer loop
      vertex -19 17.1975 9.19224
      vertex -19 17.0451 11.3892
      vertex -19 18.0794 9.66363
    endloop
  endfacet
  facet normal -1 0 0
    outer loop
      vertex -19 16.2137 10.8336
      vertex -19 17.0451 11.3892
      vertex -19 17.1975 9.19224
    endloop
  endfacet
  facet normal -1 0 0
    outer loop
      vertex -19 16.2137 10.8336
      vertex -19 15.8467 13.0051
      vertex -19 17.0451 11.3892
    endloop
  endfacet
  facet normal -1 0 0
    outer loop
      vertex -19 15.0737 12.3707
      vertex -19 15.8467 13.0051
      vertex -19 16.2137 10.8336
    endloop
  endfacet
  facet normal -1 0 0
    outer loop
      vertex -19 15.0737 12.3707
      vertex -19 14.4957 14.4957
      vertex -19 15.8467 13.0051
    endloop
  endfacet
  facet normal -1 0 0
    outer loop
      vertex -19 13.7886 13.7886
      vertex -19 14.4957 14.4957
      vertex -19 15.0737 12.3707
    endloop
  endfacet
  facet normal -1 0 0
    outer loop
      vertex -19 13.7886 13.7886
      vertex -19 13.0051 15.8467
      vertex -19 14.4957 14.4957
    endloop
  endfacet
  facet normal -1 0 0
    outer loop
      vertex -19 12.3707 15.0737
      vertex -19 13.0051 15.8467
      vertex -19 13.7886 13.7886
    endloop
  endfacet
  facet normal -1 0 0
    outer loop
      vertex -19 12.3707 15.0737
      vertex -19 11.3892 17.0451
      vertex -19 13.0051 15.8467
    endloop
  endfacet
  facet normal -1 0 0
    outer loop
      vertex -19 10.8336 16.2137
      vertex -19 11.3892 17.0451
      vertex -19 12.3707 15.0737
    endloop
  endfacet
  facet normal -1 0 0
    outer loop
      vertex -19 10.8336 16.2137
      vertex -19 9.66363 18.0794
      vertex -19 11.3892 17.0451
    endloop
  endfacet
  facet normal -1 0 0
    outer loop
      vertex -19 9.19224 17.1975
      vertex -19 9.66363 18.0794
      vertex -19 10.8336 16.2137
    endloop
  endfacet
  facet normal -1 0 0
    outer loop
      vertex -19 9.19224 17.1975
      vertex -19 7.84501 18.9395
      vertex -19 9.66363 18.0794
    endloop
  endfacet
  facet normal -1 0 0
    outer loop
      vertex -19 7.46233 18.0157
      vertex -19 7.84501 18.9395
      vertex -19 9.19224 17.1975
    endloop
  endfacet
  facet normal -1 0 0
    outer loop
      vertex -19 7.46233 18.0157
      vertex -19 5.95084 19.6173
      vertex -19 7.84501 18.9395
    endloop
  endfacet
  facet normal -1 0 0
    outer loop
      vertex -19 5.66055 18.6603
      vertex -19 5.95084 19.6173
      vertex -19 7.46233 18.0157
    endloop
  endfacet
  facet normal -1 0 0
    outer loop
      vertex -19 5.66055 18.6603
      vertex -19 3.99935 20.1061
      vertex -19 5.95084 19.6173
    endloop
  endfacet
  facet normal -1 0 0
    outer loop
      vertex -19 3.80426 19.1253
      vertex -19 3.99935 20.1061
      vertex -19 5.66055 18.6603
    endloop
  endfacet
  facet normal -1 0 0
    outer loop
      vertex -19 3.80426 19.1253
      vertex -19 2.00935 20.4013
      vertex -19 3.99935 20.1061
    endloop
  endfacet
  facet normal -1 0 0
    outer loop
      vertex -19 1.91133 19.4061
      vertex -19 2.00935 20.4013
      vertex -19 3.80426 19.1253
    endloop
  endfacet
  facet normal -1 0 0
    outer loop
      vertex -19 0 19.5
      vertex -19 2.00935 20.4013
      vertex -19 1.91133 19.4061
    endloop
  endfacet
  facet normal -1 0 0
    outer loop
      vertex -19 0 19.5
      vertex -19 0 20.5
      vertex -19 2.00935 20.4013
    endloop
  endfacet
  facet normal -1 0 0
    outer loop
      vertex -19 -1.91133 19.4061
      vertex -19 0 20.5
      vertex -19 0 19.5
    endloop
  endfacet
  facet normal -1 0 0
    outer loop
      vertex -19 -1.91133 19.4061
      vertex -19 -2.00935 20.4013
      vertex -19 0 20.5
    endloop
  endfacet
  facet normal -1 0 0
    outer loop
      vertex -19 -3.80426 19.1253
      vertex -19 -2.00935 20.4013
      vertex -19 -1.91133 19.4061
    endloop
  endfacet
  facet normal -1 0 0
    outer loop
      vertex -19 -3.80426 19.1253
      vertex -19 -3.99935 20.1061
      vertex -19 -2.00935 20.4013
    endloop
  endfacet
  facet normal -1 0 0
    outer loop
      vertex -19 -5.66055 18.6603
      vertex -19 -3.99935 20.1061
      vertex -19 -3.80426 19.1253
    endloop
  endfacet
  facet normal -1 0 0
    outer loop
      vertex -19 -5.66055 18.6603
      vertex -19 -5.95084 19.6173
      vertex -19 -3.99935 20.1061
    endloop
  endfacet
  facet normal -1 0 0
    outer loop
      vertex -19 -7.46233 18.0157
      vertex -19 -5.95084 19.6173
      vertex -19 -5.66055 18.6603
    endloop
  endfacet
  facet normal -1 0 0
    outer loop
      vertex -19 -7.46233 18.0157
      vertex -19 -7.84501 18.9395
      vertex -19 -5.95084 19.6173
    endloop
  endfacet
  facet normal -1 0 0
    outer loop
      vertex -19 -9.19224 17.1975
      vertex -19 -7.84501 18.9395
      vertex -19 -7.46233 18.0157
    endloop
  endfacet
  facet normal -1 0 0
    outer loop
      vertex -19 -9.19224 17.1975
      vertex -19 -9.66363 18.0794
      vertex -19 -7.84501 18.9395
    endloop
  endfacet
  facet normal -1 0 0
    outer loop
      vertex -19 -10.8336 16.2137
      vertex -19 -9.66363 18.0794
      vertex -19 -9.19224 17.1975
    endloop
  endfacet
  facet normal -1 0 0
    outer loop
      vertex -19 -10.8336 16.2137
      vertex -19 -11.3892 17.0451
      vertex -19 -9.66363 18.0794
    endloop
  endfacet
  facet normal -1 0 0
    outer loop
      vertex -19 -12.3707 15.0737
      vertex -19 -11.3892 17.0451
      vertex -19 -10.8336 16.2137
    endloop
  endfacet
  facet normal -1 0 0
    outer loop
      vertex -19 -12.3707 15.0737
      vertex -19 -13.0051 15.8467
      vertex -19 -11.3892 17.0451
    endloop
  endfacet
  facet normal -1 0 0
    outer loop
      vertex -19 -13.7886 13.7886
      vertex -19 -13.0051 15.8467
      vertex -19 -12.3707 15.0737
    endloop
  endfacet
  facet normal -1 0 0
    outer loop
      vertex -19 -13.7886 13.7886
      vertex -19 -14.4957 14.4957
      vertex -19 -13.0051 15.8467
    endloop
  endfacet
  facet normal -1 0 0
    outer loop
      vertex -19 -15.0737 12.3707
      vertex -19 -14.4957 14.4957
      vertex -19 -13.7886 13.7886
    endloop
  endfacet
  facet normal -1 0 0
    outer loop
      vertex -19 -15.0737 12.3707
      vertex -19 -15.8467 13.0051
      vertex -19 -14.4957 14.4957
    endloop
  endfacet
  facet normal -1 0 0
    outer loop
      vertex -19 -16.2137 10.8336
      vertex -19 -15.8467 13.0051
      vertex -19 -15.0737 12.3707
    endloop
  endfacet
  facet normal -1 0 0
    outer loop
      vertex -19 -16.2137 10.8336
      vertex -19 -17.0451 11.3892
      vertex -19 -15.8467 13.0051
    endloop
  endfacet
  facet normal -1 0 0
    outer loop
      vertex -19 -17.1975 9.19224
      vertex -19 -17.0451 11.3892
      vertex -19 -16.2137 10.8336
    endloop
  endfacet
  facet normal -1 0 0
    outer loop
      vertex -19 -18.0794 9.66363
      vertex -19 -17.1975 9.19224
      vertex -19 -18.0157 7.46233
    endloop
  endfacet
  facet normal -1 0 0
    outer loop
      vertex -19 -17.1975 9.19224
      vertex -19 -18.0794 9.66363
      vertex -19 -17.0451 11.3892
    endloop
  endfacet
  facet normal -1 0 0
    outer loop
      vertex -19 -18.9395 7.84501
      vertex -19 -18.0157 7.46233
      vertex -19 -18.6603 5.66055
    endloop
  endfacet
  facet normal -1 0 0
    outer loop
      vertex -19 -18.0157 7.46233
      vertex -19 -18.9395 7.84501
      vertex -19 -18.0794 9.66363
    endloop
  endfacet
  facet normal -1 0 0
    outer loop
      vertex -19 -19.6173 5.95084
      vertex -19 -18.6603 5.66055
      vertex -19 -19.1253 3.80426
    endloop
  endfacet
  facet normal -1 0 0
    outer loop
      vertex -19 -20.1061 3.99935
      vertex -19 -19.1253 3.80426
      vertex -19 -19.4061 1.91133
    endloop
  endfacet
  facet normal -1 0 0
    outer loop
      vertex -19 -18.6603 5.66055
      vertex -19 -19.6173 5.95084
      vertex -19 -18.9395 7.84501
    endloop
  endfacet
  facet normal -1 0 0
    outer loop
      vertex -19 -20.4013 2.00935
      vertex -19 -19.4061 1.91133
      vertex -19 -19.5 0
    endloop
  endfacet
  facet normal -1 0 0
    outer loop
      vertex -19 -20.4013 -2.00935
      vertex -19 -19.4061 -1.91133
      vertex -19 -20.1061 -3.99935
    endloop
  endfacet
  facet normal -1 -0 0
    outer loop
      vertex -19 -19.4061 -1.91133
      vertex -19 -20.4013 -2.00935
      vertex -19 -19.5 0
    endloop
  endfacet
  facet normal -1 0 0
    outer loop
      vertex -19 -19.1253 3.80426
      vertex -19 -20.1061 3.99935
      vertex -19 -19.6173 5.95084
    endloop
  endfacet
  facet normal -1 0 0
    outer loop
      vertex -19 -20.5 0
      vertex -19 -19.5 0
      vertex -19 -20.4013 -2.00935
    endloop
  endfacet
  facet normal -1 0 0
    outer loop
      vertex -19 -19.4061 1.91133
      vertex -19 -20.4013 2.00935
      vertex -19 -20.1061 3.99935
    endloop
  endfacet
  facet normal -1 0 0
    outer loop
      vertex -19 -19.5 0
      vertex -19 -20.5 0
      vertex -19 -20.4013 2.00935
    endloop
  endfacet
  facet normal 0 0.740951 0.671559
    outer loop
      vertex -19 -14.4957 -14.4957
      vertex -45 -15.8467 -13.0051
      vertex -19 -15.8467 -13.0051
    endloop
  endfacet
  facet normal 0 0.740951 0.671559
    outer loop
      vertex -45 -15.8467 -13.0051
      vertex -19 -14.4957 -14.4957
      vertex -45 -14.4957 -14.4957
    endloop
  endfacet
  facet normal 0 -0.671559 -0.740951
    outer loop
      vertex -45 13.0051 15.8467
      vertex -19 14.4957 14.4957
      vertex -19 13.0051 15.8467
    endloop
  endfacet
  facet normal -0 -0.671559 -0.740951
    outer loop
      vertex -19 14.4957 14.4957
      vertex -45 13.0051 15.8467
      vertex -45 14.4957 14.4957
    endloop
  endfacet
  facet normal 0 -0.427538 0.903998
    outer loop
      vertex -45 9.66363 -18.0794
      vertex -19 7.84501 -18.9395
      vertex -19 9.66363 -18.0794
    endloop
  endfacet
  facet normal 0 -0.427538 0.903998
    outer loop
      vertex -19 7.84501 -18.9395
      vertex -45 9.66363 -18.0794
      vertex -45 7.84501 -18.9395
    endloop
  endfacet
  facet normal 0 0.903998 0.427538
    outer loop
      vertex -19 -18.0794 -9.66363
      vertex -45 -18.9395 -7.84501
      vertex -19 -18.9395 -7.84501
    endloop
  endfacet
  facet normal 0 0.903998 0.427538
    outer loop
      vertex -45 -18.9395 -7.84501
      vertex -19 -18.0794 -9.66363
      vertex -45 -18.0794 -9.66363
    endloop
  endfacet
  facet normal 0 -0.941535 -0.336914
    outer loop
      vertex -45 19.6173 5.95084
      vertex -19 18.9395 7.84501
      vertex -45 18.9395 7.84501
    endloop
  endfacet
  facet normal 0 -0.941535 -0.336914
    outer loop
      vertex -19 18.9395 7.84501
      vertex -45 19.6173 5.95084
      vertex -19 19.6173 5.95084
    endloop
  endfacet
  facet normal 0 0.998796 0.0490612
    outer loop
      vertex -19 -20.4013 -2.00935
      vertex -45 -20.5 0
      vertex -19 -20.5 0
    endloop
  endfacet
  facet normal 0 0.998796 0.0490612
    outer loop
      vertex -45 -20.5 0
      vertex -19 -20.4013 -2.00935
      vertex -45 -20.4013 -2.00935
    endloop
  endfacet
  facet normal 0 -0.740951 0.671559
    outer loop
      vertex -45 14.4957 -14.4957
      vertex -19 15.8467 -13.0051
      vertex -45 15.8467 -13.0051
    endloop
  endfacet
  facet normal 0 -0.740951 0.671559
    outer loop
      vertex -19 15.8467 -13.0051
      vertex -45 14.4957 -14.4957
      vertex -19 14.4957 -14.4957
    endloop
  endfacet
  facet normal 0 -0.903998 -0.427538
    outer loop
      vertex -45 18.9395 7.84501
      vertex -19 18.0794 9.66363
      vertex -45 18.0794 9.66363
    endloop
  endfacet
  facet normal 0 -0.903998 -0.427538
    outer loop
      vertex -19 18.0794 9.66363
      vertex -45 18.9395 7.84501
      vertex -19 18.9395 7.84501
    endloop
  endfacet
  facet normal 0 -0.989176 -0.146736
    outer loop
      vertex -45 20.4013 2.00935
      vertex -19 20.1061 3.99935
      vertex -45 20.1061 3.99935
    endloop
  endfacet
  facet normal 0 -0.989176 -0.146736
    outer loop
      vertex -19 20.1061 3.99935
      vertex -45 20.4013 2.00935
      vertex -19 20.4013 2.00935
    endloop
  endfacet
  facet normal 0 0.857721 0.514115
    outer loop
      vertex -19 -17.0451 -11.3892
      vertex -45 -18.0794 -9.66363
      vertex -19 -18.0794 -9.66363
    endloop
  endfacet
  facet normal 0 0.857721 0.514115
    outer loop
      vertex -45 -18.0794 -9.66363
      vertex -19 -17.0451 -11.3892
      vertex -45 -17.0451 -11.3892
    endloop
  endfacet
  facet normal 0 0.970034 -0.24297
    outer loop
      vertex -19 -20.1061 3.99935
      vertex -45 -19.6173 5.95084
      vertex -19 -19.6173 5.95084
    endloop
  endfacet
  facet normal 0 0.970034 -0.24297
    outer loop
      vertex -45 -19.6173 5.95084
      vertex -19 -20.1061 3.99935
      vertex -45 -20.1061 3.99935
    endloop
  endfacet
  facet normal 0 -0.857721 0.514115
    outer loop
      vertex -45 17.0451 -11.3892
      vertex -19 18.0794 -9.66363
      vertex -45 18.0794 -9.66363
    endloop
  endfacet
  facet normal 0 -0.857721 0.514115
    outer loop
      vertex -19 18.0794 -9.66363
      vertex -45 17.0451 -11.3892
      vertex -19 17.0451 -11.3892
    endloop
  endfacet
  facet normal 0 0.0490612 -0.998796
    outer loop
      vertex -45 -2.00935 20.4013
      vertex -19 0 20.5
      vertex -19 -2.00935 20.4013
    endloop
  endfacet
  facet normal 0 0.0490612 -0.998796
    outer loop
      vertex -19 0 20.5
      vertex -45 -2.00935 20.4013
      vertex -45 0 20.5
    endloop
  endfacet
  facet normal -0 0.24297 0.970034
    outer loop
      vertex -45 -3.99935 -20.1061
      vertex -19 -5.95084 -19.6173
      vertex -19 -3.99935 -20.1061
    endloop
  endfacet
  facet normal 0 0.24297 0.970034
    outer loop
      vertex -19 -5.95084 -19.6173
      vertex -45 -3.99935 -20.1061
      vertex -45 -5.95084 -19.6173
    endloop
  endfacet
  facet normal 0 0.941535 -0.336914
    outer loop
      vertex -19 -19.6173 5.95084
      vertex -45 -18.9395 7.84501
      vertex -19 -18.9395 7.84501
    endloop
  endfacet
  facet normal 0 0.941535 -0.336914
    outer loop
      vertex -45 -18.9395 7.84501
      vertex -19 -19.6173 5.95084
      vertex -45 -19.6173 5.95084
    endloop
  endfacet
  facet normal 0 -0.427538 -0.903998
    outer loop
      vertex -45 7.84501 18.9395
      vertex -19 9.66363 18.0794
      vertex -19 7.84501 18.9395
    endloop
  endfacet
  facet normal -0 -0.427538 -0.903998
    outer loop
      vertex -19 9.66363 18.0794
      vertex -45 7.84501 18.9395
      vertex -45 9.66363 18.0794
    endloop
  endfacet
  facet normal 0 -0.595689 0.803215
    outer loop
      vertex -45 13.0051 -15.8467
      vertex -19 11.3892 -17.0451
      vertex -19 13.0051 -15.8467
    endloop
  endfacet
  facet normal 0 -0.595689 0.803215
    outer loop
      vertex -19 11.3892 -17.0451
      vertex -45 13.0051 -15.8467
      vertex -45 11.3892 -17.0451
    endloop
  endfacet
  facet normal 0 -0.803215 0.595689
    outer loop
      vertex -45 15.8467 -13.0051
      vertex -19 17.0451 -11.3892
      vertex -45 17.0451 -11.3892
    endloop
  endfacet
  facet normal 0 -0.803215 0.595689
    outer loop
      vertex -19 17.0451 -11.3892
      vertex -45 15.8467 -13.0051
      vertex -19 15.8467 -13.0051
    endloop
  endfacet
  facet normal 0 -0.803215 -0.595689
    outer loop
      vertex -45 17.0451 11.3892
      vertex -19 15.8467 13.0051
      vertex -45 15.8467 13.0051
    endloop
  endfacet
  facet normal 0 -0.803215 -0.595689
    outer loop
      vertex -19 15.8467 13.0051
      vertex -45 17.0451 11.3892
      vertex -19 17.0451 11.3892
    endloop
  endfacet
  facet normal 0 -0.903998 0.427538
    outer loop
      vertex -45 18.0794 -9.66363
      vertex -19 18.9395 -7.84501
      vertex -45 18.9395 -7.84501
    endloop
  endfacet
  facet normal 0 -0.903998 0.427538
    outer loop
      vertex -19 18.9395 -7.84501
      vertex -45 18.0794 -9.66363
      vertex -19 18.0794 -9.66363
    endloop
  endfacet
  facet normal 0 -0.998796 0.0490612
    outer loop
      vertex -45 20.4013 -2.00935
      vertex -19 20.5 0
      vertex -45 20.5 0
    endloop
  endfacet
  facet normal 0 -0.998796 0.0490612
    outer loop
      vertex -19 20.5 0
      vertex -45 20.4013 -2.00935
      vertex -19 20.4013 -2.00935
    endloop
  endfacet
  facet normal 0 -0.146736 0.989176
    outer loop
      vertex -45 3.99935 -20.1061
      vertex -19 2.00935 -20.4013
      vertex -19 3.99935 -20.1061
    endloop
  endfacet
  facet normal 0 -0.146736 0.989176
    outer loop
      vertex -19 2.00935 -20.4013
      vertex -45 3.99935 -20.1061
      vertex -45 2.00935 -20.4013
    endloop
  endfacet
  facet normal -0 0.146736 0.989176
    outer loop
      vertex -45 -2.00935 -20.4013
      vertex -19 -3.99935 -20.1061
      vertex -19 -2.00935 -20.4013
    endloop
  endfacet
  facet normal 0 0.146736 0.989176
    outer loop
      vertex -19 -3.99935 -20.1061
      vertex -45 -2.00935 -20.4013
      vertex -45 -3.99935 -20.1061
    endloop
  endfacet
  facet normal -0 0.427538 0.903998
    outer loop
      vertex -45 -7.84501 -18.9395
      vertex -19 -9.66363 -18.0794
      vertex -19 -7.84501 -18.9395
    endloop
  endfacet
  facet normal 0 0.427538 0.903998
    outer loop
      vertex -19 -9.66363 -18.0794
      vertex -45 -7.84501 -18.9395
      vertex -45 -9.66363 -18.0794
    endloop
  endfacet
  facet normal -0 0.0490612 0.998796
    outer loop
      vertex -45 0 -20.5
      vertex -19 -2.00935 -20.4013
      vertex -19 0 -20.5
    endloop
  endfacet
  facet normal 0 0.0490612 0.998796
    outer loop
      vertex -19 -2.00935 -20.4013
      vertex -45 0 -20.5
      vertex -45 -2.00935 -20.4013
    endloop
  endfacet
  facet normal 0 0.336914 -0.941535
    outer loop
      vertex -45 -7.84501 18.9395
      vertex -19 -5.95084 19.6173
      vertex -19 -7.84501 18.9395
    endloop
  endfacet
  facet normal 0 0.336914 -0.941535
    outer loop
      vertex -19 -5.95084 19.6173
      vertex -45 -7.84501 18.9395
      vertex -45 -5.95084 19.6173
    endloop
  endfacet
  facet normal 0 -0.336914 -0.941535
    outer loop
      vertex -45 5.95084 19.6173
      vertex -19 7.84501 18.9395
      vertex -19 5.95084 19.6173
    endloop
  endfacet
  facet normal -0 -0.336914 -0.941535
    outer loop
      vertex -19 7.84501 18.9395
      vertex -45 5.95084 19.6173
      vertex -45 7.84501 18.9395
    endloop
  endfacet
  facet normal -0 0.671559 0.740951
    outer loop
      vertex -45 -13.0051 -15.8467
      vertex -19 -14.4957 -14.4957
      vertex -19 -13.0051 -15.8467
    endloop
  endfacet
  facet normal 0 0.671559 0.740951
    outer loop
      vertex -19 -14.4957 -14.4957
      vertex -45 -13.0051 -15.8467
      vertex -45 -14.4957 -14.4957
    endloop
  endfacet
  facet normal 0 0.514115 -0.857721
    outer loop
      vertex -45 -11.3892 17.0451
      vertex -19 -9.66363 18.0794
      vertex -19 -11.3892 17.0451
    endloop
  endfacet
  facet normal 0 0.514115 -0.857721
    outer loop
      vertex -19 -9.66363 18.0794
      vertex -45 -11.3892 17.0451
      vertex -45 -9.66363 18.0794
    endloop
  endfacet
  facet normal 0 0.970034 0.24297
    outer loop
      vertex -19 -19.6173 -5.95084
      vertex -45 -20.1061 -3.99935
      vertex -19 -20.1061 -3.99935
    endloop
  endfacet
  facet normal 0 0.970034 0.24297
    outer loop
      vertex -45 -20.1061 -3.99935
      vertex -19 -19.6173 -5.95084
      vertex -45 -19.6173 -5.95084
    endloop
  endfacet
  facet normal 0 0.989176 0.146736
    outer loop
      vertex -19 -20.1061 -3.99935
      vertex -45 -20.4013 -2.00935
      vertex -19 -20.4013 -2.00935
    endloop
  endfacet
  facet normal 0 0.989176 0.146736
    outer loop
      vertex -45 -20.4013 -2.00935
      vertex -19 -20.1061 -3.99935
      vertex -45 -20.1061 -3.99935
    endloop
  endfacet
  facet normal 0 -0.336914 0.941535
    outer loop
      vertex -45 7.84501 -18.9395
      vertex -19 5.95084 -19.6173
      vertex -19 7.84501 -18.9395
    endloop
  endfacet
  facet normal 0 -0.336914 0.941535
    outer loop
      vertex -19 5.95084 -19.6173
      vertex -45 7.84501 -18.9395
      vertex -45 5.95084 -19.6173
    endloop
  endfacet
  facet normal 0 -0.0490612 -0.998796
    outer loop
      vertex -45 0 20.5
      vertex -19 2.00935 20.4013
      vertex -19 0 20.5
    endloop
  endfacet
  facet normal -0 -0.0490612 -0.998796
    outer loop
      vertex -19 2.00935 20.4013
      vertex -45 0 20.5
      vertex -45 2.00935 20.4013
    endloop
  endfacet
  facet normal -0 0.595689 0.803215
    outer loop
      vertex -45 -11.3892 -17.0451
      vertex -19 -13.0051 -15.8467
      vertex -19 -11.3892 -17.0451
    endloop
  endfacet
  facet normal 0 0.595689 0.803215
    outer loop
      vertex -19 -13.0051 -15.8467
      vertex -45 -11.3892 -17.0451
      vertex -45 -13.0051 -15.8467
    endloop
  endfacet
  facet normal -0 0.514115 0.857721
    outer loop
      vertex -45 -9.66363 -18.0794
      vertex -19 -11.3892 -17.0451
      vertex -19 -9.66363 -18.0794
    endloop
  endfacet
  facet normal 0 0.514115 0.857721
    outer loop
      vertex -19 -11.3892 -17.0451
      vertex -45 -9.66363 -18.0794
      vertex -45 -11.3892 -17.0451
    endloop
  endfacet
  facet normal -0 0.336914 0.941535
    outer loop
      vertex -45 -5.95084 -19.6173
      vertex -19 -7.84501 -18.9395
      vertex -19 -5.95084 -19.6173
    endloop
  endfacet
  facet normal 0 0.336914 0.941535
    outer loop
      vertex -19 -7.84501 -18.9395
      vertex -45 -5.95084 -19.6173
      vertex -45 -7.84501 -18.9395
    endloop
  endfacet
  facet normal 0 -0.989176 0.146736
    outer loop
      vertex -45 20.1061 -3.99935
      vertex -19 20.4013 -2.00935
      vertex -45 20.4013 -2.00935
    endloop
  endfacet
  facet normal 0 -0.989176 0.146736
    outer loop
      vertex -19 20.4013 -2.00935
      vertex -45 20.1061 -3.99935
      vertex -19 20.1061 -3.99935
    endloop
  endfacet
  facet normal 0 -0.970034 -0.24297
    outer loop
      vertex -45 20.1061 3.99935
      vertex -19 19.6173 5.95084
      vertex -45 19.6173 5.95084
    endloop
  endfacet
  facet normal 0 -0.970034 -0.24297
    outer loop
      vertex -19 19.6173 5.95084
      vertex -45 20.1061 3.99935
      vertex -19 20.1061 3.99935
    endloop
  endfacet
  facet normal 0 0.989176 -0.146736
    outer loop
      vertex -19 -20.4013 2.00935
      vertex -45 -20.1061 3.99935
      vertex -19 -20.1061 3.99935
    endloop
  endfacet
  facet normal 0 0.989176 -0.146736
    outer loop
      vertex -45 -20.1061 3.99935
      vertex -19 -20.4013 2.00935
      vertex -45 -20.4013 2.00935
    endloop
  endfacet
  facet normal 0 -0.514115 -0.857721
    outer loop
      vertex -45 9.66363 18.0794
      vertex -19 11.3892 17.0451
      vertex -19 9.66363 18.0794
    endloop
  endfacet
  facet normal -0 -0.514115 -0.857721
    outer loop
      vertex -19 11.3892 17.0451
      vertex -45 9.66363 18.0794
      vertex -45 11.3892 17.0451
    endloop
  endfacet
  facet normal 0 -0.514115 0.857721
    outer loop
      vertex -45 11.3892 -17.0451
      vertex -19 9.66363 -18.0794
      vertex -19 11.3892 -17.0451
    endloop
  endfacet
  facet normal 0 -0.514115 0.857721
    outer loop
      vertex -19 9.66363 -18.0794
      vertex -45 11.3892 -17.0451
      vertex -45 9.66363 -18.0794
    endloop
  endfacet
  facet normal 0 0.857721 -0.514115
    outer loop
      vertex -19 -18.0794 9.66363
      vertex -45 -17.0451 11.3892
      vertex -19 -17.0451 11.3892
    endloop
  endfacet
  facet normal 0 0.857721 -0.514115
    outer loop
      vertex -45 -17.0451 11.3892
      vertex -19 -18.0794 9.66363
      vertex -45 -18.0794 9.66363
    endloop
  endfacet
  facet normal 0 0.903998 -0.427538
    outer loop
      vertex -19 -18.9395 7.84501
      vertex -45 -18.0794 9.66363
      vertex -19 -18.0794 9.66363
    endloop
  endfacet
  facet normal 0 0.903998 -0.427538
    outer loop
      vertex -45 -18.0794 9.66363
      vertex -19 -18.9395 7.84501
      vertex -45 -18.9395 7.84501
    endloop
  endfacet
  facet normal 0 0.803215 0.595689
    outer loop
      vertex -19 -15.8467 -13.0051
      vertex -45 -17.0451 -11.3892
      vertex -19 -17.0451 -11.3892
    endloop
  endfacet
  facet normal 0 0.803215 0.595689
    outer loop
      vertex -45 -17.0451 -11.3892
      vertex -19 -15.8467 -13.0051
      vertex -45 -15.8467 -13.0051
    endloop
  endfacet
  facet normal 0 -0.998796 -0.0490612
    outer loop
      vertex -45 20.5 0
      vertex -19 20.4013 2.00935
      vertex -45 20.4013 2.00935
    endloop
  endfacet
  facet normal 0 -0.998796 -0.0490612
    outer loop
      vertex -19 20.4013 2.00935
      vertex -45 20.5 0
      vertex -19 20.5 0
    endloop
  endfacet
  facet normal 0 -0.24297 -0.970034
    outer loop
      vertex -45 3.99935 20.1061
      vertex -19 5.95084 19.6173
      vertex -19 3.99935 20.1061
    endloop
  endfacet
  facet normal -0 -0.24297 -0.970034
    outer loop
      vertex -19 5.95084 19.6173
      vertex -45 3.99935 20.1061
      vertex -45 5.95084 19.6173
    endloop
  endfacet
  facet normal 0 0.146736 -0.989176
    outer loop
      vertex -45 -3.99935 20.1061
      vertex -19 -2.00935 20.4013
      vertex -19 -3.99935 20.1061
    endloop
  endfacet
  facet normal 0 0.146736 -0.989176
    outer loop
      vertex -19 -2.00935 20.4013
      vertex -45 -3.99935 20.1061
      vertex -45 -2.00935 20.4013
    endloop
  endfacet
  facet normal 0 0.671559 -0.740951
    outer loop
      vertex -45 -14.4957 14.4957
      vertex -19 -13.0051 15.8467
      vertex -19 -14.4957 14.4957
    endloop
  endfacet
  facet normal 0 0.671559 -0.740951
    outer loop
      vertex -19 -13.0051 15.8467
      vertex -45 -14.4957 14.4957
      vertex -45 -13.0051 15.8467
    endloop
  endfacet
  facet normal 0 -0.970034 0.24297
    outer loop
      vertex -45 19.6173 -5.95084
      vertex -19 20.1061 -3.99935
      vertex -45 20.1061 -3.99935
    endloop
  endfacet
  facet normal 0 -0.970034 0.24297
    outer loop
      vertex -19 20.1061 -3.99935
      vertex -45 19.6173 -5.95084
      vertex -19 19.6173 -5.95084
    endloop
  endfacet
  facet normal 0 0.595689 -0.803215
    outer loop
      vertex -45 -13.0051 15.8467
      vertex -19 -11.3892 17.0451
      vertex -19 -13.0051 15.8467
    endloop
  endfacet
  facet normal 0 0.595689 -0.803215
    outer loop
      vertex -19 -11.3892 17.0451
      vertex -45 -13.0051 15.8467
      vertex -45 -11.3892 17.0451
    endloop
  endfacet
  facet normal 0 0.803215 -0.595689
    outer loop
      vertex -19 -17.0451 11.3892
      vertex -45 -15.8467 13.0051
      vertex -19 -15.8467 13.0051
    endloop
  endfacet
  facet normal 0 0.803215 -0.595689
    outer loop
      vertex -45 -15.8467 13.0051
      vertex -19 -17.0451 11.3892
      vertex -45 -17.0451 11.3892
    endloop
  endfacet
  facet normal 0 0.740951 -0.671559
    outer loop
      vertex -19 -15.8467 13.0051
      vertex -45 -14.4957 14.4957
      vertex -19 -14.4957 14.4957
    endloop
  endfacet
  facet normal 0 0.740951 -0.671559
    outer loop
      vertex -45 -14.4957 14.4957
      vertex -19 -15.8467 13.0051
      vertex -45 -15.8467 13.0051
    endloop
  endfacet
  facet normal 0 -0.595689 -0.803215
    outer loop
      vertex -45 11.3892 17.0451
      vertex -19 13.0051 15.8467
      vertex -19 11.3892 17.0451
    endloop
  endfacet
  facet normal -0 -0.595689 -0.803215
    outer loop
      vertex -19 13.0051 15.8467
      vertex -45 11.3892 17.0451
      vertex -45 13.0051 15.8467
    endloop
  endfacet
  facet normal 0 0.998796 -0.0490612
    outer loop
      vertex -19 -20.5 0
      vertex -45 -20.4013 2.00935
      vertex -19 -20.4013 2.00935
    endloop
  endfacet
  facet normal 0 0.998796 -0.0490612
    outer loop
      vertex -45 -20.4013 2.00935
      vertex -19 -20.5 0
      vertex -45 -20.5 0
    endloop
  endfacet
  facet normal 0 0.427538 -0.903998
    outer loop
      vertex -45 -9.66363 18.0794
      vertex -19 -7.84501 18.9395
      vertex -19 -9.66363 18.0794
    endloop
  endfacet
  facet normal 0 0.427538 -0.903998
    outer loop
      vertex -19 -7.84501 18.9395
      vertex -45 -9.66363 18.0794
      vertex -45 -7.84501 18.9395
    endloop
  endfacet
  facet normal 0 -0.146736 -0.989176
    outer loop
      vertex -45 2.00935 20.4013
      vertex -19 3.99935 20.1061
      vertex -19 2.00935 20.4013
    endloop
  endfacet
  facet normal -0 -0.146736 -0.989176
    outer loop
      vertex -19 3.99935 20.1061
      vertex -45 2.00935 20.4013
      vertex -45 3.99935 20.1061
    endloop
  endfacet
  facet normal 0 -0.941535 0.336914
    outer loop
      vertex -45 18.9395 -7.84501
      vertex -19 19.6173 -5.95084
      vertex -45 19.6173 -5.95084
    endloop
  endfacet
  facet normal 0 -0.941535 0.336914
    outer loop
      vertex -19 19.6173 -5.95084
      vertex -45 18.9395 -7.84501
      vertex -19 18.9395 -7.84501
    endloop
  endfacet
  facet normal 0 0.857727 -0.514105
    outer loop
      vertex -18 -17.1975 9.19224
      vertex -19 -16.2137 10.8336
      vertex -18 -16.2137 10.8336
    endloop
  endfacet
  facet normal 0 0.857727 -0.514105
    outer loop
      vertex -19 -16.2137 10.8336
      vertex -18 -17.1975 9.19224
      vertex -19 -17.1975 9.19224
    endloop
  endfacet
  facet normal 0 -0.242992 0.970028
    outer loop
      vertex -19 5.66055 -18.6603
      vertex -18 3.80426 -19.1253
      vertex -18 5.66055 -18.6603
    endloop
  endfacet
  facet normal 0 -0.242992 0.970028
    outer loop
      vertex -18 3.80426 -19.1253
      vertex -19 5.66055 -18.6603
      vertex -19 3.80426 -19.1253
    endloop
  endfacet
  facet normal 0 -0.857727 -0.514105
    outer loop
      vertex -19 17.1975 9.19224
      vertex -18 16.2137 10.8336
      vertex -19 16.2137 10.8336
    endloop
  endfacet
  facet normal 0 -0.857727 -0.514105
    outer loop
      vertex -18 16.2137 10.8336
      vertex -19 17.1975 9.19224
      vertex -18 17.1975 9.19224
    endloop
  endfacet
  facet normal 0 -0.336849 -0.941559
    outer loop
      vertex -19 5.66055 18.6603
      vertex -18 7.46233 18.0157
      vertex -18 5.66055 18.6603
    endloop
  endfacet
  facet normal -0 -0.336849 -0.941559
    outer loop
      vertex -18 7.46233 18.0157
      vertex -19 5.66055 18.6603
      vertex -19 7.46233 18.0157
    endloop
  endfacet
  facet normal 0 -0.0490689 0.998795
    outer loop
      vertex -19 1.91133 -19.4061
      vertex -18 0 -19.5
      vertex -18 1.91133 -19.4061
    endloop
  endfacet
  facet normal 0 -0.0490689 0.998795
    outer loop
      vertex -18 0 -19.5
      vertex -19 1.91133 -19.4061
      vertex -19 0 -19.5
    endloop
  endfacet
  facet normal 0 -0.970028 0.242992
    outer loop
      vertex -19 18.6603 -5.66055
      vertex -18 19.1253 -3.80426
      vertex -19 19.1253 -3.80426
    endloop
  endfacet
  facet normal 0 -0.970028 0.242992
    outer loop
      vertex -18 19.1253 -3.80426
      vertex -19 18.6603 -5.66055
      vertex -18 18.6603 -5.66055
    endloop
  endfacet
  facet normal 0 0.989176 -0.146736
    outer loop
      vertex -18 -19.4061 1.91133
      vertex -19 -19.1253 3.80426
      vertex -18 -19.1253 3.80426
    endloop
  endfacet
  facet normal 0 0.989176 -0.146736
    outer loop
      vertex -19 -19.1253 3.80426
      vertex -18 -19.4061 1.91133
      vertex -19 -19.4061 1.91133
    endloop
  endfacet
  facet normal 0 -0.989176 -0.146736
    outer loop
      vertex -19 19.4061 1.91133
      vertex -18 19.1253 3.80426
      vertex -19 19.1253 3.80426
    endloop
  endfacet
  facet normal 0 -0.989176 -0.146736
    outer loop
      vertex -18 19.1253 3.80426
      vertex -19 19.4061 1.91133
      vertex -18 19.4061 1.91133
    endloop
  endfacet
  facet normal 0 -0.427561 0.903987
    outer loop
      vertex -19 9.19224 -17.1975
      vertex -18 7.46233 -18.0157
      vertex -18 9.19224 -17.1975
    endloop
  endfacet
  facet normal 0 -0.427561 0.903987
    outer loop
      vertex -18 7.46233 -18.0157
      vertex -19 9.19224 -17.1975
      vertex -19 7.46233 -18.0157
    endloop
  endfacet
  facet normal 0 0.989176 0.146736
    outer loop
      vertex -18 -19.1253 -3.80426
      vertex -19 -19.4061 -1.91133
      vertex -18 -19.4061 -1.91133
    endloop
  endfacet
  facet normal 0 0.989176 0.146736
    outer loop
      vertex -19 -19.4061 -1.91133
      vertex -18 -19.1253 -3.80426
      vertex -19 -19.1253 -3.80426
    endloop
  endfacet
  facet normal 0 -0.671556 -0.740954
    outer loop
      vertex -19 12.3707 15.0737
      vertex -18 13.7886 13.7886
      vertex -18 12.3707 15.0737
    endloop
  endfacet
  facet normal -0 -0.671556 -0.740954
    outer loop
      vertex -18 13.7886 13.7886
      vertex -19 12.3707 15.0737
      vertex -19 13.7886 13.7886
    endloop
  endfacet
  facet normal 0 0.903987 0.427561
    outer loop
      vertex -18 -17.1975 -9.19224
      vertex -19 -18.0157 -7.46233
      vertex -18 -18.0157 -7.46233
    endloop
  endfacet
  facet normal 0 0.903987 0.427561
    outer loop
      vertex -19 -18.0157 -7.46233
      vertex -18 -17.1975 -9.19224
      vertex -19 -17.1975 -9.19224
    endloop
  endfacet
  facet normal -0 0.595702 0.803205
    outer loop
      vertex -19 -10.8336 -16.2137
      vertex -18 -12.3707 -15.0737
      vertex -18 -10.8336 -16.2137
    endloop
  endfacet
  facet normal 0 0.595702 0.803205
    outer loop
      vertex -18 -12.3707 -15.0737
      vertex -19 -10.8336 -16.2137
      vertex -19 -12.3707 -15.0737
    endloop
  endfacet
  facet normal 0 0.941559 0.336849
    outer loop
      vertex -18 -18.0157 -7.46233
      vertex -19 -18.6603 -5.66055
      vertex -18 -18.6603 -5.66055
    endloop
  endfacet
  facet normal 0 0.941559 0.336849
    outer loop
      vertex -19 -18.6603 -5.66055
      vertex -18 -18.0157 -7.46233
      vertex -19 -18.0157 -7.46233
    endloop
  endfacet
  facet normal -0 0.146736 0.989176
    outer loop
      vertex -19 -1.91133 -19.4061
      vertex -18 -3.80426 -19.1253
      vertex -18 -1.91133 -19.4061
    endloop
  endfacet
  facet normal 0 0.146736 0.989176
    outer loop
      vertex -18 -3.80426 -19.1253
      vertex -19 -1.91133 -19.4061
      vertex -19 -3.80426 -19.1253
    endloop
  endfacet
  facet normal 0 0.740954 0.671556
    outer loop
      vertex -18 -13.7886 -13.7886
      vertex -19 -15.0737 -12.3707
      vertex -18 -15.0737 -12.3707
    endloop
  endfacet
  facet normal 0 0.740954 0.671556
    outer loop
      vertex -19 -15.0737 -12.3707
      vertex -18 -13.7886 -13.7886
      vertex -19 -13.7886 -13.7886
    endloop
  endfacet
  facet normal 0 -0.998795 0.0490689
    outer loop
      vertex -19 19.4061 -1.91133
      vertex -18 19.5 0
      vertex -19 19.5 0
    endloop
  endfacet
  facet normal 0 -0.998795 0.0490689
    outer loop
      vertex -18 19.5 0
      vertex -19 19.4061 -1.91133
      vertex -18 19.4061 -1.91133
    endloop
  endfacet
  facet normal 0 -0.903987 0.427561
    outer loop
      vertex -19 17.1975 -9.19224
      vertex -18 18.0157 -7.46233
      vertex -19 18.0157 -7.46233
    endloop
  endfacet
  facet normal 0 -0.903987 0.427561
    outer loop
      vertex -18 18.0157 -7.46233
      vertex -19 17.1975 -9.19224
      vertex -18 17.1975 -9.19224
    endloop
  endfacet
  facet normal 0 -0.903987 -0.427561
    outer loop
      vertex -19 18.0157 7.46233
      vertex -18 17.1975 9.19224
      vertex -19 17.1975 9.19224
    endloop
  endfacet
  facet normal 0 -0.903987 -0.427561
    outer loop
      vertex -18 17.1975 9.19224
      vertex -19 18.0157 7.46233
      vertex -18 18.0157 7.46233
    endloop
  endfacet
  facet normal 0 0.514105 -0.857727
    outer loop
      vertex -19 -10.8336 16.2137
      vertex -18 -9.19224 17.1975
      vertex -18 -10.8336 16.2137
    endloop
  endfacet
  facet normal 0 0.514105 -0.857727
    outer loop
      vertex -18 -9.19224 17.1975
      vertex -19 -10.8336 16.2137
      vertex -19 -9.19224 17.1975
    endloop
  endfacet
  facet normal 0 0.970028 -0.242992
    outer loop
      vertex -18 -19.1253 3.80426
      vertex -19 -18.6603 5.66055
      vertex -18 -18.6603 5.66055
    endloop
  endfacet
  facet normal 0 0.970028 -0.242992
    outer loop
      vertex -19 -18.6603 5.66055
      vertex -18 -19.1253 3.80426
      vertex -19 -19.1253 3.80426
    endloop
  endfacet
  facet normal -0 0.671556 0.740954
    outer loop
      vertex -19 -12.3707 -15.0737
      vertex -18 -13.7886 -13.7886
      vertex -18 -12.3707 -15.0737
    endloop
  endfacet
  facet normal 0 0.671556 0.740954
    outer loop
      vertex -18 -13.7886 -13.7886
      vertex -19 -12.3707 -15.0737
      vertex -19 -13.7886 -13.7886
    endloop
  endfacet
  facet normal 0 0.242992 -0.970028
    outer loop
      vertex -19 -5.66055 18.6603
      vertex -18 -3.80426 19.1253
      vertex -18 -5.66055 18.6603
    endloop
  endfacet
  facet normal 0 0.242992 -0.970028
    outer loop
      vertex -18 -3.80426 19.1253
      vertex -19 -5.66055 18.6603
      vertex -19 -3.80426 19.1253
    endloop
  endfacet
  facet normal 0 0.740954 -0.671556
    outer loop
      vertex -18 -15.0737 12.3707
      vertex -19 -13.7886 13.7886
      vertex -18 -13.7886 13.7886
    endloop
  endfacet
  facet normal 0 0.740954 -0.671556
    outer loop
      vertex -19 -13.7886 13.7886
      vertex -18 -15.0737 12.3707
      vertex -19 -15.0737 12.3707
    endloop
  endfacet
  facet normal -0 0.242992 0.970028
    outer loop
      vertex -19 -3.80426 -19.1253
      vertex -18 -5.66055 -18.6603
      vertex -18 -3.80426 -19.1253
    endloop
  endfacet
  facet normal 0 0.242992 0.970028
    outer loop
      vertex -18 -5.66055 -18.6603
      vertex -19 -3.80426 -19.1253
      vertex -19 -5.66055 -18.6603
    endloop
  endfacet
  facet normal 0 -0.989176 0.146736
    outer loop
      vertex -19 19.1253 -3.80426
      vertex -18 19.4061 -1.91133
      vertex -19 19.4061 -1.91133
    endloop
  endfacet
  facet normal 0 -0.989176 0.146736
    outer loop
      vertex -18 19.4061 -1.91133
      vertex -19 19.1253 -3.80426
      vertex -18 19.1253 -3.80426
    endloop
  endfacet
  facet normal 0 -0.857727 0.514105
    outer loop
      vertex -19 16.2137 -10.8336
      vertex -18 17.1975 -9.19224
      vertex -19 17.1975 -9.19224
    endloop
  endfacet
  facet normal 0 -0.857727 0.514105
    outer loop
      vertex -18 17.1975 -9.19224
      vertex -19 16.2137 -10.8336
      vertex -18 16.2137 -10.8336
    endloop
  endfacet
  facet normal 0 -0.595702 0.803205
    outer loop
      vertex -19 12.3707 -15.0737
      vertex -18 10.8336 -16.2137
      vertex -18 12.3707 -15.0737
    endloop
  endfacet
  facet normal 0 -0.595702 0.803205
    outer loop
      vertex -18 10.8336 -16.2137
      vertex -19 12.3707 -15.0737
      vertex -19 10.8336 -16.2137
    endloop
  endfacet
  facet normal 0 -0.941559 -0.336849
    outer loop
      vertex -19 18.6603 5.66055
      vertex -18 18.0157 7.46233
      vertex -19 18.0157 7.46233
    endloop
  endfacet
  facet normal 0 -0.941559 -0.336849
    outer loop
      vertex -18 18.0157 7.46233
      vertex -19 18.6603 5.66055
      vertex -18 18.6603 5.66055
    endloop
  endfacet
  facet normal 0 -0.803205 -0.595702
    outer loop
      vertex -19 16.2137 10.8336
      vertex -18 15.0737 12.3707
      vertex -19 15.0737 12.3707
    endloop
  endfacet
  facet normal 0 -0.803205 -0.595702
    outer loop
      vertex -18 15.0737 12.3707
      vertex -19 16.2137 10.8336
      vertex -18 16.2137 10.8336
    endloop
  endfacet
  facet normal 0 0.970028 0.242992
    outer loop
      vertex -18 -18.6603 -5.66055
      vertex -19 -19.1253 -3.80426
      vertex -18 -19.1253 -3.80426
    endloop
  endfacet
  facet normal 0 0.970028 0.242992
    outer loop
      vertex -19 -19.1253 -3.80426
      vertex -18 -18.6603 -5.66055
      vertex -19 -18.6603 -5.66055
    endloop
  endfacet
  facet normal 0 -0.970028 -0.242992
    outer loop
      vertex -19 19.1253 3.80426
      vertex -18 18.6603 5.66055
      vertex -19 18.6603 5.66055
    endloop
  endfacet
  facet normal 0 -0.970028 -0.242992
    outer loop
      vertex -18 18.6603 5.66055
      vertex -19 19.1253 3.80426
      vertex -18 19.1253 3.80426
    endloop
  endfacet
  facet normal 0 0.336849 -0.941559
    outer loop
      vertex -19 -7.46233 18.0157
      vertex -18 -5.66055 18.6603
      vertex -18 -7.46233 18.0157
    endloop
  endfacet
  facet normal 0 0.336849 -0.941559
    outer loop
      vertex -18 -5.66055 18.6603
      vertex -19 -7.46233 18.0157
      vertex -19 -5.66055 18.6603
    endloop
  endfacet
  facet normal 0 -0.514105 -0.857727
    outer loop
      vertex -19 9.19224 17.1975
      vertex -18 10.8336 16.2137
      vertex -18 9.19224 17.1975
    endloop
  endfacet
  facet normal -0 -0.514105 -0.857727
    outer loop
      vertex -18 10.8336 16.2137
      vertex -19 9.19224 17.1975
      vertex -19 10.8336 16.2137
    endloop
  endfacet
  facet normal 0 -0.941559 0.336849
    outer loop
      vertex -19 18.0157 -7.46233
      vertex -18 18.6603 -5.66055
      vertex -19 18.6603 -5.66055
    endloop
  endfacet
  facet normal 0 -0.941559 0.336849
    outer loop
      vertex -18 18.6603 -5.66055
      vertex -19 18.0157 -7.46233
      vertex -18 18.0157 -7.46233
    endloop
  endfacet
  facet normal 0 -0.146736 0.989176
    outer loop
      vertex -19 3.80426 -19.1253
      vertex -18 1.91133 -19.4061
      vertex -18 3.80426 -19.1253
    endloop
  endfacet
  facet normal 0 -0.146736 0.989176
    outer loop
      vertex -18 1.91133 -19.4061
      vertex -19 3.80426 -19.1253
      vertex -19 1.91133 -19.4061
    endloop
  endfacet
  facet normal -0 0.0490689 0.998795
    outer loop
      vertex -19 0 -19.5
      vertex -18 -1.91133 -19.4061
      vertex -18 0 -19.5
    endloop
  endfacet
  facet normal 0 0.0490689 0.998795
    outer loop
      vertex -18 -1.91133 -19.4061
      vertex -19 0 -19.5
      vertex -19 -1.91133 -19.4061
    endloop
  endfacet
  facet normal -0 0.427561 0.903987
    outer loop
      vertex -19 -7.46233 -18.0157
      vertex -18 -9.19224 -17.1975
      vertex -18 -7.46233 -18.0157
    endloop
  endfacet
  facet normal 0 0.427561 0.903987
    outer loop
      vertex -18 -9.19224 -17.1975
      vertex -19 -7.46233 -18.0157
      vertex -19 -9.19224 -17.1975
    endloop
  endfacet
  facet normal 0 0.671556 -0.740954
    outer loop
      vertex -19 -13.7886 13.7886
      vertex -18 -12.3707 15.0737
      vertex -18 -13.7886 13.7886
    endloop
  endfacet
  facet normal 0 0.671556 -0.740954
    outer loop
      vertex -18 -12.3707 15.0737
      vertex -19 -13.7886 13.7886
      vertex -19 -12.3707 15.0737
    endloop
  endfacet
  facet normal 0 -0.803205 0.595702
    outer loop
      vertex -19 15.0737 -12.3707
      vertex -18 16.2137 -10.8336
      vertex -19 16.2137 -10.8336
    endloop
  endfacet
  facet normal 0 -0.803205 0.595702
    outer loop
      vertex -18 16.2137 -10.8336
      vertex -19 15.0737 -12.3707
      vertex -18 15.0737 -12.3707
    endloop
  endfacet
  facet normal 0 0.998795 0.0490689
    outer loop
      vertex -18 -19.4061 -1.91133
      vertex -19 -19.5 0
      vertex -18 -19.5 0
    endloop
  endfacet
  facet normal 0 0.998795 0.0490689
    outer loop
      vertex -19 -19.5 0
      vertex -18 -19.4061 -1.91133
      vertex -19 -19.4061 -1.91133
    endloop
  endfacet
  facet normal 0 -0.336849 0.941559
    outer loop
      vertex -19 7.46233 -18.0157
      vertex -18 5.66055 -18.6603
      vertex -18 7.46233 -18.0157
    endloop
  endfacet
  facet normal 0 -0.336849 0.941559
    outer loop
      vertex -18 5.66055 -18.6603
      vertex -19 7.46233 -18.0157
      vertex -19 5.66055 -18.6603
    endloop
  endfacet
  facet normal -0 0.514105 0.857727
    outer loop
      vertex -19 -9.19224 -17.1975
      vertex -18 -10.8336 -16.2137
      vertex -18 -9.19224 -17.1975
    endloop
  endfacet
  facet normal 0 0.514105 0.857727
    outer loop
      vertex -18 -10.8336 -16.2137
      vertex -19 -9.19224 -17.1975
      vertex -19 -10.8336 -16.2137
    endloop
  endfacet
  facet normal -0 0.336849 0.941559
    outer loop
      vertex -19 -5.66055 -18.6603
      vertex -18 -7.46233 -18.0157
      vertex -18 -5.66055 -18.6603
    endloop
  endfacet
  facet normal 0 0.336849 0.941559
    outer loop
      vertex -18 -7.46233 -18.0157
      vertex -19 -5.66055 -18.6603
      vertex -19 -7.46233 -18.0157
    endloop
  endfacet
  facet normal 0 -0.998795 -0.0490689
    outer loop
      vertex -19 19.5 0
      vertex -18 19.4061 1.91133
      vertex -19 19.4061 1.91133
    endloop
  endfacet
  facet normal 0 -0.998795 -0.0490689
    outer loop
      vertex -18 19.4061 1.91133
      vertex -19 19.5 0
      vertex -18 19.5 0
    endloop
  endfacet
  facet normal 0 0.803205 0.595702
    outer loop
      vertex -18 -15.0737 -12.3707
      vertex -19 -16.2137 -10.8336
      vertex -18 -16.2137 -10.8336
    endloop
  endfacet
  facet normal 0 0.803205 0.595702
    outer loop
      vertex -19 -16.2137 -10.8336
      vertex -18 -15.0737 -12.3707
      vertex -19 -15.0737 -12.3707
    endloop
  endfacet
  facet normal 0 -0.514105 0.857727
    outer loop
      vertex -19 10.8336 -16.2137
      vertex -18 9.19224 -17.1975
      vertex -18 10.8336 -16.2137
    endloop
  endfacet
  facet normal 0 -0.514105 0.857727
    outer loop
      vertex -18 9.19224 -17.1975
      vertex -19 10.8336 -16.2137
      vertex -19 9.19224 -17.1975
    endloop
  endfacet
  facet normal 0 -0.740954 -0.671556
    outer loop
      vertex -19 15.0737 12.3707
      vertex -18 13.7886 13.7886
      vertex -19 13.7886 13.7886
    endloop
  endfacet
  facet normal 0 -0.740954 -0.671556
    outer loop
      vertex -18 13.7886 13.7886
      vertex -19 15.0737 12.3707
      vertex -18 15.0737 12.3707
    endloop
  endfacet
  facet normal 0 -0.427561 -0.903987
    outer loop
      vertex -19 7.46233 18.0157
      vertex -18 9.19224 17.1975
      vertex -18 7.46233 18.0157
    endloop
  endfacet
  facet normal -0 -0.427561 -0.903987
    outer loop
      vertex -18 9.19224 17.1975
      vertex -19 7.46233 18.0157
      vertex -19 9.19224 17.1975
    endloop
  endfacet
  facet normal 0 -0.671556 0.740954
    outer loop
      vertex -19 13.7886 -13.7886
      vertex -18 12.3707 -15.0737
      vertex -18 13.7886 -13.7886
    endloop
  endfacet
  facet normal 0 -0.671556 0.740954
    outer loop
      vertex -18 12.3707 -15.0737
      vertex -19 13.7886 -13.7886
      vertex -19 12.3707 -15.0737
    endloop
  endfacet
  facet normal 0 -0.740954 0.671556
    outer loop
      vertex -19 13.7886 -13.7886
      vertex -18 15.0737 -12.3707
      vertex -19 15.0737 -12.3707
    endloop
  endfacet
  facet normal 0 -0.740954 0.671556
    outer loop
      vertex -18 15.0737 -12.3707
      vertex -19 13.7886 -13.7886
      vertex -18 13.7886 -13.7886
    endloop
  endfacet
  facet normal 0 0.146736 -0.989176
    outer loop
      vertex -19 -3.80426 19.1253
      vertex -18 -1.91133 19.4061
      vertex -18 -3.80426 19.1253
    endloop
  endfacet
  facet normal 0 0.146736 -0.989176
    outer loop
      vertex -18 -1.91133 19.4061
      vertex -19 -3.80426 19.1253
      vertex -19 -1.91133 19.4061
    endloop
  endfacet
  facet normal 0 0.803205 -0.595702
    outer loop
      vertex -18 -16.2137 10.8336
      vertex -19 -15.0737 12.3707
      vertex -18 -15.0737 12.3707
    endloop
  endfacet
  facet normal 0 0.803205 -0.595702
    outer loop
      vertex -19 -15.0737 12.3707
      vertex -18 -16.2137 10.8336
      vertex -19 -16.2137 10.8336
    endloop
  endfacet
  facet normal 0 0.595702 -0.803205
    outer loop
      vertex -19 -12.3707 15.0737
      vertex -18 -10.8336 16.2137
      vertex -18 -12.3707 15.0737
    endloop
  endfacet
  facet normal 0 0.595702 -0.803205
    outer loop
      vertex -18 -10.8336 16.2137
      vertex -19 -12.3707 15.0737
      vertex -19 -10.8336 16.2137
    endloop
  endfacet
  facet normal 0 0.0490689 -0.998795
    outer loop
      vertex -19 -1.91133 19.4061
      vertex -18 0 19.5
      vertex -18 -1.91133 19.4061
    endloop
  endfacet
  facet normal 0 0.0490689 -0.998795
    outer loop
      vertex -18 0 19.5
      vertex -19 -1.91133 19.4061
      vertex -19 0 19.5
    endloop
  endfacet
  facet normal 0 -0.242992 -0.970028
    outer loop
      vertex -19 3.80426 19.1253
      vertex -18 5.66055 18.6603
      vertex -18 3.80426 19.1253
    endloop
  endfacet
  facet normal -0 -0.242992 -0.970028
    outer loop
      vertex -18 5.66055 18.6603
      vertex -19 3.80426 19.1253
      vertex -19 5.66055 18.6603
    endloop
  endfacet
  facet normal 0 -0.595702 -0.803205
    outer loop
      vertex -19 10.8336 16.2137
      vertex -18 12.3707 15.0737
      vertex -18 10.8336 16.2137
    endloop
  endfacet
  facet normal -0 -0.595702 -0.803205
    outer loop
      vertex -18 12.3707 15.0737
      vertex -19 10.8336 16.2137
      vertex -19 12.3707 15.0737
    endloop
  endfacet
  facet normal 0 0.857727 0.514105
    outer loop
      vertex -18 -16.2137 -10.8336
      vertex -19 -17.1975 -9.19224
      vertex -18 -17.1975 -9.19224
    endloop
  endfacet
  facet normal 0 0.857727 0.514105
    outer loop
      vertex -19 -17.1975 -9.19224
      vertex -18 -16.2137 -10.8336
      vertex -19 -16.2137 -10.8336
    endloop
  endfacet
  facet normal 0 0.941559 -0.336849
    outer loop
      vertex -18 -18.6603 5.66055
      vertex -19 -18.0157 7.46233
      vertex -18 -18.0157 7.46233
    endloop
  endfacet
  facet normal 0 0.941559 -0.336849
    outer loop
      vertex -19 -18.0157 7.46233
      vertex -18 -18.6603 5.66055
      vertex -19 -18.6603 5.66055
    endloop
  endfacet
  facet normal 0 0.903987 -0.427561
    outer loop
      vertex -18 -18.0157 7.46233
      vertex -19 -17.1975 9.19224
      vertex -18 -17.1975 9.19224
    endloop
  endfacet
  facet normal 0 0.903987 -0.427561
    outer loop
      vertex -19 -17.1975 9.19224
      vertex -18 -18.0157 7.46233
      vertex -19 -18.0157 7.46233
    endloop
  endfacet
  facet normal 0 0.998795 -0.0490689
    outer loop
      vertex -18 -19.5 0
      vertex -19 -19.4061 1.91133
      vertex -18 -19.4061 1.91133
    endloop
  endfacet
  facet normal 0 0.998795 -0.0490689
    outer loop
      vertex -19 -19.4061 1.91133
      vertex -18 -19.5 0
      vertex -19 -19.5 0
    endloop
  endfacet
  facet normal 0 0.427561 -0.903987
    outer loop
      vertex -19 -9.19224 17.1975
      vertex -18 -7.46233 18.0157
      vertex -18 -9.19224 17.1975
    endloop
  endfacet
  facet normal 0 0.427561 -0.903987
    outer loop
      vertex -18 -7.46233 18.0157
      vertex -19 -9.19224 17.1975
      vertex -19 -7.46233 18.0157
    endloop
  endfacet
  facet normal 0 -0.146736 -0.989176
    outer loop
      vertex -19 1.91133 19.4061
      vertex -18 3.80426 19.1253
      vertex -18 1.91133 19.4061
    endloop
  endfacet
  facet normal -0 -0.146736 -0.989176
    outer loop
      vertex -18 3.80426 19.1253
      vertex -19 1.91133 19.4061
      vertex -19 3.80426 19.1253
    endloop
  endfacet
  facet normal 0 -0.0490689 -0.998795
    outer loop
      vertex -19 0 19.5
      vertex -18 1.91133 19.4061
      vertex -18 0 19.5
    endloop
  endfacet
  facet normal -0 -0.0490689 -0.998795
    outer loop
      vertex -18 1.91133 19.4061
      vertex -19 0 19.5
      vertex -19 1.91133 19.4061
    endloop
  endfacet
endsolid OpenSCAD_Model
